,hard_latency,mean_growth,A,Ti,kg,max_growth,appiration,depth,stage,side,uniq-condition,genotype
0,0.0,0.0480537905392995,4.667732509544235,30.91895752774917,0.0455966640693376,0.0782968965818628,0.0,1.0818904342337468,0,L,LH,col-0
1,-19.7266,0.1278704797431299,10.074413769935507,27.08645856975649,0.0447818597433319,0.1659691720403014,43.7266,2.611883346586953,0,L,LH,col-0
2,-13.726400000000002,0.034408471899335,2.6377532859505384,21.820287321199658,0.0521426065248308,0.0505978924844844,31.7264,2.8838201204885348,0,L,LH,col-0
3,0.0,0.0790692020963364,8.258396647870104,35.75296622184846,0.0317160926531112,0.0963564816965548,0.0,3.568215074461686,0,L,LH,col-0
4,0.0,0.0209892700361915,1.801342721418023,11.427809612270485,0.0548265150144148,0.0363322679524803,0.0,4.374686062385491,0,L,LH,col-0
5,-1.7268,0.0115745681928302,0.9746137901170384,28.15131123061468,0.0534280067905393,0.0191560976685206,7.7268,4.986976325577714,1,L,LH,col-0
6,-7.724499999999999,0.0274356662594621,2.480216974610076,25.131958443342928,0.038661901014366,0.035275923990885,19.7245,6.7746400083310325,1,L,LH,col-0
7,-1.7268,0.0505452021907991,6.46269402349955,51.95232453695439,0.0285190901551261,0.0678039162722363,7.7268,7.508545556994118,1,L,LH,col-0
8,-19.7266,0.0433611453042694,2.8971652906369525,17.829138744954513,0.0871902929279966,0.0929280723237805,43.7266,10.791774609448176,1,L,LH,col-0
9,-13.726400000000002,0.0456015513733584,4.344458970143528,39.19712863563375,0.042612031008785,0.0681041304893303,31.7264,12.244684671941242,1,L,LH,col-0
10,-13.726400000000002,0.0606144814018548,6.505501857470153,42.5987322023296,0.0334523841346533,0.0800595967814567,31.7264,13.933306140573157,1,L,LH,col-0
11,-19.7266,0.1339056996315526,10.60849547130647,28.54578518478241,0.0455924918714344,0.1779314192075048,43.7266,16.33652532184118,1,L,LH,col-0
12,-25.7267,0.0998697761421919,7.413732873869838,27.421477821170665,0.0509271357953057,0.1388966283278011,55.7267,19.12299593950351,1,L,LH,col-0
13,-19.7266,0.0920080113436525,5.435382980780541,25.191874630127995,0.078619878100571,0.1572056079340129,43.7266,20.59254549744823,1,L,LH,col-0
14,,,,,,,139.7262,22.237180485751235,1,L,LH,col-0
15,-25.7267,0.1017714520785044,8.014649615500845,32.59333680492025,0.0508757188726979,0.1500032323478931,55.7267,23.108618882885533,1,L,LH,col-0
16,-31.7268,0.0796564743808289,4.816223348422363,23.014667752434764,0.0596746214996173,0.1057308710104024,67.7268,24.357680585444697,1,L,LH,col-0
17,-31.7268,0.0925958097658017,6.186174612982502,28.14317822980103,0.0617590981475543,0.1405492841401494,67.7268,26.783451796137705,2,L,LH,col-0
18,-61.72410000000001,0.0584419668869398,1.703201196650995,13.73887969396618,0.1623028503948592,0.1016945359080366,127.7241,28.52498102321897,2,L,LH,col-0
19,-55.723,0.0923585303687099,3.478897343169001,15.791845329618814,0.1046080361905806,0.1338789140137977,115.723,30.22400220020527,2,L,LH,col-0
20,,,,,,,139.7262,32.815701107342285,2,L,LH,col-0
21,,,,,,,151.7215,34.071070060330484,2,L,LH,col-0
22,,,,,,,139.7262,35.09810895190178,2,L,LH,col-0
23,,,,,,,151.7215,36.39084329582383,2,L,LH,col-0
24,0.0,0.1071098330704269,12.87737787144399,48.42991243509371,0.030899920460055,0.1463828907642227,0.0,0.4550756583250746,0,R,LH,col-0
25,-1.7268,0.0926666738837054,6.972557532450142,29.084343755467824,0.0395151515303219,0.1013587570516352,7.7268,2.7480711701844363,1,R,LH,col-0
26,-7.724499999999999,0.0588823104644303,4.4120561236700855,26.537169073219385,0.0495525092411978,0.0804289126873877,19.7245,10.680775095759596,1,R,LH,col-0
27,-1.7268,0.1066053048381939,11.369903368967876,44.4162933105407,0.0379911404989318,0.1589075833960183,7.7268,11.993289312297051,1,R,LH,col-0
28,-7.724499999999999,0.0350350891064754,2.7598262013303336,15.790682053531286,0.102129828881653,0.1036907118070064,19.7245,14.83150221485704,1,R,LH,col-0
29,-13.726400000000002,0.1159231292420545,10.4580065098777,36.177032941199904,0.0432943373392205,0.1665656802006729,31.7264,16.4118248969065,1,R,LH,col-0
30,-49.7253,0.0958439374603108,3.801873174746941,14.459999846985724,0.1155369967661932,0.1615936228898026,103.7253,18.59417526735575,1,R,LH,col-0
31,-13.726400000000002,0.1599214458663954,15.984509107558411,41.73795586621005,0.040034523752101,0.2354179036303207,31.7264,19.64772372205539,1,R,LH,col-0
32,-19.7266,0.1361586745599287,12.356927570226636,37.08047423052516,0.0424425562254852,0.1929379020537031,43.7266,22.05555405741008,1,R,LH,col-0
33,-19.7266,0.1748261746189837,15.326108496827754,35.229775517467004,0.041869662956726,0.2360678684903554,43.7266,23.781014623979736,1,R,LH,col-0
34,-25.7267,0.0873614455571899,6.766293973434547,32.09547300630237,0.0524458536596429,0.1305471933901864,55.7267,25.10520276982458,1,R,LH,col-0
35,-25.7267,0.1773330957862649,14.624996699709472,32.8860686132147,0.0437510543248944,0.2353909805861147,55.7267,26.232674734976047,1,R,LH,col-0
36,-19.7266,0.1878707812194425,12.60796704400384,31.313487177989103,0.0702429559842087,0.3258017122618818,43.7266,27.56179377691274,1,R,LH,col-0
37,-31.7268,0.145076276272395,8.96800742208448,28.07592328895628,0.0819163210569046,0.2702538668128556,67.7268,29.78143281059109,2,R,LH,col-0
38,-31.7268,0.0825041828157204,5.854541642625647,31.4689570657552,0.0624859201350227,0.1345800195102113,67.7268,30.94938345797864,2,R,LH,col-0
39,-43.7225,0.0506722748983356,3.21064319886071,26.768571859054852,0.0563824918619725,0.0665950315144774,91.7225,33.708616275389936,2,R,LH,col-0
40,-43.7225,0.1573143537084352,8.00414652721428,22.404030297310367,0.0873098205881065,0.2570890883849809,91.7225,36.17628100109626,2,R,LH,col-0
41,-55.723,0.1389168268389284,4.979520917590531,16.284031237746543,0.1288463024612139,0.2360288221562078,115.723,39.466537095124096,2,R,LH,col-0
42,-55.723,0.1364164339578556,4.8036968888651135,16.38109024084929,0.1384581969897058,0.2446807402948224,115.723,42.22906584355094,2,R,LH,col-0
43,-61.72410000000001,0.0972579637132089,2.445475139142023,12.456146706142109,0.2739290833001999,0.2464375680568604,127.7241,44.23383774703522,2,R,LH,col-0
44,-61.72410000000001,0.0524008967575606,1.5804670656964523,14.21772770479581,0.1536300318211416,0.0893237791067662,127.7241,45.1628018913061,2,R,LH,col-0
45,-61.72410000000001,0.0835740451853898,2.3372654516640377,13.65294923926282,0.1837020354246121,0.1579528716644173,127.7241,46.17706575022049,2,R,LH,col-0
46,,,,,,,139.7262,47.636303079612944,2,R,LH,col-0
47,-61.72410000000001,0.1003289420284106,2.6983161587466493,14.497350001000552,0.2299369398173341,0.2282480623260424,127.7241,49.20684662857144,2,R,LH,col-0
48,,,,,,,139.7262,51.85639687298283,2,R,LH,col-0
49,,,,,,,139.7262,53.165865423744485,2,R,LH,col-0
50,,,,,,,151.7215,54.40061515366547,2,R,LH,col-0
51,,,,,,,151.7215,55.543273349321545,2,R,LH,col-0
52,,,,,,,151.7215,57.15820846181367,2,R,LH,col-0
53,-13.726299999999998,0.032265887373921,2.89333213638326,31.31444422270276,0.0400606332144974,0.04264043421468,31.7263,4.784380031243618,1,L,LH,col-0
54,-13.726299999999998,0.019888703443118,1.4859168105226357,16.951653287390187,0.0659768852124696,0.0360654888013235,31.7263,6.36493165413974,1,L,LH,col-0
55,-13.726299999999998,0.0553378904909629,4.550115160533297,28.037078949822316,0.0469508249343126,0.0785906958198906,31.7263,7.792066162166225,1,L,LH,col-0
56,-25.7269,0.0422748585195018,2.6885547090183213,20.75626436566548,0.0825085371408748,0.0816062241015177,55.7269,10.974708001843087,1,L,LH,col-0
57,-31.7277,0.0236094245750487,1.258960785954173,10.985360646939094,0.1250758806079202,0.0579283675833283,67.7277,14.514484113087432,1,L,LH,col-0
58,-50.2595,0.0224131600727381,0.7860537336984718,13.186154507492,0.2772969963475859,0.080186806621871,104.2595,16.078020464551965,2,L,LH,col-0
59,-61.726,0.0515423703933627,1.7427251783141202,14.84699933455112,0.1233318784486067,0.079069641569508,127.726,22.73453748824861,2,L,LH,col-0
60,,,,,,,139.7293,24.159972525689984,2,L,LH,col-0
61,-7.7257,0.1251670713812927,28.41556719256144,84.13936816273673,0.0168821948057092,0.1764780736997707,19.7257,4.393690972773065,1,R,LH,col-0
62,-7.7257,0.2200829687037357,29.38411876509135,54.57587161095121,0.0296144343077069,0.3201265026121144,19.7257,5.471049351842174,1,R,LH,col-0
63,-13.726299999999998,0.2097528249796023,31.743406871388043,58.436021634932175,0.0250328817011873,0.2923276536982837,31.7263,8.063656324342862,1,R,LH,col-0
64,-13.726299999999998,0.1651251996298094,20.045276323641787,49.024800989524486,0.0309168424729717,0.227988372631893,31.7263,9.74583021312748,1,R,LH,col-0
65,-13.726299999999998,0.0850437710937744,6.317582601301207,19.01671549823053,0.0689940128253839,0.1603495893826026,31.7263,11.71824978988479,1,R,LH,col-0
66,-19.7267,0.1740806699467169,14.14865730049988,31.20875023922863,0.0461648841317806,0.240288228416743,43.7267,13.562244567882962,1,R,LH,col-0
67,-25.7269,0.2025699091553498,16.783869763679412,35.614209006098655,0.0453885591161295,0.2802489635145867,55.7269,16.408595422865147,1,R,LH,col-0
68,-31.7277,0.1761915650692033,10.202402619692675,20.54382671225917,0.0780631480595201,0.2929908363164061,67.7277,17.88342795304802,1,R,LH,col-0
69,-25.7269,0.1757687594560042,11.40467815600122,23.50054860864484,0.0708940504291362,0.2974392941360168,55.7269,18.855794833457225,1,R,LH,col-0
70,-31.7277,0.180007915051301,12.516605266534944,29.5240423997315,0.0573251121175012,0.2639593116219932,67.7277,20.961325934106416,2,R,LH,col-0
71,-50.2595,0.1751840582857999,10.21683682268676,25.24531917124769,0.0657424167553915,0.2470970954103272,104.2595,21.726362521466783,2,R,LH,col-0
72,-43.7235,0.1924370298358079,10.846238487751997,20.88615415395821,0.058907417923072,0.2350469685674619,91.7235,22.236386913040363,2,R,LH,col-0
73,-43.7235,0.0798192757326938,7.618939377608746,36.808248385091055,0.0419457791924114,0.1175677758897839,91.7235,23.40068159396025,2,R,LH,col-0
74,-37.7237,0.1535490979642627,11.083964528088538,29.245745977634037,0.0487342813276656,0.1987170866105326,79.7237,23.710367891727845,2,R,LH,col-0
75,-55.7239,0.2091511099297436,11.637721841106398,21.94093074396473,0.0656902921092091,0.2812384423219937,115.7239,23.89450569040047,2,R,LH,col-0
76,-37.7237,0.1545506966253644,10.28458902703977,27.835163685026306,0.0619698064410907,0.2344620725707148,79.7237,25.117767434520825,2,R,LH,col-0
77,-43.7235,0.1839443525155608,27.31215364085252,48.87300231743081,0.0318248567397145,0.3197627883073269,91.7235,25.869283352183245,2,R,LH,col-0
78,-43.7235,0.1754379574696662,11.708947163955523,28.83861491947817,0.0623032215281356,0.2683699391945326,91.7235,27.438189317539685,2,R,LH,col-0
79,-50.2595,0.2111940434760332,9.863139463356342,18.788942717537317,0.0837031730868679,0.3037124631588482,104.2595,28.5608582928676,2,R,LH,col-0
80,-55.7239,0.1145293778000315,3.9888370697856246,15.525017298942194,0.1392010191028641,0.2042651278231163,115.7239,29.92759513731097,2,R,LH,col-0
81,-55.7239,0.154584412422278,5.638165795789478,14.325242931244697,0.1067401060342246,0.2213966221531449,115.7239,32.52418669853648,2,R,LH,col-0
82,,,,,,,139.7293,33.53156323424253,2,R,LH,col-0
83,-61.726,0.1810309554109463,5.225975928447471,12.355445037637026,0.1501817836125183,0.2887288499056207,127.726,36.20387700821934,2,R,LH,col-0
84,-55.7239,0.1591392558866886,5.846985829086348,17.95574655668289,0.1373666939171093,0.2954738189075457,115.7239,38.4454930451878,2,R,LH,col-0
85,-61.726,0.1559161500024104,4.280915120493223,12.131918201507062,0.1686414471284464,0.2655867811040336,127.726,39.79731167252442,2,R,LH,col-0
86,-61.726,0.1036629632957675,2.7492191893487123,13.201676878296627,0.2221795825665129,0.2247082570608983,127.726,41.392145714952576,2,R,LH,col-0
87,,,,,,,139.7293,43.15286133558116,2,R,LH,col-0
88,,,,,,,139.7293,44.65643332634175,2,R,LH,col-0
89,,,,,,,139.7293,47.500679049358105,2,R,LH,col-0
90,,,,,,,151.7226,48.855713765774624,2,R,LH,col-0
91,,,,,,,151.7226,50.597692167509166,2,R,LH,col-0
92,,,,,,,163.7232,53.37565046905846,2,R,LH,col-0
93,-1.7256999999999998,0.0363103440975057,3.1265620653917647,17.673017628440213,0.0665144201574163,0.076504746744232,7.7257,7.13670105456585,1,L,LH,col-0
94,-1.7256999999999998,0.0407327590906617,3.3795698151477365,22.97830946784067,0.0530222173669905,0.0659211577952036,7.7257,9.07879805441268,1,L,LH,col-0
95,-7.7301,0.0584833096904418,4.4541848506613615,28.37430840378768,0.0562968261604493,0.0922481501361982,19.7301,11.211868576169694,1,L,LH,col-0
96,-13.724900000000002,0.0510453496754736,3.662278153826707,18.950412956245103,0.0948278329313645,0.1277593431569002,31.7249,14.59383191386995,1,L,LH,col-0
97,-25.7331,0.0688722494858007,3.849007311019357,19.50075177344213,0.0747671285670525,0.105868060281905,55.7331,16.746831578719316,1,L,LH,col-0
98,-25.7331,0.0330735080287663,1.910034105508336,10.520792911458924,0.1352058405716646,0.0950040441178975,55.7331,17.785854282994826,1,L,LH,col-0
99,-25.7331,0.0515951251951796,2.608190363745217,15.345311392202063,0.0955168395922534,0.0916483706699165,55.7331,20.232567433244,1,L,LH,col-0
100,-25.7331,0.0481218295945647,2.867515629928256,18.84169344793326,0.0881408443334886,0.0929797808730633,55.7331,21.26346994691169,1,L,LH,col-0
101,-31.7299,0.0351331408839209,1.8749476448615352,9.671150977725915,0.1230954448648266,0.0849056606368609,67.7299,22.113417061751043,2,L,LH,col-0
102,-37.7225,0.0383140060862806,1.8491268744205904,9.687552145682313,0.1622326051715393,0.1103596643251731,79.7225,24.149936667002866,2,L,LH,col-0
103,-43.7253,0.0413056053773249,1.8019754827783216,14.572751405644132,0.1152460520073016,0.0763977296356641,91.7253,25.375415875476023,2,L,LH,col-0
104,-50.2627,0.1041100315408286,4.389002442430202,15.804315534967916,0.0912685657698408,0.1473643953644111,104.2627,27.93331026858972,2,L,LH,col-0
105,-55.7221,0.0614355982592287,2.2028562340515205,14.5815874832751,0.1147142182017734,0.0929627414105823,115.7221,29.926162108829697,2,L,LH,col-0
106,-55.7221,0.1179430531711049,3.922955949039992,10.114961489133671,0.1174343944746152,0.1694783637233301,115.7221,30.78947994995196,2,L,LH,col-0
107,,,,,,,139.7333,37.878541212268594,2,L,LH,col-0
108,0.0,0.2537757968699953,37.70244997482706,55.666164948774174,0.0215237818610906,0.2985339122643092,0.0,2.321996576591108,0,R,LH,col-0
109,0.0,0.1947463370605333,27.076861856811647,53.94999596586085,0.0243310056466495,0.2423616535394717,0.0,4.496821171200629,0,R,LH,col-0
110,-1.7256999999999998,0.1079349076746269,10.212908467022164,32.93974805971186,0.0471529119874691,0.1771591043429698,7.7257,6.862465076491585,0,R,LH,col-0
111,0.0,0.0746812069266866,4.201888590808282,20.484554698974534,0.0688879866496108,0.1064862524982714,0.0,8.315672275520752,0,R,LH,col-0
112,-1.7256999999999998,0.0469346204919789,4.072531920381917,18.705066202228554,0.062698444195538,0.0939348571849013,7.7257,9.205985101442067,1,R,LH,col-0
113,-7.7301,0.0344408578744396,2.659901988269584,12.99281619284055,0.1223550017232754,0.1197272147983871,19.7301,10.422582883014782,1,R,LH,col-0
114,-7.7301,0.0891497561202884,8.727395603510471,37.08438252999671,0.0381590882607384,0.1225146913149641,19.7301,11.478946116945234,1,R,LH,col-0
115,-13.724900000000002,0.0629535875432696,2.942894086699543,13.349446957508306,0.0970416748808,0.1050602509939225,31.7249,13.40448622983687,1,R,LH,col-0
116,-7.7301,0.0688362607234587,4.4006980894671806,20.658739834394247,0.0815459704285162,0.1320169205824955,19.7301,14.238271257286994,1,R,LH,col-0
117,-13.724900000000002,0.0873718178553466,6.413214963379267,17.720382114098076,0.0766989832390981,0.1809551393218868,31.7249,16.380274959983126,1,R,LH,col-0
118,-13.724900000000002,0.1848474429016514,18.573023921963934,39.31253908216003,0.03407013140502,0.2327887266820336,31.7249,18.868251152319008,1,R,LH,col-0
119,-19.726,0.2997968300518015,29.47204982324586,39.2600659830192,0.0354893273510618,0.3847810086994941,43.726,20.960533176202347,1,R,LH,col-0
120,-31.7299,0.115849977230914,6.529106973147377,16.32410410313592,0.0724251363688386,0.1739596895164465,67.7299,23.780114896617945,1,R,LH,col-0
121,-19.726,0.1298754722780261,10.00956716042986,31.93821235338744,0.0522386818344899,0.1923592280683683,43.726,24.865978446056825,1,R,LH,col-0
122,-25.7331,0.1045963501787977,8.571540361951154,35.35212667244372,0.0525423277580492,0.1656813794558946,55.7331,26.05684217658338,1,R,LH,col-0
123,-25.7331,0.1583289339288035,11.782089276211943,32.7728870238932,0.0535443697882773,0.2320820963003741,55.7331,27.76747020081125,1,R,LH,col-0
124,-37.7225,0.2156351644402266,14.413483755052408,27.381250912997285,0.0573996526601926,0.3043573158977183,79.7225,29.2366329761735,2,R,LH,col-0
125,-43.7253,0.153205679083196,9.189755991574756,26.05982171269448,0.0665687954098365,0.2250506110384634,91.7253,30.87089243402884,2,R,LH,col-0
126,-37.7225,0.1576618193248141,8.831222442498223,21.824822631501284,0.0770431210330548,0.2502996313273819,79.7225,33.25080318922742,2,R,LH,col-0
127,-50.2627,0.1142677606401596,4.884291377145282,14.68184795588445,0.0864637403089336,0.1553606755580812,104.2627,34.59325751366457,2,R,LH,col-0
128,-50.2627,0.184834155128242,8.441988929886671,19.735756101097653,0.0928237775790653,0.288276695428948,104.2627,36.77479643202058,2,R,LH,col-0
129,-43.7253,0.0992043720510735,4.9916799998867685,23.164299016486144,0.0920398290282312,0.1690160927918448,91.7253,38.08382328142946,2,R,LH,col-0
130,-50.2627,0.10702630212584,5.08439995445207,21.8123703576837,0.0926796084404865,0.1733522227165729,104.2627,38.92031709379021,2,R,LH,col-0
131,-50.2627,0.157669126073385,6.895457548485337,18.89411757351072,0.0983437597814134,0.2494683272468461,104.2627,40.64082543997469,2,R,LH,col-0
132,-50.2627,0.1533614812684801,6.552448331951998,19.65086946558878,0.1125897835950019,0.2713989152957405,104.2627,42.57357321866659,2,R,LH,col-0
133,-55.7221,0.1535532583669583,5.384106183781015,14.532039966321342,0.123790511750875,0.2451921109994443,115.7221,44.27209743287052,2,R,LH,col-0
134,-61.727,0.1303653350571594,4.239980360678845,13.319538699708904,0.1160515624963614,0.1810174135216898,127.727,47.358971998657466,2,R,LH,col-0
135,-61.727,0.1284297619470039,3.529217792961268,13.184236246285936,0.1866872514790744,0.2423810374410229,127.727,47.78366588841808,2,R,LH,col-0
136,-61.727,0.1614500206173082,4.435736377745403,11.893988734847609,0.1718190119940922,0.2803770506469217,127.727,49.99679980570606,2,R,LH,col-0
137,-61.727,0.1085821958063195,2.8953256201828887,13.100867143110964,0.2089832840794074,0.2225945265315169,127.727,51.33189980570606,2,R,LH,col-0
138,-61.727,0.115973339416709,3.898869399190089,14.272246989553112,0.118458466744526,0.1699066249238136,127.727,52.30106048542956,2,R,LH,col-0
139,,,,,,,139.7333,54.66223742141901,2,R,LH,col-0
140,,,,,,,139.7333,55.389209140263695,2,R,LH,col-0
141,,,,,,,151.7271,56.40696954664626,2,R,LH,col-0
142,,,,,,,139.7333,58.348841159274514,2,R,LH,col-0
143,,,,,,,139.7333,60.720885168070325,2,R,LH,col-0
144,,,,,,,151.7271,62.77352383740975,2,R,LH,col-0
145,,,,,,,151.7271,63.14173672718956,2,R,LH,col-0
146,,,,,,,168.1018,65.3919266091773,2,R,LH,col-0
147,,,,,,,163.722,65.94201115700201,2,R,LH,col-0
148,,,,,,,163.722,67.34242292394771,2,R,LH,col-0
149,,,,,,,139.7333,80.90619696575999,2,R,LH,col-0
150,0.0,0.0597216695165961,5.584224860827334,13.170851449015023,0.0554598442520061,0.1139323516080115,0.0,3.663936781676943,0,L,LH,col-0
151,0.0,0.0649162835556693,6.186778531851736,14.54966321881671,0.043684407002216,0.0994252135994279,0.0,4.626464293110107,0,L,LH,col-0
152,0.0,0.0788503030942692,7.500484052833909,19.463589364502283,0.0405350130174816,0.1118472027204728,0.0,5.803093721133877,0,L,LH,col-0
153,0.0,0.0730880360528018,6.7946246283658525,14.265121283889211,0.0590310946152284,0.1475542841484544,0.0,6.677591963556353,0,L,LH,col-0
154,0.0,0.0741511885191881,7.18416207615254,26.363786903673315,0.0433172779539888,0.1144834734430826,0.0,7.202339047765897,0,L,LH,col-0
155,0.0,0.0576526383944341,5.422698082530423,23.841764396666232,0.0490617753663634,0.097873293497141,0.0,8.331612101414333,0,L,LH,col-0
156,-1.7237,0.0736976073825768,6.442493697283305,32.30308461965348,0.0430607850893185,0.1020566865560333,7.7237,9.992103120742511,1,L,LH,col-0
157,-13.721699999999998,0.0400852065524524,2.88245031291382,17.234946955742533,0.0589660500294592,0.06252725805663,31.7217,10.903586483179806,1,L,LH,col-0
158,-1.7237,0.057703508769781,3.954818857352645,25.09219621567109,0.0597617141818177,0.0869471118555626,7.7237,11.539816384792546,1,L,LH,col-0
159,-7.7272,0.045109052843953,3.581511282801753,25.18946231806969,0.052874913496333,0.0696661020508075,19.7272,13.117242331209429,1,L,LH,col-0
160,-31.727099999999997,0.0373467303816445,2.00588380003066,15.119462145172683,0.0987550984647191,0.0728736991532286,67.7271,13.83310983219757,1,L,LH,col-0
161,-7.7272,0.0246319267230136,2.018827381793397,23.25930328815704,0.0650412260289667,0.0483051487443182,19.7272,15.078406455496616,1,L,LH,col-0
162,-13.721699999999998,0.0592976123649173,4.690786085680728,26.268037490641383,0.050495730720739,0.0871376428195448,31.7217,17.477628443227772,1,L,LH,col-0
163,-25.7311,0.0388721580733934,2.3904703347411136,15.05188050201607,0.0966759219240264,0.0850172785704641,55.7311,19.24087900195003,1,L,LH,col-0
164,-19.7228,0.0396165440842125,2.4728450330625584,20.68345988566704,0.0750099447001841,0.0682372104467541,43.7228,20.70643452554146,1,L,LH,col-0
165,-31.727099999999997,0.0149614701343928,0.8260861636028455,9.919389498200632,0.1615568476549022,0.0490971447793785,67.7271,21.638034468006037,1,L,LH,col-0
166,-55.719,0.0565135687560234,2.00273939680414,16.647022333874027,0.1466610383284842,0.1080549619106879,115.719,24.607975793235525,1,L,LH,col-0
167,-25.7311,0.0620909849286807,4.174372868388408,26.237479119607222,0.0659969457045168,0.1013492628546219,55.7311,25.639289965406583,1,L,LH,col-0
168,-31.727099999999997,0.1247077582505419,7.674787326262865,23.03612185815889,0.0648745904396487,0.1831666898148532,67.7271,28.32960645918584,2,L,LH,col-0
169,-50.2595,0.1083190704947797,5.343870743620516,21.75018255577645,0.0856872679247039,0.1684526156815667,104.2595,30.51844751486126,2,L,LH,col-0
170,-43.723,0.0511987344689974,2.470960858186502,19.57932564301684,0.092255914639325,0.0838620747942074,91.723,30.772107399011624,2,L,LH,col-0
171,-37.7204,0.1009494233679393,5.342520890880278,19.51934630803409,0.0782107294887694,0.1537156492789439,79.7204,32.44352333502569,2,L,LH,col-0
172,-43.723,0.1010721648265083,5.26119157867511,23.892458795502066,0.0910691074398781,0.1762628201843804,91.723,34.8187642039636,2,L,LH,col-0
173,-55.719,0.0872601044987988,3.012518693650395,14.724615169681844,0.1319673366521382,0.1462519685978216,115.719,35.845764203963604,2,L,LH,col-0
174,-55.719,0.1047497830124965,3.594900103770252,15.312476866037033,0.1477765185966061,0.1954329446181448,115.719,36.4769742039636,2,L,LH,col-0
175,-61.7239,0.0678554733560371,2.3688280003849824,14.54681167149652,0.1089199641359271,0.0949175534872246,127.7239,38.54806992191897,2,L,LH,col-0
176,,,,,,,139.7332,40.85790586090984,2,L,LH,col-0
177,,,,,,,151.7241,42.24077269095282,2,L,LH,col-0
178,,,,,,,151.7241,45.13211751566208,2,L,LH,col-0
179,0.0,0.2411927858672294,29.86003720554281,49.20969282039872,0.028065188490834,0.3082931150637688,0.0,5.45133073237235,0,R,LH,col-0
180,-19.7228,0.0606928511529051,4.079244167341908,18.597521359948267,0.0696254345113474,0.104484805311768,43.7228,9.582794684772898,1,R,LH,col-0
181,-7.7272,0.1059651041290766,9.21181970791823,31.928625961369903,0.0462929470191547,0.1568793482795006,19.7272,11.45488321449712,1,R,LH,col-0
182,-19.7228,0.0936943859927083,6.796580148479236,27.69121661255902,0.0583746254994823,0.1459553666183326,43.7228,12.574918281128427,1,R,LH,col-0
183,-7.7272,0.1153330247617372,9.667048379330575,31.862282136259708,0.0512981474789021,0.1824320305042472,19.7272,13.889910027616686,1,R,LH,col-0
184,-13.721699999999998,0.2954969600965079,31.52180189611011,44.91538731648879,0.0358900144383966,0.416188606100861,31.7217,15.296676927570733,1,R,LH,col-0
185,-19.7228,0.330565816868821,34.73820056122091,42.95674125161579,0.034531210264215,0.4412905590661289,43.7228,17.825007719614206,1,R,LH,col-0
186,-25.7311,0.1207651572859753,8.105489967864429,23.002787428419385,0.0554522337001518,0.1653498615362672,55.7311,18.88186103401388,1,R,LH,col-0
187,-19.7228,0.2460310305041937,22.184566625095737,37.79693755793068,0.0414502638263904,0.3382857987192731,43.7228,19.839074078482035,1,R,LH,col-0
188,-31.727099999999997,0.1297152462990591,6.846600201310036,13.62464459641298,0.0674334794508901,0.1698462864114521,67.7271,21.36812855471525,1,R,LH,col-0
189,-25.7311,0.1824580310138535,13.719053720791528,30.432586668223912,0.0513845709615616,0.2593357620468342,55.7311,21.4665874055109,1,R,LH,col-0
190,-31.727099999999997,0.2629699443308338,18.134691772787587,26.630449156905687,0.0593756691651036,0.3961176680942468,67.7271,23.40417133408286,2,R,LH,col-0
191,-31.727099999999997,0.2026851107237348,13.596008126693404,27.4103970956325,0.0594350934721975,0.2972760239201795,67.7271,24.107347667017923,2,R,LH,col-0
192,-31.727099999999997,0.2796631126040878,20.28669805863517,30.499352733561786,0.0552872723889284,0.4126121838056522,67.7271,25.18909468834756,2,R,LH,col-0
193,-31.727099999999997,0.2541635881769807,21.834909056557308,37.62719672200902,0.0425449248189001,0.3417469647602247,67.7271,26.16469383277113,2,R,LH,col-0
194,-37.7204,0.2296724947909804,21.488877103681737,38.91192652294124,0.0338785668585459,0.2678207800420968,79.7204,27.798147354980376,2,R,LH,col-0
195,-43.723,0.2787308356421997,14.400401624545056,21.388006591775827,0.0813024870572315,0.430709006859018,91.723,30.317044683537542,2,R,LH,col-0
196,-50.2595,0.2107205374267375,7047.1006277100805,234.74240768227787,0.0098156222481079,25.446838139376844,104.2595,32.0753580836188,2,R,LH,col-0
197,-50.2595,0.228413212676313,23.27857343566417,36.89357012414937,0.0431855348879434,0.3698283359445913,104.2595,32.84344124604329,2,R,LH,col-0
198,-43.723,0.1400522268089961,7.8855289730768305,24.66093685141172,0.0862540046084406,0.2502163113709711,91.723,34.548432713148,2,R,LH,col-0
199,-55.719,0.1723485352851361,6.043379275794162,12.746163559282891,0.1073155962673137,0.238587788676434,115.719,35.538173770192714,2,R,LH,col-0
200,-50.2595,0.1591034430780487,7.124268320745905,20.586802427938228,0.1030466047526339,0.2700719454891045,104.2595,37.46458314015837,2,R,LH,col-0
201,-61.7239,0.1024914733784577,2.7800695893181846,10.391395414140677,0.1723371544684298,0.1762544550131921,127.7239,38.919008191778346,2,R,LH,col-0
202,-55.719,0.1708712236386553,6.073352480711381,16.697997768065914,0.138458426413004,0.3093523337892856,115.719,40.21244445468335,2,R,LH,col-0
203,-55.719,0.1542031507142373,5.456022159003814,16.77097396072748,0.1390645216271533,0.2791245203442102,115.719,41.684043044271526,2,R,LH,col-0
204,-55.719,0.1413866656993226,4.910417799205843,17.51355596512001,0.1575120469156817,0.2845363386042156,115.719,43.58637978549425,2,R,LH,col-0
205,-61.7239,0.1288465282781653,3.354232841356652,13.023339088849635,0.2309463964983373,0.2849770688298478,127.7239,44.48093394163018,2,R,LH,col-0
206,,,,,,,139.7332,47.27388604208736,2,R,LH,col-0
207,,,,,,,139.7332,48.0641328785252,2,R,LH,col-0
208,,,,,,,139.7332,49.42335743719827,2,R,LH,col-0
209,,,,,,,151.7241,50.514458371496445,2,R,LH,col-0
210,,,,,,,151.7241,51.55069597482359,2,R,LH,col-0
211,,,,,,,139.7332,52.59586597482359,2,R,LH,col-0
212,,,,,,,139.7332,53.91526438729506,2,R,LH,col-0
213,,,,,,,151.7241,54.93428874190647,2,R,LH,col-0
214,,,,,,,151.7241,56.36373105630883,2,R,LH,col-0
215,,,,,,,151.7241,57.16005105630883,2,R,LH,col-0
216,,,,,,,168.0991,59.50874749914073,2,R,LH,col-0
217,,,,,,,168.0991,60.43250581904915,2,R,LH,col-0
218,-7.7286,0.0332803744773754,2.6292890120063674,17.394036439924758,0.0852819818517776,0.0824899668082314,19.7286,4.145659453412188,0,L,LH,col-0
219,0.0,0.033134443752578,2.98241135976256,-0.0684934543484716,0.5381454413919495,0.590435863128152,0.0,5.567810974076033,0,L,LH,col-0
220,0.0,0.0225665957465144,2.00279824584132,-0.3630526905883511,0.810731238505314,0.5973372905368216,0.0,5.986668758832074,0,L,LH,col-0
221,-13.7209,0.0483112806800217,4.0941808306478285,27.23383044179296,0.0438128266672829,0.065989344151034,31.7209,6.426566481319927,1,L,LH,col-0
222,-13.7209,0.0310924465843396,2.414428273832673,21.834903129970066,0.0676932386986998,0.0601263885702745,31.7209,8.979410823249594,1,L,LH,col-0
223,-25.7314,0.0635243570116258,3.870515694618836,17.766191940067525,0.0837496152357062,0.1192496660185703,55.7314,10.32860616585199,1,L,LH,col-0
224,-19.723,0.0599411888984223,4.190399461927913,24.655046643451836,0.0613677664007987,0.0946022051920211,43.723,11.579859316654046,1,L,LH,col-0
225,-25.7314,0.0564333473128945,3.726593637292988,23.192861878073828,0.0575524576483483,0.0789008042644686,55.7314,12.744295376649438,1,L,LH,col-0
226,-31.727400000000003,0.0644064552034811,3.984717851755461,21.95134319362,0.0606138848165998,0.0888536377517095,67.7274,14.33076015091958,1,L,LH,col-0
227,-31.727400000000003,0.0805889064761543,5.102456451522459,26.366208856583008,0.0684268299949723,0.1284432381181765,67.7274,15.752475369258825,1,L,LH,col-0
228,-37.71939999999999,0.1059613618668684,5.269996202607158,20.146053502666252,0.0767560692315447,0.1488087766111436,79.7194,18.60474312835276,2,L,LH,col-0
229,,,,,,,151.7239,23.57545314728899,2,L,LH,col-0
230,,,,,,,151.7239,25.80194611969365,2,L,LH,col-0
231,,,,,,,151.7239,26.97621858216961,2,L,LH,col-0
232,,,,,,,151.7239,31.04502468872144,2,L,LH,col-0
233,-13.7209,0.1487359195126042,16.91104476499251,46.73290728218354,0.0324062579341452,0.2016066446284897,31.7209,6.251647703567679,1,R,LH,col-0
234,-7.7286,0.1967989026125609,22.525589101248624,48.87917262113385,0.0331019069607153,0.274305609837199,19.7286,9.57868307091218,1,R,LH,col-0
235,-13.7209,0.1431591297128015,12.799240291283857,36.7987266270077,0.0419716369449456,0.1976266997235603,31.7209,11.36763096778024,1,R,LH,col-0
236,-19.723,0.1768067691679455,16.602817847847824,39.2405415347546,0.0399295911322075,0.2438833682977216,43.723,13.718595297583406,1,R,LH,col-0
237,-25.7314,0.1211497632072578,11.491110757906482,39.356995078056926,0.0392538213013513,0.1659393825623307,55.7314,15.831605330687838,1,R,LH,col-0
238,-25.7314,0.1521016119543276,13.415220012467811,36.58115678658443,0.0416579774838173,0.2055897690110538,55.7314,15.831605330687838,1,R,LH,col-0
239,-37.71939999999999,0.0990674107922254,5.56968778071428,16.842564675866747,0.0649264623325124,0.1330326090960913,79.7194,16.43114613306844,1,R,LH,col-0
240,-43.723200000000006,0.0964158140382658,4.26524837522225,12.318921829064523,0.0864766380446946,0.1356902496471122,91.7232,17.144172986430252,1,R,LH,col-0
241,-37.71939999999999,0.160161124634266,12.896377740115671,32.71054744225461,0.0453721037078897,0.2152594268020966,79.7194,18.351556468638645,2,R,LH,col-0
242,-37.71939999999999,0.162408823339002,10.641193058642466,27.066960069416147,0.0570209414340302,0.2232185198136834,79.7194,19.469588834651383,2,R,LH,col-0
243,-43.723200000000006,0.1680445331060565,9.53686628166167,24.70701134097843,0.0723368762630376,0.2537879291731761,91.7232,20.54235637084757,2,R,LH,col-0
244,-50.2577,0.1153338300744365,5.889078021759639,23.592855265001493,0.0907589081909071,0.1966265182330137,104.2577,23.996124117071957,2,R,LH,col-0
245,-43.723200000000006,0.1498703920975412,8.092273849109773,24.637583678072595,0.0845328778760476,0.2516527866479967,91.7232,25.063804941002928,2,R,LH,col-0
246,-55.718,0.1138416923962934,4.569266726614278,16.20650696839567,0.0927520566596396,0.1559105762628684,115.718,26.37482416282998,2,R,LH,col-0
247,,,,,,,151.7239,27.23932017152969,2,R,LH,col-0
248,-61.7231,0.1440040736924521,3.966183390973297,11.668766834435578,0.162018448658292,0.2363974453907362,127.7231,28.89335266127889,2,R,LH,col-0
249,-55.718,0.1497689642255756,5.352022960359207,17.192095886301377,0.1363792074400761,0.2685169145793286,115.718,30.942566933932174,2,R,LH,col-0
250,-61.7231,0.1453752579102504,5.439760566153751,17.160990932738752,0.1195493521789641,0.2392393036232792,127.7231,34.049438111280075,2,R,LH,col-0
251,,,,,,,139.7326,35.67445954181236,2,R,LH,col-0
252,,,,,,,139.7326,37.11218614799871,2,R,LH,col-0
253,,,,,,,139.7326,37.56042326493572,2,R,LH,col-0
254,,,,,,,139.7326,38.24600631797711,2,R,LH,col-0
255,,,,,,,151.7239,39.81974971655921,2,R,LH,col-0
256,,,,,,,151.7239,41.17234244360025,2,R,LH,col-0
257,,,,,,,139.7326,41.76463437373268,2,R,LH,col-0
258,,,,,,,168.0984,44.49510068019805,2,R,LH,col-0
259,,,,,,,151.7239,45.43973093701815,2,R,LH,col-0
260,0.0,0.0779994671343937,7.54500630067656,26.53291868523482,0.0381638133436134,0.1059294916078073,0.0,1.15441883544039,0,L,LH,col-0
261,-25.7373,0.0360053347354734,2.1863983139767944,17.242086473713393,0.0683191814862701,0.0549512348756467,55.7373,2.6720254104240206,0,L,LH,col-0
262,0.0,0.1022520637397874,9.571993793725252,23.367936256531447,0.0417153388191174,0.1468938798395659,0.0,4.049311885471883,0,L,LH,col-0
263,-1.7298,0.0487604482764162,4.262114443255212,23.81275263717518,0.0769071820575905,0.1205861761668518,7.7298,4.676063275529934,1,L,LH,col-0
264,-7.733799999999999,0.034934523195989,2.902352616126744,23.306825936689265,0.0608786508575135,0.0650011009648455,19.7338,6.169019270405353,1,L,LH,col-0
265,-25.7373,0.0700925871321843,2.959600570005143,11.407307349180574,0.1372033525642398,0.1493837453513547,55.7373,9.248223634923905,1,L,LH,col-0
266,-31.729699999999998,0.0542561303535183,2.7899956995189616,7.470711316167997,0.1119074755797139,0.11485982518171,67.7297,9.718772054662766,1,L,LH,col-0
267,-13.7226,0.0592487404930932,4.509199792456139,25.3125567652472,0.0549551964490042,0.0911619824802024,31.7226,10.89765858959777,1,L,LH,col-0
268,-61.7213,0.0656530362097185,1.7559162845694172,9.008882269883127,0.1510492902832388,0.0975726305507281,127.7213,12.745308480809047,1,L,LH,col-0
269,-37.7177,0.0470775248401626,2.546309740944682,19.494973382915077,0.0752577584753061,0.0704965767276479,79.7177,14.15450199282989,1,L,LH,col-0
270,-25.7373,0.067240530763157,4.017585598624433,20.45263527287001,0.0957409714949666,0.1415039251079206,55.7373,15.173487248393318,1,L,LH,col-0
271,-31.729699999999998,0.0858977416538253,4.999225863496412,22.96923576529236,0.0614000942106062,0.1129216756648027,67.7297,16.98456758503367,1,L,LH,col-0
272,-43.721500000000006,0.1341521346796185,6.819438994958969,18.96864866888419,0.0740646336119196,0.185808272458193,91.7215,22.62102081271834,2,L,LH,col-0
273,,,,,,,139.7342,24.089973989248044,2,L,LH,col-0
274,-55.7163,0.1892010146698679,6.530803203532718,14.718151405040295,0.1361784858688487,0.3271753805854174,115.7163,25.184750740365683,2,L,LH,col-0
275,0.0,0.1875286494981591,27.132731345028954,58.1878249347206,0.0233319084637273,0.2328891719340199,0.0,1.90386656626724,0,R,LH,col-0
276,-7.733799999999999,0.0851105361582646,7.675336719400389,35.74153014573997,0.0470096849470904,0.1327364798102585,19.7338,4.227056173732212,1,R,LH,col-0
277,-19.7225,0.1291547276961946,14.740249541702267,44.0754745161458,0.026475438799913,0.1435666348319794,43.7225,7.592110715950245,1,R,LH,col-0
278,-19.7225,0.1357217535266135,13.93402410664418,40.75262535368783,0.0323821233895231,0.1659920922142678,43.7225,8.442253864896353,1,R,LH,col-0
279,-19.7225,0.1487389232200337,17.168913574674782,45.18003206918423,0.0302362138426383,0.190974657908789,43.7225,9.78036547738732,1,R,LH,col-0
280,-25.7373,0.1549114285305103,12.710402514228186,31.93901321508256,0.0439172330920331,0.2053524046207388,55.7373,12.439585749451378,1,R,LH,col-0
281,-19.7225,0.2021025726609571,13.932524761305304,28.11586946608652,0.0576623803204794,0.2955479204547049,43.7225,13.921831579889885,1,R,LH,col-0
282,-25.7373,0.2374818033168253,18.77775805954229,31.69097933000449,0.042858190205398,0.2960622839475877,55.7373,16.00656751992683,1,R,LH,col-0
283,-31.729699999999998,0.1896451363098563,14.46743615193957,33.31496110323421,0.0536200796727037,0.2853806662006466,67.7297,18.15072982012333,2,R,LH,col-0
284,-37.7177,0.2118445767341658,15.103515645332871,30.06372721499952,0.0526684526067561,0.2926402956578495,79.7177,19.125158167263653,2,R,LH,col-0
285,-37.7177,0.1854795570243372,11.658248226014477,24.37098596161577,0.0563557718098732,0.241700315931031,79.7177,20.184918727921108,2,R,LH,col-0
286,-43.721500000000006,0.1659169450133223,10.61816457568567,25.80642856477632,0.0508844945271056,0.1987652389765902,91.7215,22.60394910045941,2,R,LH,col-0
287,-43.721500000000006,0.2235715767081754,13.103652601275666,24.67484876106176,0.067001547566787,0.3229852746949089,91.7215,24.272484683937748,2,R,LH,col-0
288,-43.721500000000006,0.2066397866207726,10.5620182948426,21.939821851185386,0.0853101913628536,0.3314769618357689,91.7215,26.407940107940316,2,R,LH,col-0
289,-55.7163,0.088025384954605,4.674622534314685,21.365289453936636,0.0661906419296573,0.1138278831450432,115.7163,27.82090752205094,2,R,LH,col-0
290,-50.2561,0.1263916820315154,6.271256340164404,21.599929569343598,0.0811600337884408,0.1872415770634966,104.2561,29.09440079847996,2,R,LH,col-0
291,-55.7163,0.0729979764163941,2.3104837437811363,10.689775402657578,0.1593378131830261,0.1354338697609272,115.7163,32.05539186744734,2,R,LH,col-0
292,-55.7163,0.1585013756338981,6.0259309510490615,17.80486293962953,0.1269334372170337,0.2813880886231626,115.7163,34.22294986442654,2,R,LH,col-0
293,,,,,,,151.7254,38.2186565365968,2,R,LH,col-0
294,,,,,,,139.7342,40.16171789604381,2,R,LH,col-0
295,,,,,,,151.7254,42.5238901222569,2,R,LH,col-0
296,,,,,,,163.7147,43.00779672122514,2,R,LH,col-0
297,,,,,,,163.7147,44.59777554640647,2,R,LH,col-0
298,0.0,0.0422213545032367,4.294983868216306,29.75145360522599,0.0339013823458304,0.0535654135495275,0.0,1.9088730411665649,0,L,LH,col-0
299,0.0,0.0440270890799007,4.115337725676573,20.02281916057936,0.0500436311211703,0.0757634623925447,0.0,2.4850814666007266,0,L,LH,col-0
300,0.0,0.0466364301186618,4.128093776181571,24.92223649562741,0.0539229079055559,0.0818895296977818,0.0,3.217658136650291,0,L,LH,col-0
301,0.0,0.0600297391994276,5.424497462631628,27.18081009040247,0.0510747412635404,0.1019227666123568,0.0,4.512059102361612,0,L,LH,col-0
302,0.0,0.0659967303927722,6.079492025160546,25.35559380844448,0.0678799223807567,0.1518148127474578,0.0,5.531425102709413,0,L,LH,col-0
303,-7.734000000000002,0.0429430237324618,3.440691895933882,18.7076133178571,0.1241437748909131,0.15713620115687,19.734,8.88707474195762,1,L,LH,col-0
304,-7.734000000000002,0.0551789547011504,4.468348536189357,25.517795502760336,0.0479392474815591,0.0788031851839572,19.734,9.82461509396222,1,L,LH,col-0
305,-7.734000000000002,0.0558766550346934,4.287081015853388,28.155399285809985,0.056152772700573,0.0885601644803049,19.734,11.120421516732604,1,L,LH,col-0
306,-19.7249,0.0389936557846956,2.376880271284763,8.321350769863686,0.1166973540490825,0.1020407949044921,43.7249,12.885726285673892,1,L,LH,col-0
307,-19.7249,0.0310420169268778,1.988642139893288,18.69754931342174,0.0883474910856541,0.0646333069247553,43.7249,13.885509598847303,1,L,LH,col-0
308,-19.7249,0.0298057981346573,1.9756574563695288,13.95144004154151,0.106620296868971,0.0774920327628159,43.7249,15.403699074406925,1,L,LH,col-0
309,-25.7375,0.0168127635186848,0.9900252778463984,6.962381441718158,0.1363425332999911,0.0496573066852031,55.7375,16.527402568612835,1,L,LH,col-0
310,-43.7205,0.005642857142857,0.2311654850361487,2.696695308675827,0.5308438504119295,0.0451435075179436,91.7205,19.204671949555973,1,L,LH,col-0
311,-43.7205,0.016337605243301,0.6960729264968175,9.430377986755522,0.1325725647707742,0.0339479785234388,91.7205,22.52883631948432,2,L,LH,col-0
312,-50.2544,0.0595777477669203,2.812082972486874,20.383033576851183,0.0907496515506088,0.0938811962809797,104.2544,26.7030600097991,2,L,LH,col-0
313,-50.2544,0.0334247932670041,1.6219396150908505,22.03631634708849,0.0922357747587248,0.0550350796755239,104.2544,28.073209627795,2,L,LH,col-0
314,-50.2544,0.1037464714890233,4.882006526265816,19.5566899161515,0.0822707819218113,0.1477574878580423,104.2544,29.034623723801506,2,L,LH,col-0
315,-50.2544,0.0721573891302667,3.076354885099765,17.70125542772508,0.1030180443955026,0.1165883760879888,104.2544,31.90838375903959,2,L,LH,col-0
316,-61.720200000000006,0.0330924606836312,0.829456426202959,14.17758096565047,0.3193847674873801,0.0974570572669141,127.7202,35.777401439900736,2,L,LH,col-0
317,0.0,0.0801937011280287,7.599235064297511,30.963181072581552,0.0354249513109138,0.0990340770903566,0.0,0.8545156522849638,0,R,LH,col-0
318,0.0,0.1472116914524166,14.24668095303525,29.274614339985067,0.0454067464758752,0.2379795293425728,0.0,1.6379242418791804,0,R,LH,col-0
319,0.0,0.1070683214016166,10.680947753424844,30.30040773250993,0.0399217870312019,0.1568647213248461,0.0,2.6319034593830173,0,R,LH,col-0
320,-1.7298999999999998,0.1024890470022036,15.11020948639923,58.142468642917976,0.021945872154193,0.1219912969066843,7.7299,3.779203659819741,1,R,LH,col-0
321,-1.7298999999999998,0.1025011038224569,12.212079193014196,48.00297381482781,0.0306337312123861,0.137624269723071,7.7299,4.702970255908817,1,R,LH,col-0
322,-7.734000000000002,0.0656048183553674,5.231912626296963,25.247491902704457,0.0548696674976089,0.1056083674532724,19.734,5.810920150455884,1,R,LH,col-0
323,-7.734000000000002,0.1540321990733641,29.282418441108906,70.85467998801596,0.0200965736889641,0.216488325026411,19.734,8.270782227340012,1,R,LH,col-0
324,-13.7226,0.1448574931680073,11.79269454493142,27.595325885846847,0.0507528855392668,0.2201807296698624,31.7226,9.648240628307327,1,R,LH,col-0
325,-31.730999999999995,0.2000046291083178,13.315734693009942,23.72783765818632,0.0523316577800668,0.2563510757969436,67.731,9.735682066567456,1,R,LH,col-0
326,-43.7205,0.1304806383746571,5.625654034956525,12.09101200231658,0.102658372699084,0.2124579146100023,91.7205,10.0660163888835,1,R,LH,col-0
327,-13.7226,0.1443783113095672,11.579420400684649,27.161598489498147,0.053082572892195,0.2261227739645958,31.7226,11.533299407507664,1,R,LH,col-0
328,-13.7226,0.2511072465213103,27.81668736493745,44.19159158050054,0.0320649773680561,0.3281269224820013,31.7226,13.724394927906818,1,R,LH,col-0
329,-13.7226,0.1785733060976168,18.21051902802204,42.538692917176064,0.0359483151819987,0.2408276694467055,31.7226,15.880284194187151,1,R,LH,col-0
330,-25.7375,0.2781504431325354,21.46412678344659,28.92824368039439,0.0431182082862662,0.340470469118401,55.7375,16.72732065489897,1,R,LH,col-0
331,-25.7375,0.2927480749894209,24.1410354694122,33.221930032674535,0.0451299769535631,0.4007989028081519,55.7375,18.383466423174088,1,R,LH,col-0
332,-25.7375,0.2179937799257288,15.736413973463469,29.885293881200244,0.0542584871106961,0.31410798019857,55.7375,21.18211295061406,1,R,LH,col-0
333,-37.717,0.1048743752927661,5.186273342985739,11.28196549469481,0.0984313134916001,0.1877994003167615,79.717,22.762826055690237,2,R,LH,col-0
334,-43.7205,0.1953737948305343,10.852039951604878,22.720473812294117,0.0724358753179633,0.2891815722160141,91.7205,24.380176774231348,2,R,LH,col-0
335,-37.717,0.1685798205223596,14.884656728677792,34.95122406521674,0.0433914730012914,0.2376012574612422,79.717,24.88773317661438,2,R,LH,col-0
336,-37.717,0.1458609401264598,9.60311286294111,26.71808598243417,0.0518620863267621,0.1832177455219285,79.717,25.39908370623156,2,R,LH,col-0
337,-37.717,0.1693306673836666,9.870457450786072,23.906519711563043,0.0699625646061663,0.2540437528821309,79.717,26.71702439518535,2,R,LH,col-0
338,-50.2544,0.1904992929150983,10.493524910771116,22.889212802373777,0.0562959589250874,0.2173222221372964,104.2544,27.897276068789918,2,R,LH,col-0
339,-37.717,0.1990520053737958,12.10808270049245,27.060701638212244,0.0714202892654716,0.3181284441759468,79.717,30.352035363953235,2,R,LH,col-0
340,-55.7176,0.2105588178260085,7.987818580910941,13.483955977343705,0.0897817788196701,0.2638286264414113,115.7176,32.81027729292828,2,R,LH,col-0
341,-50.2544,0.1675239968847897,7.433392583053719,18.88179870272601,0.0946594624524121,0.2588550380401491,104.2544,33.26064658584243,2,R,LH,col-0
342,-43.7205,0.1342919957836301,7.272734050560593,25.155969085376316,0.083771036093844,0.2241285139281573,91.7205,34.72523288570133,2,R,LH,col-0
343,-50.2544,0.1886219738534802,8.292513405278527,19.388131129750388,0.1000043080395585,0.3050776620442457,104.2544,37.9430242079047,2,R,LH,col-0
344,-55.7176,0.142707851131094,4.953507485225142,15.563832912137196,0.1329900442991809,0.2423469020023805,115.7176,39.750229668439566,2,R,LH,col-0
345,-55.7176,0.1536549234887627,5.3219633495439895,16.22966752896014,0.1450527619817999,0.2839902304960348,115.7176,41.16939458301217,2,R,LH,col-0
346,-55.7176,0.1318600750335705,4.787772177857646,17.116450295335955,0.1298820789533848,0.2287642868759644,115.7176,42.95895889757212,2,R,LH,col-0
347,-55.7176,0.144909199289395,5.260522657215761,17.79675171458989,0.1428948242479471,0.2765355132368003,115.7176,44.760940010799445,2,R,LH,col-0
348,-61.720200000000006,0.1392937369370483,4.924037615123995,14.797463558687632,0.1079910811617497,0.1956206822159447,127.7202,47.99840155623718,2,R,LH,col-0
349,,,,,,,139.7342,50.631453546135496,2,R,LH,col-0
350,,,,,,,139.7342,51.38069087549753,2,R,LH,col-0
351,,,,,,,139.7342,53.82979416887223,2,R,LH,col-0
352,,,,,,,151.7257,55.22904982330884,2,R,LH,col-0
353,,,,,,,151.7257,60.76168113138266,2,R,LH,col-0
354,0.0,0.2220444710377169,31.68631973388817,66.67672794692646,0.033701360132633,0.3928481813215391,0.0,1.6785925502634629,0,L,HL,col-0
355,,,,,,,139.7251,3.055785107315284,1,L,HL,col-0
356,-1.7268,0.2488617388946291,27.34027492433026,45.939453524250425,0.0344101925221409,0.3460951377097579,7.7268,3.894514162621738,1,L,HL,col-0
357,-7.724399999999999,0.1330375539437291,12.821002464334514,40.32332012542776,0.043017249166505,0.2028944356683223,19.7244,5.5905420815661815,1,L,HL,col-0
358,-1.7268,0.1764693945261976,10.91905983778849,21.04271313451953,0.0567806856138824,0.2280822015427674,7.7268,6.963818469945182,1,L,HL,col-0
359,-1.7268,0.0917177595636599,7.755551633635652,17.369168849260042,0.0812054747194013,0.2316879896435287,7.7268,7.5648817246590525,1,L,HL,col-0
360,-7.724399999999999,0.2999399921835533,40.03994529526752,51.87505918778515,0.0256704588334929,0.3781225907617335,19.7244,8.53998624828716,1,L,HL,col-0
361,-1.7268,0.2132268875115333,26.621258637027346,51.683200625414855,0.032219409913511,0.315538012085454,7.7268,8.942746812394422,1,L,HL,col-0
362,-1.7268,0.1695050289588855,20.746994047047885,51.29796775095737,0.0309458826741635,0.2361911251805236,7.7268,10.286594484870731,1,L,HL,col-0
363,-7.724399999999999,0.1074961352017231,10.858586031296513,36.85754297717593,0.0339117459285742,0.1354655749016424,19.7244,10.794181011977196,1,L,HL,col-0
364,-1.7268,0.2342863162035545,27.847852567536147,48.7219167546894,0.0312519115215429,0.3201649716353998,7.7268,11.600839440331743,1,L,HL,col-0
365,-7.724399999999999,0.1918022741684153,23.95629901026792,50.13694621365433,0.0291379902876203,0.25679397941023,19.7244,12.571597953398348,1,L,HL,col-0
366,-13.726400000000002,0.1847216520134961,17.045952334683093,36.33638513379176,0.0370720598784,0.2324735275863413,31.7264,13.88056978674695,1,L,HL,col-0
367,-13.726400000000002,0.1695160769913737,11.832250657568382,19.641252575723698,0.0863427389771445,0.375836279867169,31.7264,15.523146845080673,1,L,HL,col-0
368,-19.7266,0.1928736022433922,14.189931834427115,23.027550269962504,0.0443163952266389,0.2313397458754385,43.7266,15.62494655284057,1,L,HL,col-0
369,-25.7256,0.3437139277321741,42.877814113084746,48.54374184675878,0.0314815297563052,0.4965854411246304,55.7256,17.6535806211034,1,L,HL,col-0
370,-25.7256,0.1444809758667434,9.745003807917405,21.364976782608792,0.0471811537709123,0.1691438019214218,55.7256,17.591778582302076,1,L,HL,col-0
371,-19.7266,0.1616602479335629,10.586163607301232,16.758481861038025,0.1178512173094187,0.4589635462723009,43.7266,19.045054103338146,1,L,HL,col-0
372,-19.7266,0.2556061023183614,22.46260642670785,34.78252365722233,0.0424954993234107,0.3511628802482676,43.7266,20.106181544794477,1,L,HL,col-0
373,-25.7256,0.2079772667417536,15.581360197970426,30.619239307754004,0.054600072927814,0.3129710077214466,55.7256,20.122294446457424,1,L,HL,col-0
374,-25.7256,0.2159212078104131,14.021487499619475,25.023350414629984,0.071156864142723,0.3670425452738683,55.7256,21.33983179355263,1,L,HL,col-0
375,-19.7266,0.2540306780019931,26.45917222766092,46.57928834284425,0.0439289245992561,0.4275947289860499,43.7266,23.004674507400125,1,L,HL,col-0
376,-31.7264,0.2134538873672579,17.172644375630487,33.83337687254939,0.0483498574252975,0.3054484264597956,67.7264,23.848525272197996,2,L,HL,col-0
377,-55.723,0.085811647136342,2.83287510925554,13.023127806075616,0.1398513972488205,0.1457470443693405,115.723,24.72944651876068,2,L,HL,col-0
378,-31.7264,0.1664162390780654,10.445204398210628,25.45267934602452,0.0692089502610819,0.2659406482779589,67.7264,26.467535913299216,2,L,HL,col-0
379,-49.7242,0.121101388852876,5.061513773582853,17.12279700854609,0.1033708336225885,0.1924792685915408,103.7242,27.21218972385075,2,L,HL,col-0
380,-43.72239999999999,0.1212520685045693,6.278564468531569,20.66711822528369,0.0708897083307013,0.1637378432397573,91.7224,28.86838327165391,2,L,HL,col-0
381,-43.72239999999999,0.2244990328099672,11.226474043988064,19.473565120349843,0.0802291131090192,0.3313453544297045,91.7224,30.477166019190754,2,L,HL,col-0
382,-43.72239999999999,0.1423503944381341,7.301191699355455,22.67884972801695,0.0771739930245751,0.2072861288251933,91.7224,32.23498319445855,2,L,HL,col-0
383,-43.72239999999999,0.1307331782476286,5.001978602421429,19.209963891584938,0.1304394872701132,0.2400249736451339,91.7224,33.3835337343497,2,L,HL,col-0
384,-49.7242,0.2075605690812081,8.340901697639103,16.977368514766297,0.1167654427555588,0.3582884855826479,103.7242,35.636011888324546,2,L,HL,col-0
385,-49.7242,0.128328595699296,7.371400545438768,24.293979461122472,0.0660415543747261,0.179090609679516,103.7242,37.32073709802546,2,L,HL,col-0
386,-55.723,0.15686212668548,5.183826675356506,15.24489957922147,0.1634531246804844,0.3117089107605142,115.723,39.81900727508315,2,L,HL,col-0
387,-55.723,0.1516379772100268,5.046856552424751,16.54654320012076,0.1759893574568918,0.3267479598838506,115.723,41.29296141351311,2,L,HL,col-0
388,-55.723,0.1135178030442493,3.8092856188239295,17.189650792293875,0.1719277698568241,0.2409323324518328,115.723,43.03538547801379,2,L,HL,col-0
389,-61.724,0.1037511761268748,3.767836756688098,15.546010137529631,0.1089754097033494,0.1510518703236113,127.724,44.45855244362252,2,L,HL,col-0
390,,,,,,,139.7251,45.462246449586914,2,L,HL,col-0
391,,,,,,,139.7251,47.16570793564993,2,L,HL,col-0
392,,,,,,,139.7251,48.5592755972078,2,L,HL,col-0
393,,,,,,,151.7211,49.78922078442756,2,L,HL,col-0
394,,,,,,,139.7251,51.36115694781273,2,L,HL,col-0
395,,,,,,,151.7211,54.03589466652328,2,L,HL,col-0
396,,,,,,,151.7211,54.56313784931468,2,L,HL,col-0
397,,,,,,,151.7211,56.6132607707624,2,L,HL,col-0
398,,,,,,,151.7211,58.40016976140991,2,L,HL,col-0
399,,,,,,,168.0987,59.77496066482031,2,L,HL,col-0
400,0.0,0.08072322686203,8.171278968479744,28.528249428303635,0.0364263231813705,0.1094991863590951,0.0,2.109802969041496,0,R,HL,col-0
401,0.0,0.0917141169198026,8.831203610261907,19.59134058217465,0.0437299463394768,0.1420706476961118,0.0,3.4007312883088447,0,R,HL,col-0
402,0.0,0.0615990499828757,5.602823804225557,20.20971844443369,0.0434868633213867,0.0896335436735381,0.0,4.110941288308846,0,R,HL,col-0
403,0.0,0.0715412798947316,6.331960499835978,15.742788104399176,0.0525513238111299,0.1224129533230914,0.0,5.064483495710261,0,R,HL,col-0
404,0.0,0.0760661443180499,6.173726003789506,11.554086827738548,0.0692389645668377,0.1572546273702857,0.0,6.13344085058479,0,R,HL,col-0
405,0.0,0.053993053884631,4.870745702587272,20.75935100009432,0.0447091374299898,0.0801119430382815,0.0,7.604460299378042,0,R,HL,col-0
406,0.0,0.0666643876950856,7.362691719868907,36.964805117715606,0.0303401196058824,0.0821787296163829,0.0,8.479998539271602,0,R,HL,col-0
407,-1.7268,0.0425731031386835,2.9883976737010784,23.451748933079024,0.0512587993022896,0.0563523895822492,7.7268,8.829561919613871,0,R,HL,col-0
408,-1.7268,0.0559519672019682,5.163792608222671,27.78544700481233,0.0435679859281405,0.0827640612299634,7.7268,9.836463329882028,0,R,HL,col-0
409,0.0,0.0369509935866226,3.0989047642256997,23.90066190409898,0.0635512174132386,0.0724498719567537,0.0,10.407040795700649,0,R,HL,col-0
410,-7.724399999999999,0.0577662991212643,4.474667684807168,16.82220088694854,0.0763052347298662,0.1256089653591643,19.7244,11.581759107680163,1,R,HL,col-0
411,-7.724399999999999,0.0608796778346297,4.727504060261641,22.71941013005415,0.0564463934475093,0.0981688327591478,19.7244,12.270836573498784,1,R,HL,col-0
412,-7.724399999999999,0.0543576936105083,4.497384449883394,26.975303220271737,0.045666353716538,0.0755547665946247,19.7244,13.663086215129916,1,R,HL,col-0
413,-13.726400000000002,0.0389622227670531,3.012689282104952,26.022979783464997,0.0595450631118895,0.0659941774842186,31.7264,15.421570611997348,1,R,HL,col-0
414,-19.7266,0.0438388041341791,2.8799580138414704,17.578392534727197,0.0858230502295737,0.090927577373791,43.7266,16.215998005784847,1,R,HL,col-0
415,-25.7256,0.0481238787605884,2.6264478071054174,16.005775176278913,0.0948309816616327,0.091627226148233,55.7256,18.014298449533257,1,R,HL,col-0
416,-25.7256,0.0520592630020123,2.8297463659120536,16.894480308523136,0.0906848860833602,0.094403466245076,55.7256,19.282346293665206,1,R,HL,col-0
417,-31.7264,0.0628867490026011,3.118940952038613,18.452210566143908,0.0754838407918905,0.0866097252309014,67.7264,20.49185143243985,1,R,HL,col-0
418,-31.7264,0.0511720862312939,3.187895743553548,22.43732008765872,0.060117511715028,0.070503491471306,67.7264,21.24524149208502,1,R,HL,col-0
419,-25.7256,0.0279810201374964,2.168987692782209,44.544502917718965,0.0940064283664148,0.0750101715114482,55.7256,21.745001261574323,1,R,HL,col-0
420,-61.724,0.0356869967076723,1.5375418330826678,17.131267670111725,0.0745977749504498,0.0421947417079351,127.724,31.099339908025,2,R,HL,col-0
421,,,,,,,139.7251,33.022767817239625,2,R,HL,col-0
422,,,,,,,151.7211,36.61950583953616,2,R,HL,col-0
423,0.0,0.1841416454368573,31.476764029587613,63.98744705829202,0.0217383776067154,0.2517228990566243,0.0,3.8331908152366383,0,L,HL,col-0
424,-1.7276999999999996,0.0553686632462445,5.2366366277774405,29.547265527673016,0.0418517541128822,0.0806253517312788,7.7277,4.554571808465658,1,L,HL,col-0
425,-1.7276999999999996,0.1584370347946488,23.608891459119747,59.17892671830694,0.0241940418743707,0.2101307166127141,7.7277,5.4620928009744,1,L,HL,col-0
426,-1.7276999999999996,0.0494199631659848,26.43463028469127,156.76140125579013,0.008899847438126,0.0865488538215281,7.7277,6.041647133789123,1,L,HL,col-0
427,-13.726400000000002,0.0138145346567542,0.9619365628753602,5.217600982588768,0.2173481817444506,0.0769144540884444,31.7264,7.106950182673325,1,L,HL,col-0
428,-7.724599999999999,0.1231696809648304,16.43068183644746,54.45625691798705,0.0277937656908901,0.1679996961031317,19.7246,8.360092618535568,1,L,HL,col-0
429,-13.726400000000002,0.1235298453475065,14.061862926352152,44.5758067814143,0.0286801831636884,0.1483646030106756,31.7264,9.152180327992312,1,L,HL,col-0
430,-13.726400000000002,0.1260584387290734,9.51471308621378,22.89995893123431,0.048531040664909,0.16987161627893,31.7264,10.580710199748182,1,L,HL,col-0
431,-19.7266,0.2520571925971848,27.228628494913018,41.49244859689885,0.0297351140413687,0.2978522554246258,43.7266,11.960114379382931,1,L,HL,col-0
432,-19.7266,0.1830304502094942,18.328045460259958,37.523247790504335,0.0321539171013024,0.2167981436612764,43.7266,14.385848014381327,1,L,HL,col-0
433,-25.7268,0.1932547317450454,14.1688267492223,28.35371838518652,0.0500172979183924,0.2607111673448829,55.7268,17.34792966971643,1,L,HL,col-0
434,-25.7268,0.1886109937262295,13.927465067767471,29.505880621210675,0.0530807799171513,0.2719661737521405,55.7268,19.54005097890452,1,L,HL,col-0
435,-31.727599999999995,0.2010382881202557,14.321854941120494,28.013715782170284,0.050428917620125,0.2656956447384158,67.7276,20.85052558043743,1,L,HL,col-0
436,-37.7238,0.1352212912807585,7.498637158326432,19.631038114844333,0.0651543107677257,0.1797343199049301,79.7238,22.078557722581948,2,L,HL,col-0
437,-37.7238,0.1983335227217766,12.251061949212025,24.78077229966304,0.0627590604597654,0.2828496771443261,79.7238,24.380516084698,2,L,HL,col-0
438,-37.7238,0.1719121541239779,11.673062230892612,27.96224441502506,0.0567751031925563,0.243808168010216,79.7238,25.82035667802713,2,L,HL,col-0
439,-61.724900000000005,0.0727919714748654,2.1341010592607765,12.604822956670445,0.1397772649314822,0.1097379992125216,127.7249,27.022430224510387,2,L,HL,col-0
440,-50.2594,0.023471845332281,0.7848783180644235,6.421196913903631,0.1228776309654424,0.0354797605274689,104.2594,29.64612976194905,2,L,HL,col-0
441,-55.7231,0.1626287914617755,6.180459529136155,15.752991673216384,0.1058068577719955,0.2405692432324393,115.7231,32.78356901563074,2,L,HL,col-0
442,-61.724900000000005,0.1510550493653945,4.387005014650063,12.03983005551639,0.1384791147971406,0.2234899136208203,127.7249,34.64582509852929,2,L,HL,col-0
443,-61.724900000000005,0.1564979698870155,4.789996875334534,12.01587217934075,0.1190106722773919,0.2097136295331559,127.7249,37.00867018779879,2,L,HL,col-0
444,-61.724900000000005,0.1422624064389376,4.437584599173022,12.843343110152148,0.1258107404324132,0.2053855484403254,127.7249,38.04748263770836,2,L,HL,col-0
445,,,,,,,139.7273,39.2104941617362,2,L,HL,col-0
446,,,,,,,139.7273,40.7842572382105,2,L,HL,col-0
447,,,,,,,139.7273,43.46572634118059,2,L,HL,col-0
448,,,,,,,151.7216,45.103575369185215,2,L,HL,col-0
449,-13.726400000000002,0.0525712261773256,3.8539145033824895,14.762698561679343,0.0829123041188557,0.1175510677396017,31.7264,0.0,0,R,HL,col-0
450,0.0,0.047584642683277,3.32143490107848,30.10008778350073,0.0903055180039847,0.1103431940419657,0.0,0.4133786142824256,0,R,HL,col-0
451,-13.726400000000002,0.0756058109008825,5.798984615660772,21.256866400234205,0.0604686838743962,0.1289994892529819,31.7264,1.66716447144354,1,R,HL,col-0
452,-13.726400000000002,0.0834305766204536,7.286331771575664,31.56247029680317,0.0410033455346906,0.1099091257508337,31.7264,3.625814043599671,1,R,HL,col-0
453,-43.7225,0.0441922448980252,1.9479126409445924,10.500643537089156,0.1111772385691173,0.0796692771613248,91.7225,4.963619090648007,1,R,HL,col-0
454,-31.727599999999995,0.1099772060284088,5.317393420927873,17.12701117240084,0.1040179996502396,0.2034758210894597,67.7276,6.093173015877652,1,R,HL,col-0
455,-31.727599999999995,0.1069077176422135,6.3263032764677325,16.14112965287658,0.0690172710213077,0.160625062207945,67.7276,7.037974043501988,1,R,HL,col-0
456,-25.7268,0.0784442676680786,5.057441773739726,21.68962366547068,0.0621737313208413,0.1156760210509682,55.7268,8.078200687085516,1,R,HL,col-0
457,-25.7268,0.0673952163770402,4.2484339464510485,21.8657517522441,0.069677433656745,0.1088996627758482,55.7268,8.973221006741978,1,R,HL,col-0
458,-31.727599999999995,0.0859030288121393,5.277921640051328,23.723294353646875,0.061972710522803,0.1203286232268123,67.7276,10.840451931826482,1,R,HL,col-0
459,-31.727599999999995,0.1206252136480858,8.908370119826534,30.331891760963973,0.0499582910386807,0.163723622203983,67.7276,12.1367367073656,1,R,HL,col-0
460,-43.7225,0.0627558442316302,2.6434319746446646,7.241641512361614,0.1917508735981296,0.1864708747741165,91.7225,14.637421603994785,2,R,HL,col-0
461,-37.7238,0.0806185815415888,4.5380759388615175,20.71923350152312,0.0691594347050123,0.1154592446207089,79.7238,15.013190981405982,2,R,HL,col-0
462,-50.2594,0.091528830830811,3.834895226571733,14.072616260774742,0.0897162378545083,0.1265697944533098,104.2594,16.454046559588768,2,R,HL,col-0
463,0.0,0.0379102339569912,11.231510898123862,115.26451116504607,0.0091946980672909,0.0379910392169598,0.0,0.7448342718350189,0,L,HL,col-0
464,0.0,0.2144302985044381,33.6984686580221,60.3335070829074,0.0205373696097132,0.2546012333472675,0.0,1.6135484927368493,0,L,HL,col-0
465,0.0,0.1679936999961276,25.783412881460784,60.871779033511366,0.0218475470377768,0.2072280805561158,0.0,2.548554221190126,0,L,HL,col-0
466,0.0,0.1145587928440351,19.557077879827304,67.89192319080755,0.0203286176586708,0.1462572256406664,0.0,3.3152592610999334,0,L,HL,col-0
467,-1.7266000000000004,0.2390402544175795,32.41115429650426,56.29103244119129,0.0278916589720052,0.3325633321249858,7.7266,3.981236368623044,1,L,HL,col-0
468,-1.7266000000000004,0.1838144608619109,26.98012947210428,57.59467910606196,0.0233664290368792,0.2319219714878201,7.7266,5.940763638222457,1,L,HL,col-0
469,-19.7258,0.1607959402692065,14.396114877198295,32.07423726532684,0.0358736441079107,0.1899880638697329,43.7258,7.878881465872588,1,L,HL,col-0
470,-7.7258,0.0648140292225072,5.088239684400286,22.67512648720284,0.0660395334129698,0.1236166798943138,19.7258,8.87963875244328,1,L,HL,col-0
471,-13.7265,0.0923861205848954,6.70433198484634,13.30594305536133,0.0917195489063239,0.2262158025449974,31.7265,9.64649606649446,1,L,HL,col-0
472,-13.7265,0.1525690273609896,12.98668036560615,29.60840213609756,0.0419954172407352,0.200634479771681,31.7265,10.886574645456292,1,L,HL,col-0
473,-19.7258,0.1729995835823007,19.31211340397388,44.62894593469584,0.0320850277282572,0.2279490255831971,43.7258,12.36512987421848,1,L,HL,col-0
474,-7.7258,0.1654135848711876,19.19269688552385,51.46967387523105,0.0316780539704091,0.223666023666864,19.7258,13.605208453180316,1,L,HL,col-0
475,-25.727,0.1550029670727025,11.82823297187247,26.609588073115017,0.0435415017522628,0.1894649117243721,55.727,13.939075762900808,1,L,HL,col-0
476,-25.727,0.1492587981660326,9.717373374148924,19.74195645354232,0.05337632074385,0.1908108396178892,55.727,16.221437579063693,1,L,HL,col-0
477,-25.727,0.1664162759633627,13.702224108157925,33.50207641605116,0.0459279800147554,0.2315122252625026,55.727,16.532340470655264,1,L,HL,col-0
478,-50.2585,0.1868979977540188,6.988685283991192,10.28513793055512,0.109347095416595,0.2811306865183837,104.2585,18.62589604844172,1,L,HL,col-0
479,-19.7258,0.2113203372381377,20.54181339857136,42.82578103400199,0.0430369404238015,0.32522632133855,43.7258,20.564600451698738,1,L,HL,col-0
480,-37.7237,0.150077105172347,8.970917379794617,25.0619803169984,0.0669484188991964,0.2209442480778519,79.7237,21.173769856380225,1,L,HL,col-0
481,-43.7225,0.1218006906409196,6.266876365546788,18.69942070405665,0.070284145837636,0.1620369337024249,91.7225,23.17340457738955,2,L,HL,col-0
482,-37.7237,0.1704680147750195,13.23180284788324,33.52422431001179,0.0544363534349884,0.2649802860278771,79.7237,23.362774020542343,2,L,HL,col-0
483,-31.728700000000003,0.1670471045476743,15.54639355786545,39.759088146843325,0.0436821861294623,0.2498270966338779,67.7287,25.096995891874503,2,L,HL,col-0
484,-37.7237,0.167599490056815,14.015097557888131,34.625102345034946,0.0473978769970673,0.2443771146891178,79.7237,26.698808541901546,2,L,HL,col-0
485,-37.7237,0.1750248826045417,11.02025326914569,27.72219570867305,0.0673648363148267,0.2731054410369131,79.7237,27.356088541901546,2,L,HL,col-0
486,-43.7225,0.150811198312296,7.746062668857643,22.721930673897543,0.0830854329631341,0.2367616793312586,91.7225,28.77701071512318,2,L,HL,col-0
487,-43.7225,0.1335085742803239,7.444067703353395,23.931444818454207,0.0731985462943897,0.2004556439651357,91.7225,30.165951554454644,2,L,HL,col-0
488,-43.7225,0.236059127537125,14.669846372722876,28.64132325646948,0.0691678509628647,0.3732805542579909,91.7225,30.94849459337089,2,L,HL,col-0
489,-50.2585,0.1346119218341982,5.324699036778356,15.778247563240292,0.1140067516225442,0.2233218182880321,104.2585,33.25723640750371,2,L,HL,col-0
490,,,,,,,139.7285,34.1534718903555,2,L,HL,col-0
491,-55.723,0.1175411190545732,4.351571278809541,16.257432581307963,0.114575128706277,0.1834180084361527,115.723,34.26821786065511,2,L,HL,col-0
492,-50.2585,0.1290682919529789,6.248097889892225,22.074001408451828,0.0921068135240243,0.2117118178104407,104.2585,36.18945131598648,2,L,HL,col-0
493,-61.724900000000005,0.122452133185647,3.6995812767896727,12.722477738566852,0.1300038665784121,0.1769352484603869,127.7249,36.938045850043885,2,L,HL,col-0
494,,,,,,,139.7285,39.50885424999253,2,L,HL,col-0
495,-55.723,0.1592666369348502,5.553252536182204,17.369958105207566,0.1533860452527809,0.3133565607131445,115.723,40.638853312191245,2,L,HL,col-0
496,-61.724900000000005,0.1466136367021729,4.114772958127845,13.01721953240142,0.1741519673961278,0.26362086467413,127.7249,42.8827837378818,2,L,HL,col-0
497,-61.724900000000005,0.1010818190612945,3.349764857809589,15.230663102693295,0.1346921704617221,0.1659824579302533,127.7249,44.65853171446434,2,L,HL,col-0
498,,,,,,,151.7219,46.09405679318164,2,L,HL,col-0
499,,,,,,,151.7219,46.97160421184344,2,L,HL,col-0
500,,,,,,,139.7285,47.9314217010048,2,L,HL,col-0
501,,,,,,,151.7219,49.71031855254297,2,L,HL,col-0
502,,,,,,,139.7285,50.84933966490218,2,L,HL,col-0
503,,,,,,,151.7219,52.083279203291326,2,L,HL,col-0
504,-13.7265,0.052567932028954,4.425574747453866,29.106150823163603,0.046707525384825,0.0760434928766461,31.7265,5.063218265377247,1,R,HL,col-0
505,-7.7258,0.0251875767826591,1.8699534720812545,17.391062953778945,0.0897149780893382,0.0617164979066773,19.7258,6.967149021999903,1,R,HL,col-0
506,-19.7258,0.0231769158668277,1.5316229985331815,6.249940440060382,0.230318277408404,0.1297734351780705,43.7258,9.578701733769408,1,R,HL,col-0
507,-55.723,0.065216975036933,2.500038828030015,16.76946795401241,0.1108795435604983,0.1019773451131201,115.723,10.809731638848891,1,R,HL,col-0
508,-19.7258,0.0224478528742939,1.3858378939784513,7.220205479613037,0.1663332920258296,0.0848002501823925,43.7258,12.252362873522348,1,R,HL,col-0
509,-19.7258,0.0911801851600159,7.744696661545759,35.831266889426736,0.0479597177272846,0.1366427358202732,43.7258,14.209419707704798,1,R,HL,col-0
510,-43.7225,0.0408420253906194,3.201445490010315,30.45008228093735,0.0426873080650755,0.0502748053770011,91.7225,16.10580936474756,1,R,HL,col-0
511,-31.728700000000003,0.085732421467708,5.1971664746625486,20.19314175690935,0.0614912212468586,0.1175669535823651,67.7287,16.878256944032668,1,R,HL,col-0
512,-37.7237,0.1339718331177241,6.565017075455894,21.25826769692864,0.1035052146909015,0.2499790473270035,79.7237,20.842313719989846,2,R,HL,col-0
513,-50.2585,0.0613639962732976,2.8152356331193205,21.326617837874903,0.1011372099502364,0.1047445023195339,104.2585,23.53137044880421,2,R,HL,col-0
514,-61.724900000000005,0.0357977314667567,0.9014273071253645,13.656205640924131,0.2940355043374282,0.0975070465833155,127.7249,25.75306294916825,2,R,HL,col-0
515,,,,,,,139.7285,27.70895995793361,2,R,HL,col-0
516,-61.724900000000005,0.0446013475684283,1.0997682501071804,13.371177289586186,0.3398011245838967,0.1374774625116523,127.7249,31.03485702025924,2,R,HL,col-0
517,-1.7239000000000004,0.1029351755415636,8.740753633104175,23.35848485897239,0.0520429664322305,0.1673464256566474,7.7239,4.377103127118134,0,L,HL,col-0
518,-25.7322,0.0368646121004548,2.8762774409645564,25.388254613252123,0.0392153720579705,0.0414947003686199,55.7322,5.094957338942123,0,L,HL,col-0
519,0.0,0.1254225582248107,12.738196192511644,36.44018928386658,0.0414268814617111,0.1941313583376113,0.0,5.17911737042976,0,L,HL,col-0
520,0.0,0.1342569730670888,16.994770972579186,52.02550259986182,0.0312589429066853,0.1954317502998567,0.0,7.114798094645403,0,L,HL,col-0
521,-1.7239000000000004,0.1264228970690594,6.915330421383347,21.0383015472078,0.0784538984704966,0.1995873367835081,7.7239,8.558717013681305,0,L,HL,col-0
522,-1.7239000000000004,0.1113682193974201,11.408467958632045,39.42739477988376,0.0375390581911121,0.1575492055631709,7.7239,10.728638676823063,0,L,HL,col-0
523,0.0,0.1265067625690705,15.002630570367389,49.45141181634055,0.0353447787824065,0.195073466302206,0.0,13.408252066325364,0,L,HL,col-0
524,-13.7229,0.1519634409191214,9.994491284445756,25.77215981231204,0.0509755518929283,0.1874252712797253,31.7229,15.445196006813203,0,L,HL,col-0
525,-13.7229,0.1411788704239891,11.806259848854916,31.68287334789086,0.0490032515937138,0.2128348560833989,31.7229,16.737057380955182,0,L,HL,col-0
526,0.0,0.0722457958264555,6.894250097781608,43.472279347853664,0.047220482711241,0.1197630849534897,0.0,18.02482287111152,0,L,HL,col-0
527,-19.724,0.1245952737836586,9.203760808375096,26.19616815029828,0.0509758838109696,0.1725979391392431,43.724,18.866308977473352,1,L,HL,col-0
528,-19.724,0.1019084711504734,7.5984702527693795,26.27652334065964,0.0536709722908116,0.1500275954168179,43.724,20.78204135979204,1,L,HL,col-0
529,-19.724,0.1123884221112866,10.02108394970486,36.3032320304074,0.0412680120677768,0.1521366213903806,43.724,22.16641352073721,1,L,HL,col-0
530,-25.7322,0.2039907523947368,14.613652191170688,29.204501267371334,0.0621076053076894,0.3338943493241819,55.7322,24.42755471694765,1,L,HL,col-0
531,-31.727999999999994,0.1027627183927082,6.404316882258373,26.36477493270697,0.0627004193654185,0.147723223568126,67.728,26.365598042765345,2,L,HL,col-0
532,-37.721500000000006,0.1146469526621247,6.149160875652987,20.63855416573024,0.0808005406128479,0.18278293216925,79.7215,27.670994338645432,2,L,HL,col-0
533,-50.2607,0.1483316082086235,6.70067306339501,17.734056132602003,0.0841338614015118,0.207393322101595,104.2607,32.141087674878705,2,L,HL,col-0
534,-43.7233,0.1359088094802867,7.095601366473596,23.87880081452264,0.0867794158634444,0.2265225538190416,91.7233,36.58111198684599,2,L,HL,col-0
535,-55.720200000000006,0.0663124755426232,2.2818702830618185,15.53833293343858,0.1433249217463125,0.1203145591200418,115.7202,38.64990070828451,2,L,HL,col-0
536,-55.720200000000006,0.0697571235172901,2.4058750447677943,14.81609930147421,0.1321950065367746,0.1170020944627498,115.7202,40.39256156324167,2,L,HL,col-0
537,-61.724900000000005,0.066161589626094,1.865533570667172,12.56678197722226,0.1605971457481382,0.1102164476140132,127.7249,41.397814805423074,2,L,HL,col-0
538,,,,,,,139.7333,42.63980561154846,2,L,HL,col-0
539,,,,,,,139.7333,43.47902846759274,2,L,HL,col-0
540,-55.720200000000006,0.1142566145553855,4.0079869189106665,17.0854812283714,0.148690228108845,0.2192371971849323,115.7202,46.05373585757886,2,L,HL,col-0
541,-61.724900000000005,0.113599716801297,3.068485516151305,12.205889667604032,0.1838954168460617,0.2075871667061945,127.7249,47.8515256044533,2,L,HL,col-0
542,,,,,,,139.7333,51.305527615165616,2,L,HL,col-0
543,,,,,,,139.7333,52.49032554488269,2,L,HL,col-0
544,,,,,,,139.7333,54.0072374574208,2,L,HL,col-0
545,,,,,,,139.7333,55.139918288720736,2,L,HL,col-0
546,,,,,,,151.7252,56.94585828872075,2,L,HL,col-0
547,,,,,,,151.7252,58.42076492155008,2,L,HL,col-0
548,,,,,,,151.7252,60.99190770933672,2,L,HL,col-0
549,-13.7229,0.0762841832311519,5.7695244077731225,23.988698366269,0.0529902991931985,0.1124713491329458,31.7229,2.695587631939282,1,R,HL,col-0
550,-7.728200000000001,0.030553783988895,2.269513172718164,15.508216005772937,0.0650443927622485,0.0543060342897043,19.7282,5.88396576166173,1,R,HL,col-0
551,-7.728200000000001,0.0785930316508634,6.76466650753595,32.94544113744538,0.0524501429204135,0.130526467643839,19.7282,7.94397994717114,1,R,HL,col-0
552,-1.7239000000000004,0.0666707224314503,5.4831366357604105,32.98373919759362,0.058059089764194,0.1171129199305358,7.7239,9.645503643647318,1,R,HL,col-0
553,-19.724,0.0673877002558045,4.4398576638008285,16.42676994665156,0.0732063715816695,0.1195703353872542,43.724,10.574741708825378,1,R,HL,col-0
554,-13.7229,0.1087099967623209,8.624548544390844,24.959738423800463,0.0488221909409365,0.1549027593111361,31.7229,13.07273320152506,1,R,HL,col-0
555,-13.7229,0.099095912762414,7.86853733331951,34.5758016537875,0.0528125042079704,0.1528749361732233,31.7229,15.810837375703962,1,R,HL,col-0
556,-37.721500000000006,0.0777486417079481,3.614162613783436,10.894937320215904,0.1275982002221757,0.1696515203099695,79.7215,17.470196222608394,1,R,HL,col-0
557,-19.724,0.0568921450928895,3.62483678709208,15.776994429399007,0.1060783745808783,0.1414558234801129,43.724,17.71602716289053,1,R,HL,col-0
558,-25.7322,0.0384818153097808,2.278911189719224,12.074043033810042,0.1896430064851173,0.1589899785247527,55.7322,20.72745618134672,1,R,HL,col-0
559,-25.7322,0.0709000543912888,4.678467194598042,22.00030762494577,0.0599061326478903,0.1031051576087952,55.7322,22.63934636993708,1,R,HL,col-0
560,-43.7233,0.0178337486033985,0.7629207490407381,7.482077552240438,0.1691873242522985,0.0474845980999451,91.7233,24.418846231403727,2,R,HL,col-0
561,-55.720200000000006,0.0433587958430349,1.6090846551882612,16.060704003199604,0.1177295159686959,0.0696898885261499,115.7202,29.090474258534712,2,R,HL,col-0
562,-61.724900000000005,0.0345358401097538,1.889750110917953,21.368232310013106,0.0777974341767169,0.054084792947288,127.7249,32.34068024120019,2,R,HL,col-0
563,-61.724900000000005,0.0306359886399942,1.1159149936057542,15.351807775239092,0.1055431230866621,0.0433277934213135,127.7249,35.01282785040207,2,R,HL,col-0
564,-61.724900000000005,0.0516593369380732,1.2824341257015766,14.016583340090223,0.3393237377623492,0.1600865430549324,127.7249,38.22285415290189,2,R,HL,col-0
565,0.0,0.2081774056945515,35.84583654271908,67.45460931246068,0.0201958009712444,0.2663209432095221,0.0,1.2613330501649094,0,L,HL,col-0
566,0.0,0.2423044547285811,39.93066184450559,63.06932128704064,0.0213829209816618,0.3141080435543171,0.0,1.973931004484172,0,L,HL,col-0
567,0.0,0.1340625704447838,16.142292412555662,48.043171853407806,0.0292275639973262,0.1735654778735657,0.0,3.1811471954263904,0,L,HL,col-0
568,0.0,0.1892921574599726,43.29816181608374,84.37436718773087,0.0205209303253135,0.326867712000891,0.0,4.138760827219134,0,L,HL,col-0
569,-1.7237999999999998,0.2153770446924447,61.73588778751052,93.08558891896834,0.0190502677650578,0.4326575635949947,7.7238,5.080809186758697,1,L,HL,col-0
570,-13.721,0.1624586331506485,46.40815127354684,91.34177433993858,0.0171066894325482,0.2920557473708789,31.721,7.730251606125481,1,L,HL,col-0
571,-13.721,0.0488619742481049,3.942111319033697,29.419599191636703,0.0399925918650059,0.0579981249250772,31.721,8.795165159518433,1,L,HL,col-0
572,-25.7324,0.2056105812901426,19.24570636694742,34.738544504391456,0.0330173803634042,0.2337663449121155,55.7324,10.952096869407017,1,L,HL,col-0
573,-19.7241,0.22139747801423,38.16805412498873,63.85161161574397,0.0246554427580795,0.3461930487904601,43.7241,11.922147912465254,1,L,HL,col-0
574,-25.7324,0.1894504591915954,17.38210974633448,36.53455923327645,0.0390544237310831,0.2497343256561321,55.7324,15.376986097952363,1,L,HL,col-0
575,-31.728399999999997,0.2264448103795052,15.98833436858566,26.46245169245973,0.0486788829599922,0.2863184564989743,67.7284,17.68895369063332,1,L,HL,col-0
576,-31.728399999999997,0.2084686247736709,16.804954444793164,33.36203371074383,0.0449608554146959,0.2779568767051708,67.7284,18.51800775035068,2,L,HL,col-0
577,-43.7234,0.1244664267717433,7.346622016780437,24.946256730352815,0.0631927571176274,0.1707892448387512,91.7234,19.991196759959585,2,L,HL,col-0
578,-43.7234,0.2240264881255671,12.02729014660724,20.64543472445405,0.0670752579434505,0.2967807018750985,91.7234,20.9255540434438,2,L,HL,col-0
579,-43.7234,0.2336997301435641,12.78475228806525,24.3892451235931,0.0786364326619494,0.3698466074689778,91.7234,23.26756259138416,2,L,HL,col-0
580,-61.7233,0.0949812806448468,5.638807672614858,22.628676264597804,0.056920283568546,0.1180755168038186,127.7233,24.75132884528974,2,L,HL,col-0
581,-50.2589,0.1434047680750148,6.610239431830104,18.974361830599744,0.0837482631135102,0.2036566133004808,104.2589,26.250957364203604,2,L,HL,col-0
582,-55.7192,0.1154153258179115,4.499779572656956,15.31292598316228,0.0965267988111046,0.1597881841966337,115.7192,27.92810463306047,2,L,HL,col-0
583,-55.7192,0.1667662643619119,6.383197381201356,16.54886431591042,0.1090520296809593,0.2560811108643586,115.7192,29.907332437468348,2,L,HL,col-0
584,-55.7192,0.142529852170914,5.418310270827985,16.977699482517412,0.1143049281214061,0.2278422934525387,115.7192,31.564003526327625,2,L,HL,col-0
585,,,,,,,139.7336,33.51544383706205,2,L,HL,col-0
586,,,,,,,139.7336,34.04457095078405,2,L,HL,col-0
587,,,,,,,139.7336,35.06404215255974,2,L,HL,col-0
588,,,,,,,151.7248,36.75301301516472,2,L,HL,col-0
589,,,,,,,139.7336,37.73312256006263,2,L,HL,col-0
590,,,,,,,139.7336,38.93051953347453,2,L,HL,col-0
591,,,,,,,151.7248,40.3059311033434,2,L,HL,col-0
592,,,,,,,151.7248,41.76400746787921,2,L,HL,col-0
593,,,,,,,151.7248,42.63379684796811,2,L,HL,col-0
594,,,,,,,151.7248,43.33951108200693,2,L,HL,col-0
595,,,,,,,168.0996,45.6187195700572,2,L,HL,col-0
596,,,,,,,151.7248,46.01948284039268,2,L,HL,col-0
597,-1.7237999999999998,0.0744491991595712,7.508681676338249,38.63000217567553,0.0320197620558294,0.0884478563304863,7.7238,2.1839675830604754,1,R,HL,col-0
598,-1.7237999999999998,0.068735629107283,6.664662086789837,31.995346100680507,0.0362407278170726,0.0888547324826266,7.7238,3.355689896956638,1,R,HL,col-0
599,-13.721,0.0643212826572366,6.161866650153926,39.44239453844186,0.0350742172131494,0.0795070794585258,31.721,5.659148781815958,1,R,HL,col-0
600,-37.7205,0.0778909596989978,5.9174621258440006,30.01442613066633,0.0398223479769354,0.0866897734622613,79.7205,6.810233136258849,1,R,HL,col-0
601,-7.727699999999999,0.072312280948802,6.030047283767665,30.856000127522208,0.0538837390150503,0.1195319376692972,19.7277,7.416172019831277,1,R,HL,col-0
602,-13.721,0.075039144568805,6.254059744270446,30.20102679139152,0.041866999017146,0.0963250794767575,31.721,8.056735982464986,1,R,HL,col-0
603,-13.721,0.0773035693346123,6.060153819397946,29.542554537220763,0.0622091428831189,0.1386894364291578,31.721,9.98644027863782,1,R,HL,col-0
604,-19.7241,0.1081851462791776,7.067185163595526,24.6695363948632,0.1060098900151664,0.2756121584104778,43.7241,11.436301216969497,1,R,HL,col-0
605,-19.7241,0.1176017257728093,9.635716233683173,33.217819813307,0.0477609286712403,0.1693020756402367,43.7241,13.335205079885206,1,R,HL,col-0
606,-25.7324,0.100402441213669,7.632347762548425,29.7687223899053,0.0484894658846759,0.1361479382223852,55.7324,15.157248753379438,1,R,HL,col-0
607,-25.7324,0.0680948563020512,4.385369637069612,23.771313389284003,0.0650725339228789,0.104980694600878,55.7324,16.638067245194016,1,R,HL,col-0
608,-43.7234,0.1536321896025274,6.580159154312768,8.939779466972114,0.1010862650879082,0.2447000548764137,91.7234,18.41657905377476,1,R,HL,col-0
609,-37.7205,0.1056186517432067,5.745682173585582,19.85882785988148,0.0773715042996484,0.1635415681861068,79.7205,19.570678110225813,2,R,HL,col-0
610,-37.7205,0.1394462564467163,7.32773083255192,18.04636441620884,0.0748407764815493,0.2017498920142739,79.7205,21.39784654613033,2,R,HL,col-0
611,-43.7234,0.1094909300841038,5.049420871245332,15.818097652536949,0.0899744365762972,0.1671345454950273,91.7234,22.169111120415828,2,R,HL,col-0
612,-50.2589,0.1731424841471724,7.315150601422095,16.469712970236095,0.0976500936272208,0.2627855337321771,104.2589,23.287483649025845,2,R,HL,col-0
613,-55.7192,0.1374320457000413,4.375050269423339,9.343699676464755,0.1422984915297682,0.2290281482912937,115.7192,24.66186043429819,2,R,HL,col-0
614,-61.7233,0.1121221983449326,2.969983764695697,10.127498648573509,0.1707277802697366,0.186536484287612,127.7233,25.543844214028542,2,R,HL,col-0
615,-55.7192,0.1068153450450993,4.345646135148308,18.258219151446024,0.1059058078422997,0.1693088478616459,115.7192,26.566738899139786,2,R,HL,col-0
616,,,,,,,151.7248,28.97690497231423,2,R,HL,col-0
617,,,,,,,139.7336,29.689900870899912,2,R,HL,col-0
618,,,,,,,139.7336,30.83932763337206,2,R,HL,col-0
619,,,,,,,168.0996,34.39784274644949,2,R,HL,col-0
620,0.0,0.6679937954449162,156.51668828832263,86.24897380267022,0.0178828663169951,1.029682420614041,0.0,0.537112860579601,0,L,HL,col-0
621,0.0,0.3664364828585855,58.25065249762091,63.31334956730006,0.022843607474436,0.4895206327961076,0.0,1.796849467185916,0,L,HL,col-0
622,0.0,0.0875941937266417,7.571785271239037,14.05494191343529,0.0563592043693252,0.1569887967739977,0.0,2.5608749111044715,0,L,HL,col-0
623,0.0,0.1489982259751218,17.598211970387748,50.05849495680154,0.0330186690309839,0.2137635364014971,0.0,3.294352792502404,0,L,HL,col-0
624,0.0,0.347368155502975,54.07334952151403,62.04205810441892,0.0231566852703829,0.460643750502848,0.0,3.860302100108629,0,L,HL,col-0
625,0.0,0.2081684458701417,25.790841395825748,46.06035993024495,0.0266474873055598,0.252829236284367,0.0,4.9804292886523545,0,L,HL,col-0
626,-13.7226,0.1406862926326614,24.586549790668784,64.4469310024272,0.0243509239033557,0.220251335505576,31.7226,7.338523091584314,0,L,HL,col-0
627,-1.7300000000000004,0.1683972971758597,19.111581753188783,47.66031383780417,0.0365853665830365,0.2572228593451079,7.73,7.464735327124296,0,L,HL,col-0
628,-25.7373,0.2825287093621961,19.935003249000808,22.142991580790486,0.0488689519267052,0.3583891505416104,55.7373,7.948548896694227,0,L,HL,col-0
629,0.0,0.1417860449343964,14.33800591070421,40.00304398977511,0.0404773454381086,0.2135041378215805,0.0,8.274597171839181,0,L,HL,col-0
630,-7.732900000000001,0.0139124175563652,1.104213229509389,11.310634342546027,0.0984281722639764,0.0399832308896109,19.7329,9.046679041574135,1,L,HL,col-0
631,-7.732900000000001,0.2104881584599568,28.913746331760407,54.3792725021722,0.0258264030184529,0.2747095822513276,19.7329,10.17318862033581,1,L,HL,col-0
632,-13.7226,0.330805266017822,32.6618823204202,42.45840438034888,0.0426012162556612,0.511880665750529,31.7226,11.11649625732387,1,L,HL,col-0
633,-13.7226,0.0776425787474633,5.697792484472908,17.64498616526694,0.0652403221900417,0.1367502859958186,31.7226,11.507779448550467,1,L,HL,col-0
634,-13.7226,0.1572966543160742,14.148251273426656,36.52048641688131,0.0451663012609215,0.2350838579872559,31.7226,12.274008182349975,1,L,HL,col-0
635,-7.732900000000001,0.1588405670163712,14.87835883269952,39.055684926463606,0.0477837312759926,0.2615414975909726,19.7329,13.959711396708895,1,L,HL,col-0
636,-19.7218,0.2788399422531668,58.04253422145054,77.11120436657761,0.0185291193475038,0.3956458938735235,43.7218,15.747578442241087,1,L,HL,col-0
637,-13.7226,0.2649187921268982,24.80861355619654,40.26652706646601,0.0434244913478214,0.3963170461001126,31.7226,17.028379513694063,1,L,HL,col-0
638,-13.7226,0.3185881974269191,31.28369614580297,42.19131233907776,0.0399491325506968,0.4597597316511053,31.7226,19.22013476870118,1,L,HL,col-0
639,-19.7218,0.2271948164269732,17.000724252484193,29.267378629270752,0.0583428994274529,0.3648891497828328,43.7218,20.73861007590509,1,L,HL,col-0
640,-25.7373,0.2706926188945868,21.683747644127116,32.767072016579164,0.0473563168738837,0.3777615748661083,55.7373,23.23045873895229,1,L,HL,col-0
641,-31.7295,0.3359846219990796,26.5952562227294,33.833946269743684,0.044179419213498,0.4322447221818881,67.7295,25.08616873895229,2,L,HL,col-0
642,-37.7179,0.224210250846621,22.581158276033463,39.19257265938516,0.040399397230297,0.3356036057640262,79.7179,27.075831076329195,2,L,HL,col-0
643,-37.7179,0.2615844594554888,18.29664895470314,28.355436054251623,0.054247870742307,0.3651403019070942,79.7179,28.601690464096496,2,L,HL,col-0
644,-37.7179,0.1994827529751917,11.357032523485994,22.703642178705792,0.0696267289996986,0.2909017812188333,79.7179,30.143251462677025,2,L,HL,col-0
645,-43.7197,0.2332330346368065,11.781087961487843,18.783050086666066,0.074316845748668,0.3220906999483971,91.7197,31.092803358922303,2,L,HL,col-0
646,-43.7197,0.1913801440149907,9.304229151476362,19.3346335229094,0.0879292368663376,0.3009672361245284,91.7197,33.11182085525714,2,L,HL,col-0
647,-43.7197,0.2609288968896708,13.897754767448928,24.1297708705046,0.0832847878975449,0.4258099899506122,91.7197,35.39872021482843,2,L,HL,col-0
648,-50.25620000000001,0.168011405879763,7.024416428098968,17.59477006650441,0.1113573481025765,0.287762798254331,104.2562,37.918784588264685,2,L,HL,col-0
649,-50.25620000000001,0.2667564928335574,12.096767348668603,20.03420775189147,0.0946531170770776,0.4212207594224258,104.2562,39.02104123274416,2,L,HL,col-0
650,-50.25620000000001,0.1888068156530492,8.24015710722783,19.300103093564108,0.1028355084694059,0.3117339552940805,104.2562,39.90700360316404,2,L,HL,col-0
651,,,,,,,139.7341,42.58013021290813,2,L,HL,col-0
652,-61.7214,0.1609903747442861,4.396958939265739,9.892601197683982,0.1554444228068215,0.2514392500673535,127.7214,42.8567430470283,2,L,HL,col-0
653,-55.7156,0.1744500708310014,6.191991322519161,16.146059999316233,0.1302568789650052,0.296712966185321,115.7156,43.82488796644895,2,L,HL,col-0
654,-61.7214,0.1252372163129446,3.802885986215209,12.798259488929784,0.13211564868518,0.184830264354678,127.7214,45.72996343812692,2,L,HL,col-0
655,-61.7214,0.2628842736983215,6.832177456950388,11.589420243825932,0.2121190304915115,0.5331437098028307,127.7214,47.66404142293753,2,L,HL,col-0
656,-61.7214,0.1682377690462044,4.734349377072561,12.012907927499748,0.1564712119944604,0.2725211849926927,127.7214,48.69601497444924,2,L,HL,col-0
657,-61.7214,0.1535720587187603,15.368805098663016,29.21215653382784,0.068356636663336,0.3864793617350858,127.7214,49.84423588089538,2,L,HL,col-0
658,,,,,,,139.7341,50.934361200525615,2,L,HL,col-0
659,,,,,,,139.7341,54.24390416205456,2,L,HL,col-0
660,,,,,,,139.7341,55.64033839848858,2,L,HL,col-0
661,,,,,,,151.7245,56.20428995669194,2,L,HL,col-0
662,,,,,,,151.7245,57.154653223204434,2,L,HL,col-0
663,,,,,,,151.7245,58.43991853015797,2,L,HL,col-0
664,,,,,,,151.7245,60.37599739799466,2,L,HL,col-0
665,,,,,,,151.7245,62.83177945876472,2,L,HL,col-0
666,,,,,,,151.7245,64.12513350730167,2,L,HL,col-0
667,0.0,0.0649840204646359,6.221729285480942,23.14841044887403,0.0457559887348606,0.1047284251829033,0.0,2.283096882765914,0,R,HL,col-0
668,-1.7300000000000004,0.044497901778278,3.679255205032349,22.91432964627104,0.0531894423666971,0.0719930989611097,7.73,4.241068232545491,1,R,HL,col-0
669,-7.732900000000001,0.0688145481369,5.709789436242586,24.186108715875463,0.0525731973897042,0.1104307448707033,19.7329,5.347081417047283,1,R,HL,col-0
670,-7.732900000000001,0.0737405246059164,6.337840009332166,28.54959509450624,0.044074804748533,0.102763097635505,19.7329,6.5740227825913005,1,R,HL,col-0
671,-19.7218,0.0727138620284848,5.210169827275913,18.483796228242976,0.0709362709418914,0.135964569476016,43.7218,8.028191602025846,1,R,HL,col-0
672,-19.7218,0.0502894751721163,3.199190093853565,14.82462361173576,0.0771750474542813,0.0908285685183637,43.7218,9.631100117177198,1,R,HL,col-0
673,-25.7373,0.0652690444174299,4.155759658175774,17.993906810163846,0.057484755869545,0.087883760580544,55.7373,11.404216416608335,1,R,HL,col-0
674,-19.7218,0.0538430860352132,3.545900373521602,16.598333606346756,0.0905519342789673,0.1181217246207742,43.7218,12.76772620769896,1,R,HL,col-0
675,-37.7179,0.0130254764880723,0.5971078106161645,6.505387851631004,0.1408486507880506,0.0309393340380639,79.7179,15.82186899006421,1,R,HL,col-0
676,-31.7295,0.1305984015516665,7.843867840963999,20.714091416131083,0.0639117910407661,0.1844237183777464,67.7295,17.822559533368466,2,R,HL,col-0
677,-37.7179,0.1174006982099813,5.95470349714714,16.704417933159444,0.0992002592973454,0.2173093771114491,79.7179,19.67687200477775,2,R,HL,col-0
678,-43.7197,0.0305108728817034,1.3404210974595951,12.091185822140943,0.0878581589647497,0.043324032345487,91.7197,20.381017318882755,2,R,HL,col-0
679,-55.7156,0.0854692613001072,3.0024521356206804,12.55743673079156,0.1102858274102674,0.1218151534435864,115.7156,22.024066985647497,2,R,HL,col-0
680,-55.7156,0.0562532206189927,1.7333500552031864,8.393931732292037,0.177843152231642,0.1134041490881672,115.7156,23.565708047740493,2,R,HL,col-0
681,-55.7156,0.1479945446569538,6.017279305669333,17.80746215215863,0.1021506038997176,0.2261239833457015,115.7156,24.2829776118298,2,R,HL,col-0
682,-61.7214,0.0537653722488006,1.735651102026745,13.378803521442675,0.1218982124897369,0.0778332712332627,127.7214,25.69316348138473,2,R,HL,col-0
683,,,,,,,151.7245,27.715792340370385,2,R,HL,col-0
684,0.0,0.189049741884623,26.934019799838183,57.267916372033206,0.0244050743829734,0.2418169999025299,0.0,1.154674726243284,0,L,HL,col-0
685,0.0,0.4736967737592122,173.31898396821788,108.93495113686149,0.0161845815716412,1.03193686709732,0.0,1.9871402450340157,0,L,HL,col-0
686,-13.7216,0.2405262417859711,23.135142425491075,40.51881762496278,0.0416818020667395,0.3547514526526501,31.7216,3.898516221565715,1,L,HL,col-0
687,-7.732900000000001,0.2978334405281742,39.77472588450866,56.18199206008038,0.0303667946418682,0.4443361686143402,19.7329,7.609162203510705,1,L,HL,col-0
688,-7.732900000000001,0.2201422832646446,23.98941119040984,46.28742923503648,0.0364014653125884,0.3212506187455023,19.7329,8.872696809553668,1,L,HL,col-0
689,-19.7238,0.1641957900302168,19.765637461979093,50.09694713677048,0.0252779095434705,0.1838050751772768,43.7238,10.395288402929369,1,L,HL,col-0
690,,,,,,,151.7245,10.73066643217398,1,L,HL,col-0
691,-19.7238,0.2331314261192039,25.59939333933902,46.2135158596358,0.0363352148149327,0.3421865409165965,43.7238,11.89965748914763,1,L,HL,col-0
692,-13.7216,0.3924121947733154,49.91203029172276,53.97034020810519,0.0337574262867367,0.6198406897158808,31.7216,12.91531241026996,1,L,HL,col-0
693,-19.7238,0.2512166369840765,21.56349377697904,36.9968892591889,0.0473732214426118,0.3758006822833021,43.7238,14.608070612140503,1,L,HL,col-0
694,,,,,,,139.7341,16.2434335707167,1,L,HL,col-0
695,-31.7299,0.2704869633977706,26.264221554927904,40.35099302462213,0.0372210349749126,0.3596321392616608,67.7299,16.390975456295003,1,L,HL,col-0
696,-43.7205,0.1372899577051342,6.651529947558845,20.015814205845626,0.090869727967015,0.2223546913241754,91.7205,17.38688318394852,1,L,HL,col-0
697,-25.7375,0.2779447602346402,23.29399968249525,36.13603491589357,0.0478754718680417,0.410263282790538,55.7375,18.645207138407,2,L,HL,col-0
698,-37.717,0.2833170375375759,18.81598566091928,26.465266989260915,0.0571113826920381,0.3953258071175948,79.717,19.553306004807467,2,L,HL,col-0
699,-43.7205,0.2826673309274072,16.11056104317377,22.816252244085327,0.065668480770002,0.3892002871009666,91.7205,22.51392343695404,2,L,HL,col-0
700,-43.7205,0.2101246182080637,10.843728238983209,22.33130025844235,0.080452223577954,0.3209387781530374,91.7205,24.00835372264822,2,L,HL,col-0
701,-43.7205,0.2104401264777702,10.865786029450186,20.149100123700435,0.0732750515399165,0.2929023116712723,91.7205,24.4896109332955,2,L,HL,col-0
702,-43.7205,0.1534758979047143,6.358003839899889,19.57148298579753,0.1369705641496977,0.3203712594108425,91.7205,26.73002433341224,2,L,HL,col-0
703,-50.2543,0.171745882958227,7.857652747587199,20.18265634080048,0.0932285395974919,0.2694928401655287,104.2543,28.23734433341224,2,L,HL,col-0
704,-55.715500000000006,0.215758071445443,8.797617013338028,17.093666104346447,0.0990968943586054,0.3207233755715641,115.7155,28.31476433341224,2,L,HL,col-0
705,-50.2543,0.1582090442064533,6.515794848164704,19.43332294302818,0.1246464682289226,0.298780945752173,104.2543,30.31631449970756,2,L,HL,col-0
706,-61.7203,0.1738745562750635,4.629098184648515,9.742689311697491,0.1376459202575945,0.2344041272386797,127.7203,32.6084421728775,2,L,HL,col-0
707,-55.715500000000006,0.171386616269456,6.099741321844522,15.904528918086845,0.1254259180357069,0.2814519256476031,115.7155,34.199009582855226,2,L,HL,col-0
708,-61.7203,0.1564384482879127,4.146111966068512,9.906210629776,0.1689242498429436,0.2576549812827944,127.7203,35.72969788239405,2,L,HL,col-0
709,,,,,,,139.7341,37.34692848687803,2,L,HL,col-0
710,,,,,,,139.7341,38.887163945861296,2,L,HL,col-0
711,,,,,,,151.7245,40.86458929109161,2,L,HL,col-0
712,,,,,,,139.7341,43.170198741544354,2,L,HL,col-0
713,,,,,,,139.7341,44.99041898004885,2,L,HL,col-0
714,,,,,,,151.7245,46.15183747400354,2,L,HL,col-0
715,,,,,,,151.7245,46.89633650858988,2,L,HL,col-0
716,,,,,,,151.7245,47.43237581349205,2,L,HL,col-0
717,0.0,0.0961099460440363,10.616899260775078,27.77275493710761,0.0271103380893126,0.1058859038847165,0.0,0.5804465527936236,0,R,HL,col-0
718,0.0,0.0873328951120214,20.04967032586745,82.89480227726726,0.0142397575323314,0.1050304795678159,0.0,1.51345088574016,0,R,HL,col-0
719,0.0,0.0843085336391411,8.641627147830258,28.04348196592605,0.0354586968210924,0.1127259263067438,0.0,2.143675241602653,0,R,HL,col-0
720,0.0,0.0811279052393271,8.571489294339962,32.64463518362352,0.0332942322372516,0.104985859890271,0.0,2.9888289554181915,0,R,HL,col-0
721,-13.7216,0.050484183530877,3.90806678219772,22.415799388413056,0.0481981847989178,0.069294406121847,31.7216,5.356571446633987,1,R,HL,col-0
722,-7.732900000000001,0.0587367341305695,4.601033499648684,21.828877070246044,0.0674733828179423,0.1142071772800544,19.7329,7.513542309783095,1,R,HL,col-0
723,-43.7205,0.0543535555724086,2.427322086996055,12.972804307529335,0.10351741233278,0.0924371044655352,91.7205,9.641370260231335,1,R,HL,col-0
724,-19.7238,0.0812929201232336,6.275326004272065,26.91928829957501,0.0487011977318509,0.1124298037702475,43.7238,10.336592040190569,1,R,HL,col-0
725,-25.7375,0.0731743856765161,5.079416438434625,24.1288338752884,0.0532310068302701,0.0994681450235701,55.7375,11.87175107568367,1,R,HL,col-0
726,-31.7299,0.0957586813508829,6.080355464613287,20.990650109753,0.05723073028081,0.1280158591223041,67.7299,15.329921933606276,1,R,HL,col-0
727,-37.717,0.106193044155513,6.60954031662371,23.9162652035868,0.0600079246880085,0.1459101088746021,79.717,19.983844655955767,2,R,HL,col-0
728,-43.7205,0.0959403692845847,5.100966057363413,18.728340198012344,0.0652078186068255,0.1223651153113459,91.7205,21.19870078782566,2,R,HL,col-0
729,-61.7203,0.049948887664952,1.623026523235702,13.748705867208685,0.1194902610097541,0.0713450168620401,127.7203,25.07006798046902,2,R,HL,col-0
730,0.0,0.0988746728431877,21.54614065544522,78.7672879966163,0.0150515300904734,0.1193041799469514,0.0,2.761985904785304,0,L,HH,col-0
731,0.0,0.0727440606829298,6.638637578603619,12.856984259056066,0.0619546030759763,0.1513066643206767,0.0,4.088258780535758,0,L,HH,col-0
732,0.0,0.1247430313570159,13.940470018657738,37.674755644995365,0.029647657988271,0.152045414490081,0.0,5.142290382904566,0,L,HH,col-0
733,0.0,0.1153374119337487,11.923886179339766,33.547925290264835,0.0336149891812623,0.1474539176625148,0.0,5.527209320084852,0,L,HH,col-0
734,0.0,0.0279640635406071,2.4916125251625365,9.701024566866195,0.0893089067234368,0.0818617070058674,0.0,6.05209877987615,0,L,HH,col-0
735,0.0,0.087964335849069,8.991516562473358,37.02260243862824,0.0385504919840455,0.1275170894853605,0.0,7.28541680812957,0,L,HH,col-0
736,0.0,0.0672374712153276,4.025510129406807,17.850849144643664,0.0972710480742195,0.1440489301812977,0.0,8.36827824384331,0,L,HH,col-0
737,-7.724499999999999,0.0398728656346008,4.3111696352484286,35.573728463602606,0.0228559754637371,0.0362493639811827,19.7245,10.433787199119951,1,L,HH,col-0
738,-7.724499999999999,0.0983045520789948,5.312703606937037,21.40223271909489,0.0688264759567887,0.1345168345828516,19.7245,11.03767231443577,1,L,HH,col-0
739,-13.726400000000002,0.1191349265360399,8.667029352909568,27.018545649709488,0.0603172505056076,0.1923168433625047,31.7264,15.53158784116083,1,L,HH,col-0
740,-25.7267,0.0659911756922323,3.9513439240000654,8.658653670381037,0.1486389908361135,0.2160643415119043,55.7267,15.343743847911112,1,L,HH,col-0
741,-7.724499999999999,0.0767761349311009,5.95419005783116,25.992951908606027,0.1713661799927777,0.37536461248388,19.7245,17.04442881376593,1,L,HH,col-0
742,-19.7267,0.127822707695549,8.680348557437608,22.869450024046785,0.0701081245256436,0.2238778007561535,43.7267,19.74792414115981,1,L,HH,col-0
743,-25.7267,0.1067774368598943,6.677980045811378,22.35164045743816,0.0757269445874401,0.1860377461934713,55.7267,21.758834275534053,1,L,HH,col-0
744,-43.7225,0.064918667054115,3.516316791490636,22.7891320642758,0.07411316798335,0.0958713604755815,91.7225,24.7952717498922,2,L,HH,col-0
745,-43.7225,0.1056342198359455,5.642982428144211,21.41041045959105,0.0727339931849844,0.1509912037723839,91.7225,28.059341010515887,2,L,HH,col-0
746,-50.2595,0.0898107067336577,4.141785281738498,20.26858475228032,0.0925502597907577,0.1410167627981882,104.2595,31.23530731003952,2,L,HH,col-0
747,-55.7231,0.0628232023000711,2.5794116131177187,18.29787703882035,0.1020991844683467,0.0968831926661535,115.7231,33.654107264120064,2,L,HH,col-0
748,-50.2595,0.119706829342719,5.149328448718255,19.7113944647958,0.1093076400145729,0.2070649682076462,104.2595,34.70941469169862,2,L,HH,col-0
749,,,,,,,139.7272,37.97615193476989,2,L,HH,col-0
750,-61.72410000000001,0.0963703406731086,2.5633111393361543,11.980333883695154,0.1883138102293922,0.1775779400053876,127.7241,40.372350581434645,2,L,HH,col-0
751,,,,,,,139.7272,41.7735221963195,2,L,HH,col-0
752,-61.72410000000001,0.0733157720556973,1.9608311930130309,14.62017668172668,0.2373551537970257,0.171216017601622,127.7241,43.49972619988355,2,L,HH,col-0
753,,,,,,,139.7272,45.720668122115896,2,L,HH,col-0
754,,,,,,,139.7272,49.56637582972329,2,L,HH,col-0
755,,,,,,,151.7216,50.85958635539998,2,L,HH,col-0
756,,,,,,,151.7216,56.17611966224271,2,L,HH,col-0
757,0.0,0.2654182041856208,33.548101571581114,49.11435104418334,0.0282656453086537,0.3488448952839286,0.0,1.4797287652774465,0,R,HH,col-0
758,0.0,0.036532315055151,3.314558101255069,20.76803778677532,0.0685908789224849,0.083636821989723,0.0,2.723200362872447,0,R,HH,col-0
759,-1.7268,0.0756108595023268,7.196967316520071,34.29370098391062,0.0481086726213845,0.1273733065027862,7.7268,5.659871395391886,1,R,HH,col-0
760,-13.726400000000002,0.1444860136134061,18.609593211667526,53.12775018260292,0.0223725239272375,0.1531642396477367,31.7264,7.223479112477561,1,R,HH,col-0
761,-7.724499999999999,0.1840273425855299,142630682.11011478,1191.065243187934,0.0024824246368621,130255.04402658709,19.7245,7.9148073491005135,1,R,HH,col-0
762,-19.7267,0.0651400261999337,4.089960025576813,7.706056568350524,0.1759460898361371,0.2647306348268846,43.7267,10.14040360288668,1,R,HH,col-0
763,-19.7267,0.1228382705244105,9.346734815871256,29.54251380442441,0.0457554753872243,0.1573289017868125,43.7267,13.124423241216697,1,R,HH,col-0
764,-31.7277,0.096021825683398,5.207854726882302,5.7239010793642295,0.2722602234328944,0.5216132031279528,67.7277,14.628453702997392,1,R,HH,col-0
765,-31.7277,0.1430376377371731,8.38286887043939,17.320360973613536,0.0672163026136402,0.2072873551471811,67.7277,15.59868882494051,1,R,HH,col-0
766,-43.7225,0.1667861768905126,8.326904431857914,19.25591941744421,0.0759594729597751,0.2326864217713961,91.7225,17.3710113569404,2,R,HH,col-0
767,-31.7277,0.1310764783208233,9.462442036515029,28.09571546982799,0.0494392961476502,0.1721000630712523,67.7277,17.99236079370614,2,R,HH,col-0
768,-37.7238,0.1518983814106741,9.13160342099422,23.66492434953297,0.0643017055010806,0.2160105945535062,79.7238,19.291005940695875,2,R,HH,col-0
769,-37.7238,0.1499996434309926,8.482538369609156,21.371613621552857,0.0714998082497564,0.2231188321050847,79.7238,20.197607269726447,2,R,HH,col-0
770,-43.7225,0.0874385554040197,3.859288717822979,19.958290376299843,0.1344003472206395,0.1908152930537533,91.7225,23.60377806034672,2,R,HH,col-0
771,-50.2595,0.1457244043163391,6.012753046429453,16.78289664675962,0.108269748160125,0.2394892432676798,104.2595,26.14892726204209,2,R,HH,col-0
772,-50.2595,0.1166160778755704,4.825278012953168,17.803743906803252,0.1114304291192397,0.1978024478454497,104.2595,27.856326793113546,2,R,HH,col-0
773,-50.2595,0.1388836414717859,5.763822878555271,18.89239688265348,0.1186017381898698,0.2514821696772762,104.2595,29.603016793113543,2,R,HH,col-0
774,-55.7231,0.104829891099215,3.689706591500466,15.971008435004483,0.1334818642404905,0.1811839041771119,115.7231,31.8438533664884,2,R,HH,col-0
775,-61.72410000000001,0.0723051935506377,1.9311426563467649,11.07637609877911,0.1758753497498014,0.1249467169098817,127.7241,32.75504126910811,2,R,HH,col-0
776,-55.7231,0.1052834077520086,3.7473472546446582,16.782062550360777,0.1435305783737726,0.1978672384869751,115.7231,34.22816441470765,2,R,HH,col-0
777,-61.72410000000001,0.123238258508216,3.1833011618135267,12.3102523614902,0.2297877064659282,0.2690977312599417,127.7241,35.325651560618766,2,R,HH,col-0
778,-61.72410000000001,0.0918469964014519,2.4200655754042715,14.584036653070104,0.2521633932656831,0.2244991453904366,127.7241,38.107458181873206,2,R,HH,col-0
779,,,,,,,151.7216,40.12673089117598,2,R,HH,col-0
780,,,,,,,139.7272,42.17060418996606,2,R,HH,col-0
781,,,,,,,139.7272,44.14681504678271,2,R,HH,col-0
782,,,,,,,151.7216,46.12598598657004,2,R,HH,col-0
783,,,,,,,168.0998,47.308092600193646,2,R,HH,col-0
784,,,,,,,168.0998,48.263516522963016,2,R,HH,col-0
785,,,,,,,151.7216,49.28058069881428,2,R,HH,col-0
786,0.0,0.115804956765725,13.689222752966163,40.14394098644343,0.0268808500783584,0.1353715205903939,0.0,2.1345462587509454,0,L,HH,col-0
787,0.0,0.0893279025194634,9.920336678925752,32.3805794703692,0.0283607522502809,0.1035022225601531,0.0,2.4864470375063696,0,L,HH,col-0
788,0.0,0.1641371245482353,18.47341687376994,38.51236270018608,0.0288433819194576,0.1960193430530184,0.0,3.409212147381637,0,L,HH,col-0
789,0.0,0.1101166255693683,12.515359461134752,40.77840376974737,0.0309650913424589,0.1425677223165031,0.0,4.521555174327004,0,L,HH,col-0
790,-7.724599999999999,0.0997445408936377,8.215009629622164,27.375693129501403,0.0795430867655311,0.2403897995077057,19.7246,5.4195331495459,1,L,HH,col-0
791,-1.7276999999999996,0.0723027424862882,6.821858952170015,31.31997346323113,0.0418928506115248,0.1051352052550638,7.7277,6.78525213291875,1,L,HH,col-0
792,-1.7276999999999996,0.0776578123272156,7.104040201417271,30.341482146824184,0.0428613267899451,0.112015091817931,7.7277,7.251235936341467,1,L,HH,col-0
793,-1.7276999999999996,0.0880556123732609,7.39558907378231,33.09273319539049,0.0530660698106941,0.144376069461133,7.7277,9.921768706470536,1,L,HH,col-0
794,-7.724599999999999,0.0632845867014417,5.923477422846,35.46315062072006,0.0414195041593275,0.0902583003662784,19.7246,11.10868131488848,1,L,HH,col-0
795,-13.726299999999998,0.1149200748095079,9.487582750229606,31.235705882442243,0.0469984998560493,0.1640382361580578,31.7263,13.66844651602136,1,L,HH,col-0
796,-25.7267,0.0747969343835974,5.017923656428211,24.391897167629185,0.0597069038958992,0.1102184042782495,55.7267,15.17734175946936,1,L,HH,col-0
797,-13.726299999999998,0.0845175683162297,5.586950247511546,25.934924158629837,0.0628479910209692,0.129172992775829,31.7263,16.603602619688903,1,L,HH,col-0
798,-19.7267,0.1021706580787908,7.433185422087274,27.09206934698677,0.0562862120207312,0.1539155529337404,43.7267,18.33337914051395,1,L,HH,col-0
799,-25.7267,0.0890399805068215,6.134747773406702,29.72055306700541,0.0567042286151972,0.1279728012738938,55.7267,20.87810003335735,1,L,HH,col-0
800,-31.727500000000006,0.0938883795383317,5.804153418765107,24.30943760534456,0.0713917921746702,0.1524378047500983,67.7275,22.871868669970425,1,L,HH,col-0
801,-31.727500000000006,0.1182068629756642,7.557945201102231,27.360046645102504,0.0700910868558437,0.1948821450358839,67.7275,23.826294732435063,2,L,HH,col-0
802,-37.7237,0.105515051684316,5.66370303281904,21.815072230426058,0.0864741423534643,0.1801740559717391,79.7237,25.973124254576764,2,L,HH,col-0
803,-50.2593,0.0779865435345527,3.8098243832001737,21.793090236251743,0.0867108699616259,0.1215301457007401,104.2593,28.212550562672064,2,L,HH,col-0
804,-43.72239999999999,0.150587867902763,7.952461281865348,23.366916745204037,0.0836237148323827,0.2446451090861539,91.7224,29.248780917941424,2,L,HH,col-0
805,-43.72239999999999,0.137710812857447,7.123893881185221,22.156653250116477,0.0817755626434424,0.2143120055643175,91.7224,31.845285372488878,2,L,HH,col-0
806,,,,,,,139.7281,34.741448354899106,2,L,HH,col-0
807,-55.7231,0.0698855734476607,2.855127374955314,18.06409224527616,0.1011170079692383,0.1062075074423787,115.7231,35.210923760005706,2,L,HH,col-0
808,-55.7231,0.1127780758347259,3.9259966366057033,15.20197687288034,0.1287316399817536,0.1859262642680449,115.7231,37.9585888090134,2,L,HH,col-0
809,-55.7231,0.1104428024066671,4.074203356706704,17.387735893782505,0.1311586889778915,0.1965826962092085,115.7231,40.31647325869472,2,L,HH,col-0
810,-61.72580000000001,0.0889982971238153,2.6131191868358923,13.226588569837316,0.1525508931299132,0.1466491302091026,127.7258,41.98183455006474,2,L,HH,col-0
811,-61.72580000000001,0.0704884529761448,2.0145521237684623,13.56395636106818,0.1719399246318041,0.1274267946395938,127.7258,42.24637487062098,2,L,HH,col-0
812,,,,,,,139.7281,44.187692661152965,2,L,HH,col-0
813,-61.72580000000001,0.0787797490650994,2.5040413023053856,14.223381316384994,0.1383443233485136,0.127440759077049,127.7258,45.40631821889403,2,L,HH,col-0
814,,,,,,,139.7281,48.3699437281435,2,L,HH,col-0
815,,,,,,,139.7281,50.016416119623095,2,L,HH,col-0
816,,,,,,,151.7217,52.28474311222146,2,L,HH,col-0
817,-43.72239999999999,0.0598447757762966,2.496579638017149,4.451413725275932,0.261015441348879,0.2397271060186867,91.7224,6.9018632145026695,1,R,HH,col-0
818,-13.726299999999998,0.1512258979419787,13.827503915875946,35.55940948754946,0.0395217072273615,0.2010411708333569,31.7263,9.878104049353508,1,R,HH,col-0
819,-25.7267,0.1066419702689559,4.10701734084338,12.606369484345404,0.108610848853284,0.1640987461175156,55.7267,11.592513322852524,1,R,HH,col-0
820,-19.7267,0.1562020133854999,12.988933806921509,31.793503862790413,0.0432336419878811,0.2065859794718456,43.7267,12.937879469793568,1,R,HH,col-0
821,-25.7267,0.1461293778416888,10.39059662837058,26.963053620457053,0.0535951720260277,0.2048668419588691,55.7267,15.75601886020888,1,R,HH,col-0
822,-31.727500000000006,0.1867192971082112,11.838435898000132,22.52228862343786,0.0586595889006155,0.2554693835394705,67.7275,17.763463018274912,2,R,HH,col-0
823,-31.727500000000006,0.1469907709027559,10.407099705452133,29.616161004750087,0.0538876347986026,0.2063119365948772,67.7275,19.923312918127383,2,R,HH,col-0
824,-43.72239999999999,0.1684136125327437,8.134346134780046,17.528860180903916,0.0804323644898686,0.240690529712394,91.7224,21.049684513289165,2,R,HH,col-0
825,-37.7237,0.1291453199793909,7.818453337955476,26.319843229491177,0.0714826997328135,0.2056019896395026,79.7237,23.067741445318863,2,R,HH,col-0
826,-43.72239999999999,0.1340453780857117,7.240619866881028,22.389423060849516,0.0717042329922425,0.1909967864654472,91.7224,25.207473579737435,2,R,HH,col-0
827,-50.2593,0.0997838302371236,4.442693506282221,19.38309918985185,0.0927883294683327,0.1516509820548756,104.2593,27.59714122295057,2,R,HH,col-0
828,-50.2593,0.1220865549517744,5.531630345477516,19.952983523689014,0.0982259373196153,0.1998871382288472,104.2593,29.28320485140887,2,R,HH,col-0
829,-61.72580000000001,0.1495832058241791,4.159342637468253,12.7700871727194,0.1791715196344457,0.2741569079531366,127.7258,32.05236757218008,2,R,HH,col-0
830,-61.72580000000001,0.1464185446728684,4.359844611180089,11.350124870678298,0.1239264047351777,0.1987652134561321,127.7258,32.08675299714474,2,R,HH,col-0
831,,,,,,,139.7281,34.25148403737157,2,R,HH,col-0
832,-61.72580000000001,0.120328673780324,3.3859181968597567,11.266652004297995,0.1534433745748975,0.1911305548679022,127.7258,35.270597651930494,2,R,HH,col-0
833,-61.72580000000001,0.1059394134299943,2.949129708586183,11.684375763487829,0.1765031539411116,0.1914925411696454,127.7258,37.53169622924863,2,R,HH,col-0
834,,,,,,,139.7281,38.74971477465144,2,R,HH,col-0
835,,,,,,,139.7281,41.24812633871503,2,R,HH,col-0
836,,,,,,,151.7217,42.75593450775585,2,R,HH,col-0
837,,,,,,,151.7217,43.3825227973448,2,R,HH,col-0
838,,,,,,,151.7217,45.897955452259126,2,R,HH,col-0
839,,,,,,,151.7217,47.334098978283166,2,R,HH,col-0
840,,,,,,,163.7232,50.23123536118361,2,R,HH,col-0
841,0.0,0.2481012728460497,30.786256408653635,46.40783838859183,0.0273051356711038,0.3092478856470207,0.0,0.6445160665181251,0,L,HH,col-0
842,0.0,0.183998447426005,22.44298085718294,44.45638335168095,0.0265006762396618,0.2187978315281202,0.0,2.055972885408836,0,L,HH,col-0
843,0.0,0.1742476811607324,21.56404968926049,45.514449192024585,0.0256717615386607,0.203653328229158,0.0,2.886382020968437,0,L,HH,col-0
844,0.0,0.1767839245852291,21.28270288372856,44.52680585005317,0.0281068209857922,0.2200614791976402,0.0,3.669968143117752,0,L,HH,col-0
845,0.0,0.07001983829099,7.805632297644107,40.12526881969105,0.0327858045059271,0.0941454752323398,0.0,4.793791119783887,0,L,HH,col-0
846,-7.724799999999998,0.0345490917504693,2.5092920471248537,9.861286088361297,0.1197165200737497,0.1105123495972519,19.7248,5.722011367490323,1,L,HH,col-0
847,-7.724799999999998,0.0332201939183548,2.471590671810409,11.568697213575373,0.0859731297622958,0.0781708442892744,19.7248,6.151734334644743,1,L,HH,col-0
848,-7.724799999999998,0.074402918975273,9.02549149252932,49.25400225091604,0.0315203422381957,0.1046567643332698,19.7248,7.408745410635842,1,L,HH,col-0
849,-7.724799999999998,0.0296211312333908,2.2063501134022534,11.486794711643892,0.0808356139055616,0.0656119111860383,19.7248,8.725534785751686,1,L,HH,col-0
850,-19.725700000000003,0.1046098272562466,8.090277981617895,31.055737111216715,0.0444396133023815,0.1322632632303924,43.7257,10.368834739856498,1,L,HH,col-0
851,-13.7253,0.1066495851557731,8.716871322542515,30.081002964635797,0.0479387652958681,0.1537280071811159,31.7253,11.22403509829448,1,L,HH,col-0
852,-25.725900000000003,0.1034628480693827,4.517631378553038,15.107486604309068,0.131033844120265,0.2177708726345392,55.7259,12.757896469306893,1,L,HH,col-0
853,-19.725700000000003,0.0768272741252361,3.8796454572382326,14.094185418699576,0.1096537747444539,0.1565024511448499,43.7257,15.18524998109003,1,L,HH,col-0
854,-31.727599999999995,0.1266747859926429,8.131485027023297,25.83989710037261,0.0665563093078297,0.1990969541584834,67.7276,16.47816209352213,1,L,HH,col-0
855,-25.725900000000003,0.1308608134069484,8.566691936666587,23.966895442388548,0.0677018199814005,0.2133629520163107,55.7259,18.62167761301921,1,L,HH,col-0
856,-37.7237,0.195759840225647,10.735929102002046,23.62112474785864,0.0848677662936083,0.3351875851997168,79.7237,20.009028094522638,2,L,HH,col-0
857,-31.727599999999995,0.1248838513562081,7.753571669474317,25.42459840247097,0.0697746604120243,0.1990238188527162,67.7276,21.98914530721513,2,L,HH,col-0
858,-43.72239999999999,0.1413307457964984,8.377039141961653,23.766567187587185,0.0640301232775843,0.1973242227297018,91.7224,23.34432044374937,2,L,HH,col-0
859,-43.72239999999999,0.1194653099457211,6.230625957526032,20.532393185422738,0.0742086564704132,0.1700950859608981,91.7224,23.97380189581711,2,L,HH,col-0
860,-50.2584,0.1427387134829719,6.578179964129778,18.328705549583148,0.0830662661972344,0.2010184677221193,104.2584,25.43942063626208,2,L,HH,col-0
861,-50.2584,0.1341717093706011,5.889664516885151,19.30739788856542,0.1011509935384346,0.2191624912670358,104.2584,27.078647864314878,2,L,HH,col-0
862,-55.723,0.1055375281488459,4.709565445240296,18.214988393224512,0.0821084092237711,0.1422571135911739,115.723,28.229829944178874,2,L,HH,col-0
863,-50.2584,0.1535898892242934,4.535079707850373,13.92787363946504,0.2395753291066686,0.3996985162311683,104.2584,29.34045743925448,2,L,HH,col-0
864,-50.2584,0.0972737059392949,4.524909717889434,18.54632062574368,0.0828797726511381,0.137963431443824,104.2584,30.588699558239774,2,L,HH,col-0
865,,,,,,,151.7217,31.967904912340583,2,L,HH,col-0
866,-50.2584,0.1413173591776177,5.999811846821531,21.402997497141484,0.1266888972328123,0.2796286751874723,104.2584,32.463920490523364,2,L,HH,col-0
867,-61.724900000000005,0.1066624525261223,3.0450957684240207,12.934032618426372,0.1608270387024206,0.180162972754937,127.7249,33.947860467525665,2,L,HH,col-0
868,-55.723,0.1553920737651204,5.369329570420423,16.230892655392047,0.1493470604548404,0.2950001650160473,115.723,36.10132144583199,2,L,HH,col-0
869,-61.724900000000005,0.1008860931875513,2.677083158650968,13.636000411214448,0.2243352257891808,0.2209351688867483,127.7249,37.15051683767182,2,L,HH,col-0
870,-61.724900000000005,0.109145367544032,3.068967992861471,13.23519788818793,0.1722859324750852,0.1945125802816642,127.7249,38.24538033091677,2,L,HH,col-0
871,-61.724900000000005,0.1129899016646801,2.967526665876077,13.903101325507915,0.2391245388948198,0.2610503584309967,127.7249,40.06371398085477,2,L,HH,col-0
872,-61.724900000000005,0.098763561603566,2.6424817386466244,14.41705203032865,0.2329333034221448,0.2264378896152138,127.7249,42.69828029058219,2,L,HH,col-0
873,,,,,,,139.7282,45.72795426090492,2,L,HH,col-0
874,,,,,,,151.7217,48.34587898058561,2,L,HH,col-0
875,,,,,,,151.7217,49.58262084562548,2,L,HH,col-0
876,0.0,0.1995248849572902,22.374041307757583,41.36120465905201,0.0302891424039646,0.2493084110071949,0.0,3.0271234832986504,0,R,HH,col-0
877,0.0,0.1533957455584745,15.533386884207053,33.31407451396249,0.0372897024382394,0.2130887859771673,0.0,4.72233652438569,0,R,HH,col-0
878,0.0,0.1353130914619481,13.210794397136317,30.6350757174434,0.0393130385180786,0.1910605675804607,0.0,5.19507758665783,0,R,HH,col-0
879,0.0,0.1921601386510738,21.41798748941291,46.47486505788248,0.0363866205395257,0.2866988166342436,0.0,6.801333242581287,0,R,HH,col-0
880,-1.7266000000000004,0.1369006205636332,14.484211281397844,40.45967381822173,0.0366115079282913,0.1950823533498575,7.7266,7.917876340367464,1,R,HH,col-0
881,-13.7253,0.2038589873091451,17.98748005852979,34.890469383069394,0.0452569821972359,0.2994755938325563,31.7253,11.1422609650203,1,R,HH,col-0
882,-19.725700000000003,0.0852013198381867,6.143738518356092,24.59806454362323,0.0656263514187931,0.1483257323834503,43.7257,12.900167876625003,1,R,HH,col-0
883,-19.725700000000003,0.1740499263051068,14.658930316142756,35.071471105593886,0.048130964295621,0.2595567701154188,43.7257,14.045730135551306,1,R,HH,col-0
884,-13.7253,0.1856901897408588,16.476848500003303,37.86438058861695,0.0500987474724914,0.3036732481164806,31.7253,14.10900908623793,1,R,HH,col-0
885,-19.725700000000003,0.1187821329817465,9.15038290323593,31.685010465667048,0.055421912002165,0.1865633323005153,43.7257,15.311309149283757,1,R,HH,col-0
886,-31.727599999999995,0.1367952102324726,8.478869469054242,21.35524616703376,0.066336376619133,0.2069165428378335,67.7276,15.374588099970378,1,R,HH,col-0
887,-43.72239999999999,0.1329332331568946,6.774868053247241,20.015420878514337,0.0766826249075115,0.1911187649072968,91.7224,19.11937981448556,2,R,HH,col-0
888,-55.723,0.1859876042064165,7.398330744303685,14.856906785152336,0.0854745800269908,0.2326356327918408,115.723,20.630443114086265,2,R,HH,col-0
889,-61.724900000000005,0.0713269952092026,2.4993697597556963,13.54106867961462,0.0909892781142286,0.0836616158780058,127.7249,22.21073248479424,2,R,HH,col-0
890,-55.723,0.0861678405813886,3.020393821247568,15.117439790245134,0.1242382622730473,0.1380462010242587,115.723,23.34518880012949,2,R,HH,col-0
891,-49.723,0.1041675799603737,2.8981961527963644,11.475650216822864,0.1596514886597212,0.1702183067912848,115.723,24.54405642293028,2,R,HH,col-0
892,,,,,,,139.7282,25.615659329643123,2,R,HH,col-0
893,-61.724900000000005,0.1021077134752704,2.843848365977925,13.239523064628308,0.1796047112377494,0.1879012541039418,127.7249,26.01381932964312,2,R,HH,col-0
894,,,,,,,151.7217,28.542213959715923,2,R,HH,col-0
895,,,,,,,139.7282,30.926180404341338,2,R,HH,col-0
896,,,,,,,139.7282,32.62157046883977,2,R,HH,col-0
897,,,,,,,139.7282,34.278649504049724,2,R,HH,col-0
898,,,,,,,151.7217,34.90432950404972,2,R,HH,col-0
899,0.0,0.1875320506565541,21.51271938877338,40.57411252877929,0.029240284136359,0.2314101580225355,0.0,1.45535665782866,0,L,HH,col-0
900,0.0,0.1087588300270827,10.167908301825106,26.579317051380187,0.0356388443887757,0.1333093934316259,0.0,3.106654590502973,0,L,HH,col-0
901,0.0,0.2778044804831429,42.5391751490172,59.96921645587239,0.0213456299655853,0.334043910482561,0.0,4.1887326784420935,0,L,HH,col-0
902,0.0,0.1179869396909095,12.957413287973884,38.02154184268922,0.0270952833725155,0.1291568744406006,0.0,4.942862060577545,0,L,HH,col-0
903,0.0,0.1120984002982889,12.643292527825508,42.59070471345541,0.0301923794690102,0.1404310184989931,0.0,6.64936526657565,0,L,HH,col-0
904,-1.7259000000000002,0.1032988382868436,11.552384473242702,44.338959167506445,0.0323240374181021,0.1373734334946004,7.7259,7.940061787715699,1,L,HH,col-0
905,-19.7261,0.1051658413254515,16.53758401034529,59.14090331877816,0.0251587043684896,0.1530614606364047,43.7261,8.645037200850796,1,L,HH,col-0
906,-1.7259000000000002,0.1193021186573228,38.03225476230551,100.81305153815524,0.0156092906440821,0.2183940282495069,7.7259,10.117529669785103,1,L,HH,col-0
907,-7.7301,0.0701388448557811,6.0743697745222,22.412025851559317,0.0392692390061477,0.0877524456772956,19.7301,11.333760583766905,1,L,HH,col-0
908,-19.7261,0.0948002543947758,6.812385008295064,18.20277827635556,0.0567646361538286,0.142259920324333,43.7261,14.569731533750558,1,L,HH,col-0
909,,,,,,,163.7222,16.018144774576538,1,L,HH,col-0
910,-19.7261,0.1487226878925862,12.103636150202345,30.875932349881065,0.0440471425724048,0.1961277824730559,43.7261,17.04138434493644,1,L,HH,col-0
911,-25.7331,0.1454080123283904,10.283074854936618,26.161644674430388,0.0554904950444474,0.2099167600303662,55.7331,21.065906068263917,1,L,HH,col-0
912,-37.7225,0.12242477645287,8.123924574284448,26.34860969214504,0.0534925614258055,0.1598691974315529,79.7225,21.911996068263917,1,L,HH,col-0
913,-31.730099999999997,0.1650950898586042,10.314881548162194,24.44375352702847,0.0682823258722126,0.2591063574905901,67.7301,23.27450166799781,2,L,HH,col-0
914,-37.7225,0.1599693238453025,14.87042805768924,37.14101853086018,0.0410313133436245,0.224462815739294,79.7225,25.982726717233064,2,L,HH,col-0
915,-43.72539999999999,0.1970753149483503,11.525146941290982,24.45753110430302,0.0665792869731231,0.2822871630078976,91.7254,26.303170086839923,2,L,HH,col-0
916,-55.7223,0.2585540634181756,7.927478087746135,14.038069140545034,0.2162431049389151,0.6306419217028827,115.7223,27.831617489693063,2,L,HH,col-0
917,-50.2628,0.1417281904830315,6.082012227168767,16.866265572204235,0.0942144134823265,0.2107997812352947,104.2628,30.66875395251184,2,L,HH,col-0
918,,,,,,,139.7324,31.070332990467016,2,L,HH,col-0
919,-50.2628,0.1684400842046139,8.53297737545926,20.89973549950949,0.0743628923269641,0.2334330720076246,104.2628,32.44481659585539,2,L,HH,col-0
920,-50.2628,0.1765591924154494,7.726463054385084,18.404352665382135,0.0943727161725508,0.2682456606284044,104.2628,34.15909152527623,2,L,HH,col-0
921,,,,,,,139.7324,35.49171477032871,2,L,HH,col-0
922,-55.7223,0.1821715477871163,6.992558866151216,16.785611434157513,0.1057159316690401,0.271945634020163,115.7223,37.66511011073938,2,L,HH,col-0
923,-61.7261,0.1400443380719473,4.329454665189647,11.953385293974462,0.117194920312401,0.1866583844143511,127.7261,39.61718055285623,2,L,HH,col-0
924,-61.7261,0.2084403345356421,5.813266075082515,11.098142955507305,0.1520399323469403,0.3251497219739536,127.7261,41.30442516699407,2,L,HH,col-0
925,,,,,,,139.7324,44.014118294312055,2,L,HH,col-0
926,,,,,,,139.7324,44.14022169632802,2,L,HH,col-0
927,,,,,,,139.7324,45.736723210463495,2,L,HH,col-0
928,,,,,,,139.7324,48.00158156187906,2,L,HH,col-0
929,,,,,,,151.7271,49.23541087522649,2,L,HH,col-0
930,,,,,,,151.7271,50.73627142545538,2,L,HH,col-0
931,,,,,,,151.7271,52.33252888717707,2,L,HH,col-0
932,,,,,,,151.7271,52.8426297522028,2,L,HH,col-0
933,,,,,,,151.7271,55.65072306647812,2,L,HH,col-0
934,,,,,,,168.1019,56.75391563265994,2,L,HH,col-0
935,,,,,,,168.1019,57.98543483387512,2,L,HH,col-0
936,-13.724900000000002,0.2404833814198925,24.52402109549682,44.52764004559975,0.0404475848930889,0.3649133856522619,31.7249,5.264016741562399,1,R,HH,col-0
937,-7.7301,0.1230773982198535,13.15719208363742,41.340642880386376,0.0329275203322704,0.1593777750760863,19.7301,5.963056031043315,1,R,HH,col-0
938,-13.724900000000002,0.1101194778260434,9.70679449537104,35.58503431584549,0.045748877789371,0.163366046318681,31.7249,6.985453955212362,1,R,HH,col-0
939,-13.724900000000002,0.1439009497520317,15.144757109424066,44.18075755251398,0.0357861380180444,0.1993804919318633,31.7249,7.774347179926582,1,R,HH,col-0
940,-50.2628,0.1347982871086994,6.18821760934992,20.36520956671331,0.0952106574086693,0.2167487788078655,104.2628,8.957687016997912,1,R,HH,col-0
941,-25.7331,0.1063666687250033,7.196972116898509,26.476407069675005,0.0612566571871662,0.1621842331191851,55.7331,10.687812391681572,1,R,HH,col-0
942,-13.724900000000002,0.2124540990608044,21.396778834078585,42.29648603211097,0.0377333974255707,0.2970159866870817,31.7249,11.63325781589678,1,R,HH,col-0
943,-19.7261,0.1775307703733445,15.264405753785285,35.57069315297623,0.0474431797235181,0.2664153282296241,43.7261,14.034215531902742,1,R,HH,col-0
944,-25.7331,0.3032839399534126,25.129562297929866,34.37620581985196,0.0416777416079533,0.3852961062421597,55.7331,17.51531091871039,1,R,HH,col-0
945,-37.7225,0.2602021685597933,16.798829847611948,26.271663423715584,0.0567853592745165,0.3509303480974539,79.7225,21.08331002678768,2,R,HH,col-0
946,-37.7225,0.1683486374233729,9.980841353006154,22.537269407015632,0.0610698830897111,0.2242331196800786,79.7225,22.221449832247583,2,R,HH,col-0
947,-43.72539999999999,0.1774224039966101,8.719994934214718,18.32448568239708,0.0747507403885607,0.2397934131379451,91.7254,23.21869769201896,2,R,HH,col-0
948,-43.72539999999999,0.1451251934583665,11.097561654256108,30.395818148399968,0.0452297855987348,0.1846535296802861,91.7254,24.483686780035136,2,R,HH,col-0
949,-55.7223,0.1513501304615477,6.936244272235812,17.847652338058772,0.0692901456915846,0.1768077802470141,115.7223,25.89749811370028,2,R,HH,col-0
950,-43.72539999999999,0.2167304854277635,15.18155367353744,28.491524745956124,0.0549991296036726,0.3071691203370667,91.7254,26.88450609961669,2,R,HH,col-0
951,-50.2628,0.1590895235160667,7.262173096448411,19.909676814305403,0.0933135920597822,0.2492969826361484,104.2628,28.20349974123333,2,R,HH,col-0
952,-50.2628,0.1386974000624264,6.346236676312884,20.88832114122553,0.0969572794988665,0.2263613127782408,104.2628,29.25508137623439,2,R,HH,col-0
953,-50.2628,0.1436152772170243,6.31689164424658,19.43402524036757,0.0870095484679608,0.2021975366691492,104.2628,31.01188645938205,2,R,HH,col-0
954,-50.2628,0.1237412337616383,5.161558842179396,20.36307410523081,0.1257521331761743,0.2387820968829991,104.2628,32.61599447914568,2,R,HH,col-0
955,-55.7223,0.1742929910550536,6.23220350185335,15.362666924103822,0.121468822037654,0.2784915125957384,115.7223,34.84027997702505,2,R,HH,col-0
956,-55.7223,0.1392469855535754,6.227461217727337,19.544502460953467,0.0907564166045165,0.2079188621089101,115.7223,35.84463296794127,2,R,HH,col-0
957,-55.7223,0.0718172453340306,3.155802950155051,20.620196976731204,0.1017656656992729,0.1181453610423886,115.7223,37.47141266632319,2,R,HH,col-0
958,,,,,,,139.7324,37.21216751571495,2,R,HH,col-0
959,-61.7261,0.1558049953904583,4.239463355247183,11.770625028880623,0.1756042296090936,0.2738743601417491,127.7261,39.13799902037274,2,R,HH,col-0
960,-61.7261,0.133046219312438,3.643388145996938,12.749418793773229,0.1829057369835471,0.2451536065848109,127.7261,40.50843624140984,2,R,HH,col-0
961,-61.7261,0.1187978891658135,4.693175489717203,16.950642174191753,0.1024337989873696,0.176854287032727,127.7261,41.65287353254201,2,R,HH,col-0
962,,,,,,,139.7324,44.37324081110303,2,R,HH,col-0
963,,,,,,,139.7324,46.374047370242806,2,R,HH,col-0
964,,,,,,,139.7324,47.70030680956692,2,R,HH,col-0
965,,,,,,,151.7271,49.41890713683448,2,R,HH,col-0
966,,,,,,,151.7271,50.26809404129723,2,R,HH,col-0
967,,,,,,,168.1019,52.04951426182146,2,R,HH,col-0
968,0.0,0.3038834911002486,48.18603028680764,63.07361347482442,0.0231933503915464,0.4111404022640095,0.0,1.0329754398795954,0,L,HH,col-0
969,0.0,0.127289468111597,12.783932486717802,27.477764156771887,0.041087708269776,0.1932332707578513,0.0,4.035617047029674,0,L,HH,col-0
970,0.0,0.1826025994407095,23.758129815153435,49.56083004067481,0.0251321251358693,0.2196579785279838,0.0,6.181763018882363,0,L,HH,col-0
971,0.0,0.043950424234373,4.716625143999881,35.063999444029406,0.028719427543191,0.0498324981071912,0.0,7.285672758361888,0,L,HH,col-0
972,-7.7273,0.0731161669404398,7.006678406927087,41.33101998370943,0.045220907714993,0.1165619967403826,19.7273,7.809071866384714,0,L,HH,col-0
973,0.0,0.0904257347308492,17.116605317182522,72.63389953498694,0.0163208383424679,0.1027698251994449,0.0,8.16658505495263,0,L,HH,col-0
974,0.0,0.0683331040160245,10.094656733181656,59.83332801808497,0.0213763273926894,0.0793834859160408,0.0,9.194473504026034,0,L,HH,col-0
975,0.0,0.1278468739438791,17.031530382491088,65.36322068221148,0.0409484264895106,0.2565644086531887,0.0,11.074634491652189,0,L,HH,col-0
976,-1.7237999999999998,0.0862569322278769,8.37928445349505,36.38432445986627,0.0433077760821835,0.1334990989681895,7.7238,12.387409132632122,1,L,HH,col-0
977,-7.7273,0.094747310576758,10.262443319317368,46.40048565160264,0.0362634650396376,0.1369069794879568,19.7273,13.740501696901129,1,L,HH,col-0
978,-7.7273,0.1017460833931005,9.137185233790854,35.35883340018942,0.04712018964253,0.1583889854641087,19.7273,15.614797982398487,1,L,HH,col-0
979,-13.721800000000002,0.1368005015875646,12.849738175467047,37.64861355698345,0.0398702156052276,0.1884726690819337,31.7218,17.26888351114168,1,L,HH,col-0
980,-19.723,0.0863823271910043,6.4834215514406885,26.6325361923215,0.0519591391246555,0.1239286518668541,43.723,20.588841342440617,1,L,HH,col-0
981,-19.723,0.1147380749764832,9.458000987947678,33.31008188788963,0.0461846681609385,0.160695124589718,43.723,22.085745425039097,1,L,HH,col-0
982,-37.7207,0.1113722402732678,5.405220855559191,10.26708076813648,0.0757642221111553,0.150654854538239,79.7207,24.564316253260976,1,L,HH,col-0
983,-43.7223,0.128660050911106,7.004936034629662,18.85427828713903,0.0609449625444827,0.1570534592062569,91.7223,24.530135627169575,1,L,HH,col-0
984,-37.7207,0.1875345675175111,12.640707552116853,28.134813066617888,0.0542121619280744,0.252100454605646,79.7207,26.913253647654177,2,L,HH,col-0
985,-31.7272,0.1231489587937235,8.450198576614829,28.713196934143628,0.0583287927268584,0.1813240540829325,67.7272,28.06863651714577,2,L,HH,col-0
986,-31.7272,0.164704928857604,11.704793458995324,31.237419934226523,0.0591457934747618,0.2546789995586769,67.7272,29.524280289939743,2,L,HH,col-0
987,-43.7223,0.2098871514539268,11.468990335763792,21.61079570627505,0.0668441891663443,0.282029387653805,91.7223,30.61170166414436,2,L,HH,col-0
988,-43.7223,0.1297873219671963,4.993157616783907,17.326082306852058,0.1119625452345089,0.2056617638683611,91.7223,32.34278006054752,2,L,HH,col-0
989,-43.7223,0.1192411861520908,6.367802659464155,22.170850717261786,0.0731633890135878,0.1713913613586718,91.7223,32.678169322766145,2,L,HH,col-0
990,-43.7223,0.0899603640992339,5.45486703118686,25.673106569491534,0.0661199364009623,0.1326850871023344,91.7223,33.83154443208661,2,L,HH,col-0
991,-43.7223,0.1241156160900118,6.618931826117198,23.149406758854138,0.0830831027714473,0.202304774798955,91.7223,35.07230447176695,2,L,HH,col-0
992,-50.259600000000006,0.1283687250702337,5.88319545886627,19.5385898257944,0.0877394557251775,0.1898950881698614,104.2596,36.12853749028704,2,L,HH,col-0
993,-55.7191,0.155020450925878,5.610071316153476,14.53238988901298,0.1119969997988554,0.2311427569756392,115.7191,38.47939943597147,2,L,HH,col-0
994,-55.7191,0.0834134650475375,3.3154869031089005,17.442508486320552,0.1052977429462161,0.1284316011717646,115.7191,41.2732447294917,2,L,HH,col-0
995,-61.72410000000001,0.0397422422489667,1.2230079765870074,15.89456082624386,0.1732635490918669,0.0779546478119424,127.7241,42.61299190263776,2,L,HH,col-0
996,-61.72410000000001,0.0667689660353992,1.685845147632708,13.939231047349676,0.2964953287821923,0.1838827770138089,127.7241,43.95964304798511,2,L,HH,col-0
997,-61.72410000000001,0.0851996213686104,2.270485489212959,13.365661899179017,0.2152650920649845,0.1798033826921868,127.7241,44.88789304798512,2,L,HH,col-0
998,-61.72410000000001,0.107579138670006,3.914550277096312,16.170994726816833,0.1163500292771907,0.1675536489920854,127.7241,46.67541984403685,2,L,HH,col-0
999,,,,,,,139.7334,48.765640469080765,2,L,HH,col-0
1000,,,,,,,139.7334,49.9939879974424,2,L,HH,col-0
1001,,,,,,,151.7242,51.14884250625438,2,L,HH,col-0
1002,,,,,,,151.7242,52.99314405647607,2,L,HH,col-0
1003,,,,,,,151.7242,55.71572454520548,2,L,HH,col-0
1004,0.0,0.0896356852514244,8.726662948828029,22.21432048229581,0.0415856089595133,0.1335047709593677,0.0,2.971361858243806,0,R,HH,col-0
1005,0.0,0.0666444400829933,4.599229720816425,20.76693316941212,0.0734963221235656,0.1243529885468215,0.0,6.439200573900909,0,R,HH,col-0
1006,-1.7237999999999998,0.0493001649050643,4.1483020038632015,17.95467530805388,0.0648376411722826,0.0989471047427103,7.7238,7.1665917963752825,1,R,HH,col-0
1007,-7.7273,0.0838374621303285,7.088973715493879,30.973676401057972,0.056169663916357,0.1464841750190802,19.7273,10.418916660491384,1,R,HH,col-0
1008,-37.7207,0.0387945232546388,1.993475433242323,12.74464694435887,0.0966771070747815,0.0708989906391592,79.7207,10.907492542110608,1,R,HH,col-0
1009,-19.723,0.0536244167889986,3.5452580602807133,23.05073582305625,0.0616750294344724,0.0804382727837184,43.723,13.777936571254545,1,R,HH,col-0
1010,-19.723,0.0831152109892431,5.812406231306655,21.46807875854069,0.0590082974870526,0.1261753628419656,43.723,14.939828920183652,1,R,HH,col-0
1011,-25.7313,0.0580583924266226,3.6027317325226744,20.17680570292379,0.0842108682118929,0.1116106372613537,55.7313,15.829051961691462,1,R,HH,col-0
1012,-43.7223,0.0537124601290366,2.281739320176336,13.657599783480828,0.1139479391980494,0.0956484683078802,91.7223,22.3467697026841,2,R,HH,col-0
1013,-37.7207,0.1620792664785167,7.497467688301205,13.499996429799754,0.0789867601879147,0.2178584560704645,79.7207,23.837528462043053,2,R,HH,col-0
1014,-37.7207,0.0720242468001368,3.494303553729066,15.48416487733688,0.1121265744342646,0.1441367423389008,79.7207,23.837528462043053,2,R,HH,col-0
1015,-50.259600000000006,0.0944416854272976,3.82537136006741,15.61736999471066,0.103908525215502,0.1462279195132442,104.2596,29.83206393320742,2,R,HH,col-0
1016,-50.259600000000006,0.0731651844669198,3.0984326368162733,18.40577142389193,0.1049911506271793,0.1196741280739672,104.2596,31.29481629393017,2,R,HH,col-0
1017,-61.72410000000001,0.0473066183515536,2.2173388975507806,18.944122407101894,0.081527391272463,0.0665029850811136,127.7241,35.126809815334056,2,R,HH,col-0
1018,-55.7191,0.0698309511603095,2.58187661117445,17.914795558083245,0.1360344496885196,0.1292081491652689,115.7191,36.139501185921226,2,R,HH,col-0
1019,,,,,,,151.7242,38.994173858332026,2,R,HH,col-0
1020,,,,,,,151.7242,40.85654241031834,2,R,HH,col-0
1021,,,,,,,151.7242,43.36961205815714,2,R,HH,col-0
1022,0.0,0.1103350840014638,13.460916356564264,46.32330383385788,0.0278004219119086,0.1376675332614565,0.0,1.5235812805799989,0,L,HH,col-0
1023,0.0,0.1884426048720597,22.62319283475677,49.91432892234099,0.0300283069606178,0.2499138138507268,0.0,2.5362140457045865,0,L,HH,col-0
1024,0.0,0.138759332325453,14.671806420924147,41.65346385661964,0.0319119772126001,0.1722434911900331,0.0,3.140899702492475,0,L,HH,col-0
1025,-1.7298,0.1319935023620235,12.404416661603587,33.910273862571266,0.0407813963615358,0.1860989641376754,7.7298,3.8326642733539713,1,L,HH,col-0
1026,-1.7298,0.1394791586245739,19.46788454258338,56.29276250373616,0.026315872601249,0.1884699239331168,7.7298,4.856514185781158,1,L,HH,col-0
1027,-1.7298,0.1344440270659777,15.24016678994152,44.28581112779265,0.0319853684486111,0.1793273769081194,7.7298,5.961787320345,1,L,HH,col-0
1028,-7.731899999999999,0.0822983279534156,7.299209516118077,31.321874320195096,0.0382994097152369,0.1028426901612473,19.7319,7.819170332365756,1,L,HH,col-0
1029,-7.731899999999999,0.17167015194227,15.580982949216352,36.25702025773336,0.040189373430512,0.2303624059891813,19.7319,8.392396858269786,1,L,HH,col-0
1030,-19.7217,0.1880557657487478,12.639874309515294,16.47260107608163,0.0665129183807523,0.3092817380044613,43.7217,9.535222145030303,1,L,HH,col-0
1031,-13.721800000000002,0.0850395762720955,6.258656359363998,23.40176185491172,0.0879965688039836,0.2026060282570002,31.7218,11.411700451163396,1,L,HH,col-0
1032,-19.7217,0.1830435380184422,14.694064141711412,30.756976452390543,0.0447867935728024,0.2421014666582288,43.7217,12.816769877784155,1,L,HH,col-0
1033,-19.7217,0.192734355449003,14.133817476449176,26.54102039685047,0.0544127563043803,0.2829213505181652,43.7217,13.799711579936412,1,L,HH,col-0
1034,-25.7371,0.1203134280381128,7.278205313576995,18.777145887894733,0.0798970233611396,0.2139244481120193,55.7371,15.030259765583768,1,L,HH,col-0
1035,-19.7217,0.1459504496938768,10.23983986161908,27.48118505820954,0.0663818094524999,0.2500620397052228,43.7217,15.917838372175131,2,L,HH,col-0
1036,-25.7371,0.148966460064569,9.269147786784703,22.78645141268123,0.0774120226682124,0.2639694939182792,55.7371,17.534178372175134,2,L,HH,col-0
1037,-25.7371,0.1111061929186076,7.23095742793142,26.42933037758532,0.072723260837036,0.1934526426316367,55.7371,18.7332456187047,2,L,HH,col-0
1038,-43.7197,0.1454714631557695,7.090979834976883,19.666638487254392,0.0866542454964018,0.2260484917336375,91.7197,20.587036168810844,2,L,HH,col-0
1039,-55.715500000000006,0.1325078523068532,4.67415123750931,13.733504219060004,0.1151801708304567,0.1980550847918911,115.7155,22.003111168810847,2,L,HH,col-0
1040,-43.7197,0.1030353547756406,4.737589712830802,18.043313621665124,0.1015392574367837,0.1769688986787975,91.7197,22.644591168810848,2,L,HH,col-0
1041,-43.7197,0.1287302516887289,5.870471595979326,17.790483752230195,0.1001605341761671,0.2163092747644304,91.7197,23.503716168810847,2,L,HH,col-0
1042,-50.2561,0.1385065762857787,5.177084505193233,14.786682587583936,0.1429100144237602,0.2721782611222489,104.2561,26.62632409327429,2,L,HH,col-0
1043,-61.7214,0.2782324505527818,7.698952528211038,9.757415058064597,0.1417478324704557,0.4014704515703206,127.7214,28.58468448857132,2,L,HH,col-0
1044,-55.715500000000006,0.1530309209716475,4.824714717804392,14.825603212367689,0.1897922576000965,0.3368648125377058,115.7155,30.579542389121595,2,L,HH,col-0
1045,-61.7214,0.1098725743678955,2.892390482955945,8.26173020442671,0.1353747360083376,0.1440456224824771,127.7214,31.4055741863304,2,L,HH,col-0
1046,-61.7214,0.1168833129602731,2.987930147849109,7.73414338392395,0.1820290982236023,0.2000860340064193,127.7214,32.733145197059535,2,L,HH,col-0
1047,-61.7214,0.1460571777631871,3.9516855315589527,10.811609221684424,0.1659421289421394,0.2412373519005122,127.7214,34.353477843436394,2,L,HH,col-0
1048,-61.7214,0.1070602955804614,2.8601783744454266,12.408179210558163,0.1954582630914607,0.2056613450996638,127.7214,35.40235773922855,2,L,HH,col-0
1049,,,,,,,139.733,38.03059577885777,2,L,HH,col-0
1050,,,,,,,139.733,38.57117059868047,2,L,HH,col-0
1051,,,,,,,139.733,40.57166319233888,2,L,HH,col-0
1052,,,,,,,139.733,43.30130878389627,2,L,HH,col-0
1053,,,,,,,151.7234,44.62208704963339,2,L,HH,col-0
1054,,,,,,,139.733,45.36249871890935,2,L,HH,col-0
1055,,,,,,,139.733,46.65821914014226,2,L,HH,col-0
1056,,,,,,,151.7234,48.7231774058794,2,L,HH,col-0
1057,,,,,,,163.7149,51.97667457753603,2,L,HH,col-0
1058,0.0,0.2257605654447312,23.459356992866557,39.17197807511238,0.0407147741499074,0.3513772603218522,0.0,1.4811935607590851,0,R,HH,col-0
1059,0.0,0.1009153192210597,9.784921966777013,31.732334484756187,0.0352101058232967,0.1267448188469211,0.0,3.4416885810707747,0,R,HH,col-0
1060,0.0,0.1260910548926857,12.682372070560666,30.712588668617894,0.0400322475069668,0.1867738114527802,0.0,5.5076670433853785,0,R,HH,col-0
1061,-1.7298,0.1250495812061471,13.660420167270198,38.83881669777381,0.0318984566948948,0.1603021131133983,7.7298,7.09044127395343,1,R,HH,col-0
1062,-1.7298,0.1181876150420119,11.327005611750316,33.183697418171114,0.0420689078278824,0.1752999817965016,7.7298,7.942968931469849,1,R,HH,col-0
1063,-13.721800000000002,0.0501944928592012,3.713642962259732,21.61578772053076,0.0676584137786143,0.0924330912034397,31.7218,10.794415936346995,1,R,HH,col-0
1064,-19.7217,0.0383176246067076,2.4565851489757957,8.590112978875942,0.1542428787766668,0.1393934806063993,43.7217,11.617316660000272,1,R,HH,col-0
1065,-13.721800000000002,0.0986052136556698,7.79671940572018,30.503135431684584,0.0485894938881365,0.1393669508236805,31.7218,14.326427728849437,1,R,HH,col-0
1066,-13.721800000000002,0.1681833384428228,12.763588630705664,30.441233866483923,0.0528108402851443,0.2479712859735349,31.7218,14.734508420870018,1,R,HH,col-0
1067,-19.7217,0.1361279357523699,9.432134691817316,25.296378719624485,0.0725516247531556,0.2517460439964314,43.7217,15.856730323926628,1,R,HH,col-0
1068,-25.7371,0.0991568920959253,5.613239842810737,19.14032937993866,0.0853753567959815,0.1762997307137413,55.7371,16.52955568149189,1,R,HH,col-0
1069,-37.7178,0.086727838523569,4.562363487387369,19.966942483608136,0.0692625678617798,0.1162502752094732,79.7178,17.654287701805057,2,R,HH,col-0
1070,-31.7286,0.1525551709888985,8.937199325494507,23.982648394545556,0.0645611892130813,0.2122650457533187,67.7286,18.476684212744928,2,R,HH,col-0
1071,-43.7197,0.1151923802743211,4.77453389997642,17.830808335631296,0.103644227028715,0.1820461992956695,91.7197,21.941218147403543,2,R,HH,col-0
1072,-50.2561,0.0943132710372167,3.9232921861490406,15.87127470170944,0.1058677395710527,0.1527987536376346,104.2561,22.83149309891761,2,R,HH,col-0
1073,-61.7214,0.1272728758044365,3.5829848296564064,10.470806184135132,0.1335667265553662,0.1760551646942494,127.7214,26.275604855261182,2,R,HH,col-0
1074,-55.715500000000006,0.0891501941226005,3.0814770010642425,15.148521396400996,0.1363736523955364,0.1545948139035305,115.7155,27.52445768454092,2,R,HH,col-0
1075,-55.715500000000006,0.0876091532307286,2.96660926882343,13.754887138746165,0.1263061567818972,0.1378448001585818,115.7155,29.366538621582823,2,R,HH,col-0
1076,,,,,,,139.733,30.760284314986563,2,R,HH,col-0
1077,-61.7214,0.1077213824257492,2.868069052117176,11.613736028027564,0.1831913840768897,0.1932858961807074,127.7214,31.811372289047885,2,R,HH,col-0
1078,,,,,,,151.7234,33.622481260123,2,R,HH,col-0
1079,,,,,,,139.733,35.88304019397698,2,R,HH,col-0
1080,,,,,,,139.733,37.2610377228949,2,R,HH,col-0
1081,,,,,,,139.733,39.63892681918672,2,R,HH,col-0
1082,,,,,,,168.0972,42.36682737060495,2,R,HH,col-0
1083,-7.734000000000002,0.130135299971919,10.123523239699503,29.92490821626892,0.1047207511572838,0.3900047989580726,19.734,4.242340510707825,0,L,HH,col-0
1084,0.0,0.1080940544108977,13.240080291600142,47.85043166870196,0.0281399273192281,0.1370626449420003,0.0,4.405668592570683,0,L,HH,col-0
1085,-7.734000000000002,0.0602408404244806,5.368851210297588,29.61916697129799,0.0398788743091583,0.0787643651804135,19.734,8.105931965113562,1,L,HH,col-0
1086,-7.734000000000002,0.1600554708898221,16.01364888004504,38.30472886862165,0.0359776762612718,0.2119478080367187,19.734,10.349487548768051,1,L,HH,col-0
1087,-7.734000000000002,0.094125174672783,8.486173150918464,34.67542353860419,0.0416552581466968,0.1300430770563135,19.734,11.655191939355756,1,L,HH,col-0
1088,-31.729699999999998,0.0851275620776943,6.325370032352134,27.86829291416233,0.0446004204349502,0.1037840005756381,67.7297,12.714512053082212,1,L,HH,col-0
1089,-43.7205,0.0222553194627424,0.8827549244040681,5.872488963607481,0.2110151284030093,0.0685266118366798,91.7205,15.866784420140638,1,L,HH,col-0
1090,-19.7218,0.1372700049294384,10.804328806110318,30.322517602743392,0.0448103533358449,0.1781072831704526,43.7218,17.778977838868002,1,L,HH,col-0
1091,-25.7373,0.1409688468911262,9.075390241231508,18.54851700247836,0.0627181915382833,0.2093940582154028,55.7373,18.12083877519114,1,L,HH,col-0
1092,-25.7373,0.1425795679058005,9.270894398393695,23.200368151717992,0.0628482969844083,0.2143486074038308,55.7373,20.171641828709944,1,L,HH,col-0
1093,-43.7205,0.1588769843410722,8.19785493552867,19.756274921522373,0.0758176663212268,0.2286526082558844,91.7205,22.833476313940032,2,L,HH,col-0
1094,-55.715500000000006,0.1078955218505524,3.9519138128126183,12.90056860990219,0.0968935952987573,0.1408666068489682,115.7155,23.768385825390205,2,L,HH,col-0
1095,-43.7205,0.0957805664877725,4.725227028261465,19.792900704649306,0.0886838065003597,0.1541602916435503,91.7205,25.55195940513964,2,L,HH,col-0
1096,-50.25620000000001,0.1548744841208535,6.988539746439439,16.91322932219472,0.0794743301385482,0.2043237419976234,104.2562,27.3272440711238,2,L,HH,col-0
1097,-55.715500000000006,0.1076294729430385,4.141633813055202,15.697853428314076,0.0913733895361741,0.1392185003609477,115.7155,30.63880151121562,2,L,HH,col-0
1098,,,,,,,139.7342,31.60280822512202,2,L,HH,col-0
1099,-50.25620000000001,0.1071756618325278,4.415640118498559,16.544846129929212,0.1037107222589872,0.1684701053182739,104.2562,32.45762039122752,2,L,HH,col-0
1100,-61.7214,0.127497299622557,3.853115435072348,11.636270819663634,0.1220585619433711,0.1730158087667264,127.7214,34.816140307176994,2,L,HH,col-0
1101,-61.7214,0.1305917161954539,3.5708381995930325,10.05725568062351,0.1520485647962932,0.1997367666897459,127.7214,37.692916035675616,2,L,HH,col-0
1102,-61.7214,0.1165802991877036,3.1599003304938167,11.065625639768053,0.1736599697581786,0.2018731796266659,127.7214,39.854007563907416,2,L,HH,col-0
1103,,,,,,,139.7342,42.39992560419911,2,L,HH,col-0
1104,,,,,,,139.7342,43.3511958014042,2,L,HH,col-0
1105,,,,,,,139.7342,45.865625770536695,2,L,HH,col-0
1106,,,,,,,151.7246,47.93576937632079,2,L,HH,col-0
1107,,,,,,,163.7149,53.61439414911223,2,L,HH,col-0
1108,0.0,0.0887465014479111,10.890820834097962,46.83087346478931,0.0273392039450185,0.1095347689098335,0.0,4.913057282849435,0,R,HH,col-0
1109,-19.7218,0.0876184286044781,8.196969305520566,37.018789374481806,0.0398265621379454,0.1200968582327646,43.7218,8.7113920396615,1,R,HH,col-0
1110,-13.7227,0.1316225762550697,13.960092089884398,43.08427992498343,0.0340409097386775,0.1748215471258817,31.7227,12.22888456581498,1,R,HH,col-0
1111,-43.7205,0.1019623844439062,5.145770451077952,20.677987152993463,0.0829570303836646,0.1570395796301329,91.7205,16.28558890642015,1,R,HH,col-0
1112,-25.7373,0.1529233469530136,9.187374858617884,21.635882181020484,0.0748312255143726,0.2529180428359217,55.7373,18.741490098883936,1,R,HH,col-0
1113,-37.7178,0.1676033062712649,10.494514583701612,25.26930963210572,0.0627208450384521,0.2421473800350067,79.7178,22.30965785438012,2,R,HH,col-0
1114,-37.7178,0.1422973810159989,8.90730034019872,25.7880000352401,0.0618204963216015,0.2025741857049506,79.7178,22.38786785438012,2,R,HH,col-0
1115,-37.7178,0.1091052100799815,6.953192820424672,28.41523016308093,0.0618808649390049,0.1582873347828953,79.7178,24.92319546277878,2,R,HH,col-0
1116,-43.7205,0.0931748603032481,5.0054243619894345,24.835296787872384,0.0863242610150103,0.1589568655433395,91.7205,25.980901009100776,2,R,HH,col-0
1117,-43.7205,0.1489948756972516,8.328698358837315,24.17401842702915,0.0734197414919496,0.2249549233888328,91.7205,28.815442552233943,2,R,HH,col-0
1118,-50.25620000000001,0.0973577271612249,4.4492983442111775,19.60053536736695,0.090599614377246,0.1482939370062912,104.2562,31.83968216115752,2,R,HH,col-0
1119,-55.715500000000006,0.1252029925334512,4.425428695216335,15.101307778283424,0.125097960960258,0.2036625122349486,115.7155,33.735710374723524,2,R,HH,col-0
1120,-61.7214,0.1285416819370632,3.831491861106483,11.181330659254913,0.1192885872821848,0.1681404946718414,127.7214,36.66825457684569,2,R,HH,col-0
1121,-61.7214,0.1395874558812451,3.755050019670112,10.636545052078406,0.1606913883666383,0.2219800002816574,127.7214,39.88012242329694,2,R,HH,col-0
1122,-61.7214,0.1078979308647591,2.7174615595390232,14.373494392665188,0.3149773957912654,0.3148823481896621,127.7214,43.353354788061175,2,R,HH,col-0
1123,,,,,,,139.7342,46.61403935501082,2,R,HH,col-0
1124,,,,,,,139.7342,47.75336740253439,2,R,HH,col-0
1125,,,,,,,151.7246,51.528582778916665,2,R,HH,col-0
1126,0.0,0.0559737882477485,6.240828612425293,40.72382294002682,0.0336671697886679,0.0772955306976422,0.0,0.68029622906033,0,L,HH,col-0
1127,0.0,0.0997839786087865,14.579622774594952,58.1449812341622,0.0249691686529848,0.1339232216999846,0.0,2.516985264579554,0,L,HH,col-0
1128,-1.7309,0.0897949224420385,9.554382571639492,44.17846765709529,0.0387649876813666,0.1362535403117601,7.7309,5.240990200787018,1,L,HH,col-0
1129,-19.7236,0.1070133296581171,8.444846960229587,28.064196191394053,0.0441240339488457,0.1370795000227075,43.7236,6.337370777714378,1,L,HH,col-0
1130,-7.733899999999998,0.0796250442003755,7.936199287321404,37.57130778175176,0.0360148743973193,0.1051477508816675,19.7339,8.1962963866753,1,L,HH,col-0
1131,-19.7236,0.0862631424691518,6.187173574906796,23.263789228050328,0.053532591617096,0.1218473495948485,43.7236,9.536552340167791,1,L,HH,col-0
1132,-13.7226,0.1063217189487234,7.693746884839226,27.381573608254392,0.0610761592287687,0.1728682084707405,31.7226,10.500522426944794,1,L,HH,col-0
1133,-13.7226,0.1359026781845719,10.953127287097088,29.425466633464687,0.0509088543150555,0.2051336824295317,31.7226,12.970081051033407,1,L,HH,col-0
1134,-13.7226,0.1410734161552766,10.908992152842734,33.5596335643494,0.0559051886985327,0.2243583643279594,31.7226,15.324003347251669,1,L,HH,col-0
1135,-25.7383,0.155021710093827,10.989474290554517,28.122254400218463,0.0533065786543349,0.2155079247140919,55.7383,16.236960379537415,1,L,HH,col-0
1136,-25.7383,0.093415383581894,9.105612743750582,39.183307386736175,0.0367439261296055,0.1230836179377443,55.7383,18.46190548179338,1,L,HH,col-0
1137,-25.7383,0.1175653393541004,8.188092925312711,27.49398675788517,0.060103731015316,0.1810463247625769,55.7383,20.723872399209963,2,L,HH,col-0
1138,-37.7179,0.1672412231993057,9.81080500733632,23.22531152924892,0.0697847336046884,0.2518666043809827,79.7179,20.986985098447384,2,L,HH,col-0
1139,-31.7299,0.1089532691386622,6.727786142381712,22.416162223551428,0.0646960394729072,0.1601236167919898,67.7299,23.112511851404385,2,L,HH,col-0
1140,-37.7179,0.0643577319742804,3.60131616324558,24.10273203878715,0.0809894258308565,0.1072988551970659,79.7179,24.90963759425934,2,L,HH,col-0
1141,-37.7179,0.1238324594050948,7.858981683479182,27.123778856997784,0.0640137946535804,0.185073981073433,79.7179,26.87330231715338,2,L,HH,col-0
1142,-43.721500000000006,0.143551522629228,6.901227500293187,18.29132050920824,0.0881034800140758,0.2236788521259956,91.7215,28.73254327688487,2,L,HH,col-0
1143,-55.71639999999999,0.0813078499278678,2.8654006526357145,16.001236014841336,0.1321810681127787,0.1393349706682735,115.7164,30.934702026120483,2,L,HH,col-0
1144,-50.2561,0.1051447143328125,4.358839462719174,16.89168415787371,0.1047319109632508,0.1679404915756647,104.2561,32.23553042637536,2,L,HH,col-0
1145,-55.71639999999999,0.1075604692874213,3.9035268560861898,16.32997321706793,0.1293629739482888,0.1857687594065936,115.7164,34.62821600191446,2,L,HH,col-0
1146,-55.71639999999999,0.1436526614801607,5.053520776140715,14.249348201909726,0.1207811253815981,0.2245425474618916,115.7164,36.34135230807073,2,L,HH,col-0
1147,-55.71639999999999,0.1396924532176974,5.73658774080604,18.100080614311185,0.1022138498254863,0.215709317448468,115.7164,38.58017463608997,2,L,HH,col-0
1148,-61.7213,0.0960616371940105,2.6081265474830064,11.99082414097496,0.1804389822532795,0.1731268976191383,127.7213,39.79341270238848,2,L,HH,col-0
1149,-61.7213,0.1112267997194393,2.9052126867822627,12.172246406733516,0.2143777219515608,0.2291200533574617,127.7213,42.03114632677925,2,L,HH,col-0
1150,-61.7213,0.1020536929144966,2.701186096495182,13.584190025896008,0.2249362465885946,0.2235215846722413,127.7213,44.520681489686375,2,L,HH,col-0
1151,,,,,,,139.7352,46.47985160289127,2,L,HH,col-0
1152,,,,,,,151.7256,49.0728684627722,2,L,HH,col-0
1153,,,,,,,151.7256,51.21163015161672,2,L,HH,col-0
1154,,,,,,,151.7256,53.631936369302814,2,L,HH,col-0
1155,0.0,0.1265014945523239,13.391326809013515,36.66431787004442,0.033266103058873,0.1638819246259788,0.0,3.792693566604144,0,R,HH,col-0
1156,-1.7309,0.0891065923393727,8.966090833525293,36.91259423087998,0.0363749597195134,0.1199806397910791,7.7309,4.857889269045717,1,R,HH,col-0
1157,-7.733899999999998,0.0841507135792119,7.092836064722349,33.92067101642324,0.0634863756885318,0.1656555440233356,19.7339,6.275685033395862,1,R,HH,col-0
1158,-7.733899999999998,0.0864928332361636,9.087504512267634,39.20292866232127,0.0328979340488904,0.1099812833914471,19.7339,7.335823852803453,1,R,HH,col-0
1159,-7.733899999999998,0.0840770318851649,7.676035029280748,36.48260104891635,0.0482600000252487,0.1362792653905573,19.7339,9.18677858518796,1,R,HH,col-0
1160,-13.7226,0.1322394397962204,10.932752322445635,30.955359820925928,0.0475644593640256,0.1913011550655543,31.7226,12.446602680864594,1,R,HH,col-0
1161,-50.2561,0.1012645306359706,5.615487501605957,23.20572771707136,0.0688344759538515,0.1421998025927917,104.2561,15.274152952601598,1,R,HH,col-0
1162,-19.7236,0.1534588318251408,11.975201481605833,31.177613356743517,0.0527850710972231,0.2325409584069769,43.7236,16.495140569942578,1,R,HH,col-0
1163,-19.7236,0.1342997689367273,10.986774535480643,34.04429943994622,0.0505015072113368,0.2041174199172142,43.7236,19.861272616774603,1,R,HH,col-0
1164,-37.7179,0.11800353048993,6.257438315929426,20.06022062662449,0.0704037712268274,0.1620682782220634,79.7179,21.48730140742889,2,R,HH,col-0
1165,,,,,,,151.7256,22.806280349130237,2,R,HH,col-0
1166,-31.7299,0.1083992570368633,7.198931666856578,27.050192438489237,0.0621092019511788,0.1644862192170108,67.7299,24.001108934293622,2,R,HH,col-0
1167,-37.7179,0.1260286381775541,7.88892823615132,25.09372613337396,0.0591998919278446,0.1718084174043975,79.7179,24.94730294087272,2,R,HH,col-0
1168,-50.2561,0.0670096052657367,2.7275040233480903,14.895884826003153,0.1031690131211503,0.1035190300824354,104.2561,27.50126799799051,2,R,HH,col-0
1169,-43.721500000000006,0.1162650127818179,5.388369838416697,19.08163056873514,0.1064856160863985,0.2110832938431699,91.7215,29.35899048565533,2,R,HH,col-0
1170,-50.2561,0.0894274865162543,3.8669543028531073,18.840648442520187,0.0999796289672067,0.1422283195159218,104.2561,31.47754354220196,2,R,HH,col-0
1171,-50.2561,0.0947461116877708,3.8783121653032633,18.62139826715536,0.1208505204087895,0.1724236385563949,104.2561,32.612659753523964,2,R,HH,col-0
1172,-55.71639999999999,0.0913482274567443,3.1230652817043625,15.8196390442457,0.1469241313811839,0.1688028257251249,115.7164,35.294185718374834,2,R,HH,col-0
1173,-61.7213,0.0681616957303672,1.9013439392215823,12.788624593906112,0.1741414612531072,0.1218059174197117,127.7213,37.8408726504999,2,R,HH,col-0
1174,-61.7213,0.1024724436694724,2.6875208023150896,12.075230942602827,0.2082708386879115,0.2059139731683659,127.7213,39.22970676482399,2,R,HH,col-0
1175,-61.7213,0.09486604338689,2.4409928059437624,13.646932908296863,0.25905879748687,0.2326324865808222,127.7213,42.03371181811895,2,R,HH,col-0
1176,,,,,,,139.7352,44.06790950043376,2,R,HH,col-0
1177,,,,,,,151.7256,46.298785855098,2,R,HH,col-0
1178,,,,,,,151.7256,50.23649171620579,2,R,HH,col-0
1179,0.0,0.232083716840326,26.435111753569668,42.08309063125677,0.0305864866332159,0.2974515680577856,0.0,0.4278753149956829,0,L,HH,col-0
1180,0.0,0.1313288472748054,13.698687652085978,33.46122727090224,0.0322224925796092,0.1623841415553115,0.0,1.7809926669384146,0,L,HH,col-0
1181,0.0,0.1467931287287919,15.574947284827076,37.08381567505512,0.0336910640379153,0.1930397874372467,0.0,3.261276043657146,0,L,HH,col-0
1182,-1.7289000000000003,0.0786666784107075,7.510326879720385,31.10944624692293,0.0373291939853204,0.1031366380229888,7.7289,4.776525195719497,1,L,HH,col-0
1183,-1.7289000000000003,0.2412682048851737,32.711486567918755,55.32094724493071,0.0262970460853897,0.3164555863163795,7.7289,5.88568289356982,1,L,HH,col-0
1184,-13.7215,0.0919631099910421,9.9589834841576,38.83843690526456,0.0282028755293398,0.1033270239538297,31.7215,7.071366140146962,1,L,HH,col-0
1185,-7.733,0.1053497513485544,10.141041089669766,35.04649163961412,0.0380782445740767,0.1420577656096506,19.733,7.921564497785848,1,L,HH,col-0
1186,-31.730999999999995,0.1252018676912985,8.024451459113077,24.64691060461018,0.0601907294119412,0.1776848821921224,67.731,12.572423688750616,2,L,HH,col-0
1187,-37.715900000000005,0.1249344975842391,6.765680101779137,19.2341462533713,0.0758532904237605,0.1887953972621873,79.7159,14.393606512153733,2,L,HH,col-0
1188,,,,,,,151.7247,15.7546886037547,2,L,HH,col-0
1189,-43.7195,0.0878691215934947,4.311130522203662,20.328619055522143,0.0892616637309466,0.1415668820444978,91.7195,16.667711259552462,2,L,HH,col-0
1190,-61.7192,0.1228882180012912,3.2926086676258617,8.447386141723959,0.1500516495573651,0.1817550177290539,127.7192,18.84511936503418,2,L,HH,col-0
1191,-50.2534,0.0834661622704911,3.841516974373208,18.4857417099301,0.081560907148853,0.1152631070028567,104.2534,22.02926614337393,2,L,HH,col-0
1192,-61.7192,0.1066589280989087,3.033812332989361,10.837341235251651,0.1446387028236806,0.1614279563877372,127.7192,23.11672579780933,2,L,HH,col-0
1193,-61.7192,0.1428754206134074,3.840167491890478,9.296403023007304,0.1537336592316109,0.217182410745566,127.7192,25.030127025193917,2,L,HH,col-0
1194,-61.7192,0.1040182929492544,2.971752032240697,10.053826600341663,0.1240217478285294,0.1355863388751003,127.7192,26.714165099337947,2,L,HH,col-0
1195,,,,,,,139.7343,28.93903776383644,2,L,HH,col-0
1196,-61.7192,0.1490051435806284,4.31285958198239,11.966669668034278,0.1459164055248464,0.2315127744105227,127.7192,30.36987646439615,2,L,HH,col-0
1197,-61.7192,0.0899960402450892,2.391427425613129,14.158964848612028,0.233802136313542,0.2056890625149421,127.7192,31.83291244056692,2,L,HH,col-0
1198,,,,,,,151.7247,36.865152951911234,2,L,HH,col-0
1199,,,,,,,151.7247,36.910189881202655,2,L,HH,col-0
1200,,,,,,,151.7247,38.84526512284394,2,L,HH,col-0
1201,,,,,,,151.7247,40.2145084299061,2,L,HH,col-0
1202,,,,,,,163.7138,41.63635315346302,2,L,HH,col-0
1203,0.0,0.1448978415089273,16.421667531024035,42.45082618526549,0.0319777582478604,0.1931838372445412,0.0,2.371572789741432,0,R,HH,col-0
1204,-7.733,0.0728119139906565,17.737846294301065,83.54132716126142,0.0167362769678868,0.1092107173315127,19.733,4.269282464437125,1,R,HH,col-0
1205,-1.7289000000000003,0.1357804700471224,15.877835358577729,48.92275283738329,0.0329032275609288,0.1921920032384591,7.7289,5.305636932861207,1,R,HH,col-0
1206,-7.733,0.080108208544254,10.822160378445515,52.53144459999079,0.023003126181306,0.0915812032929771,19.733,6.565554759003689,1,R,HH,col-0
1207,-7.733,0.0806375427677178,12.325453031496004,58.94506571913641,0.0216980295361331,0.0983849581466059,19.733,6.675759759003689,1,R,HH,col-0
1208,-25.7376,0.1518604372153895,9.571070659370168,20.781955665470115,0.0760951011370745,0.2679308606597753,55.7376,14.15062733236564,1,R,HH,col-0
1209,-31.730999999999995,0.1870480438252612,11.373860743815715,20.855042461366928,0.0624938491747763,0.2614873595582506,67.731,15.605805684423546,1,R,HH,col-0
1210,-50.2534,0.1751370136258159,9.693984157107971,22.13775456902585,0.0594318473386044,0.2119468925172823,104.2534,22.774728994206622,2,R,HH,col-0
1211,-50.2534,0.1139794874941898,5.166463582358082,17.880697976248694,0.0845306846794045,0.1606620400488461,104.2534,25.003123368070263,2,R,HH,col-0
1212,-55.7166,0.1517240421483543,5.589348593436849,15.20982284113685,0.1095149089065386,0.2251852606483142,115.7166,26.57283623616147,2,R,HH,col-0
1213,-61.7192,0.1613602243219369,4.255383783386214,8.052688877977365,0.1312776093230928,0.2055109238440824,127.7192,28.297381992002546,2,R,HH,col-0
1214,,,,,,,139.7343,29.97760165422625,2,R,HH,col-0
1215,-61.7192,0.138785804284509,3.872627272972119,12.463306246086772,0.1657160806359671,0.2360890643207131,127.7192,32.09279230178395,2,R,HH,col-0
1216,,,,,,,139.7343,33.42819257498146,2,R,HH,col-0
1217,,,,,,,139.7343,34.93056868053576,2,R,HH,col-0
1218,,,,,,,151.7247,38.10958003036811,2,R,HH,col-0
1219,,,,,,,139.7343,39.1673887406244,2,R,HH,col-0
1220,,,,,,,139.7343,41.5211945140383,2,R,HH,col-0
1221,0.0,0.1067856832183527,10.061658516458904,21.01142666040004,0.0437906764072568,0.1620901952114161,0.0,0.8657351168226921,0,L,LH,double
1222,0.0,0.0642658113586805,7.079621908971953,40.27595350449232,0.0260670556373951,0.0678902740182425,0.0,2.2858608631623825,0,L,LH,double
1223,0.0,0.0984856385848136,10.607262703419538,35.95134164707306,0.0318391026183641,0.1242423512449306,0.0,3.247748720451371,0,L,LH,double
1224,-13.7257,0.0203398556785139,1.5153906664230945,13.545529538020109,0.0700894439060615,0.0390735382910024,31.7257,4.865886009926446,1,L,LH,double
1225,-13.7257,0.0182779878773856,1.3568186806636846,14.247582806819144,0.0902696954578003,0.0450577301487525,31.7257,5.816938939811763,1,L,LH,double
1226,-13.7257,0.0186893762418856,1.328821971299569,14.39144370833684,0.1170955019389382,0.0572417010214939,31.7257,6.831070650882866,1,L,LH,double
1227,-25.727400000000003,0.0288520923565156,1.7992664547801822,12.78545518602287,0.087753806452231,0.0580853973917336,55.7274,8.342354612522588,1,L,LH,double
1228,-25.727400000000003,0.0378327930692099,2.3867834966059065,18.18188951754302,0.0706482179172485,0.0620325673460782,55.7274,10.147587428250684,1,L,LH,double
1229,-25.727400000000003,0.0271765597574219,1.7038255361402386,12.483388592691863,0.0819720910304424,0.0513803022505781,55.7274,11.37680042391258,1,L,LH,double
1230,-31.72920000000001,0.0142219432865863,0.7728073295405818,6.277419958362957,0.1027260611327514,0.0292050118376532,67.7292,12.585226732795334,1,L,LH,double
1231,-25.727400000000003,0.0362801234149116,2.169697652600312,13.89265807154477,0.0997957956531027,0.07965572270726,55.7274,14.393795524513928,1,L,LH,double
1232,-31.72920000000001,0.0553537894540963,3.0922210186555508,13.831300403411957,0.0776032944991069,0.0882787560343177,67.7292,17.281407305042407,1,L,LH,double
1233,-31.72920000000001,0.0571556733797762,3.470802629430057,19.595206522057133,0.0725884951410372,0.09268367141486,67.7292,21.529325592835832,2,L,LH,double
1234,-55.7231,0.050657483680857,1.954862635650684,12.4819595859006,0.0820779451033104,0.0590266639807569,115.7231,24.15258930476095,2,L,LH,double
1235,,,,,,,139.7297,27.09545563966902,2,L,LH,double
1236,-61.7243,0.0408845545985282,1.1355493423380192,10.18083418546422,0.1544824018605658,0.0645342907416658,127.7243,29.564674665202176,2,L,LH,double
1237,,,,,,,151.7233,31.393586440397627,2,L,LH,double
1238,,,,,,,139.7297,37.56479806888956,2,L,LH,double
1239,-13.7257,0.1297768591081415,12.287689035619067,39.23523599676591,0.0415947663358237,0.1880244899159613,31.7257,8.039755987508315,1,R,LH,double
1240,-31.72920000000001,0.2155683511014079,15.691686052818763,23.70423072203692,0.0405009806658551,0.2337979332334919,67.7292,9.08387212285917,1,R,LH,double
1241,-13.7257,0.1523903910674001,15.39168112328505,41.63716785544327,0.0380846366273388,0.2156459924526968,31.7257,10.664190005560156,1,R,LH,double
1242,-13.7257,0.1931508364481131,19.054286062077445,40.79093861963199,0.0393564797473508,0.2758763332231426,31.7257,11.928190993059768,1,R,LH,double
1243,-31.72920000000001,0.1213365808702966,6.717519736781379,18.726672367752364,0.0857576349895782,0.2119274755071132,67.7292,14.15108928142116,1,R,LH,double
1244,-13.7257,0.22320447831104,23.36182306417245,45.71354004580187,0.0390257205743675,0.3354000933475853,31.7257,16.116666242213682,1,R,LH,double
1245,-25.727400000000003,0.1674329820947331,13.024043719712273,32.13127868653358,0.048304538023329,0.2314404667278303,55.7274,19.794175598732597,2,R,LH,double
1246,-31.72920000000001,0.1613970309712651,10.790049623770322,28.655982460510824,0.0553419900707478,0.2196765666053417,67.7292,20.164974366799587,2,R,LH,double
1247,-31.72920000000001,0.1134689444493923,7.21486383691804,25.669254855762382,0.062857523537561,0.1668364437790694,67.7292,20.783035136206564,2,R,LH,double
1248,-31.72920000000001,0.157494391903697,10.530078784391009,28.621016930410576,0.0621630843765713,0.2408073250951743,67.7292,22.399383984139188,2,R,LH,double
1249,-43.7226,0.1391743021547311,7.42947966833527,21.62100884963938,0.0716546386248266,0.1958430782384497,91.7226,24.730503371095757,2,R,LH,double
1250,-50.2606,0.0885823599776618,3.458832905742554,14.966413099439206,0.109703120293537,0.139589927122833,104.2606,27.117145711220846,2,R,LH,double
1251,-50.2606,0.1280525265230615,6.060810849460489,21.92299611328115,0.0971389770710515,0.2165856976174806,104.2606,30.92268346655136,2,R,LH,double
1252,-55.7231,0.141598641699622,4.988788050313412,14.50429365781072,0.1203649774031843,0.2209025402217586,115.7231,33.45214641557107,2,R,LH,double
1253,-55.7231,0.0943125111643217,3.5962082596578573,16.73031804031499,0.1122824999597299,0.1485465007869023,115.7231,34.4579302857937,2,R,LH,double
1254,-55.7231,0.1631852188354458,5.885418806725842,16.03212158625114,0.1241306007369419,0.2687582149940351,115.7231,36.18749877707238,2,R,LH,double
1255,-61.7243,0.1015640364194703,2.7142908055692057,12.36570169615029,0.1948141405716171,0.1945281114755368,127.7243,38.7756312356426,2,R,LH,double
1256,-61.7243,0.1127925587537987,2.993729341977342,12.559187974121851,0.20147829604456,0.2218943894357437,127.7243,41.624017213155184,2,R,LH,double
1257,,,,,,,139.7297,45.58419009064223,2,R,LH,double
1258,,,,,,,151.7233,47.62147365840167,2,R,LH,double
1259,,,,,,,151.7233,51.44790919560028,2,R,LH,double
1260,,,,,,,168.1009,53.92878540302027,2,R,LH,double
1261,0.0,0.0701272064130655,6.740062325389994,17.452675810751973,0.046837531935937,0.1161350825034277,0.0,1.5240908275072518,0,L,LH,double
1262,0.0,0.0387256878422755,3.62211033290938,16.979207280838885,0.0450180451923059,0.059986541848337,0.0,4.6246767961382425,0,L,LH,double
1263,0.0,0.0708227635842179,6.95009698640026,21.13696126518706,0.0412082675243534,0.1053612075603439,0.0,5.945472941747607,0,L,LH,double
1264,0.0,0.0313582454976439,2.73383499744537,16.7604444642749,0.0866734654180255,0.0871693842150257,0.0,7.3691825248859875,0,L,LH,double
1265,0.0,0.0096032858667157,0.8656194430270148,-0.3516875626771411,0.3011310952389616,0.0958932691267822,0.0,8.449572208776413,0,L,LH,double
1266,-19.7249,0.022013760808339,1.4638501252625704,11.263643726935824,0.1078723635989103,0.0580914647309218,43.7249,11.61704769200466,1,L,LH,double
1267,-13.7268,0.0233035783282596,1.685074223389269,13.297820940677768,0.1337398438417385,0.0829058860411004,31.7268,13.903627749713351,1,L,LH,double
1268,-19.7249,0.0122824617685929,0.7804592552925637,9.161611198068792,0.2667420979258784,0.076585634691316,43.7249,15.10508315625422,1,L,LH,double
1269,-13.7268,0.0609044094221177,4.420971579991414,21.951235747159973,0.0701320773727172,0.1140617273987023,31.7268,17.37977453690347,1,L,LH,double
1270,-43.7243,0.0293682900070022,1.3548795307018129,13.49408267436866,0.0705780608262847,0.0351783869240552,91.7243,17.84420484279821,1,L,LH,double
1271,-19.7249,0.0590431708661687,3.416764983969797,13.038421569494464,0.1089984788378321,0.1370064655916117,43.7249,19.81743444930628,1,L,LH,double
1272,-25.7275,0.0667172231356434,4.11182364274853,18.711347312692315,0.0748859557785462,0.1132766441861554,55.7275,20.836936412668784,1,L,LH,double
1273,-37.72280000000001,0.0374842225121398,1.9075391400262869,16.660920435446304,0.0870225066923537,0.0610675596036215,79.7228,22.513463154980613,1,L,LH,double
1274,-25.7275,0.0807844474892385,4.934428656072917,19.15025727909248,0.0843818592028528,0.1531762673553628,55.7275,23.90369368778328,1,L,LH,double
1275,-31.7295,0.0366502068817364,1.9605760293413037,9.783052084934758,0.131148109511043,0.0945913102566484,67.7295,25.42023053706305,1,L,LH,double
1276,-37.72280000000001,0.0557782132086156,3.106892804347917,19.510881186877064,0.0782688681283416,0.0894583411648129,79.7228,27.227141944694228,2,L,LH,double
1277,-37.72280000000001,0.0467477065116244,2.48357448193302,14.166498643430703,0.0791193760521197,0.0722878920545554,79.7228,30.72990651063091,2,L,LH,double
1278,-55.7242,0.0175838888997574,0.523333104522913,6.574348827882811,0.150208111552886,0.0289185898682397,115.7242,33.3606008878472,2,L,LH,double
1279,-50.2623,0.0469132801249229,2.1113579092407777,19.91050770135297,0.0984029427242522,0.0764320421960057,104.2623,35.625575711642405,2,L,LH,double
1280,-61.7272,0.0266587870026318,0.6088840529772971,2.933925519641332,0.4623626525741796,0.1035673501170013,127.7272,36.88957571164241,2,L,LH,double
1281,,,,,,,163.7223,39.33711989560788,2,L,LH,double
1282,-61.7272,0.0240310201374964,0.7390397960814051,10.42762027131648,0.0904829983542581,0.02460029565458,127.7272,41.138300540941344,2,L,LH,double
1283,-61.7272,0.060007513755934,2.1246731601027147,15.079721979060825,0.111070708472022,0.0868154842126422,127.7272,45.11401455026306,2,L,LH,double
1284,,,,,,,151.7255,53.28332550383946,2,L,LH,double
1285,0.0,0.1689237976950846,21.005908775560734,50.69316153025734,0.0291231829254067,0.2250535310136919,0.0,2.239382055306624,0,R,LH,double
1286,-25.7275,0.1939262202144408,11.702062530136812,16.562344602544012,0.1136135220099937,0.4891003298152142,55.7275,6.061362007438189,1,R,LH,double
1287,-25.7275,0.1332183977030046,8.259803217053282,19.160427514680347,0.0820476831474178,0.2493110574914108,55.7275,6.968660473785349,1,R,LH,double
1288,-37.72280000000001,0.1578983715955673,8.642738398831412,17.889723956428877,0.0648876783160231,0.206309450006818,79.7228,7.592622774530024,1,R,LH,double
1289,-13.7268,0.16227461152809,15.891993485141109,38.13062215382818,0.0356617836631154,0.2084908296517647,31.7268,9.065823330479809,1,R,LH,double
1290,-13.7268,0.1932640224306302,16.066871403180116,32.401471112614416,0.0487347900786542,0.2880553432160477,31.7268,10.872507914595715,1,R,LH,double
1291,-37.72280000000001,0.1477389335522585,8.43421563159041,19.56494951731459,0.0626604357820791,0.194421204388168,79.7228,12.62025682247694,1,R,LH,double
1292,-25.7275,0.2134350849153831,13.993045351782875,22.46728360847289,0.0613883271237746,0.3160119883522237,55.7275,14.605444699209665,1,R,LH,double
1293,-25.7275,0.159898343794239,11.69666250227498,28.97555363652287,0.0495090605078529,0.2130355894308959,55.7275,15.263787075137127,1,R,LH,double
1294,-25.7275,0.1575936663108353,10.532005976201784,23.90904743775509,0.0542724350079835,0.2102790092854853,55.7275,16.551528672248317,1,R,LH,double
1295,-25.7275,0.2133154553382894,14.865788867629233,27.752797637786408,0.0608853879934577,0.332971111956969,55.7275,17.719672713930905,2,R,LH,double
1296,-31.7295,0.1288901563303621,8.432968649835882,24.846633052478257,0.0582317372313908,0.1806532381435145,67.7295,19.645614810360268,2,R,LH,double
1297,-43.7243,0.1325805733103496,6.54635437081538,17.837837972659177,0.0743764228040817,0.1791184473263858,91.7243,20.70536412268664,2,R,LH,double
1298,-50.2623,0.1203543497178506,4.540511346634761,11.090715718644796,0.1007929491170016,0.1683605887863224,104.2623,23.08968255547233,2,R,LH,double
1299,-43.7243,0.1367902981505769,6.757598010127809,20.24971746925088,0.0839682631905194,0.2087435387712564,91.7243,25.53243306354512,2,R,LH,double
1300,-43.7243,0.1280462046171165,6.058424782724765,19.431601263913137,0.0981960036333881,0.2188562995008864,91.7243,27.4872946993729,2,R,LH,double
1301,-55.7242,0.1508914382359819,5.14707382581333,11.269705252419204,0.1146573457317864,0.2171039871490643,115.7242,29.329636239302,2,R,LH,double
1302,-50.2623,0.1846549091311005,8.094724626480767,18.26612221979248,0.0952354573167373,0.283600027629573,104.2623,30.53007614077423,2,R,LH,double
1303,-55.7242,0.1482268800000182,5.046043381356397,15.195326767302152,0.1452655247216472,0.2696615677913237,115.7242,32.492431296159616,2,R,LH,double
1304,-61.7272,0.113917374014424,3.043171576337666,11.028681422474136,0.1739075020120639,0.1946929716757925,127.7272,33.995028820450464,2,R,LH,double
1305,-61.7272,0.1332362228477521,3.554951207825239,11.335039979159632,0.1832865442129654,0.239700944510733,127.7272,36.21859576283271,2,R,LH,double
1306,-61.7272,0.1471541757797376,4.027065220505199,11.625635799773184,0.1708859714523603,0.2531632096066205,127.7272,38.52813908266652,2,R,LH,double
1307,,,,,,,139.7299,42.3648005713343,2,R,LH,double
1308,,,,,,,151.7255,46.14537677008134,2,R,LH,double
1309,0.0,0.08572244101115,8.398532602190022,21.78896890928652,0.0394264509868197,0.1218138349507204,0.0,1.454268891310595,0,L,LH,double
1310,0.0,0.0147596449040944,1.3589270048929802,1.097309355783816,0.0463189470198115,0.023155828540086,0.0,3.439201445402753,0,L,LH,double
1311,0.0,0.0747049284741652,7.262821314866236,25.72819592291625,0.0380853811130062,0.1017581454713069,0.0,4.038688613322135,0,L,LH,double
1312,0.0,0.0503581736073246,5.081825631353239,26.90728903009633,0.0363780888254593,0.0680088069888112,0.0,5.236482878328651,0,L,LH,double
1313,-13.7208,0.005329634407829,0.3842018193299893,9.516715272109543,0.1276971843887128,0.0180487137322596,31.7208,6.04194835401322,1,L,LH,double
1314,-19.722,0.040944968052279,2.849161025425601,18.931358044320906,0.054007446514975,0.0566077844034496,43.722,9.698635668107851,1,L,LH,double
1315,-13.7208,0.0452071295260706,3.361571688656486,22.26525976671966,0.0654614569430127,0.080953114593928,31.7208,12.239342471411105,1,L,LH,double
1316,-19.722,0.0558531348205683,4.396472790396134,30.449788655506545,0.0478533763776777,0.0773967088218774,43.722,14.326162289121498,1,L,LH,double
1317,-25.7322,0.0498303335388642,3.373458738772262,23.89763467563836,0.0650549394541425,0.0807348788136094,55.7322,15.269942857368164,1,L,LH,double
1318,-31.7272,0.0639255235094024,3.4156530668706453,17.705206514566846,0.0728609464531443,0.0915533159962519,67.7272,18.016960657393252,1,L,LH,double
1319,0.0,0.1886230281679809,36.29474177305019,72.12093342424582,0.0169846979981457,0.2267812047602884,0.0,0.9535355633640518,0,R,LH,double
1320,0.0,0.2786955802867569,40.773386566888064,54.99786839796115,0.0264991727117218,0.3974793935514272,0.0,2.795598479444323,0,R,LH,double
1321,-7.7286,0.3697428450784416,41.45461126134067,47.71447738947871,0.0344843904773769,0.5258972733648902,19.7286,5.018663283816704,1,R,LH,double
1322,-13.7208,0.1556676202004776,16.78667647068011,42.568484334450304,0.0318931644404144,0.1969553809624427,31.7208,9.707332361776166,1,R,LH,double
1323,-19.722,0.2645577048539688,26.374571950342855,42.50051345585916,0.0386669673505338,0.3751725453229907,43.722,11.766834104546266,1,R,LH,double
1324,-13.7208,0.2459929752063586,29.73485822088602,49.266358815718206,0.0307666981502739,0.3365520814822224,31.7208,12.650217406757143,1,R,LH,double
1325,-19.722,0.2859720254415336,23.780737626923308,33.404568525823,0.0450282262712787,0.3939269370645203,43.722,15.521483881320313,1,R,LH,double
1326,-25.7322,0.2644432916808982,23.491743346744723,36.64944340632883,0.041582411364683,0.359360580382371,55.7322,18.148878605515467,1,R,LH,double
1327,-25.7322,0.3167048562653651,28.495398700786343,37.04231132979368,0.0414436407628135,0.4344483543923029,55.7322,19.530524464518415,1,R,LH,double
1328,-31.7272,0.3595369424614254,29.988516432516317,33.934212368985946,0.0427053041869359,0.4711316917023013,67.7272,21.924310224448043,1,R,LH,double
1329,-37.7192,0.2074734117880769,14.640291760831296,28.806931959240305,0.0530266311782601,0.285594136493128,79.7192,24.25847901544054,2,R,LH,double
1330,-43.7221,0.2012924589978595,12.200801581236968,25.251950419991815,0.0618675794349669,0.2776879325369119,91.7221,26.629885343428757,2,R,LH,double
1331,-55.716800000000006,0.1266894853837636,5.132058021562324,16.32404613795797,0.0888483854026718,0.1677438535750094,115.7168,28.725125855366244,2,R,LH,double
1332,-43.7221,0.1878727468262206,10.752219773948376,24.93453505762856,0.0715879527941085,0.2831676221172569,91.7221,31.20082592569277,2,R,LH,double
1333,-50.2576,0.2289942266446972,10.416577941250436,18.67793085599847,0.0909276344452581,0.3484387752941303,104.2576,32.624471278915486,2,R,LH,double
1334,-55.716800000000006,0.2077472956956339,7.3216612844270035,14.125360508476756,0.1193810681147408,0.3215515533960425,115.7168,35.455700696725124,2,R,LH,double
1335,-61.721900000000005,0.1436138934898857,4.0663438965086725,10.482346098639368,0.1345530321710044,0.2012811531891319,127.7219,37.31751187966711,2,R,LH,double
1336,-61.721900000000005,0.1522974380037741,4.11750609334533,10.185092749589398,0.1510837130045285,0.2288534258620403,127.7219,40.68734726029808,2,R,LH,double
1337,,,,,,,151.7228,42.2446787218125,2,R,LH,double
1338,-61.721900000000005,0.1498076984045454,4.130399582680129,12.40072814527906,0.1716948812617059,0.2608884989359921,127.7219,43.32953156005807,2,R,LH,double
1339,,,,,,,139.7324,44.35598722734235,2,R,LH,double
1340,,,,,,,139.7324,47.23280879194493,2,R,LH,double
1341,,,,,,,163.7184,49.59666049373434,2,R,LH,double
1342,,,,,,,151.7228,56.478930767122094,2,R,LH,double
1343,-25.732,0.0257634769618404,1.6153024846424326,12.598341160205154,0.0650136561673692,0.0386334923933817,55.732,3.8431877491410815,1,L,LH,double
1344,-13.7194,0.0549957905890308,4.1445645462213605,22.704193115258075,0.0563941218482358,0.0859841226102678,31.7194,4.5007773381896,1,L,LH,double
1345,-19.7217,0.0718328290908199,5.578487076338979,23.800995628050845,0.0463017844068237,0.0950210177696412,43.7217,6.982319615027813,1,L,LH,double
1346,-55.715500000000006,0.0473105237931887,2.1134323243796853,17.609114790273015,0.0792984404324992,0.0616536098385156,115.7155,8.72239396517137,1,L,LH,double
1347,-19.7217,0.1231563524170684,9.77456439766032,26.378483237897267,0.043142315483087,0.155133782133498,43.7217,10.21483222676939,1,L,LH,double
1348,-19.7217,0.0869608313457159,6.2155855709639125,23.22753831491513,0.0524918671241766,0.1200271761647849,43.7217,11.91839874747934,1,L,LH,double
1349,-25.732,0.1271161711368108,8.640265919622475,22.224153641930684,0.0540928445665831,0.1719382282259648,55.732,15.12283017560077,1,L,LH,double
1350,-37.7187,0.0875560673711188,5.045119508500151,20.056401266209345,0.0599261345647847,0.1112226507923168,79.7187,16.791585808243322,2,L,LH,double
1351,-55.715500000000006,0.0284296974699724,0.7050972332268491,3.0921999527861184,0.3291884028505044,0.0853884353087243,115.7155,19.46149727647241,2,L,LH,double
1352,-31.727000000000004,0.2037620983401089,15.788588951902977,30.105061586947567,0.043953034423993,0.2552922903151148,67.727,8.311130851752838,1,R,LH,double
1353,-19.7217,0.2365017823206175,23.625845468890173,40.7464919428057,0.0342882536627195,0.2980150821567858,43.7217,12.243222289920144,1,R,LH,double
1354,-25.732,0.2585619694819981,24.47289804230402,39.98268477323533,0.0372004162798304,0.3349181770690974,55.732,14.756069282320864,1,R,LH,double
1355,-25.732,0.2267185818210618,20.728793403809988,36.65223988865911,0.0396301586785997,0.3022075795115733,55.732,16.189639175520036,1,R,LH,double
1356,-25.732,0.1269254009457787,8.10301689224897,22.332542820139068,0.079691779472392,0.2375558812473227,55.732,17.287165125760524,1,R,LH,double
1357,-37.7187,0.221794917178566,14.022591324955084,23.268607377413552,0.0590793184727687,0.3047679346663399,79.7187,19.001621674146424,2,R,LH,double
1358,-43.7209,0.172207793187897,11.3933052796273,25.74569659999204,0.0534487342105403,0.2240230351742278,91.7209,20.523556601486263,2,R,LH,double
1359,-43.7209,0.1934172685245527,10.219478879176094,17.633877805345126,0.0601032676547705,0.225960409232324,91.7209,21.00291542595912,2,R,LH,double
1360,-37.7187,0.1547626678927543,9.537354364927788,23.825749767899552,0.0605058445611573,0.212290600145801,79.7187,21.510471828342148,2,R,LH,double
1361,-43.7209,0.1241813480394355,6.027005866879668,18.477815353633275,0.0796240172789259,0.1765432907877179,91.7209,23.67150941621147,2,R,LH,double
1362,-55.715500000000006,0.2026875737820316,7.230649170722403,12.077105566255542,0.1001422078263181,0.2663789914617335,115.7155,25.47839219287465,2,R,LH,double
1363,-50.2584,0.1651132825030834,7.305524214724833,16.89302232387549,0.0862940873514992,0.231919861338048,104.2584,27.88555974013579,2,R,LH,double
1364,-50.2584,0.1354827174032078,6.381429611596511,20.004838150242534,0.0825206401947926,0.1937251875040023,104.2584,29.62792563382005,2,R,LH,double
1365,-55.715500000000006,0.1460871754116618,5.737867488269735,15.40599922352912,0.0915823367448993,0.1933159788682471,115.7155,30.85125963904961,2,R,LH,double
1366,-55.715500000000006,0.1573880298437974,5.486874842072362,13.345373659837382,0.1127052480238355,0.2274964955720102,115.7155,32.11367963904961,2,R,LH,double
1367,,,,,,,139.7312,33.35342397382004,2,R,LH,double
1368,,,,,,,151.7228,33.4796368274642,2,R,LH,double
1369,-55.715500000000006,0.1448376272729936,5.332819988247897,14.485357085668785,0.1048017834474742,0.2056037897621322,115.7155,35.179872734647454,2,R,LH,double
1370,-61.720600000000005,0.1039930609024229,2.930558016964825,12.402698409929847,0.1616662509062561,0.1742910991442527,127.7206,36.93494924107237,2,R,LH,double
1371,-61.720600000000005,0.1346328017625715,3.374151860359429,10.288911857201342,0.2077010083914737,0.2578153363368883,127.7206,38.795692758558566,2,R,LH,double
1372,,,,,,,139.7312,41.09722360195888,2,R,LH,double
1373,,,,,,,139.7312,43.43054860645866,2,R,LH,double
1374,,,,,,,151.7228,45.49899109341656,2,R,LH,double
1375,,,,,,,151.7228,45.682298332771694,2,R,LH,double
1376,,,,,,,151.7228,47.3453876021599,2,R,LH,double
1377,,,,,,,151.7228,47.96239732655653,2,R,LH,double
1378,,,,,,,151.7228,50.00168776877966,2,R,LH,double
1379,,,,,,,151.7228,51.67255473265247,2,R,LH,double
1380,,,,,,,163.718,56.24569530768004,2,R,LH,double
1381,0.0,0.0681701167516378,7.128390036779807,27.574326858731197,0.0267462767945451,0.070139119140296,0.0,2.6445713627195087,0,L,LH,double
1382,0.0,0.0880141514915198,7.541084053570606,25.3818639890538,0.0401873016989602,0.1114880057046395,0.0,4.371527386122744,0,L,LH,double
1383,0.0,0.1186945164646626,15.440772053082217,47.35953028488667,0.0235919468869368,0.1340103407806387,0.0,5.404254159745678,0,L,LH,double
1384,0.0,0.0836517529510303,8.381984481046892,28.78972128780724,0.0339309067963323,0.1046279790480492,0.0,5.928661848476499,0,L,LH,double
1385,-1.7304999999999993,0.0289487671988155,2.2152391476804265,19.72395238305978,0.0702162689392958,0.0572221121923042,19.7305,7.6898761642754465,1,L,LH,double
1386,-25.7332,0.0174413546073582,0.7339177086199837,6.565625309564774,0.0966390999209693,0.0260919033613604,55.7332,9.198808839314331,1,L,LH,double
1387,-25.7332,0.0224577169070876,1.367047996121644,8.66692973892063,0.120509941656823,0.0606055165177948,55.7332,9.511001806563756,1,L,LH,double
1388,-13.7215,0.0820713808633957,7.079826051214772,27.92493377033074,0.038569433192314,0.1004549546837568,31.7215,11.228063126435588,1,L,LH,double
1389,-19.7219,0.0935970462763583,7.168028593923853,29.40601635874673,0.0427019313186178,0.1126037269215541,43.7219,14.806028329555858,1,L,LH,double
1390,-19.7219,0.0839259991061822,7.3102299405324604,31.852551952614487,0.0339611349153422,0.0913311131588346,43.7219,15.745995547069318,1,L,LH,double
1391,-19.7219,0.0690982884314014,4.178763890446095,24.319226248311637,0.0617727091206699,0.0949620321137995,43.7219,18.034193593309183,1,L,LH,double
1392,-19.7219,0.0917706118011515,6.956812771907279,28.324542155965077,0.0534014229370438,0.1366685739635206,43.7219,19.614680501306484,1,L,LH,double
1393,-31.7272,0.0783293492001535,4.891685682369535,24.178593624130205,0.0648181671156105,0.1166435712137362,67.7272,22.38998277125835,1,L,LH,double
1394,-50.2573,0.0770030521458389,3.2409315783579813,17.3322437124576,0.0988604860920666,0.1178685991544994,104.2573,27.00054148543117,2,L,LH,double
1395,-55.715500000000006,0.0403649242148014,1.780192834502253,18.963323979854454,0.0930917479173531,0.060965445473219,115.7155,30.37416994952041,2,L,LH,double
1396,,,,,,,151.723,31.6097849374083,2,L,LH,double
1397,-31.7272,0.2658740530825125,22.257158899263143,32.58360217045966,0.0369930037130936,0.3028969083276061,67.7272,9.220869177555176,1,R,LH,double
1398,-13.7215,0.2892911271933924,22.1388657344713,27.592054845008743,0.0558693819639478,0.4550244691400917,31.7215,13.28063709057313,1,R,LH,double
1399,-19.7219,0.2978699498981324,26.079362314660678,35.53270943047985,0.0422733166335563,0.4055727883645738,43.7219,14.620942811518916,1,R,LH,double
1400,-13.7215,0.2666055387307793,27.411131327855397,45.71138866654081,0.0379881220473518,0.3830719064655843,31.7215,15.365557100933245,1,R,LH,double
1401,-19.7219,0.3058564261120799,30.7459844943396,42.71367668691101,0.0372934986037737,0.4218198855640029,43.7219,17.774599010355306,1,R,LH,double
1402,-19.7219,0.1795651022248859,19.704057521264023,44.31219592609136,0.034851941916838,0.2526318871970769,43.7219,18.85305006285433,1,R,LH,double
1403,-25.7332,0.2467804836302847,18.001457078918342,30.756009252725768,0.0557455718281051,0.3691675778785102,55.7332,20.37583993252504,2,R,LH,double
1404,-37.7188,0.2267948560561599,13.95794635969665,25.173529160750657,0.0660746755164244,0.3392829863838781,79.7188,21.964980619145948,2,R,LH,double
1405,-50.2573,0.1362246986087831,6.811162020250725,19.96330455345584,0.0725122247677364,0.1816929010712148,104.2573,24.621817046327884,2,R,LH,double
1406,-50.2573,0.2348588718006284,11.30846288829265,17.25388857097012,0.0688561129047773,0.2864518274976558,104.2573,27.18637625509016,2,R,LH,double
1407,-55.715500000000006,0.1150912170330371,4.132198833883374,13.621013821339233,0.1017552797659302,0.1546833900694592,115.7155,28.957980098222134,2,R,LH,double
1408,,,,,,,139.7315,29.52565263445953,2,R,LH,double
1409,-55.715500000000006,0.1628343727036015,5.911072994180112,15.03886491869164,0.1134249913600698,0.2466497021295607,115.7155,32.58762496833164,2,R,LH,double
1410,-50.2573,0.1652063555471065,7.278125132124026,19.690987280504523,0.1022790941729946,0.2738494728537187,104.2573,33.322415116065784,2,R,LH,double
1411,-61.7205,0.2050026132923151,6.210381600762336,11.436975752105417,0.1059672172899179,0.242100303821093,127.7205,35.675672739099,2,R,LH,double
1412,-55.715500000000006,0.1302234680029112,4.532880889852093,16.033611804944147,0.1407237025126639,0.2346643292062516,115.7155,37.32618674994532,2,R,LH,double
1413,-61.7205,0.1045948347149681,2.7371331670943984,12.828605858932695,0.2225317637783468,0.2240750259935404,127.7205,39.32980471933835,2,R,LH,double
1414,-61.7205,0.1067339550930278,2.910259077328393,12.819564280348764,0.1866140986124154,0.1997936228533415,127.7205,39.50912775885084,2,R,LH,double
1415,,,,,,,139.7315,41.63533236675334,2,R,LH,double
1416,,,,,,,139.7315,45.032523744448525,2,R,LH,double
1417,,,,,,,151.723,45.66689374444852,2,R,LH,double
1418,,,,,,,151.723,47.359847488344464,2,R,LH,double
1419,,,,,,,151.723,49.1169527656116,2,R,LH,double
1420,,,,,,,151.723,50.36583628490462,2,R,LH,double
1421,,,,,,,151.723,52.074302119935,2,R,LH,double
1422,,,,,,,151.723,54.38195627683574,2,R,LH,double
1423,0.0,0.0839093928777391,7.997963506079165,23.69560609795924,0.0407556131654931,0.1199146841040676,0.0,2.268261139237805,0,L,LH,double
1424,0.0,0.0135760355996463,1.2464054545074692,18.96402889016828,0.0819184852080581,0.0375618325220509,0.0,2.9070698135683912,0,L,LH,double
1425,0.0,0.0156024018980126,1.3907569882259112,10.832780052340604,0.0785384582631878,0.0401827023712023,0.0,4.716359425335002,0,L,LH,double
1426,-31.7312,0.02854120119902,1.537753259491743,8.849372822932681,0.1281414940318501,0.0724906439283096,67.7312,7.469326060977949,1,L,LH,double
1427,-31.7312,0.0231788335065603,1.2539428545329974,7.25578466719482,0.2543287146086515,0.1173217843150826,67.7312,9.265993070727324,1,L,LH,double
1428,-19.7249,0.0221922555754177,1.5133691245985263,13.329705320940295,0.0875154923510495,0.0487231466073541,43.7249,11.258128923474723,1,L,LH,double
1429,-31.7312,0.0165663041849791,1.0177704438143147,17.6982335331327,0.0700156865043438,0.0262150508388919,67.7312,12.764472423225047,1,L,LH,double
1430,-31.7312,0.0371629022766895,2.201294736125026,17.38714353665412,0.0700185251281135,0.056701777270508,67.7312,16.624931365628296,1,L,LH,double
1431,-37.7161,0.0509687526078043,2.5944053949402397,16.833296385473382,0.0927000796916631,0.0884755893761677,79.7161,18.476878848075422,1,L,LH,double
1432,-61.720600000000005,0.0294415617037472,0.6774686840868395,4.708748976014915,0.2271398775188861,0.0566093450338069,127.7206,21.181511349922207,1,L,LH,double
1433,,,,,,,139.7366,34.907192963029814,2,L,LH,double
1434,0.0,0.1923018009441123,26.683466725371066,53.90970822928688,0.0246466318441252,0.241938703271987,0.0,1.1172514077525253,0,R,LH,double
1435,0.0,0.1335711240977709,16.018517051342577,50.94044906136818,0.0321068737395092,0.1892020536933006,0.0,3.3463931022053943,0,R,LH,double
1436,0.0,0.212557940104474,28.614126309771123,52.9413562184718,0.0265967436756043,0.2799719201278605,0.0,4.764390855987146,0,R,LH,double
1437,-1.7298999999999998,0.1333857376864403,15.366092427408326,48.02894692785619,0.033190915969356,0.1876239164003784,7.7299,7.522721052700068,1,R,LH,double
1438,-61.720600000000005,0.0369853904259367,1.127806789938767,12.015614642184312,0.1214787571569945,0.0504011636029097,127.7206,9.04890405478139,1,R,LH,double
1439,-1.7298999999999998,0.0176233659730247,,,,,7.7299,11.247169432243028,1,R,LH,double
1440,-19.7249,0.2177803029016608,16.47806133332459,24.513734059481404,0.0475844139525962,0.2884538620727497,43.7249,11.781392187965656,1,R,LH,double
1441,-1.7298999999999998,0.1444601295904712,19.201083898903278,57.48396709971464,0.0302524243247953,0.2136935661063918,7.7299,12.280064943688284,1,R,LH,double
1442,-7.7334,0.1364224466045887,14.032534060829263,42.17798771330899,0.036305178838332,0.1874175272407988,19.7334,13.776083210856171,1,R,LH,double
1443,-13.7216,0.2443557914148684,24.645161543143796,41.42727418540277,0.0373325231145658,0.3384733890868103,31.7216,15.453437025559555,1,R,LH,double
1444,-19.7249,0.228428665047173,17.22038761326265,27.677782444525395,0.054779200543204,0.3470276910298797,43.7249,16.972561271432614,1,R,LH,double
1445,-19.7249,0.2108667693666613,17.52369220590181,33.59413538669941,0.0460740236046905,0.2970210814357495,43.7249,19.285467573036723,1,R,LH,double
1446,-19.7249,0.1916854898953029,16.292457014673364,34.53225497931052,0.0452840282892058,0.2714170681747817,43.7249,19.63240351827734,1,R,LH,double
1447,-19.7249,0.2113780496730622,16.63979552032204,33.05396248553617,0.0515778435076694,0.3157306061356101,43.7249,21.480225960560613,1,R,LH,double
1448,-19.7249,0.1741336718852011,12.422799705249782,27.663546140527757,0.061316938842991,0.2802240892797127,43.7249,22.59086144639744,1,R,LH,double
1449,-31.7312,0.0986094997504723,5.903194558595738,18.635939243442056,0.0625490901456802,0.1358356020068788,67.7312,23.463503613840658,1,R,LH,double
1450,-25.7399,0.2065792104301514,16.377065672981086,32.75652392534844,0.0481074461440177,0.2898370568538898,55.7399,24.73544703280554,2,R,LH,double
1451,-43.7195,0.2085412497765584,11.204290072088364,20.96727317841748,0.068693126777854,0.2831412513301188,91.7195,27.67940144206454,2,R,LH,double
1452,-43.7195,0.2111437759900718,9.820424720088818,18.75196444508032,0.1041023008797222,0.3760937509400531,91.7195,28.20537877426539,2,R,LH,double
1453,-43.7195,0.1416359218677432,7.860867450970692,23.75127900858165,0.0728940954267744,0.2107989010223838,91.7195,32.40846313571158,2,R,LH,double
1454,-50.2546,0.122127838450918,5.235615274782685,17.97340396291192,0.0999087649734956,0.1924317966236913,104.2546,34.775383836989,2,R,LH,double
1455,-55.71939999999999,0.0768454119010818,4.004357325512051,21.15312845027869,0.066728451501052,0.0982990655313277,115.7194,36.623974726204864,2,R,LH,double
1456,-25.7399,0.0872842681323679,41.38611886438004,91.09594724914652,0.0225064259956484,0.3426626377428675,55.7399,39.23315970663023,2,R,LH,double
1457,-55.71939999999999,0.1326632923870838,4.697169439029079,15.565053385962807,0.1275198879498403,0.2203533549300725,115.7194,41.408768023218144,2,R,LH,double
1458,,,,,,,151.728,42.40179320173609,2,R,LH,double
1459,-55.71939999999999,0.10522504163501,3.6038541043739714,15.16064552395387,0.1379020907405993,0.1828283625759993,115.7194,43.60970111965571,2,R,LH,double
1460,-61.720600000000005,0.1329793980813496,3.4354535259739785,12.574567392818338,0.2334147158300411,0.2949971559671229,127.7206,44.95987830058671,2,R,LH,double
1461,,,,,,,151.728,47.256730602011245,2,R,LH,double
1462,-61.720600000000005,0.1018799887504995,3.427288920386822,15.083379983665845,0.1278227755606373,0.1611626792577311,127.7206,49.73699478613879,2,R,LH,double
1463,,,,,,,139.7366,51.09318780287793,2,R,LH,double
1464,,,,,,,139.7366,53.10793902662554,2,R,LH,double
1465,,,,,,,151.728,55.85071310724173,2,R,LH,double
1466,,,,,,,151.728,56.199001879383474,2,R,LH,double
1467,,,,,,,151.728,57.53795624044838,2,R,LH,double
1468,0.0,0.0599338137523733,5.511107871207048,20.509133719955432,0.0452617651354582,0.0917647565058233,0.0,0.8322828756217965,0,L,LH,double
1469,0.0,0.0985284817218794,11.007501465119931,36.4034166986893,0.0262660043836419,0.1063624377387261,0.0,2.61320403181011,0,L,LH,double
1470,0.0,0.0956666218969121,10.28551654149936,37.88319328394317,0.0332029680599158,0.125634389205602,0.0,3.597115830058593,0,L,LH,double
1471,-13.7224,0.0352558525618112,2.8054550840730594,24.16406784560284,0.0549496339994923,0.0567118274705238,31.7224,5.139319667299312,1,L,LH,double
1472,-13.7224,0.0386517051898635,3.0852103705837286,25.345533048826965,0.0445127750143974,0.0505213527383694,31.7224,6.245683289667654,1,L,LH,double
1473,-31.7312,0.0089533076514806,0.4685454854742509,7.379396384738235,0.1191520778268891,0.0205380353008921,67.7312,7.020347518995309,1,L,LH,double
1474,-25.7416,0.037456741533552,2.181678255047735,15.34446749983804,0.0737480744441617,0.059189804633936,55.7416,8.71006529473227,1,L,LH,double
1475,-31.7312,0.024846496912416,1.707405116073364,27.4135405536458,0.0570981445062813,0.0358644431300879,67.7312,10.048536826863232,1,L,LH,double
1476,-43.7182,0.0150388771191458,0.8088299465403783,15.860793999613083,0.0569599365041781,0.0169485378282996,91.7182,13.46365824651245,1,L,LH,double
1477,-61.7196,0.0139653589284341,0.6039519412647696,17.105421545629447,0.0729842105869067,0.016215741577696,127.7196,16.23025595490809,1,L,LH,double
1478,-50.255300000000005,0.0611061114536625,2.764144629126009,19.493611095391252,0.0952502380882179,0.0968572983412003,104.2553,21.93845077877633,2,L,LH,double
1479,,,,,,,139.7367,25.112887427157983,2,L,LH,double
1480,0.0,0.2565991029067225,41.180673102637286,64.35908247869396,0.0227856938877781,0.3451923938075539,0.0,0.911374786933325,0,R,LH,double
1481,0.0,0.282003446856102,42.817737808130815,62.914969718023016,0.0231342640441784,0.3644055012460698,0.0,1.9051568802279133,0,R,LH,double
1482,-7.733499999999999,0.1262587219937153,19.198537059113743,60.69257404186756,0.0245187254795113,0.1731695568989186,19.7335,5.833294538156297,1,R,LH,double
1483,-25.7416,0.2729133418246717,19.517531869524507,27.582329462511677,0.049332809004296,0.3542144386479389,55.7416,6.303572188911678,1,R,LH,double
1484,-13.7224,0.136198310902424,22.35110662869421,63.293839720295,0.0207670667910988,0.1707574686897693,31.7224,6.916466889922546,1,R,LH,double
1485,-7.733499999999999,0.249227402411353,33.11008044560863,55.20813930468258,0.0292260569126804,0.3559885091220829,19.7335,8.02588400399642,1,R,LH,double
1486,-13.7224,0.2352852414945491,26.31116806162784,45.42466868723723,0.0321029274905363,0.3107350796486705,31.7224,9.584642991493793,1,R,LH,double
1487,-7.733499999999999,0.2317105266678633,32.209455289367305,57.64582071934591,0.0294700866485019,0.3491968449852753,19.7335,10.390988449036648,1,R,LH,double
1488,-31.7312,0.1842554034561797,13.783455293293708,28.88953776467871,0.0463732227937004,0.2351423743082821,67.7312,12.427695144494407,1,R,LH,double
1489,-19.7246,0.312232011916765,32.52422460182209,42.65280978069144,0.0355210846517343,0.4250095494948229,43.7246,13.657176916442335,1,R,LH,double
1490,-25.7416,0.2910894686031083,24.52664713756698,33.92620844922531,0.0430633838882896,0.3885544207078821,55.7416,15.22044605215008,1,R,LH,double
1491,-19.7246,0.2921700410631209,28.957764021135453,43.39584961477031,0.0421636864345529,0.4491683199475613,43.7246,17.5868481811149,1,R,LH,double
1492,-31.7312,0.2137389168450669,15.891327580382608,30.570835487236348,0.047424963569071,0.2772507337809963,67.7312,20.17908526968067,2,R,LH,double
1493,-37.71510000000001,0.1365001577332001,7.720666568483508,21.09846062751153,0.0585439667862064,0.1662809361488851,79.7151,21.920478019870284,2,R,LH,double
1494,-43.7182,0.2264545033192034,12.75563293038504,22.896056682805632,0.0666035558280644,0.3125395244549778,91.7182,22.70109156689596,2,R,LH,double
1495,-50.255300000000005,0.1342572277106431,5.482764961359927,16.229234436849502,0.1039927208205091,0.2097529549665542,104.2553,24.46325753681932,2,R,LH,double
1496,-50.255300000000005,0.1608484508247603,8.731892749716243,22.39754409810689,0.0618917869308611,0.1988139860666812,104.2553,26.570024228741215,2,R,LH,double
1497,-50.255300000000005,0.2143874244523951,8.892484173491768,17.197699183136265,0.1064549943816416,0.3482528348668486,104.2553,28.45754966343506,2,R,LH,double
1498,-55.720200000000006,0.1314055986580141,5.260746289882385,16.33444450159185,0.091570094889323,0.1772174731515122,115.7202,29.829765705728963,2,R,LH,double
1499,-61.7196,0.1133795703504487,3.3558933469704777,11.533028950643205,0.1236365818753851,0.1526372939751368,127.7196,32.182059357968484,2,R,LH,double
1500,-50.255300000000005,0.1552296649769059,7.022365310878718,20.91526763892504,0.1017336004208496,0.2628169379152125,104.2553,33.297404422717875,2,R,LH,double
1501,-55.720200000000006,0.1410691567138347,6.033292058215837,17.865727259565677,0.0891600297443174,0.1978928357372062,115.7202,34.087404422717874,2,R,LH,double
1502,-55.720200000000006,0.1839412537229532,6.860297025849055,15.134168622116412,0.1072626843701398,0.270705512160305,115.7202,35.42475948546524,2,R,LH,double
1503,,,,,,,151.7287,37.41169932409623,2,R,LH,double
1504,,,,,,,139.7367,38.3071295539377,2,R,LH,double
1505,-61.7196,0.1787660302727453,4.642432530513529,11.828439987762598,0.2186143204453507,0.3733616662724551,127.7196,39.09072383285191,2,R,LH,double
1506,,,,,,,139.7367,41.997913756609336,2,R,LH,double
1507,,,,,,,139.7367,45.8401026730528,2,R,LH,double
1508,,,,,,,151.7287,47.180596732159366,2,R,LH,double
1509,,,,,,,139.7367,48.39527099872232,2,R,LH,double
1510,,,,,,,151.7287,51.188419355296006,2,R,LH,double
1511,,,,,,,151.7287,52.52426703202708,2,R,LH,double
1512,,,,,,,151.7287,54.729512232480495,2,R,LH,double
1513,,,,,,,168.1008,56.438861773537774,2,R,LH,double
1514,0.0,0.1616730092349061,16.365482384591928,40.12113844258937,0.0413759570603196,0.2491049637778555,0.0,2.7002073750652738,0,L,HL,double
1515,-1.7266000000000004,0.1651827873455054,19.18881666380738,47.89984235872673,0.0294884772193638,0.2081642076745236,7.7266,3.2038714088467213,1,L,HL,double
1516,-7.727,0.102925585168914,13.11577973665165,53.41510131078056,0.0294965361140722,0.142321545402698,19.727,4.008210642361199,1,L,HL,double
1517,-1.7266000000000004,0.2514017253631623,40.436292260423215,64.02659970416931,0.0236017440733446,0.3510920064335239,7.7266,4.980536162109219,1,L,HL,double
1518,-7.727,0.2339707724152013,36.84375752617303,63.04863008966897,0.0258025471724105,0.3497292965081747,19.727,6.16722661138343,1,L,HL,double
1519,-7.727,0.1434568830779922,13.238089986871922,34.79943392779103,0.0418999393096982,0.2040535904772959,19.727,7.267443433480328,1,L,HL,double
1520,-13.7265,0.2479868080978904,26.405250231609077,42.888946645916405,0.0312943827258775,0.3039920283721938,31.7265,8.531347372848252,1,L,HL,double
1521,-19.725900000000003,0.1615544050403611,14.81834730539051,37.13407925433002,0.0378644098406954,0.2064127308871221,43.7259,11.40509397828686,1,L,HL,double
1522,-50.2603,0.1551292385061445,6.179287494821656,14.394866385473827,0.0987971000174001,0.2245888113110944,104.2603,11.75939842906977,1,L,HL,double
1523,-25.727,0.1614822056717734,12.060394811918114,27.753032083898685,0.0479204683500263,0.2126121588359987,55.727,13.08963869455348,1,L,HL,double
1524,-31.7299,0.2187130219129932,13.713298909895371,23.17839384730193,0.0584421966639983,0.2948315746416264,67.7299,14.554358928939106,2,L,HL,double
1525,-43.7233,0.2079148968102676,12.498530902770174,24.182083406453977,0.059755423330689,0.2747526019147587,91.7233,17.349584723857546,2,L,HL,double
1526,-43.7233,0.2296304505853356,12.500672462291678,21.684969547317177,0.0670847031302368,0.3085051344865724,91.7233,20.832720814540853,2,L,HL,double
1527,-50.2603,0.1476131416896209,6.71094401684625,17.736865158007777,0.0832654400272234,0.2055672449819287,104.2603,23.02339350169619,2,L,HL,double
1528,-50.2603,0.1604833517749832,7.060158348592651,17.603994210151452,0.0908041475483081,0.2358444417676338,104.2603,24.505488060675106,2,L,HL,double
1529,-61.725,0.0940155009982272,2.4913927444278645,10.835042129367569,0.1746091135926099,0.1600348698803669,127.725,26.67770587387482,2,L,HL,double
1530,-55.723,0.1762791284284061,6.309877908573345,13.780168494401725,0.1050722524748841,0.2439015254982422,115.723,27.085740236971706,2,L,HL,double
1531,-55.723,0.1771367662621593,6.264189464222698,14.360037887371067,0.1207134169568549,0.2781800278303429,115.723,30.121092314860316,2,L,HL,double
1532,-61.725,0.1551836969576317,4.272823453772649,10.203755926118742,0.1648068754188535,0.2590572748050411,127.725,32.04863137344766,2,L,HL,double
1533,,,,,,,151.723,36.631902786569,2,L,HL,double
1534,,,,,,,151.723,37.50848183212256,2,L,HL,double
1535,,,,,,,151.723,42.50633213535731,2,L,HL,double
1536,,,,,,,151.723,43.91349221885101,2,L,HL,double
1537,,,,,,,151.723,45.23717838801794,2,L,HL,double
1538,0.0,0.058094026929008,5.431791004534036,16.938810683062844,0.0490189644544419,0.0979518633379347,0.0,1.4201600851445253,0,R,HL,double
1539,0.0,0.0612880686424487,6.996030108001837,33.96083087284665,0.028853738629246,0.0742607414967907,0.0,3.6774454777029697,0,R,HL,double
1540,0.0,0.0694440366746364,6.3989009346736445,17.448766123105024,0.0501440410055438,0.1180402809963906,0.0,4.090708364011431,0,R,HL,double
1541,0.0,0.0499291477383627,4.593912450885598,27.369812212544645,0.0556758319631446,0.0940924870229136,0.0,6.024923934929971,0,R,HL,double
1542,-1.7266000000000004,0.0559882272625152,4.989650337518185,26.043182040926208,0.0603397886529801,0.1107590992464505,7.7266,7.381142504709835,1,R,HL,double
1543,-1.7266000000000004,0.0287362209936998,2.4506210921275904,17.211689277792555,0.077856823310209,0.070190504668241,7.7266,8.013789973052198,1,R,HL,double
1544,-1.7266000000000004,0.0321370967231772,2.657182062435091,13.63808835198557,0.0802939601641376,0.0784891648968468,7.7266,8.898267782701925,1,R,HL,double
1545,-13.7265,0.044978042203353,3.524246223340496,22.581754182663705,0.0545583779513958,0.0707348132315586,31.7265,9.802466871583128,1,R,HL,double
1546,-25.727,0.022799028507089,1332.8523238941148,496.692505363068,0.0044101930523878,2.1624454084031006,55.727,10.951194345135338,1,R,HL,double
1547,-1.7266000000000004,0.0472650750852814,3.496683584701543,33.98783410382224,0.0649472057308297,0.0835453578704037,7.7266,11.972095056566182,1,R,HL,double
1548,-13.7265,0.0210176512950251,1.5463351002938006,25.61675539128437,0.0756280837841683,0.0430221617563897,31.7265,12.807762129956672,1,R,HL,double
1549,-13.7265,0.050301918976491,3.635308765280718,21.79591443302193,0.0735254922178288,0.0983297108977748,31.7265,13.493423878634545,1,R,HL,double
1550,-25.727,0.0395046342908002,2.5797145681223124,23.302389644232715,0.0672475985291116,0.063819581833107,55.727,15.92643133643812,1,R,HL,double
1551,-50.2603,0.0580888400103129,2.675688353559344,15.877793813262205,0.0702454317483587,0.069144737551507,104.2603,19.30911446795582,1,R,HL,double
1552,,,,,,,168.1016,37.9240567883874,2,R,HL,double
1553,0.0,0.1986323280931513,26.364478768011875,53.14553064449144,0.0290298860961965,0.2815594055068411,0.0,0.9444702510451544,0,L,HL,double
1554,0.0,0.078028817823742,10.178841780502186,54.44553916631816,0.0267156551559532,0.1000390850013742,0.0,2.7929269842619058,0,L,HL,double
1555,-7.728200000000001,0.0798009108273992,7.983839050579568,42.73068264129664,0.0397314423792957,0.1166948319643129,19.7282,4.1084441756951735,1,L,HL,double
1556,-13.7258,0.1302239584058861,10.71263216284055,30.92862018512821,0.0503545042927928,0.1984449428986029,31.7258,6.169081150928806,1,L,HL,double
1557,-31.7294,0.1265831072788862,8.883908033242355,26.822241051246763,0.0514394366906564,0.1681147333794456,67.7294,7.477919477270145,1,L,HL,double
1558,-13.7258,0.1242855123864443,11.365682953174264,35.177944993099274,0.0416294719501321,0.1740611936332896,31.7258,9.140497891811844,1,L,HL,double
1559,-37.7227,0.0735438353617256,5.049446060044788,28.1576576216425,0.0544065543856785,0.1010649296210443,79.7227,11.42439326332351,1,L,HL,double
1560,-25.727400000000003,0.0829745667714771,6.034983821346984,31.5765572314022,0.0601873938318229,0.1336248302958346,55.7274,12.08321063604527,1,L,HL,double
1561,-19.7249,0.1674748022534924,13.814729270533542,31.92105189876865,0.0459768009767678,0.2336612236337951,43.7249,13.491886478485243,1,L,HL,double
1562,-31.7294,0.1667636048030989,13.34262659873134,30.631955994690408,0.0414402635691211,0.203408622743594,67.7294,15.41852958376444,1,L,HL,double
1563,-25.727400000000003,0.2064902418869819,18.74726191773977,38.18805145076426,0.0421889209132681,0.2909656909402263,55.7274,17.57360939730201,2,L,HL,double
1564,,,,,,,151.7253,17.72844939730201,2,L,HL,double
1565,-37.7227,0.1227011799305794,5.233363826658674,18.06274235062409,0.0853777474758929,0.1643732487794426,79.7227,19.5672587675245,2,L,HL,double
1566,-31.7294,0.0934631116306739,6.278787701532697,27.31018163822324,0.058817412941037,0.1358586314133239,67.7294,20.2782587675245,2,L,HL,double
1567,-37.7227,0.1136466639436686,6.303932649652243,20.840838427820508,0.076661066222427,0.1777836989737989,79.7227,21.93093876752449,2,L,HL,double
1568,-50.26049999999999,0.0734224845046071,2.824800824915172,13.071235645659906,0.0959140976251545,0.0996726017353843,104.2605,24.16479434242884,2,L,HL,double
1569,-61.726200000000006,0.1337982281475838,3.878068126353013,12.2674088253814,0.1506709220642607,0.2149564089742919,127.7262,25.1854158758371,2,L,HL,double
1570,-50.26049999999999,0.1033058199746029,4.539036829044433,19.560021096447315,0.1026301615178174,0.1713737251314486,104.2605,26.405819081867403,2,L,HL,double
1571,-50.26049999999999,0.1324855712778009,6.063030434446625,20.640158388585,0.0957204290919675,0.2135009948956929,104.2605,29.75528304440905,2,L,HL,double
1572,-61.726200000000006,0.0762958654306937,2.410950135397532,12.137322590603269,0.1127667466025814,0.1000172241683839,127.7262,31.166233092333652,2,L,HL,double
1573,,,,,,,139.7298,32.481610553291866,2,L,HL,double
1574,-55.7242,0.0965412925095927,3.395946867618921,17.602182853501986,0.1534705067438236,0.1917305561153033,115.7242,33.7246836066368,2,L,HL,double
1575,-61.726200000000006,0.1083793989476285,3.3925631545910138,11.808123419289716,0.1112651511805616,0.138864943411389,127.7262,35.488663009763854,2,L,HL,double
1576,,,,,,,139.7298,37.35096557534942,2,L,HL,double
1577,,,,,,,151.7253,39.16316961655884,2,L,HL,double
1578,,,,,,,151.7253,40.222105263717765,2,L,HL,double
1579,,,,,,,139.7298,40.39074389748831,2,L,HL,double
1580,,,,,,,151.7253,42.96950423433197,2,L,HL,double
1581,,,,,,,151.7253,44.34116135457658,2,L,HL,double
1582,,,,,,,151.7253,45.80461678309996,2,L,HL,double
1583,,,,,,,151.7253,48.02830681287029,2,L,HL,double
1584,0.0,0.0598258054652812,5.894937096417034,27.60914139293068,0.0471427204390094,0.1022349370225064,0.0,1.0665256638383045,0,R,HL,double
1585,0.0,0.0910487376749531,9.555374258914018,36.99062949523472,0.0326671309836489,0.1148323397690825,0.0,1.83961407092514,0,R,HL,double
1586,-7.728200000000001,0.0637478051069023,5.148558207980869,26.344442995345812,0.0649477241724997,0.1230141536014168,19.7282,3.341370083156596,1,R,HL,double
1587,-25.727400000000003,0.0220109485915304,1.339597878980992,7.414856595446461,0.1486880687218203,0.0732750443328549,55.7274,7.041739908075717,1,R,HL,double
1588,-19.7249,0.0106564198149692,0.7037574260338426,4.556374812292939,0.2982418987660723,0.077214197885449,43.7249,8.026901583588929,1,R,HL,double
1589,-31.7294,0.0691583225788269,3.9592748730339142,17.75077863992181,0.0742252887602953,0.1081117924034092,67.7294,10.17107699500004,1,R,HL,double
1590,-19.7249,0.0204974759754909,1.8857593143361897,28.871183174318467,0.0311371226746238,0.0216008209636549,43.7249,11.561893478077517,1,R,HL,double
1591,-19.7249,0.070974754599519,5.366578471424104,29.822810199552165,0.0553922221227008,0.1093583099499821,43.7249,13.623393593259776,1,R,HL,double
1592,-37.7227,0.0426116192012215,2.657330527428588,24.621684136624644,0.0581173510415161,0.0568142013381491,79.7227,14.766132305024474,1,R,HL,double
1593,-25.727400000000003,0.0297983932944409,3.8090348112644663,50.670153231794295,0.0303765169883139,0.0425655682358168,55.7274,16.033069667012036,1,R,HL,double
1594,-31.7294,0.0642860937903913,4.282002839261864,28.63524952783781,0.0651051322612588,0.1025575634853381,67.7294,18.69128646263472,2,R,HL,double
1595,-50.26049999999999,0.0199672928214952,0.7309596391292951,7.146400467302396,0.2444198223407691,0.0657257180855067,104.2605,19.469659360424554,2,R,HL,double
1596,-37.7227,0.0812519576077957,4.811043808202197,24.1576652007652,0.0657660843000078,0.1163983474225043,79.7227,20.38365044368028,2,R,HL,double
1597,,,,,,,139.7298,23.240851496334656,2,R,HL,double
1598,-1.7270000000000003,0.3014882273867433,69.0788004630606,83.00643827947282,0.0174372948065683,0.4431282275250096,7.727,1.93285604720062,1,L,HL,double
1599,-1.7270000000000003,0.3782852442263764,54.676834559585934,59.66359282317369,0.0270303526014591,0.5437015771521665,7.727,1.9767845937279072,1,L,HL,double
1600,-19.7251,0.1550485800179258,12.284255358761367,27.960189823822507,0.0405325298991203,0.1831715690420824,43.7251,5.016588562694454,1,L,HL,double
1601,-19.7251,0.1572886033339824,12.52129195382752,27.862744593899887,0.0435292545635948,0.2005099321258483,43.7251,5.478081957365494,1,L,HL,double
1602,-13.7259,0.2402589387996099,30.01409733085312,52.7937878228889,0.0273387447104028,0.3018626457531567,31.7259,6.649565189991979,1,L,HL,double
1603,-19.7251,0.0423539579033962,2.8401033866592944,9.5864109582634,0.1143384764895256,0.1194626292621955,43.7251,7.856547914516238,1,L,HL,double
1604,-19.7251,0.2377485799095974,22.12473186395417,37.21111098414001,0.0397660317436216,0.3236650373813053,43.7251,9.007556345754267,1,L,HL,double
1605,-19.7251,0.2572720391210104,25.138252628098275,39.84040326420933,0.0374050066793472,0.345915753700261,43.7251,9.903844273487,1,L,HL,double
1606,-31.728800000000007,0.2783957543897163,18.950478648630824,24.63724905160377,0.0481260134707064,0.3355100936084128,67.7288,10.274368590907596,1,L,HL,double
1607,-25.7278,0.2346242347752648,16.315539130807426,26.617200416788016,0.0643546124028411,0.3862661280790441,55.7278,13.441443370990129,1,L,HL,double
1608,-25.7278,0.2433846671045525,18.857426751479466,30.36005725344238,0.0465133497815549,0.3226751830103073,55.7278,12.833364775130306,1,L,HL,double
1609,-31.728800000000007,0.3034840696990082,22.73605724354393,29.260984911543865,0.0457310334635223,0.3825002189793112,67.7288,14.292491475475474,2,L,HL,double
1610,-37.721900000000005,0.2014553533319575,11.34833950792886,20.95342266172717,0.0686842787843712,0.2867445554547745,79.7219,16.02121547932969,2,L,HL,double
1611,-31.728800000000007,0.2080933084552081,13.404998009013909,27.023548687290702,0.0671546483450653,0.3311679892558986,67.7288,18.10823933475799,2,L,HL,double
1612,-43.7235,0.1876151309930689,19.01313462065008,37.72501397169686,0.0375993016138003,0.2629898694613527,91.7235,19.69987789005565,2,L,HL,double
1613,-43.7235,0.1824802017426562,9.521918972715838,19.3239022651202,0.0698769046743357,0.2447730832790055,91.7235,20.82406522059824,2,L,HL,double
1614,-50.2616,0.1237474444765006,4.99772411404824,13.3718959876209,0.085828537175714,0.1578009113792723,104.2616,22.87350808376658,2,L,HL,double
1615,-61.7263,0.1706583178243987,4.642592598363605,8.4467176250207,0.1319009889616333,0.2252755945535118,127.7263,23.29695103151752,2,L,HL,double
1616,-43.7235,0.1478029124111338,7.079896143011909,19.81921665945485,0.0959598183198448,0.2499319755935414,91.7235,24.7627150814246,2,L,HL,double
1617,-50.2616,0.1915188218951767,8.25916271155624,19.138344940810747,0.1045828971135394,0.3177621816338022,104.2616,27.800077478232694,2,L,HL,double
1618,,,,,,,151.7248,28.25597531499335,2,L,HL,double
1619,-55.7235,0.1369633619894296,5.505005113705388,17.289229363590888,0.0933865401934385,0.1891243858285162,115.7235,29.420579765512567,2,L,HL,double
1620,-55.7235,0.1733297521226577,6.03344899246384,14.718897016724236,0.1295183584536641,0.2874765968475088,115.7235,32.057997397213825,2,L,HL,double
1621,-55.7235,0.1443987296402383,4.938402841900811,15.84557507193277,0.147186098884628,0.2673984137370295,115.7235,32.996879410727765,2,L,HL,double
1622,-55.7235,0.1305056684181785,4.962167728951109,17.227051523241336,0.1172277634962457,0.2139968780529071,115.7235,34.23501390322704,2,L,HL,double
1623,,,,,,,139.7301,36.48653771740929,2,L,HL,double
1624,,,,,,,139.7301,39.46716582065197,2,L,HL,double
1625,,,,,,,151.7248,40.45503624457156,2,L,HL,double
1626,,,,,,,139.7301,42.79636562382025,2,L,HL,double
1627,,,,,,,151.7248,45.64600534832813,2,L,HL,double
1628,,,,,,,151.7248,47.68007664558491,2,L,HL,double
1629,,,,,,,151.7248,50.53024465619247,2,L,HL,double
1630,0.0,0.0794728419572818,9.36402020217764,38.48609490506173,0.02610535122592,0.0899285106147487,0.0,6.428398435763814,0,R,HL,double
1631,0.0,0.0803470330745372,9.557351770578476,43.82883430302621,0.0276925033609582,0.0973655465955276,0.0,7.226238560675417,0,R,HL,double
1632,-55.7235,0.052388426039115,1.8324746283121505,11.954393866868926,0.1107511417036374,0.0746606386077222,115.7235,7.647390813429694,1,R,HL,double
1633,-1.7270000000000003,0.0691212885327043,6.111357485520939,28.575855423784088,0.0482887290358694,0.1085647862447532,7.727,9.246134372612785,1,R,HL,double
1634,-37.721900000000005,0.0683215314505453,3.973925769765133,24.34131538014145,0.0753068026773349,0.1100929420433669,79.7219,19.846974083715647,1,R,HL,double
1635,-37.721900000000005,0.104898192258127,6.411928901332616,25.34472191438324,0.0639021090954554,0.150733369835141,79.7219,23.553112082094472,2,R,HL,double
1636,,,,,,,0.0,2.496264534493663,0,L,HL,double
1637,0.0,0.2503495097611348,24.66452168960598,33.93782984945351,0.0421691385234339,0.3826246494583833,0.0,3.8297128116030814,0,L,HL,double
1638,0.0,0.3518943322343189,46.72698800824207,52.32764695308066,0.024897798775851,0.4279906272596937,0.0,4.501760181481982,0,L,HL,double
1639,0.0,0.2684127418917318,33.13263630587317,46.65254473596954,0.0278260624809716,0.3391667480370042,0.0,5.643073009849969,0,L,HL,double
1640,0.0,0.219270966108695,26.72835611110672,45.93279073355522,0.0280734316929147,0.276040795951765,0.0,6.325545172017912,0,L,HL,double
1641,0.0,0.5582014401178199,66.66243800720854,52.67837510753936,0.0392809117743716,0.9633148846490668,0.0,9.578397830211784,0,L,HL,double
1642,-1.7233,0.2844679759595552,32.21577673017459,44.65379504243009,0.0326659206690715,0.3871408755128859,7.7233,9.770223448259497,1,L,HL,double
1643,-1.7233,0.200716168364398,20.715784074620213,39.30397499048032,0.0353356013089941,0.269289475138401,7.7233,11.681540444499394,1,L,HL,double
1644,-7.728400000000001,0.2394108221117036,39.43250554522163,63.863082044936775,0.0211377123416857,0.3066322816127309,19.7284,12.733984191525884,1,L,HL,double
1645,-13.7206,0.2731171035677471,29.498506701408157,41.80599787706981,0.0314653509453148,0.3414586581880294,31.7206,13.72832096021352,1,L,HL,double
1646,-1.7233,0.2043076348817716,18.706492756250785,38.09434101394635,0.0401850853639437,0.2765430723186176,7.7233,14.672924459042523,1,L,HL,double
1647,-7.728400000000001,0.1672539055215825,16.860902614147157,41.21718376277476,0.0378866644777259,0.2350026231444641,19.7284,15.935068393256737,1,L,HL,double
1648,-13.7206,0.1562823532882779,15.783413965368462,40.55032405835846,0.033822794814765,0.196388456280775,31.7206,16.83731751993903,1,L,HL,double
1649,-13.7206,0.1606064970291817,15.53223422157317,40.26714713641429,0.0391561432415151,0.2237377970427196,31.7206,18.220866093935072,1,L,HL,double
1650,-19.7218,0.1936498475500025,15.9735341111422,31.03587122426679,0.0442634513368174,0.2601068595622218,43.7218,19.22731493217773,1,L,HL,double
1651,-19.7218,0.1947573560043419,16.693756228654355,32.7509527081181,0.0427033895135195,0.2622538867061075,43.7218,20.391021401395804,1,L,HL,double
1652,-19.7218,0.2424839421179675,19.90633308477304,32.14053069605295,0.0428210077559722,0.3135838361172625,43.7218,21.220290203080488,1,L,HL,double
1653,-19.7218,0.2480555035689834,24.705814657439163,40.26444533712758,0.0359673793648223,0.3268989252688484,43.7218,22.18735475625158,1,L,HL,double
1654,-19.7218,0.1604404951077694,16.232734708867422,43.77509672213464,0.0397493362758864,0.2373706890377157,43.7218,24.50006494753476,1,L,HL,double
1655,-25.7333,0.2031516379199883,19.340186715067507,40.19757862418859,0.042041246082419,0.2991174573789541,55.7333,25.74092658783864,2,L,HL,double
1656,-43.721900000000005,0.1640826866734763,9.91876904916675,25.25329229100102,0.0610613752752368,0.22280753704001,91.7219,29.8058048721965,2,L,HL,double
1657,-43.721900000000005,0.147261710143453,7.901961792943784,24.091416366819825,0.0795553591622833,0.2312649858240239,91.7219,33.66939095741704,2,L,HL,double
1658,-55.7167,0.1636034793672091,5.992555775462424,14.757213626577489,0.1133586604985287,0.2499034826180008,115.7167,36.99820672109982,2,L,HL,double
1659,-61.7218,0.1235379992876872,3.890669285324649,13.179309829418916,0.1225322064445771,0.1753800091976584,127.7218,42.55607297127607,2,L,HL,double
1660,-61.7218,0.1023992364350658,2.664034300885316,11.930258182268217,0.2070277580363954,0.2028961982050981,127.7218,44.91007387225296,2,L,HL,double
1661,-61.7218,0.1488145245808172,4.29651802002999,13.368474828666626,0.1684857814082711,0.2663087353049925,127.7218,45.72091784553853,2,L,HL,double
1662,-55.7167,0.1301173450672038,4.902099099125382,17.60593736989422,0.1264584023658512,0.2280527404569722,115.7167,46.864298486266094,2,L,HL,double
1663,-61.7218,0.1066029759868349,2.926459383266972,13.078434607005937,0.1841432296721742,0.1982456994331257,127.7218,49.48894638870168,2,L,HL,double
1664,,,,,,,139.7323,51.46121425894648,2,L,HL,double
1665,,,,,,,151.7229,54.15397350117532,2,L,HL,double
1666,,,,,,,151.7229,57.43920728463731,2,L,HL,double
1667,,,,,,,139.7323,60.4422449032527,2,L,HL,double
1668,0.0,0.0378151135751578,3.058845980761594,2.413603997314783,0.0392311723909029,0.0441463106334732,0.0,1.2857916965205225,0,R,HL,double
1669,0.0,0.016104726353905,1.4420125353706497,2.335621489739655,0.3452627536136957,0.1831573214723561,0.0,3.527549707869815,0,R,HL,double
1670,0.0,0.0651226368426127,5.977598225038649,21.15085920977736,0.0343889003896528,0.0756224125762376,0.0,4.834953724438794,0,R,HL,double
1671,0.0,0.0567947538407347,5.491230990338589,19.19279359732808,0.0314322011395035,0.063496534901108,0.0,5.645431967702127,0,R,HL,double
1672,0.0,0.1074019649635153,13.1886414681662,43.88103824851773,0.0247754191848144,0.1202061233795161,0.0,6.805803211959756,0,R,HL,double
1673,0.0,0.0749107050118926,8.84609514666619,42.320599446893446,0.0285758729855457,0.0929943645587648,0.0,7.142685186099069,0,R,HL,double
1674,0.0,0.0760673907271444,8.082504293529412,39.94022340140192,0.0376315036767625,0.1118930299481945,0.0,8.190762438976927,0,R,HL,double
1675,-50.2594,0.04517923590271,1.7190673961264469,12.325950380563366,0.1107170059751259,0.0700184922607791,104.2594,12.065995717982062,1,R,HL,double
1676,-61.7218,0.0259808689971827,0.7386404150980006,9.099415226378447,0.1146206946031931,0.0311459527684508,127.7218,24.039154186697765,2,R,HL,double
1677,,,,,,,139.7323,26.13146795866805,2,R,HL,double
1678,0.0,0.2097281354940207,37.638652638693934,70.1499310122403,0.0192657052053378,0.2667623270226754,0.0,5.276412405966782,0,L,HL,double
1679,0.0,0.2593117235913389,42.52918363350333,66.1338684085356,0.0235944878868816,0.3691502100974209,0.0,5.820839345509636,0,L,HL,double
1680,0.0,0.2112980768227162,43.874212751286144,80.07845023758651,0.0189757985548796,0.3062773749969464,0.0,6.28474721727908,0,L,HL,double
1681,0.0,0.2746623400581103,62.121185902646246,84.49075493200431,0.0173722411418887,0.397009688334136,0.0,6.495357283203089,0,L,HL,double
1682,0.0,0.2051000043049232,26.150554473933763,47.90322507335712,0.0275126254010359,0.2646783721019032,0.0,7.20339535445229,0,L,HL,double
1683,0.0,0.3025493835345828,37.46634294050431,53.45618924986216,0.0326922545766653,0.4506005259071944,0.0,8.61238090276714,0,L,HL,double
1684,-7.729500000000002,0.2346067878457272,26.656279120338635,46.416325004151794,0.0321698418505391,0.3154670257687162,19.7295,11.644880709470142,1,L,HL,double
1685,-13.7204,0.2592199704947825,25.678703689403385,38.66249523502567,0.035279570458313,0.3332743597826318,31.7204,12.265134457293987,1,L,HL,double
1686,-19.7226,0.2643540355699968,21.21568677750547,32.08192301400517,0.0486441073328461,0.3796582583675866,43.7226,14.260892043776009,1,L,HL,double
1687,-19.7226,0.2125686264700634,18.34341661995457,29.501193533461908,0.0387115698380974,0.2612320937874332,43.7226,15.090944871031803,1,L,HL,double
1688,-13.7204,0.2220522933673642,19.753568271061702,33.61228096714878,0.0417882395613798,0.3036722809463593,31.7204,16.39140791455074,1,L,HL,double
1689,-13.7204,0.2659656142095263,49.53504469374784,68.71093619384891,0.0225137631781189,0.4102666079641851,31.7204,17.69092990748303,1,L,HL,double
1690,-19.7226,0.3378663735553118,31.90703152615507,36.934363037032405,0.0371089878592547,0.4355831073631399,43.7226,18.763781606784875,1,L,HL,double
1691,-43.7218,0.2149156927594875,9.40985589613382,16.133476654359868,0.0786444714875445,0.2722429793620455,91.7218,22.274752578578017,1,L,HL,double
1692,-25.733,0.2657599501131785,21.288508715286017,32.25906014365752,0.0482445339716839,0.3778321184979293,55.733,22.646208024762345,1,L,HL,double
1693,-25.733,0.2263903547491192,16.864019662788273,29.37359103193159,0.0532525833419771,0.3303750932560464,55.733,23.836812968602207,1,L,HL,double
1694,-31.727000000000004,0.136660642277115,7.45802406766455,11.830165613621126,0.1620664268703963,0.4446541559838938,67.727,24.766377921133603,2,L,HL,double
1695,-31.727000000000004,0.2220360881520049,15.037300109329502,25.60583042204133,0.0517766293071665,0.2864238378044614,67.727,25.70036435165266,2,L,HL,double
1696,-37.7187,0.2438194905083436,13.887974678673393,21.104181933682103,0.0675578870798066,0.3451600254565606,79.7187,27.016269785934885,2,L,HL,double
1697,-37.7187,0.2451371841553843,16.84453027442252,27.370090348340387,0.0530498796413092,0.3287371803456721,79.7187,27.730448137469008,2,L,HL,double
1698,-43.7218,0.1486167157469464,7.904127073921052,22.01245387979174,0.0679851826795732,0.1976849925630071,91.7218,30.764729024078164,2,L,HL,double
1699,-43.7218,0.1790206675313219,9.429230882099125,21.888893532469517,0.0766513964289501,0.2658899113391797,91.7218,34.31153404551633,2,L,HL,double
1700,-61.7204,0.1103923661239531,2.759676677512965,7.088885677132704,0.1736382718848822,0.176282490000681,127.7204,34.50768644799971,2,L,HL,double
1701,-55.7165,0.166744271237591,7.253774078220573,17.18386660378262,0.0765424280363852,0.2042545679265133,115.7165,36.62420627880492,2,L,HL,double
1702,-50.2582,0.1592584076623345,6.9445190430312005,18.34983048938749,0.0969239805402231,0.2476161307267872,104.2582,38.16037260365389,2,L,HL,double
1703,-55.7165,0.1851722767718812,6.49118386206118,15.29780318731775,0.1300094885418268,0.3104591603056618,115.7165,40.184217493261215,2,L,HL,double
1704,,,,,,,139.7314,43.15938069563945,2,L,HL,double
1705,-61.7204,0.1082746590502849,3.254204891867257,12.864919283273029,0.1415926183403715,0.1695083219228726,127.7204,44.36080110115951,2,L,HL,double
1706,-61.7204,0.114136432274458,3.322251462314719,13.718006325969574,0.1584075490009968,0.1936038073022718,127.7204,45.250023821531,2,L,HL,double
1707,-61.7204,0.1261895292247651,3.4069205450579383,11.45101009761569,0.1756149989945903,0.2201046049865147,127.7204,46.99952376669343,2,L,HL,double
1708,-61.7204,0.1106043940193171,2.95201248634322,12.310672619551166,0.1931682140899978,0.2097777257634658,127.7204,47.537855590960646,2,L,HL,double
1709,-61.7204,0.1125027982703124,2.926756994577588,13.232755343100504,0.236008920141761,0.2541093239765994,127.7204,50.30065174124029,2,L,HL,double
1710,,,,,,,151.7229,52.4209455496001,2,L,HL,double
1711,,,,,,,151.7229,55.08024922952026,2,L,HL,double
1712,,,,,,,151.7229,56.409416478319,2,L,HL,double
1713,,,,,,,163.7178,57.80520054404525,2,L,HL,double
1714,,,,,,,151.7229,57.98532054404524,2,L,HL,double
1715,,,,,,,151.7229,59.87658054404524,2,L,HL,double
1716,,,,,,,151.7229,60.957300544045246,2,L,HL,double
1717,0.0,0.0839348563936946,8.676909029958534,25.307561394316966,0.0325416344456186,0.1038747339641617,0.0,0.7185012721540949,0,R,HL,double
1718,0.0,0.0886564080645716,7.781579009900451,16.762609385860085,0.0457800205223932,0.1310536836321402,0.0,1.4432656287983197,0,R,HL,double
1719,0.0,0.120877622017171,12.463099522231346,30.53501839274866,0.0412195588008862,0.1889883007050576,0.0,3.340229952486369,0,R,HL,double
1720,0.0,0.0399603268816388,3.771077794222641,24.58991409688491,0.0366211428452919,0.050804584402208,0.0,4.907823802814992,0,R,HL,double
1721,-1.7239000000000004,0.0120320242055458,1.0002442936404092,10.256261259368236,0.0870917507485294,0.0320470915845957,7.7239,5.600526630937132,1,R,HL,double
1722,-19.7226,0.0321248322945608,1.832512187984849,11.995592351369174,0.0981620115656888,0.0661752878998597,43.7226,6.973964749091714,1,R,HL,double
1723,-25.733,0.023541144354053,1.345803449777956,15.209157063533633,0.0916776843981852,0.0453890184008899,55.733,7.801362321592885,1,R,HL,double
1724,-25.733,0.0389022644341972,2.9448909197482056,33.1390996202119,0.0580181765498747,0.0628548517351237,55.733,8.462682553941605,1,R,HL,double
1725,-13.7204,0.099721648415047,6.801552544538608,19.38450996018873,0.0778243299586609,0.1947282522053313,31.7204,9.593172553941605,1,R,HL,double
1726,-13.7204,0.0559033986801925,4.328994085173751,26.459010385992467,0.0536447045339513,0.0854317628867848,31.7204,10.263092553941604,1,R,HL,double
1727,-13.7204,0.0865123955419072,5.845714669761688,23.727578439068704,0.0585448916842036,0.1259018577746103,31.7204,11.226102553941605,1,R,HL,double
1728,-19.7226,0.1100054746889414,7.784637801145743,29.16691257801208,0.0511138591450856,0.1463802891581841,43.7226,13.963334651851136,1,R,HL,double
1729,-31.727000000000004,0.0682236249943956,4.527729825683286,27.064526346656194,0.0514961184886135,0.0857749587061734,67.727,17.199591350052437,1,R,HL,double
1730,,,,,,,139.7314,35.29943330894592,2,R,HL,double
1731,0.0,0.301044938287304,34.25723210183257,48.68029059252291,0.0341830045646532,0.4307923884305847,0.0,3.23261288772072,0,L,HL,double
1732,0.0,0.1503995972321072,21.200107791439912,56.7170847792252,0.02407079818548,0.1877301723520909,0.0,4.302717023068842,0,L,HL,double
1733,0.0,0.1216692238216309,13.460670648706584,46.65422450351016,0.0331144465773006,0.1639795603327557,0.0,5.912454335910531,0,L,HL,double
1734,-19.7249,0.1053785238288618,9.092437980702751,30.466907753582174,0.0382823511663762,0.1280514404693206,43.7249,9.103072139571672,1,L,HL,double
1735,-7.7334,0.1090392986566173,14.544291073244692,54.67935302139351,0.0275493772518813,0.1474042012285136,19.7334,9.917011949672023,1,L,HL,double
1736,-13.7216,0.1175060756136359,9.10025734480083,28.95070185256758,0.0532026575722759,0.1781117286170029,31.7216,10.91916610637647,1,L,HL,double
1737,-13.7216,0.2168183856044485,19.441597215833774,38.37163424567406,0.0443638405145537,0.3172974594471623,31.7216,13.8490547491454,1,L,HL,double
1738,-13.7216,0.2356067436186452,28.213123982862527,49.75888145115648,0.0297359657655055,0.3086304297475836,31.7216,15.51119962034024,1,L,HL,double
1739,-19.7249,0.1957457434126943,17.775438781278943,37.07857045441769,0.0408414919513283,0.2670714391408335,43.7249,16.680172473275668,1,L,HL,double
1740,-31.7311,0.1360040063533149,9.03798117580981,26.933872661117427,0.0566371814007794,0.1883122544513165,67.7311,17.500745510510484,1,L,HL,double
1741,-25.7398,0.1194415541206076,9.139996133008278,30.08337974513487,0.0468452890153708,0.1575133806831448,55.7398,19.02726310806303,1,L,HL,double
1742,-19.7249,0.1644258659319022,12.325862415325505,30.748058315873244,0.056114978626659,0.2544495198215802,43.7249,20.00593537440146,1,L,HL,double
1743,-25.7398,0.2310215678115461,20.13465244259816,37.075540413748286,0.0447561065090929,0.331514061496464,55.7398,20.99699082317733,1,L,HL,double
1744,-31.7311,0.1325639149591147,9.82407559229104,28.6288692951392,0.0449497156885018,0.1624516634561632,67.7311,22.70615465403385,2,L,HL,double
1745,-37.716,0.124158383463511,7.601561150170353,24.809596574149133,0.0620018255203877,0.1733855052044398,79.716,25.12502415042425,2,L,HL,double
1746,-43.7195,0.1781567094281789,10.722626178352655,26.65177692688665,0.058368871125934,0.2302438176142422,91.7195,25.46399387631381,2,L,HL,double
1747,-43.7195,0.1370043915353627,6.741456478855715,20.472120312093324,0.0885551738385241,0.2196206604332628,91.7195,27.75064678326936,2,L,HL,double
1748,-50.2546,0.1391156879825622,6.23969794223076,19.79241891425789,0.0969023453531279,0.2224351274275372,104.2546,30.650389757535216,2,L,HL,double
1749,-61.7205,0.1129821970087271,3.469120954670155,11.069813572826837,0.1088916155496293,0.13896947010283,127.7205,30.650389757535216,2,L,HL,double
1750,-55.7175,0.1621062914364404,5.840892557131049,13.62352113856738,0.1089162351745852,0.2340331384044178,115.7175,32.33711435418688,2,L,HL,double
1751,-50.2546,0.1726865679313717,6.73141156450703,19.319429759365637,0.1678534204776733,0.4156634694445903,104.2546,34.462694351406505,2,L,HL,double
1752,-55.7175,0.0972263705146972,3.310393718869524,15.410234848706963,0.145178647251963,0.1768023009774954,115.7175,36.74316184877444,2,L,HL,double
1753,-55.7175,0.1485937541023335,5.125033945285518,15.9801970045087,0.1444377250332934,0.2723221102482522,115.7175,38.93065766919405,2,L,HL,double
1754,-61.7205,0.1109107354322348,2.959249179975341,11.783984172856671,0.1821313674010051,0.1982767548185935,127.7205,40.19034531892014,2,L,HL,double
1755,,,,,,,139.7355,43.68352362424725,2,L,HL,double
1756,,,,,,,139.7355,45.69656500755097,2,L,HL,double
1757,,,,,,,139.7355,47.31957035541648,2,L,HL,double
1758,,,,,,,139.7355,50.8681894253699,2,L,HL,double
1759,,,,,,,151.7259,53.984891869781066,2,L,HL,double
1760,,,,,,,151.7259,55.42123659702655,2,L,HL,double
1761,0.0,0.0235155008012344,2.1132219074456025,1.885502229739997,0.1519616083014622,0.1181366098214182,0.0,3.925760304882652,0,R,HL,double
1762,0.0,0.0355958118445656,3.184293951148836,10.810933051910466,0.0782610777067788,0.0916778656808209,0.0,5.106567037912141,0,R,HL,double
1763,0.0,0.0121952276312802,1.1051773394668238,4.5277951112471175,0.1424282888291888,0.057907357384752,0.0,6.167972286290093,0,R,HL,double
1764,0.0,0.0150156925396348,1.3219104247176516,3.695683508972463,0.1577974715222564,0.076737489253499,0.0,6.549418029145042,0,R,HL,double
1765,-13.7216,0.0125896203960234,0.930711185748821,13.52102981222099,0.086745698804851,0.0297008173869302,31.7216,9.084588132755831,1,R,HL,double
1766,-31.7311,0.0186944389980382,1.03032143270785,8.665138945873045,0.1482311908691002,0.0561846720046758,67.7311,9.720070436086436,1,R,HL,double
1767,-55.7175,0.012488953809414,0.3132643572996746,3.320265279460056,0.3257981426214262,0.0375461236907821,115.7175,10.279470769300495,1,R,HL,double
1768,-13.7216,0.009367239142648,0.6140296712527399,4.90821726711884,0.1642424307851001,0.0371005407625066,31.7216,11.211804657990594,1,R,HL,double
1769,-7.7334,0.0518054546233381,3.781759009478864,24.03495206181193,0.0894841314741777,0.1244931327079138,19.7334,12.98323904650178,1,R,HL,double
1770,,,,,,,139.7355,14.144539267740749,1,R,HL,double
1771,-25.7398,0.035685609689525,2.125143520370377,20.445875215308664,0.08496190470039,0.0664229291319341,55.7398,15.799738940721513,1,R,HL,double
1772,-25.7398,0.0114744559262565,643.5636823004578,344.5565886302549,0.0067577906892382,1.5999329483239608,55.7398,17.654785356827524,1,R,HL,double
1773,-37.716,0.0526305350161421,2.569299684293455,10.294509218413262,0.1332219593753965,0.125920401108004,79.716,19.740147687926203,1,R,HL,double
1774,-31.7311,0.0744181153521045,4.122814439315458,15.671945428014686,0.0801079701983166,0.1214996520155152,67.7311,20.870134845190154,1,R,HL,double
1775,-43.7195,0.0856661728349246,4.325098662070635,17.30249282880801,0.0749698852724747,0.1192856999200054,91.7195,23.356316740852865,1,R,HL,double
1776,-37.716,0.0336427299933271,1.5662177046980268,10.534808628154847,0.1644161561845439,0.0947331847855555,79.716,24.757472625593596,1,R,HL,double
1777,-50.2546,0.0106855936351953,0.3589569621576179,3.439896974947714,0.3077549559185297,0.040639930307775,104.2546,25.93027529100474,2,R,HL,double
1778,-50.2546,0.01862047859452,0.9053567065132316,23.86430948775069,0.1044682971101941,0.0347944324302634,104.2546,27.384289911476312,2,R,HL,double
1779,-61.7205,0.0155895570926035,,,,,127.7205,34.238975538278545,2,R,HL,double
1780,0.0,0.2777757489216252,40.20560311651084,57.62677572546724,0.023449420614438,0.3468360376270039,0.0,2.0855123465077883,0,L,HL,double
1781,0.0,0.2290692061972571,31.400059975660884,53.241811112794,0.0249359835273327,0.2880464306948654,0.0,3.251872017409755,0,L,HL,double
1782,0.0,0.2769211714652682,60.890694446261264,81.33859748968256,0.01938553830271,0.4342444838163679,0.0,4.077566208166844,0,L,HL,double
1783,0.0,0.2357452642067155,30.10905865054306,51.79655072304591,0.0277439246875979,0.3073056836379179,0.0,5.019426774639026,0,L,HL,double
1784,0.0,0.2287104108822432,23.33207167063744,36.160235299317705,0.0482247620496626,0.4139319156174526,0.0,5.266230664397675,0,L,HL,double
1785,0.0,0.211388141141587,43.14908772805981,77.35078398776282,0.0179753062838051,0.2853339413368853,0.0,5.605586012815819,0,L,HL,double
1786,0.0,0.2879718950029489,49.65684076042717,68.81909990246724,0.0209571966285154,0.3828404269461251,0.0,6.2534462234322765,0,L,HL,double
1787,0.0,0.2215496670949613,30.37408698709691,57.76802502342672,0.0269510390095246,0.3011509677537752,0.0,7.551678824470239,0,L,HL,double
1788,-1.7317999999999998,0.2835039385584229,40.048551138280914,57.4653021081774,0.025981855694664,0.382791683173284,7.7318,9.223571555141238,1,L,HL,double
1789,-1.7317999999999998,0.249629445247264,39.23754825755599,64.17173100249099,0.025308248861178,0.3653166590778588,7.7318,11.122316620741875,1,L,HL,double
1790,-13.7226,0.1932027420780862,21.71433228164668,46.19771592078425,0.0319700843062473,0.2553852313730287,31.7226,13.385088502156606,1,L,HL,double
1791,-13.7226,0.2034941225174709,24.59629062823031,49.93103676850317,0.0311110994067048,0.2815078387971521,31.7226,14.672526035797608,1,L,HL,double
1792,-13.7226,0.3050858112118417,34.13453095174286,46.48444673523525,0.0332635894913287,0.4177039382636393,31.7226,17.941155679923703,1,L,HL,double
1793,-19.7239,0.2222544860602386,15.629488403617303,21.72344193231936,0.0720770425951871,0.414426234106535,43.7239,18.93425510010895,1,L,HL,double
1794,-19.7239,0.2272332946976866,15.26384633498224,22.802483086869028,0.0797404609775146,0.4477630429260581,43.7239,19.610507722312352,1,L,HL,double
1795,-13.7226,0.3598393423085115,41.34807925678423,48.74610613514298,0.0343732981576361,0.5228559605773888,31.7226,20.10537825083471,1,L,HL,double
1796,-37.7154,0.1017118096342502,7.237649537946476,28.7116698633829,0.0482010451951966,0.1283392578477845,79.7154,21.7640190194262,1,L,HL,double
1797,-25.7418,0.3331036720557591,31.004938377417574,37.49347662854094,0.038591022591064,0.4401722679490362,55.7418,22.18777302380256,1,L,HL,double
1798,-25.7418,0.2829403837721327,23.721081592234636,33.70804276603152,0.0441761022677261,0.3855026786952683,55.7418,22.691560069890684,1,L,HL,double
1799,-37.7154,0.2098943324683145,15.671259465831548,30.81789155598381,0.04927792360789,0.2840938414522113,79.7154,26.239845419119824,2,L,HL,double
1800,-55.71939999999999,0.2324235954976069,7.993647838907027,11.851747399841273,0.1083554886227139,0.3186408445196735,115.7194,27.626637339462004,2,L,HL,double
1801,-43.7183,0.2257338301996129,12.322716219089973,21.26139933130877,0.0649887801163864,0.2946119443593717,91.7183,28.13364299281198,2,L,HL,double
1802,-43.7183,0.1735046926692856,9.70247772755224,23.336883045569163,0.0687345316107481,0.2453370563290975,91.7183,31.332276024273185,2,L,HL,double
1803,-61.719800000000006,0.1045459420713599,3.222455013695675,11.989451384302948,0.1166637872958695,0.1383019973692049,127.7198,33.55692547076829,2,L,HL,double
1804,-55.71939999999999,0.206651985728874,7.946971176149704,14.591802167914322,0.0926635706954987,0.2709044800603661,115.7194,35.07876805987726,2,L,HL,double
1805,-61.719800000000006,0.1076399796500422,3.0979246945338623,11.033015327623907,0.1371336508382077,0.1562861212312551,127.7198,36.16715921747698,2,L,HL,double
1806,,,,,,,139.7358,37.80929567885087,2,L,HL,double
1807,-61.719800000000006,0.1497562063269644,4.151858317430047,10.574905397156495,0.14451718914232,0.2207331438080843,127.7198,39.46627830643784,2,L,HL,double
1808,-61.719800000000006,0.2484477385963694,7.524074050072091,11.53471130083461,0.1217234284464644,0.3369246263103764,127.7198,40.05217714900157,2,L,HL,double
1809,-55.71939999999999,0.1617469954330775,6.074802430303003,16.650137456165556,0.1171167308000599,0.2617318754239194,115.7194,41.507296732282505,2,L,HL,double
1810,-55.71939999999999,0.157102553086111,5.727171685636337,18.05201603435359,0.1460567941448756,0.3077283330829394,115.7194,43.392411400758704,2,L,HL,double
1811,-61.719800000000006,0.1618586931073797,4.685853915095281,11.646201171419897,0.142113788007471,0.2449799145003782,127.7198,44.54823728466933,2,L,HL,double
1812,-61.719800000000006,0.128544578568956,3.617522703069296,12.636080975969856,0.1596791350378216,0.2125029458528386,127.7198,45.79556211839419,2,L,HL,double
1813,,,,,,,151.7278,48.4796287301705,2,L,HL,double
1814,,,,,,,139.7358,49.37289143663983,2,L,HL,double
1815,,,,,,,151.7278,52.74303318250725,2,L,HL,double
1816,,,,,,,151.7278,53.71049460351279,2,L,HL,double
1817,,,,,,,163.7151,55.25455172103255,2,L,HL,double
1818,,,,,,,163.7151,56.38539576009073,2,L,HL,double
1819,,,,,,,151.7278,57.5615993785174,2,L,HL,double
1820,,,,,,,151.7278,59.511850841201365,2,L,HL,double
1821,,,,,,,151.7278,60.81561236874151,2,L,HL,double
1822,0.0,0.0707195655403688,6.657064643465676,18.97986049662225,0.047518449506691,0.1163725507824282,0.0,4.287259571752489,0,R,HL,double
1823,0.0,0.0982973599885681,9.247125539678024,19.577883016489768,0.0444438694459152,0.1511903717755476,0.0,5.622390984670764,0,R,HL,double
1824,-7.733699999999999,0.0569963551683947,4.734626322067935,21.368844735882742,0.0441867190221356,0.0769631760686934,19.7337,6.07463689657582,0,R,HL,double
1825,0.0,0.0811986316413425,7.275215595415558,24.03170982321532,0.0678993990882073,0.1817261043333033,0.0,6.742572436130347,0,R,HL,double
1826,0.0,0.0779132961293206,7.404258264952745,28.561960345320056,0.0400330326012847,0.1090449523687611,0.0,8.054947269620392,0,R,HL,double
1827,0.0,0.0916743598436128,8.27049924330303,22.451898042835044,0.0464148926193749,0.1412194755773888,0.0,8.18451690340856,0,R,HL,double
1828,-1.7317999999999998,0.0574803101725509,4.918044970343123,20.43898751934251,0.0653783596658913,0.1182856426283045,7.7318,10.227438850653508,1,R,HL,double
1829,-37.7154,0.0184045791289306,1.0000743302839352,14.234355728385664,0.0594614971098092,0.0218762882778357,79.7154,10.541396519535796,1,R,HL,double
1830,-1.7317999999999998,0.0740522276368191,6.423162011922784,27.398437855194256,0.0497965141962629,0.1176666359473583,7.7318,11.3444530282399,1,R,HL,double
1831,-19.7239,0.0841838857969477,9.195224114665065,44.8769789743909,0.0334489184823799,0.1131487907613329,43.7239,13.685014343540356,1,R,HL,double
1832,-43.7183,0.0568984801676296,3.286086221086824,21.141930412119155,0.0600868089982478,0.0726379557303481,91.7183,13.624590962304282,1,R,HL,double
1833,-31.7312,0.1736607247084711,14.477069724444318,34.494903081590564,0.0443955868692763,0.2364427410856384,67.7312,15.401641614006584,1,R,HL,double
1834,0.0,0.1898928086487865,26.25511928953981,57.0750757150272,0.0258018095857055,0.2492124184719713,0.0,0.6352691199467799,0,L,HL,double
1835,0.0,0.1709416259841188,22.36514198004891,52.8014667385007,0.0277080861463514,0.2279731535452568,0.0,2.3601070556961683,0,L,HL,double
1836,0.0,0.098912899956096,11.42035527377914,47.90959949696078,0.0333784516271721,0.1402333533190157,0.0,3.0035445848446067,0,L,HL,double
1837,-1.7325,0.1245199124601065,11.420359756595824,26.70579775263216,0.0552872381214934,0.2322791340785903,7.7325,4.51010696416966,0,L,HL,double
1838,0.0,0.1937280789286869,25.721439296296676,52.70033892999633,0.0241427907034252,0.2284484702873419,0.0,4.852365044046771,0,L,HL,double
1839,0.0,0.1918082162377634,25.047041623302057,51.109421633552586,0.0245897452609678,0.2265770850578074,0.0,6.348468662306135,0,L,HL,double
1840,,,,,,,115.7201,7.588547241267967,1,L,HL,double
1841,-7.7346,0.2024812010737451,27.27295868719221,53.758631263305176,0.0253372921877472,0.2542131267799707,19.7346,8.23427622379284,1,L,HL,double
1842,-7.7346,0.1997072196263943,31.348933181176143,61.40090631166172,0.0235739626670861,0.2718697423971536,19.7346,9.750963662881592,1,L,HL,double
1843,-31.731300000000005,0.1136502275198293,7.118186212217964,26.780696476087822,0.0626007428993078,0.1639284566873116,67.7313,11.821858631845316,1,L,HL,double
1844,-13.723400000000002,0.1187781073670072,9.867108409045889,30.780867165872312,0.0492277896030565,0.1786922649688674,31.7234,12.64951463408455,1,L,HL,double
1845,-13.723400000000002,0.1297915126066456,11.73968713418768,35.89725902637532,0.0420155668764294,0.1814563908461385,31.7234,14.339313043275505,1,L,HL,double
1846,-13.723400000000002,0.1502327218597942,13.395554681136009,37.47530423339626,0.043817673643372,0.2159312684743592,31.7234,15.387117832585044,1,L,HL,double
1847,-13.723400000000002,0.1934584558010248,20.8413215615557,43.78321298730884,0.0342610132409417,0.2626823997804403,31.7234,16.689794057132033,1,L,HL,double
1848,-25.7427,0.1507303817450822,11.832110541935116,30.938025875007707,0.0471502631716127,0.205235204123081,55.7427,18.15811218716454,1,L,HL,double
1849,-19.7246,0.2535428105611242,22.66612511667961,37.31344018566175,0.0428265944122341,0.3571053365791997,43.7246,19.761553762402,1,L,HL,double
1850,-25.7427,0.186035159986861,12.448081219530216,24.607995927359347,0.0535565451441874,0.245256476650992,55.7427,22.059676809516223,1,L,HL,double
1851,-31.731300000000005,0.2183608868297803,15.686767338184197,28.100606894764795,0.0482764665468471,0.2785957256901974,67.7313,23.57059456821553,1,L,HL,double
1852,-37.7152,0.2364578471164956,15.681970464893654,26.9900305228481,0.0572226520952385,0.3301217448041871,79.7152,25.491951374941905,2,L,HL,double
1853,-37.7152,0.2221631916290343,15.568820714881676,27.769318001032733,0.051167230596368,0.2930577070014299,79.7152,27.465144560924024,2,L,HL,double
1854,-37.7152,0.1574762285285017,10.557727246870597,27.490952458219617,0.0549731128421127,0.2135139650429407,79.7152,28.95120775405624,2,L,HL,double
1855,-43.7193,0.1816291892570516,9.851770746125531,21.00445652067905,0.0682875553953539,0.2474921229745146,91.7193,30.40480775405624,2,L,HL,double
1856,-50.2572,0.1377709693725373,6.035673722824908,18.076545842257428,0.0925165901919743,0.2054238624195964,104.2572,35.00778132617789,2,L,HL,double
1857,-55.7201,0.1357254146048772,5.055929769338213,15.633099960950604,0.1138429748905749,0.2117448160647748,115.7201,36.86843186027906,2,L,HL,double
1858,-55.7201,0.1275903331291383,4.332024778772355,15.181656882325914,0.1432532177539397,0.2282973319586713,115.7201,39.21044521765219,2,L,HL,double
1859,-55.7201,0.1241748719175196,4.49176810796032,17.096828970857242,0.1329189308801495,0.2196391148338331,115.7201,42.66458860298764,2,L,HL,double
1860,-61.7197,0.1358093174171888,3.615477035225982,11.549228679012517,0.1876260442427318,0.24955383473039,127.7197,44.473304455384046,2,L,HL,double
1861,-61.7197,0.0867690712195184,2.309320963099501,13.707657000029618,0.22655107198984,0.1924668495670239,127.7197,45.54757200906999,2,L,HL,double
1862,-61.7197,0.112304430345122,4.011371552179957,15.511987710032615,0.1136915810871363,0.1677747941072882,127.7197,47.62773171169453,2,L,HL,double
1863,,,,,,,139.7367,49.819516734055895,2,L,HL,double
1864,,,,,,,151.7286,50.70771356190431,2,L,HL,double
1865,,,,,,,139.7367,52.58250473582532,2,L,HL,double
1866,,,,,,,139.7367,53.650712273444654,2,L,HL,double
1867,,,,,,,151.7286,56.35063849491189,2,L,HL,double
1868,,,,,,,151.7286,56.368179341527714,2,L,HL,double
1869,0.0,0.0763766777748559,7.392753552148113,22.939388630710624,0.0407192326974908,0.1107417373038795,0.0,1.0213997907689116,0,R,HL,double
1870,0.0,0.0778840282150853,7.591833500650958,24.116119759732765,0.0389094391121952,0.1086693735178141,0.0,1.5265928299699605,0,R,HL,double
1871,0.0,0.0505162070487346,4.329623223619452,19.441133306954,0.0527405807493703,0.0840041090842656,0.0,2.4313880551915306,0,R,HL,double
1872,0.0,0.0603350626226006,4.5625721015432,24.28044622066664,0.0589595343654386,0.0989621914105294,0.0,3.1131579787566825,0,R,HL,double
1873,-1.7325,0.0442330864042839,3.9865586732318055,23.591323260655287,0.0543031783346933,0.0796395739057513,7.7325,3.920526178969739,1,R,HL,double
1874,-19.7246,0.0353211713615207,2.358924953130201,13.247295636014924,0.0884907167120463,0.0767922433895514,43.7246,8.271855111510625,1,R,HL,double
1875,-19.7246,0.0275842453143869,1.7468136668638548,13.853586271473208,0.0797116666479283,0.0512240589814158,43.7246,12.810218187165283,1,R,HL,double
1876,-37.7152,0.05704524565455,3.121035746328185,20.34366523440193,0.0748308519474861,0.0859181566131766,79.7152,13.843241290537131,1,R,HL,double
1877,-37.7152,0.0121872614687176,0.6339330257395756,16.16969829054252,0.0782475978708611,0.0182481948544857,79.7152,18.34366628082477,1,R,HL,double
1878,-61.7197,0.0205486922617676,0.7313323069466513,14.86208668002319,0.1065991160872806,0.0286796522238383,127.7197,20.42381052401205,2,R,HL,double
1879,,,,,,,139.7367,33.299849513871536,2,R,HL,double
1880,0.0,0.2902447572028308,41.128957120589,57.43596731981986,0.0264867846054637,0.4007582351819447,0.0,3.533634109483961,0,L,HH,double
1881,0.0,0.1719755996689566,19.33837838514808,43.430949191191054,0.0320470856054312,0.2279891147013197,0.0,3.931801162992912,0,L,HH,double
1882,0.0,0.1293484927411524,14.9240624196254,47.70719096413865,0.0347273190429774,0.1906618628125994,0.0,5.585734408964941,0,L,HH,double
1883,-7.7269,0.0592177821836077,6.884567113662135,42.91241359014734,0.0239817607924515,0.060738382588173,19.7269,7.135476786445295,1,L,HH,double
1884,-19.725900000000003,0.1623242302023105,11.011982915480836,22.010988008655247,0.0565577874675754,0.2291202416209362,43.7259,8.30866914565296,1,L,HH,double
1885,-7.7269,0.1780312852138623,25.59916564626987,58.03729384653118,0.0274393698764714,0.2584077071564188,19.7269,9.530919947043568,1,L,HH,double
1886,-19.725900000000003,0.1625256130113291,11.49779738059434,24.994473834259622,0.0754499483557727,0.3191384386595263,43.7259,13.273417789877351,1,L,HH,double
1887,-13.7265,0.1434292119571617,11.122651833124364,25.675441058082907,0.0610906016978903,0.2499702149526207,31.7265,14.226735375994384,1,L,HH,double
1888,-13.7265,0.1526318141931536,14.339018762765456,37.48866311176991,0.0391338267984211,0.206432118570824,31.7265,16.228702306840145,1,L,HH,double
1889,-19.725900000000003,0.1950651593360108,12.9508326243789,25.02900481524798,0.0863438169406567,0.4113717384419855,43.7259,17.621383372917215,1,L,HH,double
1890,-19.725900000000003,0.2647087099229773,21.7500515396682,34.204391555714935,0.0482097253659615,0.3857451425547473,43.7259,20.035890138283595,1,L,HH,double
1891,-25.727,0.2000561979370994,15.0374003722611,29.21369460225192,0.050312043391314,0.2783237308585649,55.727,21.68241936248153,1,L,HH,double
1892,-31.7298,0.189644350156851,12.267664853453883,25.06825518788061,0.0611266192582687,0.2758657585958326,67.7298,23.59452032226373,2,L,HH,double
1893,-1.7266000000000004,0.08432811993295,11.049784949186256,59.39935854406348,0.0369030232192118,0.1500103728310898,7.7266,24.445637328413103,2,L,HH,double
1894,-31.7298,0.2188793435144536,13.368748168116433,25.14760994449732,0.0730455324057412,0.3592443275434474,67.7298,25.751765104779032,2,L,HH,double
1895,-37.7237,0.1924077082927768,12.450742051138056,26.126153491617096,0.0570816770973549,0.2614553170847677,79.7237,27.666856285099165,2,L,HH,double
1896,-37.7237,0.1189198413797492,6.608240760585153,22.18063209556712,0.0749523225628743,0.1822117882976442,79.7237,29.288075142702347,2,L,HH,double
1897,-55.723,0.0999090936086375,3.9136492281726634,15.383826062930348,0.0901094925074857,0.1297352401472175,115.723,31.854502882021563,2,L,HH,double
1898,-55.723,0.0893107100669056,2.9718312453920803,13.021328078299044,0.1404518653739959,0.1535525998894164,115.723,32.22215431748727,2,L,HH,double
1899,-50.2594,0.1599615662451022,7.245583582349087,19.94560430131828,0.0971987318424997,0.259083340178308,104.2594,34.43702037591071,2,L,HH,double
1900,-50.2594,0.1148350103325642,4.7903686762580096,18.02335826794483,0.1103108272161122,0.1943983606908533,104.2594,36.49892037591072,2,L,HH,double
1901,-55.723,0.139702164176476,4.7892206984481,15.117612108898948,0.1399155525785525,0.2465110326046911,115.723,38.70277953751838,2,L,HH,double
1902,-61.724900000000005,0.1165040281717945,3.169615501920491,11.559409841034643,0.1658197098748013,0.1933518141645654,127.7249,40.15166108828241,2,L,HH,double
1903,,,,,,,151.7229,42.82990417232544,2,L,HH,double
1904,,,,,,,151.7229,43.46623924208036,2,L,HH,double
1905,,,,,,,139.7284,46.075326913716445,2,L,HH,double
1906,,,,,,,139.7284,47.114976364036,2,L,HH,double
1907,,,,,,,151.7229,48.67389519617576,2,L,HH,double
1908,,,,,,,139.7284,49.73190434867375,2,L,HH,double
1909,,,,,,,151.7229,52.251901323096455,2,L,HH,double
1910,,,,,,,151.7229,54.145333070438426,2,L,HH,double
1911,,,,,,,168.1007,57.12323952573919,2,L,HH,double
1912,0.0,0.202024463148492,29.379750446145344,58.7098111145102,0.0249365537902037,0.2695194146805532,0.0,9.333184292538805,0,R,HH,double
1913,-13.7265,0.1081079059091046,9.082605397188589,31.23245735314463,0.0452788110229503,0.1512902632353108,31.7265,10.28377840813885,1,R,HH,double
1914,-25.727,0.1060014898759569,3.533695181337392,10.000586662935095,0.1189789065609025,0.154669462302734,55.727,12.340192549923904,1,R,HH,double
1915,-19.725900000000003,0.1522255309464932,12.287082791777523,28.148092133400898,0.0428385802109813,0.1936374573908389,43.7259,14.714200542996206,1,R,HH,double
1916,-19.725900000000003,0.1367205761993609,10.867467907795405,30.190599476498416,0.0485926989714466,0.1942696269005776,43.7259,15.12420064884985,1,R,HH,double
1917,-13.7265,0.1518834192879985,12.858396146497237,33.722079854534066,0.0483741805253153,0.2288263012114852,31.7265,18.566431136274645,1,R,HH,double
1918,-31.7298,0.2627270656274797,14.769034565165557,20.877520015940306,0.0530915085537525,0.2884580681583171,67.7298,21.97325642148546,1,R,HH,double
1919,-19.725900000000003,0.2970744661001294,27.464262764352096,38.23738972863707,0.0404594153869855,0.4087832261712755,43.7259,23.13614144684141,1,R,HH,double
1920,-25.727,0.2150201999835682,15.98638875841035,30.14660039600253,0.0518114787744413,0.3047066103171077,55.727,27.107778896567964,1,R,HH,double
1921,-31.7298,0.1769411313070226,12.208148465414258,28.53703629422724,0.0500176263931752,0.2246355041271268,67.7298,28.81848431170474,2,R,HH,double
1922,-31.7298,0.1155043210959669,7.616990457429017,27.51440057913789,0.0606379133795733,0.1699155704662346,67.7298,29.77416240955872,2,R,HH,double
1923,-37.7237,0.1282574097656597,7.402727085528671,22.41564823774488,0.0619957838696871,0.168833806574383,79.7237,31.310429620571856,2,R,HH,double
1924,-43.7225,0.1431704115839284,9.344129445992944,26.052027753126424,0.0542287142437304,0.1864119166298628,91.7225,33.02484040227498,2,R,HH,double
1925,-50.2594,0.1138907140712868,5.3568077952868745,18.81053717353912,0.08159543441113,0.1607968145676568,104.2594,35.605381700092934,2,R,HH,double
1926,-50.2594,0.1131628494714259,5.073943189383089,19.687407570628945,0.0957663412377474,0.1787573936624748,104.2594,37.91514203174057,2,R,HH,double
1927,-61.724900000000005,0.080647877774673,2.2078439185258176,12.14654616332293,0.1670714928277779,0.1356988725513958,127.7249,43.37087056079463,2,R,HH,double
1928,,,,,,,151.7229,43.33178351946378,2,R,HH,double
1929,,,,,,,139.7284,44.8474644825796,2,R,HH,double
1930,,,,,,,139.7284,50.77121156475753,2,R,HH,double
1931,,,,,,,151.7229,55.53304489018885,2,R,HH,double
1932,,,,,,,163.7224,61.73758121709766,2,R,HH,double
1933,-19.725900000000003,0.1101889618517692,7.948974535127349,19.51445882633117,0.0475653286596576,0.1390935929866104,43.7259,1.553957644877891,1,L,HH,double
1934,-19.725900000000003,0.0986420314391712,6.512132877255793,14.499569844385412,0.1093263024147466,0.2619108147102884,43.7259,3.1456944563977216,1,L,HH,double
1935,-19.725900000000003,0.1283718777800895,8.47100471521111,16.18342431793378,0.0939679109842465,0.2928329979225638,43.7259,3.977593357762226,1,L,HH,double
1936,-19.725900000000003,0.1125756389614232,8.63601354540727,27.394514850360935,0.0486742992371862,0.1546388248358481,43.7259,5.4589086209602975,1,L,HH,double
1937,-25.727200000000003,0.1511660043854147,9.774290649034384,21.272452870839548,0.0595786062652855,0.2142304039281317,55.7272,7.474966815907437,1,L,HH,double
1938,-25.727200000000003,0.1578639564963773,10.674414448164184,24.56557742614357,0.0578118008100519,0.227021023125861,55.7272,9.287833858409302,1,L,HH,double
1939,-37.7237,0.1090855095005599,5.756549052217619,16.82054932296395,0.0764852436668243,0.1619740279794631,79.7237,11.144273036076926,2,L,HH,double
1940,-37.7237,0.0973127268472574,5.162530317525462,18.825449045786637,0.0715318662196462,0.1358525168957341,79.7237,13.12364512042648,2,L,HH,double
1941,-50.2614,0.0534821900121468,2.437259729178897,17.511286670410673,0.0805559190264468,0.0722278666378956,104.2614,13.738753633630406,2,L,HH,double
1942,-55.723200000000006,0.0919367829183003,3.2177250171605047,12.885174720295684,0.1126724173837007,0.1333742706012966,115.7232,15.99517984850985,2,L,HH,double
1943,-50.2614,0.1087506410053158,4.489055801219296,16.69504910179401,0.1054188815409789,0.1740920447560248,104.2614,18.432745616872467,2,L,HH,double
1944,-61.7251,0.1069085062581125,2.989660185488421,10.24533457001423,0.1394947976906437,0.1534211936276286,127.7251,24.43575487177028,2,L,HH,double
1945,-61.7251,0.0737391077428468,1.940616665797626,13.43234874592186,0.2285878426895051,0.1631918267185161,127.7251,26.766792738122238,2,L,HH,double
1946,,,,,,,151.724,31.79980690087367,2,L,HH,double
1947,,,,,,,151.724,33.52861221506124,2,L,HH,double
1948,,,,,,,151.724,35.28763888212305,2,L,HH,double
1949,-19.725900000000003,0.1670328550093815,11.428384522251555,19.285194255223004,0.0625756430141316,0.2630847554530587,43.7259,4.80536683095275,1,R,HH,double
1950,-13.7265,0.1546868857223965,12.217811054400917,29.977440091212078,0.0546346929009979,0.2455655436059096,31.7265,6.144515450510133,1,R,HH,double
1951,-25.727200000000003,0.1334813831900842,8.26476021657785,17.239574663822694,0.0961017132696594,0.2921910481321599,55.7272,7.153611837498183,1,R,HH,double
1952,-19.725900000000003,0.1621062024212944,11.713232767048757,27.40829518731356,0.0611393906655175,0.2634531513999429,43.7259,12.106752428571989,1,R,HH,double
1953,-25.727200000000003,0.1568725358034851,10.657059160370572,26.991350697249175,0.0648279876387646,0.2541589662561715,55.7272,13.509506195205434,2,R,HH,double
1954,-25.727200000000003,0.1333420957431818,9.20635954747177,26.42600369561161,0.0587069075110544,0.1988303393740917,55.7272,14.747067520434957,2,R,HH,double
1955,-37.7237,0.120338552667739,7.016727746460965,21.347757855616532,0.0635875456081336,0.1641391598644039,79.7237,15.795801311762949,2,R,HH,double
1956,-37.7237,0.1001337106751537,5.558410895896414,21.228670288150237,0.0738385031805868,0.1509868242206216,79.7237,17.61544582914024,2,R,HH,double
1957,-43.7234,0.0707848360957041,3.2224210733523626,15.114298753281409,0.0890196408760722,0.1055294427892087,91.7234,18.87628582914024,2,R,HH,double
1958,-37.7237,0.0982565508224726,5.520306527824891,23.67885589794594,0.0780531043395715,0.1585108125624311,79.7237,20.012737065160007,2,R,HH,double
1959,-43.7234,0.0858008536254668,4.3044702548142295,21.314400313677705,0.0874151783264141,0.1384242174545369,91.7234,21.99639382018308,2,R,HH,double
1960,-50.2614,0.0992145446037377,4.259370254757109,16.66004507016871,0.0925282726293584,0.1449857656536526,104.2614,22.972618713329418,2,R,HH,double
1961,-50.2614,0.0970871700008552,4.709680980610726,20.232128478318117,0.0816488431850347,0.1414643617197765,104.2614,24.0253029301689,2,R,HH,double
1962,-55.723200000000006,0.0714392092698862,3.018453221469229,18.5417845755966,0.0974714222417178,0.1082348877097434,115.7232,27.89171272687907,2,R,HH,double
1963,-61.7251,0.0896776120187319,2.3762515870751337,10.42502216904652,0.1726333553777038,0.1509116090920279,127.7251,29.076622427997748,2,R,HH,double
1964,,,,,,,139.7295,29.75644485481228,2,R,HH,double
1965,,,,,,,151.724,33.13671720079687,2,R,HH,double
1966,-61.7251,0.0547982151549229,1.549945142422356,14.8462587995505,0.1996160490614528,0.1138196644487494,127.7251,34.80914720079688,2,R,HH,double
1967,,,,,,,139.7295,41.07782463181618,2,R,HH,double
1968,,,,,,,151.724,44.32065273699396,2,R,HH,double
1969,0.0,0.0829542457691075,9.102582032277862,35.136286983836925,0.0291800893812035,0.0977139877553381,0.0,0.3011871762293341,0,L,HH,double
1970,0.0,0.1576712806485368,20.329738261895617,54.0295075344642,0.0299648141737197,0.2241036315073316,0.0,2.5451127248806324,0,L,HH,double
1971,-13.7257,0.1471335880750501,18.65595199316269,51.28052502400679,0.0306084067365053,0.2100698171488531,31.7257,4.042390280982071,1,L,HH,double
1972,-1.7278000000000002,0.0976764823554039,17.338664451862027,67.02555870137229,0.0211514748712115,0.1349154902241417,7.7278,5.206806356486878,1,L,HH,double
1973,-13.7257,0.0829685420405608,7.650451858808566,33.25694447464144,0.0343934773779331,0.0967985144815029,31.7257,6.372133466299028,1,L,HH,double
1974,-7.7272,0.0983349549655534,8.85383776603899,33.666441578261185,0.040427414195157,0.1316779455452167,19.7272,7.717689505293685,1,L,HH,double
1975,-7.7272,0.1604486379985897,14.123365454471386,33.72793713236706,0.0449255137965004,0.2334193029342955,19.7272,9.513105364995027,1,L,HH,double
1976,-19.7249,0.1380811877988461,9.758014602170034,20.20397629104284,0.0596238914409871,0.2140362331926317,43.7249,11.723930644954027,1,L,HH,double
1977,-19.7249,0.1456560655128484,11.052466695214491,29.78389712372964,0.0463681814507,0.1885318791584033,43.7249,13.519111606657718,1,L,HH,double
1978,-25.7273,0.2913836250957005,155.6831071237099,116.07269769088242,0.0140144235518258,0.8026426768017566,55.7273,15.887639246197814,1,L,HH,double
1979,-31.729299999999995,0.2332102203048097,15.475604424312092,24.38320329693825,0.0545955669912359,0.310821118410801,67.7293,17.94952006305779,2,L,HH,double
1980,-43.7225,0.0989667371663238,4.648241184750382,16.874918203363663,0.0778418302507816,0.1331089357548868,91.7225,19.048273171456188,2,L,HH,double
1981,-61.725,0.1323935563869013,3.720125512144943,9.481818248154095,0.12703056063503,0.1738486511931484,127.725,20.63294458837835,2,L,HH,double
1982,-50.26049999999999,0.1498158553553822,6.438446066471831,15.168332987850349,0.0823673595428913,0.1950930166631136,104.2605,24.6950103698866,2,L,HH,double
1983,-61.725,0.1187617054495531,3.2021397630082973,9.132140781286765,0.1476191726145917,0.1738955900240612,127.725,26.59395894538572,2,L,HH,double
1984,-50.26049999999999,0.1013752540835454,4.26095956433352,16.792320952095736,0.1023335352955306,0.1604098042390025,104.2605,27.80310832524128,2,L,HH,double
1985,-55.7242,0.1324926220319633,4.806171457707675,13.952378028965915,0.109873136871005,0.1942657780623093,115.7242,32.33225277359726,2,L,HH,double
1986,-61.725,0.1962936461778867,5.446273972094215,9.26930247480382,0.1332979591503584,0.2670720886455768,127.725,34.505292227529715,2,L,HH,double
1987,-61.725,0.130753691264553,3.732364249190482,10.93709597740359,0.1342504390329481,0.1843339177853947,127.725,36.14813340499754,2,L,HH,double
1988,,,,,,,139.7298,39.902728327407054,2,L,HH,double
1989,,,,,,,151.7241,40.92779900387119,2,L,HH,double
1990,,,,,,,151.7241,42.333821631766455,2,L,HH,double
1991,,,,,,,151.7241,44.39962306039356,2,L,HH,double
1992,,,,,,,163.7219,50.15281141677475,2,L,HH,double
1993,,,,,,,163.7219,51.8731270603813,2,L,HH,double
1994,0.0,0.1093518110564985,11.620066350528012,31.59579976207598,0.0338157078768535,0.1445548305938031,0.0,1.8586448717059192,0,R,HH,double
1995,0.0,0.1415231968034677,14.816892492893064,42.43591161513663,0.0414356150710912,0.2258584990921621,0.0,3.729923823369785,0,R,HH,double
1996,-19.7249,0.0535986809807431,3.649485808574816,20.95174859474763,0.0704269770897153,0.0945532029603575,43.7249,4.738121527079768,1,R,HH,double
1997,-7.7272,0.1109489035795794,7.566125486943058,23.880126803077992,0.050173734184566,0.1396546763527287,19.7272,5.604330499556964,1,R,HH,double
1998,-1.7278000000000002,0.0900521216191845,8.41259316922662,32.44468306981076,0.0433866440290226,0.1342738568800767,7.7278,7.510371048732043,1,R,HH,double
1999,-7.7272,0.1137117396698617,10.64320801186734,32.309048785995294,0.0405807982044472,0.1588907640317737,19.7272,8.001219861300637,1,R,HH,double
2000,-7.7272,0.1141911116231684,10.16700030997844,33.39847782147133,0.0467524618471499,0.1748649787213889,19.7272,9.60258100828217,1,R,HH,double
2001,-19.7249,0.1281584776626437,8.600256011345206,17.11143757054175,0.0680833242479724,0.2154059275626766,43.7249,12.07372100208965,1,R,HH,double
2002,-25.7273,0.1021710520102164,6.504789317716995,19.678456844655123,0.076297276590438,0.1825777241124863,55.7273,13.18413104846466,1,R,HH,double
2003,-25.7273,0.1106760111443158,11.686454271178508,39.91171264243812,0.0276315137632064,0.1187935771252265,55.7273,16.932070825074423,1,R,HH,double
2004,-31.729299999999995,0.1112791732932958,6.910916099879147,22.906159270149725,0.0637687021659422,0.1621245250779736,67.7293,19.64087217134506,2,R,HH,double
2005,-37.7227,0.1024220251005136,5.738145214437969,19.91403269311055,0.0573286028079086,0.121017564995863,79.7227,20.622691141559617,2,R,HH,double
2006,-37.7227,0.1065719092734041,6.088281929438694,20.471587183864187,0.0671391620451314,0.1503751902240216,79.7227,21.498265712717775,2,R,HH,double
2007,-50.26049999999999,0.0885029707825307,3.434578223598036,12.150669069136114,0.104589809341593,0.1321503450503304,104.2605,26.342938592509,2,R,HH,double
2008,-55.7242,0.1421538567340924,6.272262520175191,18.338262598408345,0.0883318359413786,0.2038200962508183,115.7242,30.258267252884657,2,R,HH,double
2009,-55.7242,0.1370086322478307,4.809680296439248,13.240864368514154,0.1124630355998331,0.1989901270498128,115.7242,34.10826734812185,2,R,HH,double
2010,-55.7242,0.1079779528500459,3.8521034106034575,15.21902451878969,0.1217614204811541,0.1725492839648882,115.7242,36.98672196006954,2,R,HH,double
2011,-55.7242,0.1098886112606223,4.541652865637554,18.083616903104517,0.0983622801666053,0.1643418011010839,115.7242,39.73776837656379,2,R,HH,double
2012,,,,,,,139.7298,41.65752785345031,2,R,HH,double
2013,,,,,,,151.7241,44.26559813370094,2,R,HH,double
2014,,,,,,,151.7241,47.65680107449249,2,R,HH,double
2015,,,,,,,139.7298,48.70581240900361,2,R,HH,double
2016,,,,,,,151.7241,49.68118706954437,2,R,HH,double
2017,,,,,,,163.7219,52.22957948123969,2,R,HH,double
2018,,,,,,,163.7219,52.977538135060215,2,R,HH,double
2019,,,,,,,151.7241,54.06547799516279,2,R,HH,double
2020,-1.7278000000000002,0.1853248849308751,28.93267892051501,62.238086781313406,0.0245406737519049,0.2612044956940612,7.7278,1.7373057827764753,1,L,HH,double
2021,-7.7292999999999985,0.2135027977025162,18.918487063247447,38.17218750737023,0.0531747391755488,0.3700814259404651,19.7293,2.679276863750179,1,L,HH,double
2022,-7.7292999999999985,0.1074524717782987,8.989627367269552,31.909565061369115,0.0582620441145851,0.19267835320168,19.7293,3.877258374536645,1,L,HH,double
2023,-13.7267,0.1179268176469143,9.52105617002513,28.83115678473965,0.050078029687437,0.1754033480069882,31.7267,5.706195663800024,1,L,HH,double
2024,-25.727400000000003,0.1511904204162114,10.738189953718356,24.784738005674583,0.0510895254165232,0.2018219828511848,55.7274,7.492452639234626,1,L,HH,double
2025,-13.7267,0.1372405453306741,11.202686746042176,31.703812327293665,0.0520011748572286,0.2143092251335606,31.7267,8.714436580086552,1,L,HH,double
2026,-13.7267,0.2182870190171065,19.02542252165504,36.93529077281196,0.0493164714461168,0.3451690316715246,31.7267,11.524287972184217,1,L,HH,double
2027,-13.7267,0.1910615982564646,16.341238281405033,34.6704852667614,0.0499390221781754,0.3002137057350496,31.7267,13.204066352058632,1,L,HH,double
2028,-31.7294,0.1094809647282785,6.867948846206368,25.381281738900213,0.0677370994518153,0.171143009953896,67.7294,13.947149416902771,1,L,HH,double
2029,-25.727400000000003,0.1532339544254868,10.812096130922964,28.70921607648403,0.0605383945380639,0.2407943630069965,55.7274,16.445142908327437,1,L,HH,double
2030,-19.7249,0.1885705135644665,13.772835420008873,28.752909969369057,0.0660381625501673,0.3345983976793342,43.7249,17.37640194979394,1,L,HH,double
2031,-31.7294,0.1819172940843414,12.249044802637098,29.069325958365518,0.0557847352644651,0.2513755985136544,67.7294,19.39671248507601,2,L,HH,double
2032,-31.7294,0.2033789973961144,12.929845447365404,24.657419964320347,0.0630323947911916,0.2998214218609699,67.7294,20.599566634092696,2,L,HH,double
2033,-37.72280000000001,0.1692277957862016,9.41979058678059,21.79438889815321,0.0744282459510718,0.2579197209282526,79.7228,23.240661250033437,2,L,HH,double
2034,-43.7233,0.1771847228630136,10.841957333385938,25.356483855052364,0.0615067836721496,0.2453218490097753,91.7233,24.946612135450813,2,L,HH,double
2035,-43.7233,0.2079853163511488,10.516205177382258,19.838325416145885,0.0787346356939829,0.3046003452827203,91.7233,26.9287956128818,2,L,HH,double
2036,-50.261300000000006,0.1289557657657944,5.640535919286371,17.320471886895984,0.0892462082548342,0.1851892022568067,104.2613,28.80435953738038,2,L,HH,double
2037,-50.261300000000006,0.1947576341681111,8.606471076076156,18.02043228020615,0.0870766696060021,0.2756972549788681,104.2613,30.522469958923807,2,L,HH,double
2038,-55.7242,0.2127575235959962,6.820633961966088,15.204195866587616,0.1432921998639246,0.3595446339097071,115.7242,31.847499695937824,2,L,HH,double
2039,-61.726200000000006,0.17646274099344,4.607254518116402,10.106540949717552,0.1817383152604378,0.3080308543920102,127.7262,33.000123121494035,2,L,HH,double
2040,-55.7242,0.1194495747736552,4.558607809578124,16.286432373166267,0.110665589981358,0.1855881967274057,115.7242,35.29183780195327,2,L,HH,double
2041,-55.7242,0.1653866660731432,5.652501164049293,15.250407716148562,0.1424929549891178,0.2963054034766533,115.7242,36.4537949660762,2,L,HH,double
2042,-61.726200000000006,0.1583167759529856,4.04911880669375,11.275429462911845,0.236469962571197,0.3522427154685396,127.7262,39.935888252506274,2,L,HH,double
2043,,,,,,,139.7299,42.20234997429922,2,L,HH,double
2044,-61.726200000000006,0.1827912056888088,4.6567029640603295,12.90648015962525,0.2556148619626301,0.4378951707277639,127.7262,43.1032551809535,2,L,HH,double
2045,,,,,,,151.7254,45.92539878146047,2,L,HH,double
2046,,,,,,,151.7254,47.44330862250943,2,L,HH,double
2047,,,,,,,139.7299,48.20218247447693,2,L,HH,double
2048,,,,,,,151.7254,48.99267607027642,2,L,HH,double
2049,,,,,,,151.7254,51.13718008863236,2,L,HH,double
2050,,,,,,,151.7254,54.25824084127584,2,L,HH,double
2051,0.0,0.2717631910934301,34.77671946340572,51.936142498178285,0.0301990621117486,0.3863559326788436,0.0,0.7540379888913102,0,R,HH,double
2052,0.0,0.188871691028511,21.566919563933823,44.290660408230906,0.0341606280749851,0.2710313221511369,0.0,2.788840489832184,0,R,HH,double
2053,-1.7278000000000002,0.1473236546641119,14.86095077660295,39.12114250943883,0.0390188468160081,0.2133175286762746,7.7278,4.737585508450406,1,R,HH,double
2054,-1.7278000000000002,0.13632756656295,14.812485428377274,45.13769649141665,0.0358588784672427,0.1954025183161716,7.7278,7.657602961954841,1,R,HH,double
2055,-13.7267,0.0767208322032709,6.024255076986251,25.225111778392574,0.0547545853885676,0.1213470897542461,31.7267,8.793886099333177,1,R,HH,double
2056,-13.7267,0.0912948486043419,7.798780846618047,29.99463805774733,0.0471979894561924,0.1354115575199563,31.7267,9.63861740335831,1,R,HH,double
2057,-13.7267,0.1530286719548297,12.423827945844671,30.150454348211458,0.050851925853151,0.2324172464017623,31.7267,11.531787388963876,1,R,HH,double
2058,-13.7267,0.1622259630627563,17.20355655354921,43.01511900468706,0.0364026399856175,0.2303862937001194,31.7267,14.707617226013394,1,R,HH,double
2059,-13.7267,0.2938840492119868,26.23047379027121,37.9235108921217,0.0456018885282617,0.4400423566475903,31.7267,17.096743487717806,1,R,HH,double
2060,-25.727400000000003,0.2406090132528494,16.267058762820785,24.151675611146995,0.0630081390449627,0.3770606453126406,55.7274,19.819909687003864,1,R,HH,double
2061,-25.727400000000003,0.2161866181112351,15.561290559791146,27.599172118319963,0.0538132814339496,0.3080637554216436,55.7274,21.737294208272356,1,R,HH,double
2062,-25.727400000000003,0.1870273940211181,13.13878001453273,28.47020555629195,0.0597514063786346,0.2888076489158108,55.7274,23.52384594804284,2,R,HH,double
2063,-31.7294,0.2592822741038926,16.112536677306565,22.12127843337538,0.0612859686761365,0.3632708013422934,67.7294,23.95834594804284,2,R,HH,double
2064,-31.7294,0.1764242084099634,12.10932253536489,27.676952144251704,0.0543597654325355,0.2421602961391646,67.7294,25.91553979210062,2,R,HH,double
2065,-43.7233,0.1804949017759839,8.936750788053127,18.48845030157262,0.07856410305595,0.2582910287473627,91.7233,27.25157038034701,2,R,HH,double
2066,-37.72280000000001,0.2421872128752186,13.292736110076458,21.021287977254232,0.074506872627659,0.3643478707239102,79.7228,28.544217038641538,2,R,HH,double
2067,-43.7233,0.2007599578977092,9.73843456271163,17.013558759477426,0.0774716183497167,0.2775474852781449,91.7233,29.535264305421613,2,R,HH,double
2068,-50.261300000000006,0.1947697000160939,12.168170286816686,24.43893335075141,0.0505680581153336,0.2263638507894668,104.2613,31.059864008896405,2,R,HH,double
2069,-43.7233,0.180972433452532,9.119702618421108,20.83686884561185,0.0754904542315663,0.2532667826837099,91.7233,31.875034534492123,2,R,HH,double
2070,-50.261300000000006,0.1780231275711791,8.60704951069296,21.03045151939904,0.0773910975176863,0.2450478096302475,104.2613,33.680593954214075,2,R,HH,double
2071,-55.7242,0.2036942855292718,6.573124007538557,10.723342761762783,0.1336239538331215,0.3231183793111789,115.7242,33.83765898787848,2,R,HH,double
2072,-50.261300000000006,0.1501967889775872,6.396157312762335,17.88530897650795,0.102326346024276,0.2407754043599101,104.2613,36.93404200831996,2,R,HH,double
2073,-50.261300000000006,0.1339387829122182,5.676965098977999,18.87544125474481,0.1111143001029959,0.2320554098099762,104.2613,38.83753345179456,2,R,HH,double
2074,-55.7242,0.1711240948610767,6.109712088800037,14.556796221862555,0.1187155881929153,0.2668296041703793,115.7242,40.01744629304689,2,R,HH,double
2075,-55.7242,0.1332530045208468,5.394853620325025,18.77340700667677,0.1066171616687257,0.2115983613602593,115.7242,43.06956026389393,2,R,HH,double
2076,,,,,,,139.7299,43.969068096209945,2,R,HH,double
2077,-61.726200000000006,0.1306298728885365,3.3805634328114613,10.709753089677085,0.163009915760556,0.2027256168350297,127.7262,44.37365240335116,2,R,HH,double
2078,-61.726200000000006,0.1189808898054853,3.1044177722009585,11.832303654578892,0.2028804235786877,0.2316998870372377,127.7262,45.77692688024569,2,R,HH,double
2079,-61.726200000000006,0.1804283862237303,4.905245261857252,11.189251290989008,0.1665851396930777,0.3006093623627405,127.7262,46.93176773027656,2,R,HH,double
2080,,,,,,,139.7299,52.38091284394705,2,R,HH,double
2081,,,,,,,151.7254,54.59404151974925,2,R,HH,double
2082,,,,,,,139.7299,54.77111434092744,2,R,HH,double
2083,,,,,,,151.7254,59.14148223132882,2,R,HH,double
2084,,,,,,,151.7254,61.826615530411416,2,R,HH,double
2085,,,,,,,151.7254,66.18338635987256,2,R,HH,double
2086,0.0,0.14603521897137,15.822895699290957,37.623796691305216,0.0286166997025331,0.1665754631880089,0.0,3.083285134552209,0,L,HH,double
2087,0.0,0.1873706742610874,21.664302036232957,46.05187670711933,0.0294655930554002,0.2348363958974745,0.0,3.8280814439039914,0,L,HH,double
2088,0.0,0.1433832811347745,13.037190992494798,28.52314483889666,0.0493532604384491,0.2367038898255628,0.0,4.550693275373074,0,L,HH,double
2089,-1.7234999999999996,0.2253185643800987,21.726788546161217,36.44432427405978,0.0445075949946665,0.3557420334504041,7.7235,4.789741714502052,1,L,HH,double
2090,-7.727599999999999,0.282460536792469,79.29476946276439,88.19235754801464,0.0203494914871113,0.5936132961863306,19.7276,4.837551402327847,1,L,HH,double
2091,-7.727599999999999,0.2075260125304359,32.46095194503301,61.73097603302403,0.0245400891796858,0.2930507967380943,19.7276,6.303346693420095,1,L,HH,double
2092,-7.727599999999999,0.161297272752159,16.923742374558397,42.23786319634619,0.0318589922809588,0.1983508008739629,19.7276,7.1832084182999685,1,L,HH,double
2093,-1.7234999999999996,0.2457265452890251,44.5222012009867,70.0830446545999,0.0215870275360526,0.3535696605219969,7.7235,7.467928900922837,1,L,HH,double
2094,-13.7209,0.3032312576825217,42.43595801169918,54.88035958663093,0.0272018727926437,0.424657046073324,31.7209,9.364040477440112,1,L,HH,double
2095,-25.7313,0.1119924350063958,8.88308456318267,32.29795719442299,0.0450667442900408,0.1472738022689518,55.7313,9.914260873872308,1,L,HH,double
2096,-25.7313,0.1659300088589087,13.590053028331557,31.880150754502058,0.0421566406053541,0.2107621716501166,55.7313,13.70445398437055,1,L,HH,double
2097,-25.7313,0.1976880783715489,13.034859920507076,21.035678141290266,0.0677322318937353,0.324793457983212,55.7313,14.643524429012484,1,L,HH,double
2098,-31.7272,0.1576090119120275,11.462778556416222,28.93946650884051,0.0485767461230137,0.2048442799306843,67.7272,16.156070001645936,1,L,HH,double
2099,-31.7272,0.1438616148768794,9.027419911130725,22.293966438691186,0.0649623912498233,0.2157402437464571,67.7272,16.478010752794344,1,L,HH,double
2100,-37.7193,0.2037745708379728,14.531674673095434,29.53349055474304,0.0515142923095491,0.2753904797581179,79.7193,20.208893092259903,2,L,HH,double
2101,-43.7221,0.15221246853745,9.270461731963795,25.578872600436203,0.0566773520627729,0.1932931375496232,91.7221,22.630624451006145,2,L,HH,double
2102,-50.2574,0.1616488415190222,7.68205282812501,18.91060031439305,0.0787783471024478,0.2226330683659981,104.2574,24.63949365875699,2,L,HH,double
2103,-55.7169,0.1193119318754658,4.514308130394685,15.422036664090852,0.0988600459711312,0.1641789694601544,115.7169,26.790884941611104,2,L,HH,double
2104,-61.721900000000005,0.1040025825917859,2.7160814644504767,10.923008509288405,0.2030198418535467,0.2028555036497729,127.7219,28.989000672494104,2,L,HH,double
2105,-55.7169,0.1483406127567296,5.356993157035362,15.086536012148564,0.1188478426920942,0.2342167296136771,115.7169,30.62450060400644,2,L,HH,double
2106,-61.721900000000005,0.1565752615835584,4.308236410017645,10.327494220331468,0.1417438024852106,0.2246513972053118,127.7219,31.732360862230877,2,L,HH,double
2107,,,,,,,151.7227,34.48444311549032,2,L,HH,double
2108,,,,,,,139.7314,36.29089181757213,2,L,HH,double
2109,,,,,,,151.7227,41.640498115965485,2,L,HH,double
2110,,,,,,,151.7227,41.99599811596548,2,L,HH,double
2111,,,,,,,151.7227,44.559597599045226,2,L,HH,double
2112,0.0,0.2195303107685798,26.360664807483182,48.243268151155135,0.0271803201052322,0.2635824218639949,0.0,7.912893497311249,0,R,HH,double
2113,-1.7234999999999996,0.2778751104226219,36.421595094280775,54.61949948966209,0.0290838853168009,0.3896878843418208,7.7235,9.67166750672398,0,R,HH,double
2114,0.0,0.1845423360810688,26.69771276255473,62.24432740397405,0.0285457952972918,0.2803636604000736,0.0,10.630808733343237,0,R,HH,double
2115,-7.727599999999999,0.124830476043903,13.784364770113726,43.158173670744986,0.0308775228155913,0.156579436771978,19.7276,12.937436979772087,1,R,HH,double
2116,-13.7209,0.2087770612749628,24.209937953527017,46.77300551836935,0.0304777542543542,0.2714451944370482,31.7209,13.770884767454934,1,R,HH,double
2117,-19.7219,0.0697808132969196,5.160968468178801,24.188816604585107,0.0439541770767344,0.0834520245703771,43.7219,14.933040285662374,1,R,HH,double
2118,-19.7219,0.1633703502125877,15.93228739179881,41.35512573488995,0.0397087682605657,0.2327394831831374,43.7219,16.531365494878067,1,R,HH,double
2119,-19.7219,0.1955185145453262,19.778485160324784,41.5513410368507,0.0366122520711691,0.2663943365600877,43.7219,17.145044491748582,1,R,HH,double
2120,-37.7193,0.2798733294552638,18.706182985063208,26.662176660783288,0.0561323352331755,0.3862814088140133,79.7193,17.741174162848182,1,R,HH,double
2121,-19.7219,0.15005221453825,11.838976253850374,32.736596407974346,0.0514169641276954,0.2239371249072949,43.7219,18.293660571553826,1,R,HH,double
2122,-31.7272,0.1269694223127459,8.427881066860802,26.15012517633643,0.056217499895927,0.1742992202054782,67.7272,20.446461119175563,2,R,HH,double
2123,-31.7272,0.1805623641141133,14.028254296178895,33.61937936854136,0.0524709172683015,0.2707869959939983,67.7272,22.082640688591678,2,R,HH,double
2124,-37.7193,0.1365474803682676,8.648218857631734,27.38681801310524,0.0651756522137499,0.2073564626861839,79.7193,23.520700950899467,2,R,HH,double
2125,-37.7193,0.153167186130183,10.707865558905748,30.71672620657504,0.0547930795954917,0.2158410962852768,79.7193,24.665968557744907,2,R,HH,double
2126,-43.7221,0.1149360946379339,5.821638462356538,23.632424766580872,0.090342284362762,0.1934825564873658,91.7221,27.59495257517616,2,R,HH,double
2127,-55.7169,0.1132457186649714,4.551610754273175,17.225273442521562,0.100333543829543,0.168002902542218,115.7169,30.73043342032569,2,R,HH,double
2128,-61.721900000000005,0.0863493243967123,2.3551325077775256,12.9006566204906,0.1868970784577168,0.1619285316467499,127.7219,33.01464519907167,2,R,HH,double
2129,-61.721900000000005,0.0919063594732102,2.760912160940975,14.35255773122544,0.155182956981695,0.1576166638116483,127.7219,37.77634364572348,2,R,HH,double
2130,,,,,,,151.7227,40.11621006040965,2,R,HH,double
2131,,,,,,,139.7314,42.61811303973753,2,R,HH,double
2132,,,,,,,151.7227,44.47465674135083,2,R,HH,double
2133,,,,,,,151.7227,46.68406387258706,2,R,HH,double
2134,0.0,0.3433909460767538,91.28111348444968,93.50400971365522,0.0153075890091884,0.5140356510837405,0.0,0.9653232696097204,0,L,HH,double
2135,0.0,0.0675406896215311,21.691912856163007,106.48010037430208,0.013014085256414,0.1038525146028881,0.0,1.2789471944466648,0,L,HH,double
2136,0.0,0.1139030874104016,19.844843511002757,65.63655130102312,0.0182237812259916,0.133042896002276,0.0,1.8088953051141152,0,L,HH,double
2137,0.0,0.0465963283286605,,,,,0.0,2.606087387137672,0,L,HH,double
2138,0.0,0.0478544596152564,23.76586208579928,139.29436291187727,0.0104708775559266,0.0915465899474129,0.0,3.310708473196649,0,L,HH,double
2139,0.0,0.0650543822357842,9.58996652648012,66.77704860199721,0.0333580883838284,0.1176857188386637,0.0,4.419825183494466,0,L,HH,double
2140,-19.7218,0.1621261995236077,14.6740517432678,41.36550160129647,0.051123033711611,0.2759765503719942,43.7218,9.926646980253295,1,L,HH,double
2141,-31.7272,0.1331543223484307,9.025200750514522,29.747384078102463,0.0624664375187155,0.2074001793608995,67.7272,12.58545795503334,1,L,HH,double
2142,-50.2584,0.1147162098233998,5.512339517473183,20.973424626791868,0.085875711202377,0.1741453264690833,104.2584,18.210170329551893,2,L,HH,double
2143,-61.7218,0.1078653017008736,3.238111989593075,12.75993213154312,0.1257284180055643,0.1497720705461875,127.7218,19.409023921560696,2,L,HH,double
2144,-50.2584,0.1818560675542827,8.748174805602586,19.9289206441388,0.0804038953235982,0.2587617383812444,104.2584,21.111226436378622,2,L,HH,double
2145,-55.7167,0.1749789773447778,6.764159954059263,16.941674412423293,0.1120085727329818,0.2787216153452592,115.7167,23.59671272197885,2,L,HH,double
2146,-55.7167,0.147577420189206,5.24911773479598,15.479856464733276,0.129455163925466,0.2499834232447111,115.7167,24.43095272197885,2,L,HH,double
2147,-55.7167,0.1105008704231906,4.031314515719558,16.704334305103913,0.1266996584504063,0.1879003740158095,115.7167,26.149955690329985,2,L,HH,double
2148,,,,,,,139.7322,29.269977557630185,2,L,HH,double
2149,0.0,0.1522492228973241,33.746316366329964,80.64518275062383,0.0157636105409314,0.1956985411963143,0.0,5.571146724751597,0,R,HH,double
2150,0.0,0.1500369003523249,33.37621376509537,80.7176371722813,0.016931480800225,0.2078918810520357,0.0,6.55322693829998,0,R,HH,double
2151,0.0,0.117148347904522,19.534876464996493,64.8441029173417,0.0218637575769947,0.1571234442490988,0.0,8.116899002751826,0,R,HH,double
2152,-31.7272,0.0822072765877961,5.0502307646895686,23.557600216267623,0.0671169173096669,0.1246949146625296,67.7272,11.67627284580456,1,R,HH,double
2153,-43.721900000000005,0.1641487995377432,10.155742463672116,23.951731144755357,0.056268120224519,0.2102226972687006,91.7219,13.109722176504118,1,R,HH,double
2154,-43.721900000000005,0.1158327689901058,6.943954583269184,22.615849374263263,0.0554962067472945,0.1417671762958395,91.7219,15.62782267790624,1,R,HH,double
2155,-50.2584,0.1277494704810627,4.965998273702988,10.857655247455432,0.1016042990551985,0.1856197427457144,104.2584,17.7157929487457,1,R,HH,double
2156,,,,,,,151.7228,21.237319514914724,2,R,HH,double
2157,-50.2584,0.1222452115815994,5.427378964655197,19.677044278886854,0.1002164599885396,0.2000943026434994,104.2584,22.813421467937644,2,R,HH,double
2158,-55.7167,0.0918345802760678,3.379602619993648,16.496493451933606,0.1200776107736101,0.149290851200341,115.7167,23.776077198628077,2,R,HH,double
2159,-50.2584,0.1333718019446273,6.112154069448576,20.61373865447448,0.0976170580912727,0.219495452095342,104.2584,26.423540524445773,2,R,HH,double
2160,-55.7167,0.1042488585198919,4.273402208516179,18.38319391205747,0.1071061177329564,0.1683811867017032,115.7167,28.00196052444577,2,R,HH,double
2161,-55.7167,0.1053133142704675,4.640280171639806,19.42571408486086,0.094044567561732,0.1605400652494263,115.7167,28.72383132760292,2,R,HH,double
2162,-61.7218,0.0653330554472448,1.685896134454537,13.654033618620865,0.2549724014333481,0.1581355477819427,127.7218,30.30415710489475,2,R,HH,double
2163,,,,,,,168.0981,35.340972931267906,2,R,HH,double
2164,0.0,0.1505908207418983,18.93630879126741,49.78475936816449,0.0280720960759854,0.1955580448456781,0.0,4.435875124203218,0,L,HH,double
2165,0.0,0.1087419905774038,12.087712778095748,45.74471693048823,0.034856544598407,0.1550008152691356,0.0,7.22261537492105,0,L,HH,double
2166,0.0,0.0858232720574881,11.852323383464602,60.324919572531854,0.0254869949357743,0.111129060603244,0.0,8.557079478428234,0,L,HH,double
2167,-1.723,0.1131851154013213,15.68233016767626,56.96160932861969,0.0259966002354037,0.149979764371895,7.723,9.934857343647522,1,L,HH,double
2168,-1.723,0.0593256651619173,5.275738396816733,32.58388117778305,0.0621158002156406,0.1205565621694292,7.723,10.494536522106038,1,L,HH,double
2169,-7.727499999999999,0.164068287373968,15.61925407822753,34.8368133679242,0.0383164829042252,0.2201666050956983,19.7275,11.712631563791655,1,L,HH,double
2170,-7.727499999999999,0.0862144811846848,9.90454468701045,47.358569514749504,0.0315511705718064,0.1149623175876131,19.7275,13.672910233432653,1,L,HH,double
2171,-37.7179,0.0798364630994698,4.117585822562655,18.67076968071768,0.0762505367115516,0.1155024198150425,79.7179,14.047640136162606,1,L,HH,double
2172,-7.727499999999999,0.1378698107656888,16.386992075732397,51.12975167722141,0.0339129622378304,0.2044421728599698,19.7275,15.383312075125795,1,L,HH,double
2173,-13.7194,0.1994912358677091,16.88726364546019,34.28446925927218,0.0507766531696343,0.3154487956812774,31.7194,17.383495094550888,1,L,HH,double
2174,-37.7179,0.0877917355279513,5.189501463159325,23.92903086911979,0.0667056868471961,0.1273485537335952,79.7179,18.867349804419742,1,L,HH,double
2175,-25.732100000000003,0.1790851584336494,13.562521365526033,30.79168500211458,0.0532874961924115,0.2658711830607585,55.7321,20.24188816663587,1,L,HH,double
2176,-25.732100000000003,0.1770089507106957,15.603405401311369,37.83919151132329,0.0450365879751072,0.2585177639456861,55.7321,23.13796851732424,1,L,HH,double
2177,-31.727099999999997,0.1613023740683746,11.747274457891686,28.03032846230169,0.0478128411611887,0.2066270545797185,67.7271,23.699762858047336,2,L,HH,double
2178,-37.7179,0.1304805464989441,8.512107572970324,26.70446974619447,0.0559996505193534,0.1753589507456259,79.7179,25.38570268546235,2,L,HH,double
2179,-50.2584,0.1345906460666771,5.601354109763991,15.216218777507663,0.094198413083669,0.1941074184197327,104.2584,27.27479733547229,2,L,HH,double
2180,-50.2584,0.0873047938618202,3.639410997594582,17.49355696167205,0.1020949230069589,0.1366912664095369,104.2584,31.45482796547784,2,L,HH,double
2181,,,,,,,139.7313,35.26346275331269,2,L,HH,double
2182,-61.720600000000005,0.0850185726189563,2.215042096594538,13.683142713369866,0.2460973424071352,0.2005369596282307,127.7206,35.874267397970684,2,L,HH,double
2183,,,,,,,151.7218,38.29123712051057,2,L,HH,double
2184,-61.720600000000005,0.0662435138334312,2.345116508397173,14.65451326304715,0.1056025366082202,0.0911054362854433,127.7206,38.95040206193266,2,L,HH,double
2185,,,,,,,139.7313,43.9126903900848,2,L,HH,double
2186,,,,,,,151.7218,45.21670775161407,2,L,HH,double
2187,,,,,,,151.7218,46.28015926136897,2,L,HH,double
2188,0.0,0.2229657773799268,43.70292891321064,76.83722942286526,0.0199002223816907,0.3199440157377409,0.0,1.9016470734616584,0,R,HH,double
2189,-1.723,0.1245733219777344,20.758057869410173,64.99452016286834,0.0215454919766988,0.1645313464537867,7.723,4.162043536810561,1,R,HH,double
2190,-43.7207,0.0644866108167099,3.35822854194468,17.053997350785007,0.0604881979677806,0.0747285254749889,91.7207,6.411555865623826,1,R,HH,double
2191,-7.727499999999999,0.1990896322801205,26.061434110312977,54.67132557313046,0.0294373606679325,0.282229689135562,19.7275,6.539733213466571,1,R,HH,double
2192,-13.7194,0.1061104117090852,12.98065746072632,49.06746867476522,0.028920144093317,0.1381028560982607,31.7194,8.649426823652599,1,R,HH,double
2193,-13.7194,0.1405792074794378,20.37634996704461,57.08316518034588,0.0252220903358628,0.1890658040690712,31.7194,10.858096280935538,1,R,HH,double
2194,-25.732100000000003,0.1957784201996708,15.035818534425818,30.75969441516028,0.049008426863209,0.2710836695658664,55.7321,12.317049024876958,1,R,HH,double
2195,-19.7208,0.1745130475753128,14.148576602012035,31.615879168590755,0.0477621950754708,0.2486008141726141,43.7208,15.088145091941051,1,R,HH,double
2196,-25.732100000000003,0.2039627078897431,17.65264224107864,33.71062761452256,0.0398773635105682,0.2589653597355502,55.7321,15.868447062230963,1,R,HH,double
2197,-25.732100000000003,0.2262230348903675,15.169310735231598,26.089968632799096,0.0636541289419909,0.3552204379223396,55.7321,17.508970514059314,1,R,HH,double
2198,-31.727099999999997,0.2794362497142125,19.453984330328577,29.467087245485796,0.0579497091284698,0.4147298935414038,67.7271,19.572628844578347,2,R,HH,double
2199,-31.727099999999997,0.275616036858229,21.811135045688196,32.07527099551498,0.046452788091267,0.3727310478625842,67.7271,20.372344951018626,2,R,HH,double
2200,-37.7179,0.1457930801574754,7.671777611741413,17.905321278065852,0.0715954949887474,0.2020631966140124,79.7179,21.49128011256815,2,R,HH,double
2201,-43.7207,0.1653836502997588,7.653523593179265,14.864642325203254,0.0847181935246331,0.2385303415282258,91.7207,22.00497453729943,2,R,HH,double
2202,-37.7179,0.1479603700736344,9.663726889278442,25.708433305834813,0.0564423678507,0.2006574970199316,79.7179,22.405998641006363,2,R,HH,double
2203,-43.7207,0.1264489638971836,6.206102849186874,18.1178524852241,0.0800892804804343,0.182851647895802,91.7207,24.04907200192874,2,R,HH,double
2204,-61.720600000000005,0.0814720291146539,2.536171364047451,12.312233084098546,0.1176691759648467,0.1097859653067247,127.7206,24.519999477024424,2,R,HH,double
2205,-61.720600000000005,0.0904790639045448,2.3886480713880824,9.89112189799213,0.1719792071274856,0.1511240656222888,127.7206,27.77770047618915,2,R,HH,double
2206,-61.720600000000005,0.1083137695389716,2.994738773061519,10.525838762284865,0.1443415580954044,0.1590215025045671,127.7206,29.60954280530336,2,R,HH,double
2207,,,,,,,139.7313,36.1706678551687,2,R,HH,double
2208,-61.720600000000005,0.0947226913237817,2.758796185470236,12.597703118935284,0.142155619969169,0.1442743640516554,127.7206,36.92729199696054,2,R,HH,double
2209,,,,,,,151.7218,39.75973971134714,2,R,HH,double
2210,,,,,,,139.7313,41.86072222846337,2,R,HH,double
2211,,,,,,,139.7313,43.00717347386756,2,R,HH,double
2212,-61.720600000000005,0.0509033282921376,3.101343766067506,23.0427472422525,0.081501952217205,0.0929872571654756,127.7206,45.21183390512188,2,R,HH,double
2213,,,,,,,163.718,46.58383801479694,2,R,HH,double
2214,,,,,,,151.7218,47.74086872654287,2,R,HH,double
2215,0.0,0.2492531644378482,27.3646463882657,39.57667396130972,0.0340446875993676,0.3427241531036509,0.0,2.778287212203761,0,L,HH,double
2216,-13.7216,0.1048394632101242,7.748213398457366,21.72578405778853,0.0717206277386644,0.2044330808426568,31.7216,5.492584769078605,0,L,HH,double
2217,-25.7389,0.1598917241404925,11.985078277733296,30.908287911177705,0.0526828515518399,0.2322820588845789,55.7389,6.493621697068778,0,L,HH,double
2218,0.0,0.2132831065636893,36.27253808181718,64.60852128224143,0.0193808137921217,0.2586160489215574,0.0,6.571827707068011,0,L,HH,double
2219,-25.7389,0.2237633808555795,14.932027488168982,25.757853374504148,0.0609539157606498,0.3348311923070611,55.7389,7.360294732927234,0,L,HH,double
2220,0.0,0.2614859913019575,57.148885525674814,81.5019739108836,0.0172231479485192,0.3620977413735139,0.0,7.683731963313594,0,L,HH,double
2221,0.0,0.0125527322210672,1.1312242637141672,0.2900751999968387,0.3322065670050458,0.1382491415080127,0.0,9.397921456324609,0,L,HH,double
2222,0.0,0.2109058024005648,26.70037233085521,52.84412564620329,0.0306833876991046,0.3013881295754027,0.0,9.55137177308794,0,L,HH,double
2223,0.0,0.1307288105280257,12.252972237420954,22.971307060346536,0.0523490393581248,0.2359693977259077,0.0,9.940757636210884,0,L,HH,double
2224,-1.7298,0.1350425532317131,16.432415231578716,45.26672970949351,0.0266625088151746,0.1611788047065553,7.7298,10.086777334881988,0,L,HH,double
2225,0.0,0.1326874836277573,11.804039700245498,11.358950766053225,0.1346108427744874,0.58454267528776,0.0,10.695192746011587,0,L,HH,double
2226,0.0,0.1319983194556955,12.884855586468907,33.69664399695599,0.0483790937595616,0.22932045896417,0.0,11.522637705147842,0,L,HH,double
2227,0.0,0.2122459637064808,24.578858748628136,48.34604783368514,0.0349576789101989,0.3160893190389891,0.0,12.60805705726395,0,L,HH,double
2228,-1.7298,0.1412701193211961,12.4347628475245,37.04764590351611,0.0627628864236647,0.2871084227299594,7.7298,14.23847589487677,1,L,HH,double
2229,-19.725,0.1196751422060429,11.707584770515334,40.88956572218345,0.0378915303044759,0.163198053446755,43.725,17.15241094097286,1,L,HH,double
2230,-19.725,0.0740415663138949,4.02464931178221,16.068294887285596,0.1346053346299416,0.1992947389446049,43.725,18.30012494623911,1,L,HH,double
2231,-19.725,0.1712262976813205,14.012741610945474,33.3255999283399,0.0480881327912458,0.2478943030489799,43.725,19.94312135670384,1,L,HH,double
2232,-50.2534,0.1431545297114299,5.865323814451736,15.62307392258321,0.0938147366507978,0.2024270637663694,104.2534,22.716895181010536,2,L,HH,double
2233,-31.730999999999995,0.1433414208677947,9.58257042611713,27.551370526156862,0.0599011170786402,0.2111652540952878,67.731,25.548785401664453,2,L,HH,double
2234,-37.716,0.1322253527759509,7.592738358310315,23.457687906036767,0.0731832368342876,0.2044163205152279,79.716,25.98188988790305,2,L,HH,double
2235,-37.716,0.178050079106409,10.850399420090769,26.812985512404605,0.0651292523683752,0.2599724556630576,79.716,27.072553947818,2,L,HH,double
2236,-43.7195,0.1283213653093697,6.306376266128033,19.57575988683269,0.08393752445783,0.1947338964401925,91.7195,29.594233947818005,2,L,HH,double
2237,-50.2534,0.1455650409501233,6.447858898111449,18.70646188416809,0.0919806152113557,0.2181812136015758,104.2534,32.15197648709487,2,L,HH,double
2238,-50.2534,0.1350709094656885,5.7571290045101655,19.342042521830603,0.1122313062905975,0.2376979832977603,104.2534,34.51407648709487,2,L,HH,double
2239,-55.7166,0.1304853669497449,4.42973336858616,14.645871717086278,0.1396640794309204,0.2275976782726514,115.7166,36.27764166626559,2,L,HH,double
2240,-61.7193,0.1385687381050299,3.900461567569682,11.336760181886932,0.14762985207805,0.2118340189114452,127.7193,38.415789451235895,2,L,HH,double
2241,,,,,,,139.7346,41.79775066043864,2,L,HH,double
2242,,,,,,,139.7346,43.04889967674324,2,L,HH,double
2243,,,,,,,139.7346,45.42596027861309,2,L,HH,double
2244,,,,,,,151.725,46.89677276521622,2,L,HH,double
2245,,,,,,,151.725,49.618201727796,2,L,HH,double
2246,0.0,0.1867103886671375,20.68305797137784,40.53090751375527,0.0364074438029185,0.2770195727616367,0.0,5.101779258617557,0,R,HH,double
2247,0.0,0.2246630604747155,33.853440926365174,61.99776929553638,0.0260003768529261,0.3238083014934257,0.0,4.298473040376945,0,R,HH,double
2248,-1.7298,0.1946748662995429,22.95642195322878,47.42812057852273,0.0316366682193481,0.2671778537582207,7.7298,7.635349416037156,1,R,HH,double
2249,-1.7298,0.1318638284415269,14.626706594818687,43.808035465970775,0.0345094914556217,0.1856909026036947,7.7298,8.819023430277944,1,R,HH,double
2250,-13.7216,0.1404941031373296,12.45790751127605,34.33184718801713,0.0438325789868945,0.200885062498832,31.7216,10.363620386740951,1,R,HH,double
2251,-19.725,0.2146023086017019,18.54143336464481,30.857417651304523,0.0387680803546674,0.2644375469260108,43.725,10.75575379751251,1,R,HH,double
2252,-13.7216,0.1870406613579501,15.87069181138243,32.89779839831097,0.0486806791170326,0.2842222051247715,31.7216,12.3402229889806,1,R,HH,double
2253,-31.730999999999995,0.1964060497901886,11.199609044870504,15.653084729436532,0.095974273617633,0.3954241725892898,67.731,14.83169179215959,1,R,HH,double
2254,-25.7389,0.1860333816067044,13.53804457991208,31.49176268579504,0.0609501070915183,0.3035539796928097,55.7389,17.384386077148886,1,R,HH,double
2255,-25.7389,0.1812782885943929,15.40641259142659,35.23419041279284,0.044407656999745,0.2516893865800761,55.7389,18.347047770574065,1,R,HH,double
2256,-37.716,0.1690159659300976,13.014384390378188,30.2631233596958,0.043012874068579,0.2059337891320681,79.716,19.58774419357086,2,R,HH,double
2257,-37.716,0.1564699037705369,9.32845738654068,23.0564530836908,0.0590455574568338,0.2026294554280475,79.716,21.5562445433194,2,R,HH,double
2258,-50.2534,0.1322607311857535,5.956067383186389,19.607324658599182,0.0967557834537054,0.2120030233546267,104.2534,23.90397373329059,2,R,HH,double
2259,-50.2534,0.1436866575588811,5.988956497323456,17.31840424262856,0.1094305637741324,0.2410989467903634,104.2534,26.756639810983543,2,R,HH,double
2260,-50.2534,0.1324263330281245,5.746267451885653,20.131512993724478,0.1118470033170528,0.2364371449725896,104.2534,28.15634532180472,2,R,HH,double
2261,-55.7166,0.1286762620474434,4.803381588038463,16.70857577387134,0.1204272767712578,0.2128028660915531,115.7166,30.338233354450622,2,R,HH,double
2262,-55.7166,0.1673135259447555,5.846860151657546,14.241528009597504,0.1221831242718875,0.2628085259707222,115.7166,31.81926952379238,2,R,HH,double
2263,,,,,,,139.7346,33.30938226398192,2,R,HH,double
2264,-61.7193,0.0714254579659758,2.0690896813405666,14.277924726716106,0.1789100500839496,0.1361819567938893,127.7193,35.69196305295595,2,R,HH,double
2265,,,,,,,151.725,35.98107366476931,2,R,HH,double
2266,-61.7193,0.0923689136027293,3.5250031547359093,15.993868624281172,0.0996529027573354,0.1292275116290396,127.7193,37.50879559234645,2,R,HH,double
2267,,,,,,,139.7346,38.97340659248536,2,R,HH,double
2268,,,,,,,139.7346,41.2239988155053,2,R,HH,double
2269,,,,,,,151.725,44.49149527682887,2,R,HH,double
2270,,,,,,,151.725,46.86158333784395,2,R,HH,double
2271,0.0,0.1782216333351938,26.752111836536745,58.30955113410573,0.0223196663170781,0.2196601556237982,0.0,0.8201517512174179,0,L,HH,double
2272,0.0,0.280169647770289,47.12416190828107,68.58437460455333,0.0234548990725433,0.4066143730444243,0.0,6.503008745871535,0,L,HH,double
2273,-1.7319000000000004,0.1195993575121438,23.460054407413832,74.5554653427818,0.0179996097891983,0.1553451229912358,7.7319,7.679175275246598,1,L,HH,double
2274,-7.733599999999999,0.1652917137588252,25.92289366891193,62.38577783706738,0.0223652057747466,0.2132857767403599,19.7336,8.442655815208163,1,L,HH,double
2275,-7.733599999999999,0.1167704964462299,13.37294558844436,47.92095092323436,0.0317769248987519,0.1563307686458662,19.7336,9.639918178516616,1,L,HH,double
2276,-7.733599999999999,0.1411381475737777,18.322244793489784,53.19303743421028,0.0275971341974962,0.1860150934577507,19.7336,10.94721923566478,1,L,HH,double
2277,-1.7319000000000004,0.1451039378285391,35.453860368781555,86.05474913214539,0.0200016269871606,0.2608761471775885,7.7319,11.767800719735682,1,L,HH,double
2278,-13.7226,0.2311439864357799,19.27547954968106,32.39143043533791,0.0491620350986235,0.3486105790220484,31.7226,12.89675580282089,1,L,HH,double
2279,-13.7226,0.232762699614884,24.322982660608336,43.73455766725339,0.035986204810766,0.3220018713547271,31.7226,15.728600821341118,1,L,HH,double
2280,-13.7226,0.2132994242192464,19.19689492408194,36.94221588785224,0.0434497055739145,0.3068480330671136,31.7226,16.781301947333674,1,L,HH,double
2281,-25.741,0.2484417572701711,27.941907331962938,46.24814337084702,0.0314638204829362,0.3234245790996973,55.741,18.46305574244334,1,L,HH,double
2282,-31.731300000000005,0.2112647678022324,14.201427509560448,27.082642201211304,0.0592386622762787,0.3094872500975413,67.7313,20.12342597761804,1,L,HH,double
2283,-25.741,0.1710360625299504,10.723863353024807,19.896783369325924,0.0854298072739716,0.3370281807757448,55.741,21.78331435186676,1,L,HH,double
2284,-31.731300000000005,0.1763781599119611,12.483519498745707,26.959843757956747,0.0503459347178109,0.2312101898899334,67.7313,22.9315352583129,1,L,HH,double
2285,-37.715500000000006,0.2334573737420954,15.78792348377152,26.193977018068114,0.0508226899017223,0.2951808495378498,79.7155,24.50855575954155,2,L,HH,double
2286,-43.7184,0.2046018601232619,10.101672679603771,18.6567089643198,0.0824904747446088,0.3065509125400514,91.7184,26.254898307777577,2,L,HH,double
2287,-37.715500000000006,0.1766364019244804,17.137436994289526,38.40492038379374,0.0381321577320772,0.2404045981355201,79.7155,27.203656404660027,2,L,HH,double
2288,-43.7184,0.1628297570197422,9.14464049771868,22.15552888770161,0.0641710368087867,0.2158794043496542,91.7184,28.25492497732186,2,L,HH,double
2289,-50.2557,0.156662915404537,7.046422157015481,16.65787271672998,0.0799297684117296,0.2071966509303446,104.2557,29.409904977321855,2,L,HH,double
2290,-43.7184,0.1704321787926339,9.82231062815981,25.27401245605486,0.0724394728854271,0.261754685246959,91.7184,31.9858703501999,2,L,HH,double
2291,-43.7184,0.1821699783228592,10.107720479036551,24.076522671037992,0.0735693209758116,0.2735618229392982,91.7184,33.441520265071304,2,L,HH,double
2292,-55.7196,0.160388358271047,5.79020495638998,15.210877148982965,0.1144619261851788,0.2438150472024729,115.7196,36.58970156065387,2,L,HH,double
2293,-61.72,0.0693108505518425,2.483167541246374,14.33148831090351,0.0963628695184979,0.0880280871778997,127.72,39.22609839706536,2,L,HH,double
2294,-55.7196,0.1810201909559346,5.872934880635578,14.192952120447137,0.166397950658489,0.3595080974523174,115.7196,40.4623322094261,2,L,HH,double
2295,-61.72,0.1402894287409194,5.957034291275455,17.29849951036754,0.0847832426530029,0.1857999705997282,127.72,42.20217099949079,2,L,HH,double
2296,-61.72,0.1226812215236027,3.6168478108336335,11.812719346840163,0.1323277987994298,0.1760705988574659,127.72,44.253880732093336,2,L,HH,double
2297,,,,,,,163.7152,45.95456004687487,2,L,HH,double
2298,,,,,,,139.7358,47.4077098974006,2,L,HH,double
2299,,,,,,,139.7358,50.84155534141043,2,L,HH,double
2300,,,,,,,139.7358,51.16957662197009,2,L,HH,double
2301,,,,,,,151.7271,52.55799848700996,2,L,HH,double
2302,,,,,,,163.7152,55.66747238077982,2,L,HH,double
2303,,,,,,,151.7271,56.274485769549486,2,L,HH,double
2304,0.0,0.1154381618618837,13.293354881343395,44.27284906126389,0.0280561898613476,0.1372046432200404,0.0,2.0641912396237503,0,R,HH,double
2305,0.0,0.1543206557142394,25.08865366620784,61.80780727043352,0.02015159384397,0.1859911483350694,0.0,2.541800100550464,0,R,HH,double
2306,0.0,0.1330105760317885,17.606436533171316,48.91782298519393,0.0233122355439781,0.1509944227468374,0.0,3.848249925138256,0,R,HH,double
2307,0.0,0.1311239258190596,20.83733345756108,60.4231888470817,0.0196415509572412,0.1505647952448431,0.0,4.727676420645414,0,R,HH,double
2308,0.0,0.099841889975375,12.377054066297136,48.55957402579763,0.0271528214760009,0.1236339572823071,0.0,5.91954702093778,0,R,HH,double
2309,0.0,0.1667240486033687,20.88861674978804,47.28837413084404,0.0272388147509306,0.2093164719322762,0.0,6.300422890611876,0,R,HH,double
2310,0.0,0.1547987418961046,17.745755084242838,46.30745336342941,0.0314966945787391,0.2056198228254921,0.0,6.958299392776225,0,R,HH,double
2311,0.0,0.130016050481098,16.74117501198322,54.15636568489147,0.0303967240080976,0.1872053409189692,0.0,8.113447311082432,0,R,HH,double
2312,0.0,0.1135228005831883,15.73355576992149,57.55879077427594,0.025236993879316,0.1460730254340397,0.0,8.63719482002639,0,R,HH,double
2313,-1.7319000000000004,0.1040049598330286,11.835033443881708,46.46167564855232,0.0316360725929548,0.1377392046883308,7.7319,9.51709063505224,1,R,HH,double
2314,-7.733599999999999,0.1477509338097511,15.90499549712851,41.89991461521143,0.0323968835869082,0.1895580812026664,19.7336,10.958311359055966,1,R,HH,double
2315,-7.733599999999999,0.1003338990938364,7.937225786147453,22.791295144939365,0.0720883599783555,0.2104938434678956,19.7336,12.2845625361689,1,R,HH,double
2316,-7.733599999999999,0.1358849610249315,13.888952835387324,41.16089842435651,0.036065156951204,0.1842734843208189,19.7336,13.996765179648785,1,R,HH,double
2317,-13.7226,0.0841626574376272,6.166469561837242,16.636357197825152,0.0987436107776709,0.2240015968585523,31.7226,15.029558378696874,1,R,HH,double
2318,-13.7226,0.1564695514494762,14.807821988101644,38.36164823509205,0.0395011798351351,0.2151824116229545,31.7226,15.76849910761671,1,R,HH,double
2319,-19.7241,0.1737348177754392,15.416531292470824,32.478578792725976,0.0376522878549796,0.2135421235105969,43.7241,17.16563730840099,1,R,HH,double
2320,,,,,,,139.7358,19.126469785830963,1,R,HH,double
2321,-19.7241,0.2339270497611528,20.38114219166368,35.229094902652136,0.0430054123448265,0.322446118292272,43.7241,20.01030803098588,1,R,HH,double
2322,-31.731300000000005,0.1270271394783755,8.244245167036555,25.05458471234704,0.0531841087195691,0.1613014613436948,67.7313,21.337176095137885,1,R,HH,double
2323,-25.741,0.2108761193152677,13.17544155631272,16.952782191173597,0.089757705950389,0.4350532739456418,55.741,22.86319048626311,1,R,HH,double
2324,-25.741,0.1951441952196879,18.66520793422754,40.46147023141639,0.0351559126801298,0.2413997008780201,55.741,24.470251304595493,1,R,HH,double
2325,-43.7184,0.1752845610443739,9.473405488022872,21.49991090865537,0.06853788859936,0.238859415972607,91.7184,26.42050428879162,2,R,HH,double
2326,-37.715500000000006,0.1340680528001782,8.6094213897347,26.74446857905044,0.0599847474355943,0.189985439413616,79.7155,28.12082999009269,2,R,HH,double
2327,-43.7184,0.1586447942575982,9.78312788199358,24.778395455256625,0.0596945779563104,0.2148414796045197,91.7184,29.94645031222732,2,R,HH,double
2328,-55.7196,0.1447607186798341,5.073318526255224,13.738195527448685,0.1120237188948895,0.2090776616682272,115.7196,37.37788242004212,2,R,HH,double
2329,-61.72,0.1407867659168459,3.966592495675041,10.168400400924204,0.1397777418200957,0.203967570971219,127.72,39.73908013547626,2,R,HH,double
2330,,,,,,,139.7358,40.133685135476256,2,R,HH,double
2331,-61.72,0.1043617652436203,2.874036961473157,11.50038319925077,0.159425302123736,0.1685602302530147,127.72,42.58984863337852,2,R,HH,double
2332,-61.72,0.1694189287750548,4.598550744670276,11.159456739628174,0.1661342120094674,0.2810512862768292,127.72,42.57269908163512,2,R,HH,double
2333,,,,,,,151.7271,50.47978454609505,2,R,HH,double
2334,,,,,,,151.7271,51.33448130729168,2,R,HH,double
2335,,,,,,,151.7271,53.845153043306766,2,R,HH,double
2336,0.0,0.1231665331586993,12.909136192837328,36.83631616184641,0.0363023775776121,0.1724002019830519,0.0,2.810480977582626,0,L,HH,double
2337,0.0,0.180147498848094,27.57374176713286,56.30313119288325,0.0201515417368601,0.2044134652427753,0.0,3.792327308728112,0,L,HH,double
2338,-25.7417,0.0512252705053956,3.7505396855055824,26.519115276045174,0.0470547288371406,0.064923594767377,55.7417,4.64836047923484,0,L,HH,double
2339,0.0,0.1671496534517791,28.08760238886888,64.88333306537945,0.0199382386042096,0.206018858083932,0.0,5.826244310965991,0,L,HH,double
2340,0.0,0.160576152848387,24.15482099762868,57.300357227803936,0.0213465500364578,0.1896867681817455,0.0,6.91247285687946,0,L,HH,double
2341,0.0,0.1390121725431171,19.22015342212258,51.83206815323512,0.0239280199333211,0.1691878337967446,0.0,7.579661415834122,0,L,HH,double
2342,0.0,0.0358234826081236,14.440986965440958,124.4115193523442,0.0110693373758892,0.0588063220993912,0.0,8.580566156351924,0,L,HH,double
2343,-13.7226,0.073875095848575,10.682235511897796,57.63339258202805,0.0270968013864082,0.106484328077497,31.7226,8.810842504859597,0,L,HH,double
2344,0.0,0.0858883082486659,19.989897589150107,85.94613097887972,0.0161654112966918,0.1188783712285443,0.0,9.206341469712855,0,L,HH,double
2345,-1.7314999999999996,0.0416132602869758,29.08415969093677,147.37617244393735,0.0116168585244837,0.1242941643856834,7.7315,11.127295813176952,1,L,HH,double
2346,-1.7314999999999996,0.1427294038609863,19.368520416345092,56.25708984224749,0.0274692471148367,0.1957260899128145,7.7315,13.198301150943871,1,L,HH,double
2347,-13.7226,0.0897997911244306,11.345769031174552,52.00269329650355,0.0305056961515432,0.1273269677363825,31.7226,15.560098132326395,1,L,HH,double
2348,-13.7226,0.1126680397503433,11.646030383191716,43.402969022087895,0.0367580315544817,0.1574837266055263,31.7226,18.09854446571856,1,L,HH,double
2349,-13.7226,0.1215687561539907,11.061542957950714,36.49906884721789,0.0391883418274643,0.159469677513567,31.7226,19.165070494445327,1,L,HH,double
2350,-19.7246,0.1098598681895828,8.962152789149187,33.34301701007556,0.0487863726700798,0.1608482686820916,43.7246,21.475845802731804,1,L,HH,double
2351,-25.7417,0.1234666140303036,9.858320492582964,32.38945279700695,0.0463847233161867,0.1682222437803581,55.7417,23.4825298697425,1,L,HH,double
2352,-31.7312,0.1284699281346479,10.50274277861564,34.29185478222404,0.0465668258888091,0.1799222542733895,67.7312,25.784477393741533,1,L,HH,double
2353,-31.7312,0.1705964861246666,14.00417655423152,34.7017385425377,0.0466485235715734,0.2403261329458533,67.7312,27.69885653328995,2,L,HH,double
2354,-43.71810000000001,0.1864359499128796,11.282070513046614,25.583871710262446,0.0563147005089717,0.2337308866989298,91.7181,30.66429036987492,2,L,HH,double
2355,-50.2554,0.1042075368125975,4.796417119249167,19.84078200438468,0.0892818378218119,0.1575380929538589,104.2554,32.02315918135543,2,L,HH,double
2356,-55.7203,0.1031114781849754,3.504648174599819,13.837693729579907,0.1272013570767966,0.1639991847859758,115.7203,35.74000918010248,2,L,HH,double
2357,-50.2554,0.1236878260917923,5.51108954064198,19.15458082536436,0.0929077799893086,0.1883627698874784,104.2554,36.69157685043809,2,L,HH,double
2358,-55.7203,0.1465079877249878,5.311732932435548,14.986560754355782,0.1149713761775566,0.2246629612632767,115.7203,39.58946572006799,2,L,HH,double
2359,-61.7197,0.1420791064586601,3.515922362412007,13.114053897142014,0.3212159917654057,0.4154721842262268,127.7197,42.907505756671085,2,L,HH,double
2360,-61.7197,0.0568871531031895,1.4887001616535542,13.994093955043873,0.2465110961876823,0.1350048052052181,127.7197,45.747687302584346,2,L,HH,double
2361,,,,,,,139.7367,47.09928777781508,2,L,HH,double
2362,,,,,,,139.7367,47.73499294512879,2,L,HH,double
2363,,,,,,,151.7277,51.753195702334494,2,L,HH,double
2364,,,,,,,151.7277,52.39121889446782,2,L,HH,double
2365,0.0,0.0296850576149106,2.675587255515047,4.454705604675441,0.0712810126284354,0.0701614405659197,0.0,1.999419615095379,0,R,HH,double
2366,0.0,0.2258724806032147,36.9898383538868,65.0732958274704,0.021240413541876,0.2890353219662634,0.0,2.9943151213545893,0,R,HH,double
2367,0.0,0.1706674115996513,26.5119341445776,64.95024866071022,0.0191147744727803,0.1864301327055875,0.0,4.617274243050455,0,R,HH,double
2368,0.0,0.1926769060599634,30.06792697357389,62.81552704075224,0.0226167975247902,0.2501728147654966,0.0,6.012328908537151,0,R,HH,double
2369,-1.7314999999999996,0.1832599522512987,471.13678933707376,216.75542068325296,0.0092036329267369,1.595187821197315,7.7315,6.642196260286708,0,R,HH,double
2370,-19.7246,0.1298278100736162,17.416533184139876,53.18927569130551,0.0261578002304797,0.1675978520580823,43.7246,7.782890776456485,0,R,HH,double
2371,0.0,0.1937911426532274,45.39709273429095,85.91149830227947,0.0198262172637515,0.3311108562289713,0.0,7.957773652976743,0,R,HH,double
2372,-19.7246,0.2214866465911544,21.7946555487754,42.1325302936356,0.0413603712151157,0.3316194202401533,43.7246,14.332440047572032,1,R,HH,double
2373,-43.71810000000001,0.1507014311217925,7.932211132704879,20.82738252031401,0.0751257396640364,0.2192242254930471,91.7181,15.163063344139132,1,R,HH,double
2374,-31.7312,0.1715680847134434,10.281639398338015,20.826747875617244,0.0643773429296922,0.2435011037105983,67.7312,16.652914421944082,1,R,HH,double
2375,-25.7417,0.1757640391242245,10.993460492999697,20.332211340298723,0.1032362939431256,0.4175152506356663,55.7417,17.711559226966052,1,R,HH,double
2376,-31.7312,0.2621403113685575,24.90503510794825,38.17977672486609,0.0380230566797517,0.3483691615808447,67.7312,18.881135169621377,2,R,HH,double
2377,-37.7152,0.191734467471024,14.954993220121514,32.38069536981891,0.0477560473190588,0.2627363198322936,79.7152,20.55693072261139,2,R,HH,double
2378,-55.7203,0.1401433482719395,5.125898479683167,11.35916234160413,0.0847179950180446,0.1597537964306573,115.7203,22.82206435518386,2,R,HH,double
2379,,,,,,,139.7367,24.11768128843186,2,R,HH,double
2380,-55.7203,0.108052970791311,3.9438505008919473,14.716487972778625,0.1078888430344451,0.1565317706160209,115.7203,24.44222421132497,2,R,HH,double
2381,,,,,,,151.7277,25.482141670208414,2,R,HH,double
2382,,,,,,,139.7367,26.525594384476285,2,R,HH,double
2383,-55.7203,0.1389840424027547,5.095274349550508,14.61211523985754,0.10827829715549,0.202961894654658,115.7203,26.95167032183957,2,R,HH,double
2384,,,,,,,139.7367,29.441688034107443,2,R,HH,double
2385,-55.7203,0.1278539314638976,5.050191592365617,17.790039294254587,0.111481079223132,0.2071164229941763,115.7203,31.269442718011305,2,R,HH,double
2386,-61.7197,0.106336352152254,3.212834390585131,13.15952359017434,0.1316727537768104,0.1556287310639167,127.7197,32.64689464162134,2,R,HH,double
2387,-61.7197,0.0938071798179294,2.631426089365913,13.435177029270816,0.1768530074974743,0.1712021222521633,127.7197,34.183060966470315,2,R,HH,double
2388,,,,,,,139.7367,36.407269746477255,2,R,HH,double
2389,,,,,,,139.7367,38.28128102547309,2,R,HH,double
2390,,,,,,,151.7277,39.45038630879354,2,R,HH,double
2391,,,,,,,151.7277,40.61677611403927,2,R,HH,double
2392,,,,,,,151.7277,42.19346636774189,2,R,HH,double
2393,,,,,,,168.1009,45.92295434312212,2,R,HH,double
2394,0.0,0.2839227627685334,66.19957942719067,85.31201255487333,0.0192966666334264,0.4699406816855676,0.0,1.225677321579942,0,L,HH,double
2395,0.0,0.0868734123498781,11.06363549830661,43.99223895257597,0.0231205221028566,0.0941024681099954,0.0,2.708527225024356,0,L,HH,double
2396,0.0,0.2759576326966855,40.71823067803205,62.17396378743244,0.0258621362511675,0.3873992823984332,0.0,6.5577445197381055,0,L,HH,double
2397,-7.733599999999999,0.2617534521293081,22.239949121635146,33.42951947657829,0.0499158313651731,0.408392366936759,19.7336,8.000700205823321,1,L,HH,double
2398,-13.723299999999998,0.1584998551066894,17.88885014948917,45.69409024816646,0.0272299664459595,0.179198780725222,31.7233,9.030418159294076,1,L,HH,double
2399,-7.733599999999999,0.1281925701946241,15.58937069800486,48.22697020495394,0.0261127747167867,0.1497569975090648,19.7336,9.725278390264757,1,L,HH,double
2400,-13.723299999999998,0.149123619996285,15.308584018292082,40.21808995528629,0.0330449758262411,0.1860998309749267,31.7233,10.969711205405853,1,L,HH,double
2401,-25.7418,0.2104241834259927,30.74176015480596,53.904634174279686,0.0251741566643061,0.2847011219260961,55.7418,11.433323430654498,1,L,HH,double
2402,-19.7246,0.2756647417273221,25.244676316024087,33.39596433809914,0.0336370871950469,0.312387541851837,43.7246,12.333295355014013,1,L,HH,double
2403,-13.723299999999998,0.2178464907507285,24.48430220295284,45.98274850840143,0.0330461082198983,0.2976552658434785,31.7233,13.79545066580382,1,L,HH,double
2404,-19.7246,0.2312671189286198,23.335235993237823,41.985905284575296,0.0370899646229077,0.3184007884668222,43.7246,15.711965458153294,1,L,HH,double
2405,-31.7311,0.2502099797569498,16.65049384042154,26.56639255495526,0.0584752601519691,0.3581828597696777,67.7311,18.604790125150604,1,L,HH,double
2406,-25.7418,0.2606900098708921,25.021397642956877,40.50074320852149,0.0383225345845225,0.3527534807047151,55.7418,19.48896688952722,1,L,HH,double
2407,-31.7311,0.227477445202954,17.37590684891857,31.0701184062452,0.049480729094898,0.3162926413913881,67.7311,20.73141968017918,2,L,HH,double
2408,-37.715,0.2004721969954344,14.113012083798166,27.55027072215612,0.0488952973266337,0.2538588584844684,79.715,22.57323373551291,2,L,HH,double
2409,-55.7201,0.067698439544818,3.67158101350015,22.239068881675077,0.0681237144556838,0.0920146446722137,115.7201,26.31835374249276,2,L,HH,double
2410,-43.7193,0.161006801365546,8.848523694733053,23.405356179080076,0.0714853288951462,0.2326983243356574,91.7193,26.98432186823152,2,L,HH,double
2411,-43.7193,0.107691457224824,5.27282913457473,21.194323802569038,0.0786754362775264,0.1526118919077228,91.7193,27.493898140165363,2,L,HH,double
2412,-55.7201,0.1339892987872955,4.575698651701946,14.592704031604091,0.1327943581925982,0.2235334685954737,115.7201,30.435799971665105,2,L,HH,double
2413,-50.25620000000001,0.1336086730713026,6.04029619858221,20.580867284521087,0.1036715122780379,0.230368549338127,104.2562,32.38384334437535,2,L,HH,double
2414,-55.7201,0.1616913545570532,6.070659180645989,17.18337315816991,0.1287920976280261,0.2876276189152368,115.7201,34.62253085493735,2,L,HH,double
2415,-55.7201,0.12322819695594,4.650291252946267,16.78911185048889,0.1161788841690625,0.1987526249751365,115.7201,36.33126875584707,2,L,HH,double
2416,-61.7197,0.0829822479175515,2.8166799690799453,13.69417060450057,0.1008048249226837,0.1044538237991653,127.7197,37.13232875584707,2,L,HH,double
2417,-55.7201,0.1105223536160557,4.250803814516242,18.71228194920936,0.1261384256584169,0.1972531675458502,115.7201,38.08743875584707,2,L,HH,double
2418,-61.7197,0.1065813022919251,2.9362228622396302,13.018956301725495,0.1827340783935072,0.1973849705618883,127.7197,40.63735503546217,2,L,HH,double
2419,,,,,,,139.7366,41.89628265863106,2,L,HH,double
2420,,,,,,,139.7366,46.57860245770339,2,L,HH,double
2421,,,,,,,151.7287,47.87174569034457,2,L,HH,double
2422,,,,,,,151.7287,50.206952770437525,2,L,HH,double
2423,,,,,,,151.7287,51.62065349446541,2,L,HH,double
2424,0.0,0.1578393068276834,21.064225141750637,51.29622321248482,0.022555777711598,0.1747868727186839,0.0,2.6146706797912818,0,R,HH,double
2425,-19.7246,0.0843538802300902,11.897368302653415,54.59555881591818,0.0266345619098698,0.1165740760593542,43.7246,5.842114913775466,0,R,HH,double
2426,-1.7325999999999997,0.1837097596971427,20.87248176605021,46.70796956748156,0.0311908231489094,0.239500511178699,7.7326,6.632772790566742,0,R,HH,double
2427,0.0,0.171579391155437,23.496819395209343,57.915504652559854,0.0281220578134817,0.2430869774233828,0.0,7.880972790566741,0,R,HH,double
2428,-1.7325999999999997,0.1235504925607213,16.136335285542184,52.54182533528617,0.0256189399326317,0.1520798175101145,7.7326,9.10608140204687,1,R,HH,double
2429,-1.7325999999999997,0.1078817405196297,14.619111689205518,54.728245568890365,0.0260259570626504,0.1399694355213495,7.7326,9.82988836449923,1,R,HH,double
2430,-1.7325999999999997,0.2567129911102159,33.0151128367137,53.06473119999709,0.0281082171036359,0.3413906349223015,7.7326,11.412075750225188,1,R,HH,double
2431,-7.733599999999999,0.1875931015284549,23.02845613379249,50.63121727198288,0.029731250560178,0.2518741037664887,19.7336,13.259028011563286,1,R,HH,double
2432,-13.723299999999998,0.1703050445552781,16.187982845768605,38.38574761787133,0.0382984518367744,0.2280759393166584,31.7233,14.145993764603803,1,R,HH,double
2433,-25.7418,0.1806605443618029,15.06510189386846,30.51886086598854,0.0378576934758195,0.209812685244404,55.7418,15.557409773673127,1,R,HH,double
2434,-13.723299999999998,0.1429348884971754,12.45089225944984,34.173900030014,0.0414886166121698,0.1900355916091983,31.7233,16.911616335169562,1,R,HH,double
2435,-19.7246,0.2501990232758164,23.877736620886036,39.50211285158707,0.0395627065356382,0.3475238942398018,43.7246,17.7826893005654,1,R,HH,double
2436,-25.7418,0.2142906079032482,16.536596230994295,31.12976582944631,0.0482179997303569,0.2933329370998729,55.7418,17.942453006706693,1,R,HH,double
2437,-25.7418,0.1932392234267329,14.65157422690339,29.912214864834105,0.0482899360844625,0.2602833803127062,55.7418,20.682335718724534,1,R,HH,double
2438,-25.7418,0.244776952335866,18.372944003976038,33.85631869452332,0.0595568103049556,0.402546170648052,55.7418,23.30227851503835,2,R,HH,double
2439,-43.7193,0.117026125933537,5.489115755984503,17.063023577715903,0.088103563316454,0.1779104184472579,91.7193,24.99566222962225,2,R,HH,double
2440,-37.715,0.1320148435100663,7.844550028811324,24.600756675611635,0.0675823429448369,0.1950324152354701,79.715,26.34731435113284,2,R,HH,double
2441,-55.7201,0.0836999202075004,3.16394808050929,13.849570337659236,0.0906457467569473,0.1055072485330031,115.7201,27.192292109936567,2,R,HH,double
2442,-37.715,0.1499558945857488,9.77598096195456,29.011105035389416,0.0653123013367276,0.2348880118921444,79.715,28.98177145892097,2,R,HH,double
2443,-43.7193,0.141088059047493,7.929492399271036,23.758704553394903,0.0690806077259443,0.2015148496248547,91.7193,30.09014145892097,2,R,HH,double
2444,,,,,,,139.7366,31.50456342319257,2,R,HH,double
2445,-50.25620000000001,0.1540619742877328,6.971102190206003,18.92174482259044,0.0902031983209338,0.231328373237559,104.2562,33.21152297238634,2,R,HH,double
2446,-55.7201,0.1123182122552543,4.033538593237826,16.28110621393123,0.1265000534637707,0.1877078536709407,115.7201,34.82700425878555,2,R,HH,double
2447,-61.7197,0.0621901484086819,2.443116774815803,16.333074621004204,0.0954836944251433,0.0858181124301212,127.7197,37.70676178823444,2,R,HH,double
2448,,,,,,,151.7287,39.53242311373077,2,R,HH,double
2449,-61.7197,0.1285100015082898,3.8902915829538474,14.836856771956882,0.1596757446539801,0.2285212662372862,127.7197,40.60492426644291,2,R,HH,double
2450,,,,,,,139.7366,42.61101984067472,2,R,HH,double
2451,,,,,,,139.7366,43.28867849150792,2,R,HH,double
2452,-61.7197,0.1008932339413049,2.826355667522758,13.064283761256108,0.171795468348014,0.1786257372346819,127.7197,44.827772306857135,2,R,HH,double
2453,-61.7197,0.1120061835910363,3.1994918687807337,13.457627414447243,0.1642238584861508,0.1932959615832394,127.7197,46.70109199430808,2,R,HH,double
2454,,,,,,,139.7366,48.96497828823307,2,R,HH,double
2455,,,,,,,139.7366,51.39453071472127,2,R,HH,double
2456,,,,,,,151.7287,53.32071385420145,2,R,HH,double
2457,,,,,,,151.7287,55.47759656061295,2,R,HH,double
2458,-1.7270000000000003,0.0231403584409834,2.0073676821229056,21.135043064655243,0.0855135788652608,0.0631491528213256,7.727,1.7570982012967449,1,L,LH,quad
2459,-25.7309,0.0754853867875879,4.508180878758969,11.887009142462428,0.103226719563464,0.1711981143532978,55.7309,4.007489154540128,1,L,LH,quad
2460,-19.7249,0.0471692484229696,3.2478707457581257,19.082096382698985,0.0974961635728348,0.1164908414486832,43.7249,4.609073635826841,1,L,LH,quad
2461,-13.726,0.0640185847886117,4.460735681144743,22.291262871516665,0.0643740236712352,0.105638606461906,31.726,5.797004944184255,1,L,LH,quad
2462,-19.7249,0.0112990670503418,0.7276202269527535,6.980815288514265,0.1378924338744135,0.0369105671753123,43.7249,6.732922684157167,1,L,LH,quad
2463,-19.7249,0.1265296191453479,7.641484002167591,20.47377635485513,0.0656573193769413,0.1845722361792496,43.7249,8.50100813173694,1,L,LH,quad
2464,-25.7309,0.0360344973872823,2.209366055431857,11.351488971938016,0.132238334202774,0.1074807195323398,55.7309,9.860820616399293,1,L,LH,quad
2465,-25.7309,0.0796034201548739,5.638424822292407,26.46411088897445,0.0528683519901714,0.1096627380774789,55.7309,11.92621256333993,1,L,LH,quad
2466,-25.7309,0.0836570753001281,5.856456211230522,28.940595089172152,0.0617908554535462,0.1331265343532499,55.7309,13.64045214267284,1,L,LH,quad
2467,-31.7289,0.1057438091994534,6.75020602826118,25.294782269353817,0.0580425209110729,0.1441347878087776,67.7289,14.73031132127828,2,L,LH,quad
2468,-37.7217,0.0903494532222263,5.4159908760053845,23.955624950507676,0.0640176036225327,0.1275507026142011,79.7217,16.102319230492903,2,L,LH,quad
2469,0.0,0.1569189722907755,18.12978890802772,41.96033142991771,0.028876256083343,0.1925924022167845,0.0,0.624531101107062,0,R,LH,quad
2470,0.0,0.1576712143151392,18.791633938537537,44.67300543097179,0.0283787141145525,0.1961836339793326,0.0,1.6647538960677548,0,R,LH,quad
2471,-25.7309,0.0767335440137744,5.248263853706419,24.866809238520144,0.0460324821341291,0.0888762193646017,55.7309,4.292736528777768,1,R,LH,quad
2472,-19.7249,0.1786494643729656,12.493629554778312,19.73271062987212,0.0750274647555874,0.3448374415326444,43.7249,6.274335319115376,1,R,LH,quad
2473,-13.726,0.1291726796362365,10.63305160086543,29.610231030016056,0.0460555326809831,0.1801545558577522,31.726,10.248951154308276,1,R,LH,quad
2474,-25.7309,0.2167769011644258,17.162822410130353,29.720634061649484,0.0405442633652648,0.2559903776725256,55.7309,12.096014404443473,1,R,LH,quad
2475,-19.7249,0.1560464832483973,11.039668724172058,23.432579144004816,0.0544025660918673,0.2209433551411978,43.7249,13.7335433431735,1,R,LH,quad
2476,-19.7249,0.1792833462017534,13.405471250760062,28.611494665481025,0.0537010245491071,0.2648318261898217,43.7249,14.83259488047462,1,R,LH,quad
2477,-25.7309,0.1211758689889265,8.712431917887026,27.371912659061632,0.0521337665094794,0.1670952167584272,55.7309,16.38819281536351,1,R,LH,quad
2478,-19.7249,0.1816986946560885,13.574404321869684,29.391251066266136,0.0540928028336297,0.2701256245321407,43.7249,16.964880370023746,1,R,LH,quad
2479,-37.7217,0.1657868249795397,9.320104110386414,19.43781188159958,0.066005657659752,0.2263119279328553,79.7217,18.971108645956345,2,R,LH,quad
2480,-31.7289,0.1287805459449959,8.24864581248081,23.759096860880515,0.0584475744296837,0.1773595861259075,67.7289,19.89591324751669,2,R,LH,quad
2481,-31.7289,0.1134713830746752,7.219604396545778,24.97530993155074,0.0628146674867373,0.1668322411631213,67.7289,21.315219879746188,2,R,LH,quad
2482,-43.72539999999999,0.0990545910889089,5.413759568099466,19.84698010665245,0.0579920789347592,0.115497653304407,91.7254,22.84145250144989,2,R,LH,quad
2483,-43.72539999999999,0.1086479279517726,5.7261302485205245,21.01892549122214,0.0700674874184602,0.1475989556874313,91.7254,23.88397527389689,2,R,LH,quad
2484,-50.2618,0.1080381400573008,5.848087308184333,21.307708984004684,0.0587196560811471,0.1263289449511467,104.2618,25.235298715247254,2,R,LH,quad
2485,-43.72539999999999,0.0761356788479638,4.094869557239001,23.065969716991564,0.0750124162443341,0.1130000783870126,91.7254,26.154045279866686,2,R,LH,quad
2486,-43.72539999999999,0.1114620803098464,5.483695371433011,21.54975462365213,0.0920315520328751,0.1856588197091269,91.7254,29.57081969320221,2,R,LH,quad
2487,-55.723600000000005,0.1173222752459854,4.1693282048485285,13.348563817453565,0.1099700052310232,0.1686731080260957,115.7236,32.10368596759878,2,R,LH,quad
2488,-55.723600000000005,0.1070591375758683,3.677610106472789,15.27888784367243,0.1382937179023715,0.1870999428001809,115.7236,33.51864742308087,2,R,LH,quad
2489,-61.72709999999999,0.1089562323754892,2.963842006473261,10.281458589642858,0.1545958416965103,0.1685614952979152,127.7271,35.45290274718865,2,R,LH,quad
2490,-55.723600000000005,0.0928150056508077,3.2029936269879693,15.27536510633188,0.1356372323126503,0.1598234539668708,115.7236,36.808654833801285,2,R,LH,quad
2491,,,,,,,151.7269,39.10240579750104,2,R,LH,quad
2492,-61.72709999999999,0.1207304235417372,3.2001717878270504,11.775139938420612,0.1925023021799852,0.2266286115289858,127.7271,41.32398427855922,2,R,LH,quad
2493,,,,,,,139.7313,44.0181234801733,2,R,LH,quad
2494,-61.72709999999999,0.0937476394716112,2.963943810944789,14.433982352569243,0.1426460033747273,0.1555374922615029,127.7271,45.610631662443446,2,R,LH,quad
2495,,,,,,,139.7313,48.93798863444093,2,R,LH,quad
2496,,,,,,,151.7269,50.45552907871252,2,R,LH,quad
2497,,,,,,,151.7269,51.98359056320858,2,R,LH,quad
2498,,,,,,,151.7269,54.42690139189155,2,R,LH,quad
2499,0.0,0.0904528465112443,9.311606272133492,34.66153150106379,0.0307075130506115,0.105190075631631,0.0,3.62351952429508,0,L,LH,quad
2500,0.0,0.0257594769488283,2.305194134964746,17.498707805143525,0.0943778954473215,0.080035619845501,0.0,6.6010125130328765,0,L,LH,quad
2501,-1.7279,0.0034864456632587,0.2730413620605998,3.264748334415703,0.35514945752057,0.0356734502659979,7.7279,5.814982463036711,1,L,LH,quad
2502,-7.730899999999998,0.0192054740761851,1.5358013076503758,13.111902082312348,0.0908879743734196,0.0513507718114427,19.7309,6.9570958527976,1,L,LH,quad
2503,-19.7271,0.0082398370145071,0.6093817378804245,17.298046768985355,0.0557004428443692,0.012486870311182,43.7271,7.711091983291651,1,L,LH,quad
2504,,,,,,,115.7244,9.325979239671366,1,L,LH,quad
2505,-25.733,0.0322758147766052,1.8956262963767032,7.192244741975477,0.1257933770587334,0.0877235137894965,55.733,11.021932427940428,1,L,LH,quad
2506,-37.721500000000006,0.0483170557001774,6.771403179981847,50.43013981654829,0.0257753332904589,0.0642079022052865,79.7215,11.40129972105167,1,L,LH,quad
2507,-13.7269,0.0596469362138171,4.252481139735767,26.087235892730117,0.072607935725387,0.1135878826230424,31.7269,13.10559175236555,1,L,LH,quad
2508,-19.7271,0.0667980564724384,4.039889072759614,18.07176832148072,0.1025396245470682,0.1523935834745311,43.7271,14.895677834602507,1,L,LH,quad
2509,-31.730999999999995,0.0965668531805771,5.7262866169152025,21.19293319227797,0.0827305889836276,0.1742788623117181,67.731,16.31533736305453,1,L,LH,quad
2510,-31.730999999999995,0.072229499398487,4.108267972608032,13.234443284753413,0.0954425778580594,0.1442468848271307,67.731,19.266928166293056,1,L,LH,quad
2511,-37.721500000000006,0.1516593997224479,9.518875954341343,24.41424648794844,0.0564133546966471,0.1975482159000625,79.7215,21.22756773083934,2,L,LH,quad
2512,,,,,,,139.7342,24.009973465172003,2,L,LH,quad
2513,,,,,,,151.7281,25.20966753914202,2,L,LH,quad
2514,,,,,,,139.7342,26.27524926473433,2,L,LH,quad
2515,,,,,,,151.7281,30.191181797134764,2,L,LH,quad
2516,-1.7279,0.1639210546727883,19.44935153915204,49.70170065607816,0.0313858430869575,0.2245662275191488,7.7279,2.6491749264833166,1,R,LH,quad
2517,-19.7271,0.1711671771557472,36.7380510624569,71.81862117643708,0.0216603816904507,0.2927438208374409,43.7271,4.609665043488864,1,R,LH,quad
2518,-19.7271,0.2110494838285312,17.90999932171465,30.283379855556227,0.0395652767407109,0.2606845516056328,43.7271,5.036557535809823,1,R,LH,quad
2519,-7.730899999999998,0.2883495669507289,25.92061662871516,41.80899891712736,0.0537181094884516,0.5122377332224003,19.7309,5.05790216042587,1,R,LH,quad
2520,-13.7269,0.2577358516305782,27.792748834223516,44.95353674804772,0.0322484838795499,0.3297207829465283,31.7269,7.603942663308878,1,R,LH,quad
2521,-19.7271,0.2013024021513003,16.96756375032568,32.69765195510093,0.0430205226278371,0.2685348710416667,43.7271,8.603507620482647,1,R,LH,quad
2522,-19.7271,0.2673540832324008,25.599530860680275,38.98095027628383,0.0385879868781687,0.3634039526722642,43.7271,9.72283029353095,1,R,LH,quad
2523,-19.7271,0.2558086027706695,20.58247433067693,34.541336004041355,0.0527512517305575,0.3994255758501588,43.7271,11.5799846309174,1,R,LH,quad
2524,-25.733,0.2443800270668246,19.40086976820771,31.78882652207974,0.0464864630552536,0.3317823068518383,55.733,12.832062606763952,1,R,LH,quad
2525,-25.733,0.2535708189090717,19.65574627375055,32.42993463358078,0.0515468777063374,0.372732635296386,55.733,13.47175936630414,2,R,LH,quad
2526,-43.7263,0.2192077972839931,11.672098305720844,19.698192023831908,0.0654254370529019,0.2809319199286725,91.7263,15.35219435188925,2,R,LH,quad
2527,-43.7263,0.1597289185547573,8.543546571703104,20.113011765679538,0.0659101115385626,0.207155160138444,91.7263,16.020143702379563,2,R,LH,quad
2528,-37.721500000000006,0.1572987588683648,10.448768801022212,28.0434715265156,0.0604450540314856,0.2323439711541318,79.7215,16.50263864285818,2,R,LH,quad
2529,-43.7263,0.1502058674635295,7.411670837525721,17.908406093687304,0.0739358827600688,0.2015936759619107,91.7263,17.75560944517282,2,R,LH,quad
2530,-50.2627,0.1584131016141697,6.793500661158574,16.782863349435637,0.0758588781759916,0.1895856910964562,104.2627,20.18470885571472,2,R,LH,quad
2531,-55.7244,0.1857754880367353,6.641644103586224,15.721981988694278,0.1282059965626963,0.3132488295364613,115.7244,23.47551356098769,2,R,LH,quad
2532,-55.7244,0.2064016904892875,6.981801355236552,14.653898727470688,0.1384522844166031,0.3556093179357396,115.7244,26.23295454997378,2,R,LH,quad
2533,,,,,,,139.7342,28.600560384611992,2,R,LH,quad
2534,-61.727,0.1651845054743141,4.363343304866949,10.237143353035924,0.1730436546264119,0.277766957038406,127.727,29.26316885218541,2,R,LH,quad
2535,,,,,,,139.7342,29.541284468268795,2,R,LH,quad
2536,,,,,,,139.7342,31.995201162545072,2,R,LH,quad
2537,-61.727,0.1291348956475737,3.6903670797880914,13.893556119266265,0.1728910761570922,0.2347186848543073,127.727,34.644885376749,2,R,LH,quad
2538,,,,,,,139.7342,37.68642479312872,2,R,LH,quad
2539,,,,,,,139.7342,38.54910479312872,2,R,LH,quad
2540,,,,,,,151.7281,40.68413016453712,2,R,LH,quad
2541,,,,,,,151.7281,41.06818893952407,2,R,LH,quad
2542,,,,,,,151.7281,43.9048499103204,2,R,LH,quad
2543,-25.7332,0.0829500103286303,5.435125049884969,17.45108835511753,0.0581688385589918,0.1163068921937041,55.7332,1.9004214450542207,1,L,LH,quad
2544,-19.7218,0.0644601233981832,5.1312092141500285,25.446690680180787,0.0411903271047069,0.0777535955840682,43.7218,3.5558523318962525,1,L,LH,quad
2545,-13.7206,0.0690606041101462,5.191288711903486,22.43627418584145,0.0574482034619185,0.1097127630507889,31.7206,4.941211505375805,1,L,LH,quad
2546,-19.7218,0.0721592833855488,5.010744927881548,20.25593647236395,0.0555080039086405,0.1023206814429985,43.7218,7.130169122054223,1,L,LH,quad
2547,-25.7332,0.0848209406922461,5.460270696590677,20.314340032222564,0.0609491477678648,0.1224298533194058,55.7332,8.805453982975378,1,L,LH,quad
2548,-25.7332,0.084999912181162,6.292291246958909,25.77620754597136,0.0490406687237975,0.1135195649417599,55.7332,11.708466690907354,1,L,LH,quad
2549,-31.726299999999995,0.0676622045382788,3.591778292931031,11.82980505656799,0.0986392897549395,0.1303361763532695,67.7263,13.78513788379755,1,L,LH,quad
2550,-37.7177,0.1755388574540213,9.959299842341943,18.376133468656377,0.0639743207916639,0.2343905022296884,79.7177,16.546378587964718,2,L,LH,quad
2551,-25.7332,0.1004554347729815,6.055122730966269,19.527276861700955,0.0628463020320364,0.1399936047864027,55.7332,2.0298458511668445,1,R,LH,quad
2552,-19.7218,0.2674124406146645,18.97744874170656,21.195125037942148,0.0527977222284184,0.3686027168995465,43.7218,5.3017024850035295,1,R,LH,quad
2553,-19.7218,0.1990612951204782,15.781204071857925,26.188596010628228,0.0411306699159475,0.2387874166542018,43.7218,7.395825880253286,1,R,LH,quad
2554,-19.7218,0.1879779014055774,17.4590670841376,34.819185485994154,0.0354000653065414,0.2273686666699033,43.7218,9.853908415901484,1,R,LH,quad
2555,-19.7218,0.30253100665526,25.04746253253284,32.13342739182705,0.0442658516377068,0.4078853225438559,43.7218,11.246282768360151,1,R,LH,quad
2556,-31.726299999999995,0.2415451603034926,14.040222481609264,15.84336230140413,0.062712349951737,0.3239161357180046,67.7263,11.945814274441188,1,R,LH,quad
2557,-25.7332,0.2103004383844134,13.064941477299971,21.130894680499587,0.067886155200812,0.3262828142144109,55.7332,13.286547306778049,1,R,LH,quad
2558,-37.7177,0.2658110611718561,16.36174395046274,23.75330294361937,0.0618298424332402,0.3721630479219363,79.7177,17.036723137185884,2,R,LH,quad
2559,-43.7208,0.1667957860517912,8.089087568922794,15.99782485019652,0.0758488531683511,0.2257117009934806,91.7208,17.471223137185884,2,R,LH,quad
2560,-37.7177,0.1728254233049692,10.58414117504034,24.20368314047634,0.0596334241173523,0.2321939443515735,79.7177,19.10004572894606,2,R,LH,quad
2561,-50.2572,0.2816602004183877,11.968375384654191,15.08417498358454,0.0892303967179143,0.3928742312370956,104.2572,19.4790082828968,2,R,LH,quad
2562,-43.7208,0.1909418310359167,10.255490908250485,23.161993068289156,0.0782870845296521,0.2953602806087335,91.7208,21.60920198802181,2,R,LH,quad
2563,-55.7144,0.1151824544472557,4.744922242682615,16.793108019402744,0.0917190385985431,0.1601010247603358,115.7144,23.738953111862727,2,R,LH,quad
2564,-50.2572,0.1182402171784485,4.934277823794648,18.27434814375431,0.1130295122391098,0.2051733598174875,104.2572,26.550494088381885,2,R,LH,quad
2565,-61.7204,0.0900528418445765,2.43625053761257,11.637912144704911,0.1643851507690586,0.1473296137816845,127.7204,28.442408843464683,2,R,LH,quad
2566,-61.7204,0.0851620668201464,2.215690785124948,11.984345206773972,0.2128489977054431,0.1734947266694488,127.7204,30.19094425078766,2,R,LH,quad
2567,-55.7144,0.0857639747200702,3.983882438970343,19.036057604835836,0.0772259846389465,0.1131815107669318,115.7144,30.36158425078766,2,R,LH,quad
2568,-55.7144,0.1092763642268835,4.253226437301189,17.333411890368378,0.1100348956873056,0.172168802536649,115.7144,31.76936425078766,2,R,LH,quad
2569,-61.7204,0.1079644414945807,2.8576950748811107,11.160794973755294,0.1802703174956468,0.1895158894346873,127.7204,32.85219316903758,2,R,LH,quad
2570,-55.7144,0.1317430295841708,4.169375253406549,16.343507354860616,0.2039849485082731,0.3128777110134799,115.7144,34.890486600825184,2,R,LH,quad
2571,-61.7204,0.1033230571366157,3.1268748754788,12.921377419618034,0.1265371880799506,0.1455573701293624,127.7204,35.688360397424624,2,R,LH,quad
2572,-61.7204,0.1230507862458204,3.766436741020873,12.562620068573368,0.1325682889138852,0.1836859110162904,127.7204,38.59707808630884,2,R,LH,quad
2573,,,,,,,139.7306,39.89662809548348,2,R,LH,quad
2574,,,,,,,151.722,42.31398295372991,2,R,LH,quad
2575,,,,,,,151.722,44.03044751433552,2,R,LH,quad
2576,,,,,,,151.722,46.119700085101535,2,R,LH,quad
2577,,,,,,,151.722,47.1601759457558,2,R,LH,quad
2578,,,,,,,151.722,49.32730660694834,2,R,LH,quad
2579,,,,,,,151.722,50.22454804184756,2,R,LH,quad
2580,0.0,0.0097844429004034,0.8741195217942866,5.885757262051261,0.0972778216468647,0.031281687589896,0.0,1.1680870147489752,0,L,LH,quad
2581,0.0,0.0327363962204385,2.942341450298417,16.570219467696,0.0722088150317474,0.0781607658633704,0.0,3.202765690745656,0,L,LH,quad
2582,-1.7306999999999997,0.0440258443651622,3.743013449925093,20.37347385357816,0.0889217375672032,0.1224432493423357,7.7307,3.866002446430113,1,L,LH,quad
2583,-25.735100000000003,0.0320564428623018,2.519333170079371,32.52778902998199,0.0510672965166677,0.0473297259591558,55.7351,8.800049283929745,1,L,LH,quad
2584,-25.735100000000003,0.039797544812309,2.4887409688530493,15.830807252510544,0.0920299868360089,0.0842586652362021,55.7351,11.38932517050254,1,L,LH,quad
2585,-25.735100000000003,0.0439451750947221,2.636368938733065,14.405300965757542,0.1060965710081487,0.102899449712517,55.7351,13.216177431720912,1,L,LH,quad
2586,-37.7177,0.0458000836423035,2.4344601831442354,19.60581464737379,0.0728056603791778,0.0652038649727156,79.7177,15.70717532061116,1,L,LH,quad
2587,-31.728399999999997,0.0662520227438071,4.831507404131839,32.25902760737317,0.0582557795851863,0.1035445359096034,67.7284,17.463286958547307,1,L,LH,quad
2588,-50.257000000000005,0.0716894618856231,3.448247560489589,21.17250311234857,0.0879444589944582,0.1115610099774415,104.257,21.392906825155904,2,L,LH,quad
2589,,,,,,,151.7221,30.518113935215688,2,L,LH,quad
2590,0.0,0.1629035922561126,17.101652014777997,38.586415889669816,0.0409397128870782,0.2575659065405415,0.0,0.799632781441483,0,R,LH,quad
2591,0.0,0.1470223976414953,22.02737158706204,59.72141782818786,0.0228017945119511,0.1847724526971898,0.0,2.336338085195215,0,R,LH,quad
2592,-7.730799999999999,0.0732017404979882,7.646704898266218,41.02243362488197,0.0330972272744013,0.0931046690113311,19.7308,6.192109635002946,1,R,LH,quad
2593,-13.7216,0.1364231787552224,16.465376216382836,49.77499204212376,0.0297493472803252,0.1801999299829998,31.7216,7.356330833271476,1,R,LH,quad
2594,-25.735100000000003,0.1595324844196631,13.32911990265844,34.15424609159409,0.0444651313313027,0.2180351797217329,55.7351,11.165467901160644,1,R,LH,quad
2595,-25.735100000000003,0.19750225910675,18.183256413198293,36.16181484982406,0.0378124920573133,0.2529370691080685,55.7351,13.631883636438888,1,R,LH,quad
2596,-31.728399999999997,0.2147298431122787,16.51386348214832,29.66365106810636,0.0449886520120839,0.2733110488380047,67.7284,15.234210277451885,1,R,LH,quad
2597,-31.728399999999997,0.1840818836214793,14.58360990694246,32.45807466339729,0.046885106035591,0.2515390750547394,67.7284,17.77653771086233,2,R,LH,quad
2598,-43.7207,0.2032725106580764,12.8006975567043,25.04044904728326,0.0563291928361326,0.2652605603876486,91.7207,19.58055054472274,2,R,LH,quad
2599,-55.7152,0.1217492379571605,4.559788674724749,14.499864573739067,0.1059233341660644,0.1776813627133375,115.7152,20.360408462798784,2,R,LH,quad
2600,-43.7207,0.1591480582883279,11.869596696342324,29.745802397465205,0.0490061350809302,0.2139892387048267,91.7207,20.652871755025345,2,R,LH,quad
2601,-55.7152,0.1415999785240211,4.653187129770297,10.113557027370724,0.1149264962052455,0.1967325416419384,115.7152,22.493697083327667,2,R,LH,quad
2602,-50.257000000000005,0.1284850796475609,5.390347003383934,16.709189631493057,0.1000951132966445,0.1984883937946217,104.257,24.470997512444512,2,R,LH,quad
2603,-61.7204,0.1066061537130605,2.9962069825665893,10.44434445253735,0.1358792730116278,0.1497719707799037,127.7204,26.58697906120341,2,R,LH,quad
2604,-55.7152,0.1531235872057146,5.5012119111480455,13.746969645486816,0.1095507992474905,0.2217070192599285,115.7152,27.141772978279835,2,R,LH,quad
2605,-55.7152,0.1223188299476097,4.498359692697983,15.418321482309343,0.1140495618667564,0.1887353793488421,115.7152,28.11567881109146,2,R,LH,quad
2606,-55.7152,0.1475596212154141,5.195963890454917,15.37781689487942,0.1333040921355597,0.2548092114418073,115.7152,30.53356976965668,2,R,LH,quad
2607,,,,,,,139.7326,33.626198658115705,2,R,LH,quad
2608,-61.7204,0.1195048686266443,3.4138406912123447,12.732024994384956,0.159565757974745,0.2003957322582427,127.7204,34.819524900501094,2,R,LH,quad
2609,,,,,,,151.7221,38.692151274905285,2,R,LH,quad
2610,,,,,,,151.7221,39.41737096186493,2,R,LH,quad
2611,,,,,,,151.7221,40.66352395177751,2,R,LH,quad
2612,,,,,,,151.7221,42.712623299562246,2,R,LH,quad
2613,,,,,,,163.7158,43.20999590616619,2,R,LH,quad
2614,-7.734500000000001,0.0259664453959514,1.9968816635376825,11.169284115971267,0.1099935478085869,0.0808025482960815,19.7345,3.968432439023361,1,L,LH,quad
2615,-19.724200000000003,0.0586814914460512,3.709791570959264,13.4763389589873,0.0903135033603662,0.123255900106583,43.7242,6.342910904399151,1,L,LH,quad
2616,-13.7231,0.0850942049602364,6.9569139466669085,28.219575419847096,0.0523121056128717,0.1338826656263256,31.7231,7.352630654287497,1,L,LH,quad
2617,-13.7231,0.0767681272192955,6.028043014248474,28.06025223259441,0.0533023169819903,0.1182028501101705,31.7231,8.296411222534163,1,L,LH,quad
2618,-13.7231,0.0715765895843032,5.395466132336238,30.428243590734446,0.0525311189079672,0.1042680232764303,31.7231,9.26253810911092,1,L,LH,quad
2619,-19.724200000000003,0.143063941155882,7.406000994873901,19.96276704774009,0.073728022555343,0.200873140775286,43.7242,10.539521860944635,1,L,LH,quad
2620,-25.7425,0.1103199538416215,8.048398663086653,28.44303352800235,0.0520958775575366,0.1542475790761154,55.7425,12.824465510833072,1,L,LH,quad
2621,-25.7425,0.1145425543973363,8.235516038449699,26.360192430346125,0.0504687717564342,0.1529040789256902,55.7425,13.732194418382017,1,L,LH,quad
2622,0.0,0.0962399641429316,19.787753062476835,77.07122564798505,0.0173047326513453,0.125969931790007,0.0,1.041969037275598,0,R,LH,quad
2623,-1.7321,0.1275732946828632,22.67068213350353,68.93866436165375,0.0198223516953365,0.1653199567898525,7.7321,2.060645864001424,1,R,LH,quad
2624,-13.7231,0.2292559707621387,20.91502273280999,33.15034665515996,0.0352392637750995,0.2711381856095132,31.7231,3.7811578837719977,1,R,LH,quad
2625,-7.734500000000001,0.166478639637865,22.72471307986012,55.48640805893485,0.0262783936074037,0.2196861814238029,19.7345,4.930859794441982,1,R,LH,quad
2626,-13.7231,0.18313488356674,20.842442706759325,46.505268743646745,0.0300645182194615,0.2305198791144737,31.7231,5.627774831406322,1,R,LH,quad
2627,-13.7231,0.1727600094159862,16.784120503547076,37.837425654981,0.0359326956806307,0.2218676106380331,31.7231,6.29754124850807,1,R,LH,quad
2628,-19.724200000000003,0.2068298955581519,19.84953090418435,38.25000768545139,0.036307869317407,0.2651285700164166,43.7242,7.9466715035256605,1,R,LH,quad
2629,-19.724200000000003,0.2047310680131376,18.49669943683412,36.76937107361658,0.0414094423538891,0.28177284674746,43.7242,9.392069656745168,1,R,LH,quad
2630,-19.724200000000003,0.1487050573588729,12.693156204800632,35.44677542966369,0.0442002225001689,0.206395202516449,43.7242,10.22944825735526,1,R,LH,quad
2631,-19.724200000000003,0.17301457490903,14.92001613623694,35.651306220044056,0.0430333423939707,0.2361999981724581,43.7242,11.747650414126571,1,R,LH,quad
2632,-31.732100000000003,0.2023061470448285,14.38070272330628,26.788484632164835,0.0490725669386324,0.2596117847773245,67.7321,12.97145858933986,2,R,LH,quad
2633,-50.256,0.1943877322818555,8.36625831079889,15.146040703400963,0.0871416060026333,0.2682022069246519,104.256,15.905485032284602,2,R,LH,quad
2634,-50.256,0.1133988913979181,4.657626699217781,16.152702134382917,0.104370025957979,0.1788323103257872,104.256,17.94494932002729,2,R,LH,quad
2635,-50.256,0.1277946024083981,5.361634362605992,17.729995105503914,0.1052650582592986,0.2076284907752643,104.256,19.110909243695986,2,R,LH,quad
2636,-50.256,0.1351266141260953,5.668489952408587,16.432578777057277,0.0978006910801922,0.2039458267066284,104.256,20.95414093208306,2,R,LH,quad
2637,-50.256,0.106733832303526,4.7959619985877975,20.02924379178775,0.0921370676016619,0.1625607287119983,104.256,21.78046769251602,2,R,LH,quad
2638,-55.7209,0.156063315517205,5.433677489267717,14.035433179776026,0.1213353510751182,0.2425418729164708,115.7209,23.15985146189294,2,R,LH,quad
2639,,,,,,,139.7359,24.37195165757156,2,R,LH,quad
2640,-55.7209,0.1308109975120962,4.662971553255741,15.166990435161884,0.123786105949329,0.2123440934957194,115.7209,26.019985204597237,2,R,LH,quad
2641,-55.7209,0.0947106400725576,3.172373994511739,17.107113382476932,0.1748561437006036,0.2040660674875125,115.7209,28.120454564255,2,R,LH,quad
2642,-61.721500000000006,0.1107606214748052,2.957151922352445,12.341956383991588,0.1937305739747747,0.2107547250068295,127.7215,30.094216884315085,2,R,LH,quad
2643,-61.721500000000006,0.0893331335578062,2.3788393797710428,11.916342269595193,0.1863434636608931,0.1630740289246448,127.7215,30.559263252755912,2,R,LH,quad
2644,-61.721500000000006,0.0996736979476178,2.6626373443927505,12.5004539761095,0.1988529337635031,0.1947823223984513,127.7215,31.21725080801476,2,R,LH,quad
2645,-61.721500000000006,0.1164531118101169,3.1364221788913027,13.210042103201047,0.2020212317136425,0.2330971958536027,127.7215,32.67469335969027,2,R,LH,quad
2646,,,,,,,139.7359,33.95886584607368,2,R,LH,quad
2647,,,,,,,139.7359,37.75340437197691,2,R,LH,quad
2648,,,,,,,151.7276,43.73171123830759,2,R,LH,quad
2649,-13.7242,0.0109059264676361,0.7948571453855197,11.50519902615133,0.1385650570037902,0.0405180303628233,31.7242,2.9817280891935094,1,L,LH,quad
2650,-19.7263,0.0108523690690869,0.717422060950348,6.566336543576397,0.1207908064811309,0.0318796926875948,43.7263,3.8006628391602097,1,L,LH,quad
2651,-19.7263,0.0130865976471858,0.8580333614594587,4.872057776297604,0.2948840438082611,0.0930809839879605,43.7263,5.402927306913021,1,L,LH,quad
2652,-19.7263,0.0803174062808417,5.886781557439526,24.973633467435263,0.0519539246166114,0.1125127652576953,43.7263,6.974260510314034,1,L,LH,quad
2653,-19.7263,0.0642214582770706,4.357761864756664,17.18417291437308,0.0733070846523306,0.1175208598938799,43.7263,8.126908785540714,1,L,LH,quad
2654,-31.734399999999997,0.0720238503761351,4.521381701167374,18.699130360977406,0.0531516007422922,0.0884082998561585,67.7344,8.92183095154189,1,L,LH,quad
2655,-25.7437,0.0577974687079928,3.6322709009975553,17.226726239030118,0.0640225733446464,0.0855493818676515,55.7437,11.096489929046935,1,L,LH,quad
2656,-25.7437,0.068082173946711,4.444515962314531,20.256586704301085,0.0568733761775033,0.0929905889835296,55.7437,12.6090828003592,1,L,LH,quad
2657,-25.7437,0.0770457610492492,5.1592454265515295,22.928946639056083,0.0540390856804334,0.1025651213692771,55.7437,13.550535614816726,1,L,LH,quad
2658,-31.734399999999997,0.0741062051631466,5.072343495052506,24.23302911370357,0.0480092896541836,0.0895858573345714,67.7344,14.743431670273262,1,L,LH,quad
2659,-31.734399999999997,0.1131989372349054,7.7207434401869,25.388852042476707,0.0509652833480059,0.1447568360891583,67.7344,16.220941971239213,2,L,LH,quad
2660,-43.720200000000006,0.024305929867868,1.1783123396159447,16.66584443728715,0.0850189113883897,0.0368537328767135,91.7202,17.98373323982046,2,L,LH,quad
2661,-43.720200000000006,0.1091773982772125,4.944631998824636,14.317895529178156,0.1002936381366396,0.1824369817790726,91.7202,18.7605051940417,2,L,LH,quad
2662,0.0,0.1845935211564945,31.842741097909844,68.77581722578478,0.0235476663455702,0.2758441876966899,0.0,1.117843021515699,0,R,LH,quad
2663,-7.7348,0.1035740556059105,12.142580663601091,47.625000147261794,0.028467439692725,0.1271642179026989,19.7348,3.246778363674063,1,R,LH,quad
2664,-19.7263,0.18687585830792,14.486227577609071,27.26238469948609,0.0466222449124779,0.2484585825171945,43.7263,3.219038224885657,1,R,LH,quad
2665,-7.7348,0.092017820954525,13.431277739142404,56.34176674466384,0.0232546242413375,0.1149032133588072,19.7348,4.201288391251032,1,R,LH,quad
2666,-25.7437,0.1960277391518912,20.64986690065747,40.80063931935401,0.0328618372804073,0.249640253945324,55.7437,5.949064343602119,1,R,LH,quad
2667,-13.7242,0.1505013157476115,22.39960926023881,60.06634736728142,0.0289734636032367,0.2387516470270339,31.7242,7.128923878002089,1,R,LH,quad
2668,-13.7242,0.1517657245578741,24.33962826881887,62.13954800472459,0.0231274600951797,0.2070844073727719,31.7242,8.436890928906593,1,R,LH,quad
2669,-43.720200000000006,0.0813512856933671,3.593674870882855,11.28464961668501,0.1016931998921295,0.1344423867922417,91.7202,10.728553697809769,1,R,LH,quad
2670,-31.734399999999997,0.2330997562979706,16.97109716974041,29.22997863375317,0.0487963504574738,0.304651120598466,67.7344,12.122192383297584,1,R,LH,quad
2671,-19.7263,0.1931642135012752,13.67589108062104,23.257310812708344,0.076384205591045,0.3842949855332249,43.7263,13.385414746999263,1,R,LH,quad
2672,-61.7218,0.0911141194397624,2.493387583626816,11.242920228630815,0.1796244576107341,0.164763413283088,127.7218,14.03470944388572,1,R,LH,quad
2673,-25.7437,0.2137602702929632,16.475494886551775,31.13095374995644,0.0501735193701665,0.3041014927771827,55.7437,16.612424688221473,1,R,LH,quad
2674,-25.7437,0.198588798182303,16.243498286427847,33.4232920320536,0.0454598352416331,0.271652022287683,55.7437,18.013776394785932,1,R,LH,quad
2675,-37.7153,0.1702962616712571,10.0489102449734,22.40246361055088,0.0646855749535514,0.239128823967905,79.7153,19.97676094511512,2,R,LH,quad
2676,-37.7153,0.1682051918413712,10.1724527905203,21.358635115988623,0.0579915568596197,0.2170181061533528,79.7153,20.575943121920155,2,R,LH,quad
2677,-43.720200000000006,0.0805178910374577,4.005880877791879,16.757363574096523,0.0721549504889638,0.1063333953733616,91.7202,21.39234646528921,2,R,LH,quad
2678,-37.7153,0.1388726774518544,7.72192841752531,19.794073465791257,0.064743277926154,0.1839187358821872,79.7153,21.700674265690022,2,R,LH,quad
2679,-50.2565,0.1319983544690433,7.626836334939985,22.36610078221018,0.0576197520888304,0.1616669817825503,104.2565,23.910714941551383,2,R,LH,quad
2680,-61.7218,0.082736121981976,2.229305266915997,10.226162214580471,0.1555413752555634,0.1275619045274463,127.7218,26.681870237620924,2,R,LH,quad
2681,-61.7218,0.113657329674543,3.0072485330469445,8.309376505275733,0.1518663855306327,0.1680105279462628,127.7218,27.768772465382952,2,R,LH,quad
2682,-55.72280000000001,0.1038319905764956,3.785436928366315,14.746961238599834,0.1076338496643526,0.149889222300633,115.7228,29.8583782897874,2,R,LH,quad
2683,,,,,,,139.7371,30.507421143146825,2,R,LH,quad
2684,-61.7218,0.1175222284228348,3.2550272818850106,10.88460695030551,0.1517673860541091,0.1817350125121298,127.7218,32.79383035742522,2,R,LH,quad
2685,-55.72280000000001,0.0953030319357185,3.3244377533719938,16.508152339071756,0.1475606415365285,0.1804655288130724,115.7228,34.613746864432464,2,R,LH,quad
2686,-61.7218,0.0923035821551912,2.403849852643314,12.040012067713924,0.2116943652209257,0.187207030306427,127.7218,36.32137405975881,2,R,LH,quad
2687,,,,,,,139.7371,38.80096454947595,2,R,LH,quad
2688,-61.7218,0.1071254727303578,3.754554070584446,14.805275526921164,0.1109233197261934,0.1532098685428835,127.7218,39.58270537609305,2,R,LH,quad
2689,,,,,,,139.7371,40.69416978920819,2,R,LH,quad
2690,,,,,,,139.7371,42.69884046949085,2,R,LH,quad
2691,,,,,,,139.7371,44.58282225422816,2,R,LH,quad
2692,,,,,,,163.7172,45.872162505869255,2,R,LH,quad
2693,,,,,,,151.7278,47.56455379382561,2,R,LH,quad
2694,0.0,0.3227267513104286,47.5247037836814,62.69131973748887,0.0282004350697886,0.4930383999301484,0.0,3.067424690827889,0,L,HL,quad
2695,-7.729600000000001,0.1896363337013682,19.385374660293134,41.36867406435319,0.0372113967922875,0.2653723616510551,19.7296,5.251691610689361,1,L,HL,quad
2696,-13.7257,0.1963187646124356,16.391300575185337,34.37535346744524,0.0525334280388877,0.3167777528492761,31.7257,6.239161590233045,1,L,HL,quad
2697,-13.7257,0.262716990058408,21.64428546239568,31.790422298699905,0.0515339821946887,0.4103386962889614,31.7257,8.001261092628436,1,L,HL,quad
2698,-13.7257,0.2069026392033005,17.200436940046895,32.02005704836366,0.0487139432747737,0.3082465918825501,31.7257,8.900928908484715,1,L,HL,quad
2699,-13.7257,0.2871679160270115,25.502768980243847,37.5689539179843,0.0463949462362492,0.4352748060655053,31.7257,10.255648771039333,1,L,HL,quad
2700,-19.7249,0.2054202510004861,14.96269001773836,25.0675864629434,0.0572690213736873,0.315235383418459,43.7249,11.579551643957757,1,L,HL,quad
2701,-25.7288,0.2928975542974151,24.827047168746343,32.92083423449632,0.0405641392236256,0.3704868962889878,55.7288,14.541799199685563,1,L,HL,quad
2702,-31.728800000000007,0.3498023539126919,24.222572112046105,25.95860167843537,0.0517953695305054,0.4615478278916978,67.7288,14.389247356366642,1,L,HL,quad
2703,-37.7217,0.2730396814269083,15.585412032806898,20.527457480195515,0.0644532209018988,0.3695459367313172,79.7217,17.45876467990919,2,L,HL,quad
2704,-37.7217,0.2312935577179284,15.782771990610138,25.988680622567667,0.0500239402578672,0.2904468679060362,79.7217,18.91830843153527,2,L,HL,quad
2705,-37.7217,0.2004498438984455,12.861575902620434,26.55792074223868,0.0628247352483645,0.2972558225932487,79.7217,20.878631302962745,2,L,HL,quad
2706,-43.7242,0.1864729297999073,10.087176779531884,21.51220255650138,0.07104523592855,0.2636392763443113,91.7242,22.111031302962743,2,L,HL,quad
2707,-37.7217,0.1728025885599088,10.214663184452924,25.36278714486607,0.0721247428925129,0.2710278044752727,79.7217,23.32875417439022,2,L,HL,quad
2708,-43.7242,0.1261710617858172,5.846846352334196,20.650526370777563,0.1130674746892639,0.2432007399061057,91.7242,25.79946911985997,2,L,HL,quad
2709,-43.7242,0.1737977698342229,8.564332542408637,20.993845869195003,0.0920690091600525,0.2900764751621623,91.7242,27.61238647823013,2,L,HL,quad
2710,-50.2615,0.1636855416776475,6.935490920112756,17.149932980744822,0.0969047114130643,0.247245057184688,104.2615,30.04523556996944,2,L,HL,quad
2711,-50.2615,0.1650902653099603,7.309268913807999,19.779279239442385,0.1026930670254081,0.2761344444177547,104.2615,31.312350596714506,2,L,HL,quad
2712,-55.7233,0.1585249789913624,5.512414612012907,14.66612584668942,0.1289593706521173,0.2615172244820937,115.7233,32.60586357976091,2,L,HL,quad
2713,-55.7233,0.1492901681751688,5.170804113391185,15.91339206839148,0.1379389281389948,0.2623919159339778,115.7233,35.7203576460376,2,L,HL,quad
2714,-55.7233,0.0851571170114958,3.606121466697732,18.753324682241782,0.0991397704622759,0.1315205990506754,115.7233,37.20658772100377,2,L,HL,quad
2715,-61.7261,0.1183459246855975,3.427739766937621,12.182048906391438,0.1358209978850369,0.1712695978619738,127.7261,37.24688546535752,2,L,HL,quad
2716,,,,,,,139.7311,38.97968847256867,2,L,HL,quad
2717,-61.7261,0.1263133863286202,3.2457460808313567,11.604172840837093,0.2163934438451797,0.2583831319198603,127.7261,39.50355914916739,2,L,HL,quad
2718,,,,,,,139.7311,41.49959168448556,2,L,HL,quad
2719,,,,,,,163.7219,42.74565397523294,2,L,HL,quad
2720,,,,,,,151.7248,43.70797924303305,2,L,HL,quad
2721,,,,,,,163.7219,44.16390712680416,2,L,HL,quad
2722,,,,,,,163.7219,45.31832110069084,2,L,HL,quad
2723,,,,,,,151.7248,47.06082569485188,2,L,HL,quad
2724,,,,,,,139.7311,48.6540136239111,2,L,HL,quad
2725,,,,,,,151.7248,51.20034674155302,2,L,HL,quad
2726,,,,,,,151.7248,52.70279600186236,2,L,HL,quad
2727,,,,,,,151.7248,54.526433271575605,2,L,HL,quad
2728,,,,,,,151.7248,56.69646528273981,2,L,HL,quad
2729,-25.7288,0.0381200169972897,2.359241488595808,15.879382070356238,0.087470434853556,0.0759170284594849,55.7288,2.4834097890979154,1,R,HL,quad
2730,-31.728800000000007,0.0281295165922882,1.5813774897396495,12.058865908500188,0.0870271998827526,0.0506286189492259,67.7288,4.960675550316804,1,R,HL,quad
2731,-37.7217,0.0467204904227271,2.961495022200848,23.11727726825536,0.0565353886879391,0.061593787084408,79.7217,6.064060001769938,1,R,HL,quad
2732,-31.728800000000007,0.085929515684508,5.91884715208052,26.681145717207706,0.0552218031958108,0.1202411792465103,67.7288,10.790087221002384,1,R,HL,quad
2733,-31.728800000000007,0.0923832097844461,6.63769927041214,29.652128000916708,0.0547204655550988,0.1336204327634398,67.7288,12.273830254502451,1,R,HL,quad
2734,-43.7242,0.1157945234146509,6.676553942289989,23.572492008362666,0.0649963132710246,0.1596417954388399,91.7242,14.791281952299231,2,R,HL,quad
2735,,,,,,,151.7248,17.33772808875876,2,R,HL,quad
2736,,,,,,,139.7311,22.547006951110912,2,R,HL,quad
2737,0.0,0.1245021996484233,14.5351763379274,44.557988230835896,0.0304788353571486,0.1629762013094685,0.0,1.7193769466523148,0,L,HL,quad
2738,0.0,0.1923053004253445,23.4264075611494,47.89879006922951,0.0292721775606836,0.2522703696723178,0.0,2.9326805596496524,0,L,HL,quad
2739,-7.729900000000001,0.0954078107083851,8.225322333841358,27.995421016962624,0.0425595526276224,0.1287820987070819,19.7299,4.181557092570936,1,L,HL,quad
2740,-1.7297000000000002,0.1020889789128937,10.635307349252718,40.15015172854316,0.0349515772939649,0.1367484279851892,7.7297,5.280525329193891,1,L,HL,quad
2741,-7.729900000000001,0.0944341132773835,8.798021471294152,35.71505866448589,0.0366470728523266,0.1186123272573348,19.7299,6.305091676484295,1,L,HL,quad
2742,-13.7208,0.1433908004776113,15.181554061766985,41.59896392206341,0.0314801139949793,0.1758158581946196,31.7208,7.883946439263134,1,L,HL,quad
2743,-13.7208,0.124000565176828,10.34314419352128,29.81781741994772,0.042900589183064,0.1632380334010446,31.7208,9.59291676608967,1,L,HL,quad
2744,-13.7208,0.1122543656328096,8.88916734105209,26.47874002971565,0.0478322051889225,0.1564180990228324,31.7208,11.417020870756396,1,L,HL,quad
2745,-31.727400000000003,0.111124322081837,6.518298161153217,20.16774723841248,0.0650227249908853,0.1559211058632307,67.7274,13.795996533099997,1,L,HL,quad
2746,-19.7218,0.18537671959932,16.09093735206152,35.64673668848823,0.0428246594220389,0.2535016438211022,43.7218,14.85916660496056,1,L,HL,quad
2747,-19.7218,0.1892196399885721,16.785591730976005,36.539148261447615,0.0440987841922107,0.2723132603592063,43.7218,17.78540781986226,1,L,HL,quad
2748,-43.7207,0.1988362206588019,10.943656798188591,19.916734413548312,0.0607347071453489,0.2445146723855256,91.7207,21.65236035898316,2,L,HL,quad
2749,-43.7207,0.1681854961621564,8.506141312633439,20.096971529170656,0.0786213240251427,0.2460245605671134,91.7207,21.76161196080208,2,L,HL,quad
2750,-50.2572,0.1085881585209813,5.17489743309476,21.27005664080749,0.0911916036519032,0.1736049554234581,104.2572,22.679325416081017,2,L,HL,quad
2751,-37.7177,0.1681641173010655,10.202092155769726,25.1470791235288,0.0654807963398793,0.2457585934241928,79.7177,24.35063906739694,2,L,HL,quad
2752,-43.7207,0.0994722618408775,5.251946656541384,22.28212361058413,0.0728054947201922,0.1406662732945226,91.7207,25.51161318476768,2,L,HL,quad
2753,-43.7207,0.1346420546922146,7.274735086251225,24.18419306308973,0.079713550846086,0.2133314357321173,91.7207,27.541957732505796,2,L,HL,quad
2754,-43.7207,0.1389329009576928,7.165882522070656,23.319720008401884,0.0878539516649963,0.2315989056542827,91.7207,30.346082885984348,2,L,HL,quad
2755,-50.2572,0.1414419556298023,6.0572569265436425,18.05777234224568,0.1014834632846131,0.2261396903274123,104.2572,32.09054945470034,2,L,HL,quad
2756,-61.720600000000005,0.0956850755371784,2.5008826693598505,11.136190679605042,0.195222651118115,0.1796093913943236,127.7206,33.157180093009714,2,L,HL,quad
2757,-50.2572,0.1508765084436348,6.37095055892865,19.396500701125525,0.1152684292774866,0.2701594280047608,104.2572,34.48812777509153,2,L,HL,quad
2758,-55.7145,0.1416021661238778,4.827051477072835,15.943210765086668,0.1514962209937458,0.2690228988262655,115.7145,37.09086720612969,2,L,HL,quad
2759,,,,,,,139.7317,38.80403450834236,2,L,HL,quad
2760,,,,,,,139.7317,39.96181201677067,2,L,HL,quad
2761,-61.720600000000005,0.1327085924917834,3.4466069122241203,11.30049872450154,0.1912298976375445,0.2424672379887493,127.7206,40.38751348692135,2,L,HL,quad
2762,-61.720600000000005,0.1594956175610116,4.323088802240728,12.25536573302096,0.1836176502267486,0.2920210109483028,127.7206,42.60018786952264,2,L,HL,quad
2763,,,,,,,139.7317,43.978052957258015,2,L,HL,quad
2764,,,,,,,151.7221,44.56561662571016,2,L,HL,quad
2765,,,,,,,139.7317,45.803312426785695,2,L,HL,quad
2766,,,,,,,139.7317,48.14794473884917,2,L,HL,quad
2767,,,,,,,151.7221,49.727944738849175,2,L,HL,quad
2768,,,,,,,151.7221,51.6852558927671,2,L,HL,quad
2769,,,,,,,151.7221,54.086059663580144,2,L,HL,quad
2770,,,,,,,151.7221,55.8356398301344,2,L,HL,quad
2771,,,,,,,168.0969,58.56339933840069,2,L,HL,quad
2772,-19.7218,0.0078228360389194,0.5036163266575109,7.088812501704475,0.0989275427799065,0.0183283150328505,43.7218,1.315462136461812,1,R,HL,quad
2773,-13.7208,0.0807362699777947,7.725977372333321,38.26386689285104,0.0355749520359923,0.101112133250631,31.7208,2.963293043570105,1,R,HL,quad
2774,-19.7218,0.0370943361251998,2.4774742125485103,13.112453523926332,0.0970568540673739,0.0884587648659351,43.7218,4.452821772430807,1,R,HL,quad
2775,-7.729900000000001,0.0647493278605773,5.171482709469942,25.038183322215637,0.0854489669015254,0.1625651359056517,19.7299,5.349585660612432,1,R,HL,quad
2776,-25.7343,0.0077957326748678,0.3632049377522084,5.313925740458953,0.2024376048843882,0.0270488280173735,55.7343,8.203069708216491,1,R,HL,quad
2777,-19.7218,0.0391562254411848,2.654341742751763,21.141061122487976,0.0795477825762985,0.077676640304551,43.7218,9.357767608101998,1,R,HL,quad
2778,-37.7177,0.0268713572822705,1.4884279957020117,22.527778111776893,0.0768928281520834,0.0421035953270321,79.7177,15.54282248728398,1,R,HL,quad
2779,-50.2572,0.0068423523642011,,,,,104.2572,17.973830289317476,1,R,HL,quad
2780,-37.7177,0.032783781720842,2.798800512581395,36.459312627358216,0.0505161949338698,0.052012543656934,79.7177,18.77971741696005,1,R,HL,quad
2781,-37.7177,0.0806636019388547,5.287202513420964,27.35384096415387,0.0586227411398031,0.1140243447360645,79.7177,20.53553731134176,2,R,HL,quad
2782,-13.721900000000002,0.2222169074541068,22.8114462317012,41.83315249696548,0.0345910837357426,0.290283604324236,31.7219,3.616907245788833,1,L,HL,quad
2783,-13.721900000000002,0.2366725910557955,22.653916169967424,38.90065857337999,0.0399763270230846,0.3331591123785519,31.7219,4.05195559068857,1,L,HL,quad
2784,-37.7178,0.1217578873135088,7.00708098483418,19.99062775896476,0.0699490649360096,0.1803119741627001,79.7178,6.015358401228396,1,L,HL,quad
2785,-13.721900000000002,0.1669573714183828,11.957971915367494,21.61630617145491,0.0968317168406568,0.4259716333952743,31.7219,6.710696059293373,1,L,HL,quad
2786,-13.721900000000002,0.2121879302676219,18.589251302618276,36.59269096727234,0.0464832457163049,0.3178804813155033,31.7219,8.828246335220205,1,L,HL,quad
2787,-19.722700000000003,0.23288775658895,18.019720837096475,31.440960206912223,0.048317787844264,0.3203027144956726,43.7227,10.309962415511954,1,L,HL,quad
2788,-25.7362,0.1968220052775444,15.64021136166152,31.63958609891666,0.0454228667808326,0.261350103461327,55.7362,13.170756531412648,1,L,HL,quad
2789,-19.722700000000003,0.2212405026706475,18.042801553378983,34.86208375796567,0.0513986331698632,0.3411623212463148,43.7227,13.319217689969356,1,L,HL,quad
2790,-31.7285,0.2349068953864417,17.505968272938148,28.728885160725746,0.0441766184866706,0.2845012145307071,67.7285,14.407932852718544,1,L,HL,quad
2791,-25.7362,0.1606643286285136,12.863319502354132,35.72087465008341,0.0511802679953613,0.2421927456336088,55.7362,16.049021919094415,2,L,HL,quad
2792,-37.7178,0.1936188274588426,12.940456236530403,25.122157743117462,0.0480468745531757,0.228728482436237,79.7178,17.646833515603326,2,L,HL,quad
2793,-37.7178,0.187073157652026,11.479466876451983,26.20280057455812,0.058183000334257,0.2457102932142717,79.7178,19.464932850298176,2,L,HL,quad
2794,-55.7154,0.0733067922021352,2.497105985791159,16.67010756943239,0.1547818479557596,0.1421878610876965,115.7154,20.91035560785243,2,L,HL,quad
2795,-43.7207,0.1538842091567406,8.055406879134935,21.642082589600346,0.0770986037787926,0.2284754350153073,91.7207,23.44187174542481,2,L,HL,quad
2796,-43.7207,0.1402159683814889,8.00169299857529,25.27065895370178,0.0743539463887006,0.2188726150489631,91.7207,24.2671694663,2,L,HL,quad
2797,-50.2572,0.1654567924488285,8.448249930571219,20.56163677150111,0.069930650233032,0.2173400876946319,104.2572,25.768791847036447,2,L,HL,quad
2798,-50.2572,0.1717269392410165,7.52861100500449,17.768041267925373,0.0923275229658398,0.2557122658100053,104.2572,26.697294085399708,2,L,HL,quad
2799,-55.7154,0.1421352195375925,4.949596359227319,14.76722703124745,0.1272803886109129,0.2317590992493751,115.7154,29.5576047602457,2,L,HL,quad
2800,-61.7214,0.1327408221464705,3.609734372508541,11.009300194122217,0.1631785516299979,0.2166924785017146,127.7214,30.596028356159763,2,L,HL,quad
2801,-55.7154,0.1222785704254677,5.191150934321444,17.816832877889144,0.0915080144941059,0.1747544754063513,115.7154,32.1600681890078,2,L,HL,quad
2802,-61.7214,0.103520269747715,2.706747528540657,11.927202840062828,0.1990562389522619,0.198211597187503,127.7214,33.5804881890078,2,L,HL,quad
2803,-61.7214,0.1449208014058015,4.186326497414356,11.483693309533574,0.1419214848037071,0.2185680918607882,127.7214,34.99423621876876,2,L,HL,quad
2804,-61.7214,0.1278179803607242,3.5973331601893648,12.3523883347927,0.1577994839912914,0.2088294563424427,127.7214,35.984441265817104,2,L,HL,quad
2805,-61.7214,0.1467094993825435,4.085084169621353,12.198941614184552,0.1638038479934029,0.2461674500985225,127.7214,38.479136665900384,2,L,HL,quad
2806,,,,,,,139.7337,40.30755558972743,2,L,HL,quad
2807,,,,,,,139.7337,40.18395151212478,2,L,HL,quad
2808,,,,,,,139.7337,42.24606788131853,2,L,HL,quad
2809,,,,,,,168.0981,44.299440755222896,2,L,HL,quad
2810,,,,,,,168.0981,46.12850541998051,2,L,HL,quad
2811,,,,,,,151.7224,48.27984590563644,2,L,HL,quad
2812,,,,,,,151.7224,51.16082472806232,2,L,HL,quad
2813,-19.722700000000003,0.0549154963637683,4.286073019315161,23.067239743392637,0.0418918568020503,0.06605332651253,43.7227,4.550369781075843,1,R,HL,quad
2814,-19.722700000000003,0.013072158342333,0.8531609474602586,5.484315515071135,0.1739698524076303,0.0546022426945166,43.7227,7.231453194264043,1,R,HL,quad
2815,-43.7207,0.0415097615107555,2.711530374203851,26.14108671045295,0.0561759184198968,0.0560363930993489,91.7207,8.248467509259997,1,R,HL,quad
2816,-19.722700000000003,0.1288061945553946,11.523983315859594,35.9432580890217,0.0398254760970277,0.1688375786805312,43.7227,9.398874041345,1,R,HL,quad
2817,-25.7362,0.1169065284134784,8.185665508877795,29.15951070770632,0.0690783984138296,0.2080184097854013,55.7362,11.500143360589918,1,R,HL,quad
2818,-25.7362,0.1258422848446847,10.362651287022194,33.455796310594515,0.0447662983777649,0.1706583675919071,55.7362,12.767489008441771,1,R,HL,quad
2819,-37.7178,0.0812736185634578,5.367662227724511,23.75258022764624,0.0448866009602305,0.0886354424264225,79.7178,13.619639482564834,1,R,HL,quad
2820,-25.7362,0.1333180877347431,10.988618262644598,34.168197982504424,0.044961558900709,0.1817565059224859,55.7362,15.630406085046864,1,R,HL,quad
2821,-55.7154,0.0607867045813035,2.2406885558319733,15.643951101833483,0.1185804564348561,0.0977462560714451,115.7154,24.49586512378565,2,R,HL,quad
2822,-13.7232,0.1396765971820303,10.36640591414641,22.94242758947609,0.0613478152871894,0.233955268565216,31.7232,1.7851512285454092,1,L,HL,quad
2823,-19.7263,0.1932194885370743,16.312242274823387,31.681830737472616,0.0405960976960933,0.2436146885499632,43.7263,3.2688462461108907,1,L,HL,quad
2824,-25.742800000000003,0.277818843040178,20.380871982582097,30.252103654426385,0.0556100247430614,0.4169474935860697,55.7428,3.321153553439791,1,L,HL,quad
2825,-25.742800000000003,0.2854096588476189,21.89510433152294,28.21385495143025,0.0393965929687888,0.3173300517728752,55.7428,5.27575910088463,1,L,HL,quad
2826,-25.742800000000003,0.357388898905506,28.502749569609957,29.638443404463043,0.0425209948281099,0.4458571051565114,55.7428,6.412947213158127,1,L,HL,quad
2827,-25.742800000000003,0.2895687306960718,23.021997246878183,31.204972330120565,0.0454188678252033,0.384666902114749,55.7428,7.808130702151292,1,L,HL,quad
2828,-37.7144,0.2180125001610635,14.083545750302646,23.70871217175852,0.0522218576337008,0.2705638957116317,79.7144,10.17054979527576,2,L,HL,quad
2829,-43.720200000000006,0.1291965728977381,5.775946325157888,12.755492639474324,0.0833851116312544,0.1771810134096551,91.7202,11.23366262498614,2,L,HL,quad
2830,-37.7144,0.1683505524484282,12.06583632122445,28.97664087513081,0.0500469897553813,0.2221472330191558,79.7144,12.33119943918854,2,L,HL,quad
2831,-50.25620000000001,0.1761718360765002,7.072190140240297,12.9389531992992,0.0958652200292238,0.2494138233882021,104.2562,13.687302880434412,2,L,HL,quad
2832,-43.720200000000006,0.1313276481767285,6.834383261611769,19.393696741068457,0.0715644549172925,0.1799294347232483,91.7202,14.802300729747104,2,L,HL,quad
2833,-50.25620000000001,0.1023463223703685,4.644561549929632,16.70937741536094,0.0817323140417485,0.1396509954231915,104.2562,16.905476063807434,2,L,HL,quad
2834,-50.25620000000001,0.1571065823343831,7.573264319471247,18.795864663412125,0.0730380243644912,0.2034874596494059,104.2562,18.0555944256016,2,L,HL,quad
2835,,,,,,,139.7369,21.43205440344749,2,L,HL,quad
2836,,,,,,,139.7369,22.31463199720336,2,L,HL,quad
2837,-55.7229,0.1269949190946948,4.9473112562891055,15.893166826731845,0.0955350321481154,0.1738751055788232,115.7229,23.70624884693352,2,L,HL,quad
2838,-61.721500000000006,0.099969633532989,2.729600622196905,11.557374719994511,0.1740874119039136,0.1748123034464566,127.7215,26.51756535700449,2,L,HL,quad
2839,-61.721500000000006,0.1177477460970759,3.3415916496937195,11.816107567121165,0.1456107708848261,0.1789997383641529,127.7215,26.9509284639615,2,L,HL,quad
2840,,,,,,,139.7369,28.862615668195907,2,L,HL,quad
2841,,,,,,,139.7369,29.839269142732874,2,L,HL,quad
2842,,,,,,,151.7278,32.5153698144783,2,L,HL,quad
2843,,,,,,,151.7278,33.06631741776916,2,L,HL,quad
2844,,,,,,,139.7369,34.41742744737475,2,L,HL,quad
2845,,,,,,,139.7369,36.59414138156884,2,L,HL,quad
2846,,,,,,,151.7278,39.2397255670892,2,L,HL,quad
2847,,,,,,,151.7278,41.42133036368671,2,L,HL,quad
2848,,,,,,,151.7278,42.87226098944842,2,L,HL,quad
2849,,,,,,,163.717,44.91743335347455,2,L,HL,quad
2850,0.0,0.1115095806209891,13.803551692697818,46.485179858977006,0.0263452933064352,0.1337825291724141,0.0,1.7648037965003271,0,R,HL,quad
2851,-1.7332,0.0601285766256124,5.363023437626615,34.3819121086979,0.0433597397963636,0.0855464280203472,7.7332,2.8043669547547947,1,R,HL,quad
2852,-1.7332,0.0210774451853869,1.8749539060851483,24.635322395496825,0.0667230046142187,0.04602265917294,7.7332,4.197822422006366,1,R,HL,quad
2853,-19.7263,0.0888018847436277,7.048827224789273,28.131250670003347,0.044866833181478,0.1163450205599041,43.7263,6.686770499349246,1,R,HL,quad
2854,-25.742800000000003,0.0106520570926035,0.5878562282636445,3.979674908552312,0.2659672911266292,0.0575181450894044,55.7428,9.282152756327566,1,R,HL,quad
2855,-37.7144,0.0313227726443304,1.5210648074177666,9.501405993479064,0.1249470585499681,0.0699164345510346,79.7144,11.152407724531828,1,R,HL,quad
2856,-43.720200000000006,0.1196680787808084,6.067403611258918,18.241673501589293,0.070900780167476,0.1582557206266884,91.7202,13.714860327232596,1,R,HL,quad
2857,-1.7344,0.2215951626317137,25.036117024895923,49.05778605096743,0.0366679907512699,0.3377221956551178,7.7344,2.471279426275714,1,L,HL,quad
2858,-7.733899999999998,0.1140970446440048,11.318500735044946,38.45233543574561,0.0378749108129726,0.1577052097351542,19.7339,5.5780621910780575,1,L,HL,quad
2859,-19.7254,0.3082365080777466,26.639974508994616,33.37112658107037,0.0401588759464683,0.3935689891766179,43.7254,9.120442464027835,1,L,HL,quad
2860,-19.7254,0.2101331627432451,17.191371218730417,32.4576640032784,0.0456574010928891,0.2887534776021664,43.7254,12.45734358147235,1,L,HL,quad
2861,-25.7419,0.2109002989168379,13.74633418550207,23.721391416033253,0.0612021116487487,0.3094986953795856,55.7419,14.12668013007482,1,L,HL,quad
2862,-25.7419,0.2401173806921265,25.23275111553885,42.915314643302416,0.0335636505975282,0.3115582914139676,55.7419,15.93492730827444,1,L,HL,quad
2863,-31.7346,0.2326121353029434,16.12238803461497,26.886937940648536,0.0530928106314659,0.3148985090092991,67.7346,17.469446145390876,2,L,HL,quad
2864,-37.7143,0.1571681738256098,9.184532968325572,21.84848490579108,0.0649748016831236,0.2195369155329128,79.7143,19.014392693652056,2,L,HL,quad
2865,-37.7143,0.2453031180446084,13.760045978683111,22.783825289542342,0.0648289714713782,0.3281667187182687,79.7143,19.510376466504702,2,L,HL,quad
2866,-37.7143,0.2334391636611854,16.77906202281689,31.198005932506963,0.0580777131457357,0.3584946714550534,79.7143,21.5915414079268,2,L,HL,quad
2867,-55.7208,0.0916315784949323,3.086376640264323,13.18109102225734,0.1267132158311909,0.1438720243279039,115.7208,23.039834881120854,2,L,HL,quad
2868,-50.2556,0.1636228439313228,7.560451967762001,18.47242006776873,0.0831257782484784,0.2312006235522409,104.2556,26.61142190054869,2,L,HL,quad
2869,-61.7197,0.1106891805247544,2.864488009231696,8.787936431833458,0.1810601592761927,0.1907987059201464,127.7197,27.48913032987152,2,L,HL,quad
2870,-55.7208,0.1221621656840134,4.089212081929975,16.079682693590424,0.1390896110465195,0.2092376559367997,115.7208,31.03344759545973,2,L,HL,quad
2871,-55.7208,0.1096415986543793,4.167860563416247,17.317021383452694,0.1181763746556126,0.1811963153702303,115.7208,32.640902709194535,2,L,HL,quad
2872,-55.7208,0.1335746620871244,4.772463669451817,15.792614241918905,0.1221631275430299,0.2144807362657551,115.7208,33.33708816415607,2,L,HL,quad
2873,-55.7208,0.1058740390505734,3.902670856268093,17.747444320142602,0.1323893348459658,0.1900730061816153,115.7208,35.52495689470336,2,L,HL,quad
2874,-61.7197,0.142282253791029,3.745633404523494,12.449034006022208,0.2178248698102834,0.3001499330037814,127.7197,36.62968541314986,2,L,HL,quad
2875,-61.7197,0.0984191805395273,2.875984600893448,12.07892769545025,0.1374821000944392,0.1454582076922625,127.7197,37.562106812681456,2,L,HL,quad
2876,-61.7197,0.1240522320831679,3.267589494460828,12.64130812888269,0.2107609417182928,0.2533513014696373,127.7197,39.51574679084503,2,L,HL,quad
2877,,,,,,,139.7352,42.21379318791114,2,L,HL,quad
2878,,,,,,,139.7352,42.493019914425645,2,L,HL,quad
2879,,,,,,,139.7352,43.78452695883709,2,L,HL,quad
2880,,,,,,,151.7266,47.06615929621319,2,L,HL,quad
2881,,,,,,,168.0987,48.92731271680884,2,L,HL,quad
2882,,,,,,,151.7266,53.40139593637341,2,L,HL,quad
2883,-25.7419,0.0170519454158312,1.6101606810543525,34.333921342141025,0.0286076550615165,0.0169456017676179,55.7419,3.495289969209759,1,R,HL,quad
2884,-13.7231,0.0581155087519832,4.733351495805899,28.788861138874616,0.0473641150041746,0.0824752614888439,31.7231,4.801118020138124,1,R,HL,quad
2885,-31.7346,0.0853905765629562,5.849997459133824,28.389776761498613,0.0583508323845126,0.1255764643731774,67.7346,7.336086024551852,1,R,HL,quad
2886,-25.7419,0.0950809312181762,6.581606381063232,25.766529978570677,0.0572784660504845,0.1386847801094598,55.7419,9.46470201381983,1,R,HL,quad
2887,-37.7143,0.1053901245629117,6.552513999653698,23.713060472657645,0.0535827554760617,0.1291631175697297,79.7143,13.9652995518315,1,R,HL,quad
2888,-43.7201,0.0811332058544564,4.2117262525077255,17.3506844124733,0.0642859120349306,0.0996050742602383,91.7201,15.955520966296058,2,R,HL,quad
2889,-55.7208,0.0489149311367561,1.6897883021278646,14.719648089743409,0.1327012177311252,0.0824921695213976,115.7208,22.15854970451872,2,R,HL,quad
2890,,,,,,,139.7352,27.440147981794414,2,R,HL,quad
2891,,,,,,,151.7266,33.20280549443757,2,R,HL,quad
2892,0.0,0.2091614364549551,26.52933323732709,50.5806720859066,0.0295561744327939,0.2884563302226301,0.0,1.463502816417169,0,L,HH,quad
2893,-7.7287,0.177084318201415,17.22587904272769,35.15269203461954,0.0410319388832995,0.2600213151897477,19.7287,2.500684560048662,1,L,HH,quad
2894,-13.7258,0.1352418481862886,10.675312289990192,28.372807289332044,0.0517721219814331,0.2033209229009829,31.7258,3.997712521497011,1,L,HH,quad
2895,-13.7258,0.134365533672271,13.442688331806847,38.029937517776304,0.0319875047116419,0.158187444675141,31.7258,5.379648120575348,1,L,HH,quad
2896,-19.7249,0.1492584488197907,11.510623034109768,28.392942805277738,0.0451448433627483,0.1911668129632858,43.7249,6.641769436728488,1,L,HH,quad
2897,-25.728700000000003,0.120242365809533,8.114743966034526,23.77636042478267,0.0541380341245275,0.1616154296973772,55.7287,7.626965194460838,1,L,HH,quad
2898,-13.7258,0.1739754124422461,15.314437866177752,35.37207727404431,0.0435986538738626,0.2456290105057881,31.7258,8.50696341601248,1,L,HH,quad
2899,-19.7249,0.1648169117461214,11.54962045198291,23.02140902022056,0.0567093746441483,0.2409506425536866,43.7249,10.14588461644868,1,L,HH,quad
2900,-37.7217,0.1378757296034557,8.012162189698426,21.99390189874603,0.0642576927987727,0.1894001759675674,79.7217,10.278227891306148,1,L,HH,quad
2901,-13.7258,0.2241534883270747,18.20054152170425,36.128668378849376,0.0523153908374077,0.3502831947709398,31.7258,12.936692075628637,1,L,HH,quad
2902,-25.728700000000003,0.1757591087078481,10.932530888416904,20.442701911331604,0.0709013921902557,0.2851550019709116,55.7287,15.287619784640544,1,L,HH,quad
2903,-31.728800000000007,0.2153935547093059,13.250842400892122,20.237542463691245,0.0618231564209847,0.3013701132397183,67.7288,16.92067649918134,1,L,HH,quad
2904,-37.7217,0.2321325187139616,14.30339577659772,22.580789389491237,0.0555253444941612,0.2921702119394077,79.7217,17.966240730570252,2,L,HH,quad
2905,-43.7234,0.3600655880315474,18.122546672854583,20.06152422057936,0.0845102994691516,0.5634227586088184,91.7234,19.484202023517103,2,L,HH,quad
2906,-37.7217,0.2037690885893822,11.3861437079491,20.18257031115097,0.0693064823397869,0.2903060159367653,79.7217,20.414485884326297,2,L,HH,quad
2907,-43.7234,0.1178136357122294,6.318892897158299,20.40642634141619,0.0683945660301623,0.1589893781312633,91.7234,21.14838847523292,2,L,HH,quad
2908,-43.7234,0.1902799810068717,9.360665972612807,16.744041178699305,0.07915944765952,0.2725932022057284,91.7234,22.295878766038044,2,L,HH,quad
2909,-43.7234,0.1545734986340723,7.253128732047016,15.943065261343063,0.0910860354452229,0.2430427683617034,91.7234,23.078413145410607,2,L,HH,quad
2910,-43.7234,0.2546979658198899,13.95393190516452,22.958649753732367,0.0641022128403657,0.3290600347543405,91.7234,25.764573552833053,2,L,HH,quad
2911,-50.2615,0.1307468551601541,5.37632508544635,18.048682088213457,0.1191307684393062,0.2356215356712386,104.2615,28.02635416305109,2,L,HH,quad
2912,-50.2615,0.2134411651082833,8.687637973855402,16.107847726601776,0.1067735354126068,0.3412485825206749,104.2615,28.65490816307054,2,L,HH,quad
2913,-50.2615,0.1710348511884055,7.440986571637771,18.43423395754291,0.0965151380703809,0.2641991859793982,104.2615,30.822283726453502,2,L,HH,quad
2914,-50.2615,0.1799872420273504,7.545984535914829,17.982809784179267,0.1090591771900038,0.3027496472070696,104.2615,32.01276208963361,2,L,HH,quad
2915,-55.7233,0.1491811578079442,5.741086875226508,16.414709268114397,0.1010603878941868,0.2134423518820787,115.7233,32.93852410476147,2,L,HH,quad
2916,-55.7233,0.197521406150011,6.804366398680949,14.470002659958904,0.1325675417543552,0.3318412819543516,115.7233,34.06316817542335,2,L,HH,quad
2917,-55.7233,0.1746581291396429,6.41524095740842,16.6451850919052,0.1253009096326209,0.2957145646415198,115.7233,36.50220059403701,2,L,HH,quad
2918,-61.726200000000006,0.1441649712259193,3.809283321440813,11.534654290373783,0.1872773624887399,0.262442446527406,127.7262,38.13020576935176,2,L,HH,quad
2919,-55.7233,0.1686203366350916,5.8547983352203525,16.321529898403643,0.1447520138333083,0.3117755637911465,115.7233,39.5647139516219,2,L,HH,quad
2920,-55.7233,0.1200112257878984,5.7504916956854455,21.03603008123848,0.0937707859814357,0.1983709416877587,115.7233,41.70707184184795,2,L,HH,quad
2921,,,,,,,139.7302,43.688502681562206,2,L,HH,quad
2922,,,,,,,139.7302,47.30663918909528,2,L,HH,quad
2923,,,,,,,139.7302,48.75336243257034,2,L,HH,quad
2924,,,,,,,151.7246,51.81822033570561,2,L,HH,quad
2925,,,,,,,151.7246,51.74047855543272,2,L,HH,quad
2926,,,,,,,151.7246,55.5818353331243,2,L,HH,quad
2927,-7.7287,0.1308947177337978,13.056621355703951,41.24801040280475,0.0395016607289979,0.1897368483504093,19.7287,0.570578635846944,1,R,HH,quad
2928,-13.7258,0.172159620692795,15.024957204537984,34.86419545400843,0.0460633555537122,0.2546093413295137,31.7258,4.853819940568124,1,R,HH,quad
2929,-25.728700000000003,0.2526238479268789,19.076520457771213,30.295453775401203,0.0515657707785007,0.3618813438981978,55.7287,11.342921218998876,1,R,HH,quad
2930,-31.728800000000007,0.1872192321864404,12.612200394769149,28.20675651599175,0.0613751256438994,0.2847664196445026,67.7288,13.824157370515568,2,R,HH,quad
2931,-43.7234,0.1935050898977851,9.840063876328289,19.317917235303334,0.0730225952985826,0.2643386696075794,91.7234,16.323815285530003,2,R,HH,quad
2932,-37.7217,0.1969291676518873,11.955641862807235,26.28519702910448,0.0694560944135194,0.3054842148093609,79.7217,18.25499220059272,2,R,HH,quad
2933,-50.2615,0.1883909988021695,8.148371158363,18.51206898727371,0.0999022046470414,0.2994686696869465,104.2615,20.91012679103561,2,R,HH,quad
2934,-43.7234,0.1559018825612284,7.983787824447167,23.66666825534014,0.0911985941060884,0.267856782769152,91.7234,22.420874484263084,2,R,HH,quad
2935,-50.2615,0.152529799736372,6.524783124077559,17.79147033641448,0.1006492982525312,0.2415918893371872,104.2615,24.108539679085894,2,R,HH,quad
2936,-61.726200000000006,0.116542978849497,3.1797146821485205,10.811049346886724,0.1597172146509091,0.1868294770249258,127.7262,24.819843764059403,2,R,HH,quad
2937,-55.7233,0.1247352592188023,4.262486271818188,14.536261403667416,0.1355122054439924,0.2124941237959374,115.7233,26.2221027229674,2,R,HH,quad
2938,-55.7233,0.1738943228880003,6.14272143156159,15.355250228799546,0.1258226372428161,0.2843315958909191,115.7233,26.862767776362706,2,R,HH,quad
2939,-55.7233,0.1372255228669083,4.6519670706148615,15.404079340668362,0.14467906045395,0.2475983976322316,115.7233,28.20024058188109,2,R,HH,quad
2940,-55.7233,0.135624485106724,4.906658330177326,17.005388998184156,0.1354126632054952,0.2444278091302226,115.7233,31.057076462098568,2,R,HH,quad
2941,-61.726200000000006,0.1287116869346948,3.4402609156703385,11.913287396790512,0.1846194845728382,0.2336546528757798,127.7262,31.129399225458386,2,R,HH,quad
2942,-61.726200000000006,0.1427859575687697,3.729296334257929,12.016916704457874,0.2051584564423929,0.281463338915948,127.7262,33.44126248230387,2,R,HH,quad
2943,,,,,,,139.7302,34.045695091037054,2,R,HH,quad
2944,-61.726200000000006,0.1264792883531742,3.4943836425986388,13.358680283694728,0.1893233025135361,0.2433773586461003,127.7262,34.92670640972612,2,R,HH,quad
2945,,,,,,,139.7302,37.44767520649098,2,R,HH,quad
2946,,,,,,,139.7302,38.473784863480425,2,R,HH,quad
2947,,,,,,,139.7302,40.43954200251836,2,R,HH,quad
2948,,,,,,,151.7246,41.70930236353138,2,R,HH,quad
2949,,,,,,,139.7302,42.49022503790331,2,R,HH,quad
2950,,,,,,,151.7246,43.9230526141554,2,R,HH,quad
2951,,,,,,,151.7246,46.82974684014474,2,R,HH,quad
2952,,,,,,,151.7246,49.37300343368464,2,R,HH,quad
2953,0.0,0.0443096733072897,5.198970656911755,41.00622703896431,0.0294800433049604,0.056383366324404,0.0,0.3465572968860996,0,L,HH,quad
2954,-7.731000000000002,0.109278174839813,9.511921055708322,33.74106431694579,0.0527172633296365,0.1844703672057251,19.731,4.420246910121307,0,L,HH,quad
2955,0.0,0.0966282498114223,9.868541310103998,39.803381812273535,0.0441575974877145,0.1603112195358669,0.0,6.0298829990761,0,L,HH,quad
2956,-31.729100000000003,0.0841313223118263,4.60809675092746,15.575321913134957,0.0845411423211867,0.1433161783194499,67.7291,7.492699457355163,1,L,HH,quad
2957,-7.731000000000002,0.1280962027405178,11.333315675409713,31.81876838164897,0.0478542360184443,0.1995183713198864,19.731,9.537386125601616,1,L,HH,quad
2958,-7.731000000000002,0.081591103297017,7.209867141032886,31.191934018230832,0.0466718362395903,0.1237906000005327,19.731,10.771357510967364,1,L,HH,quad
2959,-13.7261,0.1033745500193577,8.147991228043185,24.139453329623414,0.0552075045654154,0.1654833057454388,31.7261,12.00509325608916,1,L,HH,quad
2960,-19.7249,0.1472930089387502,7.26758934970999,13.557705991441146,0.1126374609984097,0.3011471449943332,43.7249,16.440189429140435,1,L,HH,quad
2961,-19.7249,0.0911726959749545,6.843110255047802,30.07226557684593,0.056952336308633,0.143374065397579,43.7249,18.25570244454784,1,L,HH,quad
2962,-50.2628,0.0726069712147747,2.7483720764218287,13.495156778991356,0.1690244325364245,0.170895462623718,104.2628,20.484482526109083,1,L,HH,quad
2963,-37.7217,0.0899362781577038,4.6990867477515605,21.22389760749926,0.0668277839716128,0.1155250168525125,79.7217,22.769550066396334,1,L,HH,quad
2964,-25.731,0.1304603671358612,8.943599987536043,26.88007777561736,0.0642689543036789,0.2114555646480486,55.731,24.709275033241237,2,L,HH,quad
2965,-43.7265,0.0942096292191954,4.323535635977014,18.187372712230847,0.1063136119711944,0.1690960389517303,91.7265,27.211780644137967,2,L,HH,quad
2966,-50.2628,0.0874260498238929,3.2689586068480674,11.80896012154519,0.1220265168241304,0.1467469738640243,104.2628,27.80436123232424,2,L,HH,quad
2967,-50.2628,0.0690900047237943,2.8700988664471363,17.273093537489114,0.1109171582569013,0.1171119222627236,104.2628,29.2871915057836,2,L,HH,quad
2968,-43.7265,0.0802880824850919,3.901825226720173,18.19875353576493,0.0841698573974832,0.1208175213786107,91.7265,29.785551282752003,2,L,HH,quad
2969,-50.2628,0.1158614816360803,4.764699038816227,15.983202752503091,0.1051017032860601,0.1842259251348204,104.2628,31.634534458122644,2,L,HH,quad
2970,-55.7244,0.0552463207112656,2.082764313513655,15.736584924243372,0.1057030728920809,0.0809903468225593,115.7244,32.92473064639803,2,L,HH,quad
2971,-50.2628,0.0770529743674894,3.3061203820958,18.205219136128203,0.0996845678084672,0.1212417262851705,104.2628,34.2439182913144,2,L,HH,quad
2972,,,,,,,139.7324,38.56311147150909,2,L,HH,quad
2973,-55.7244,0.0859815431212619,3.0307551257442773,16.76968473513766,0.1461293307434494,0.1629272629259909,115.7244,41.108704615398494,2,L,HH,quad
2974,-61.7272,0.1126328264415327,2.827929570785227,13.17199591945921,0.2869345743941129,0.2985086974111783,127.7272,43.63006545307779,2,L,HH,quad
2975,,,,,,,151.727,45.49239233663141,2,L,HH,quad
2976,,,,,,,151.727,47.39471233663141,2,L,HH,quad
2977,,,,,,,151.727,51.49237688335539,2,L,HH,quad
2978,-1.7279999999999998,0.0879061672290268,8.116293254092385,34.350041247062144,0.0469923776598315,0.1403106601387484,7.728,4.743272049102505,1,R,HH,quad
2979,-7.731000000000002,0.1013671397118244,8.633204228942747,30.21850391348397,0.0530245602703967,0.1684048552918898,19.731,7.025019271071866,1,R,HH,quad
2980,-7.731000000000002,0.1115598364442651,9.573737036804284,29.871369709423355,0.0490201449111428,0.1726480205149899,19.731,8.228311421798363,1,R,HH,quad
2981,-19.7249,0.0701961928498924,5.105770883462919,24.225838928941982,0.053351277301882,0.1002101384012579,43.7249,9.418386473897575,1,R,HH,quad
2982,-19.7249,0.1381295029428662,14.341449394931264,40.29658412521292,0.0272192040388756,0.143606462437758,43.7249,13.18424011976284,1,R,HH,quad
2983,-25.731,0.126110312890255,5.779589026014446,17.265482189840775,0.0917486952674411,0.1950753401531763,55.731,15.198317633625152,1,R,HH,quad
2984,-19.7249,0.0944370609365781,6.840533812622473,27.89154544023746,0.0605961857406449,0.1524898018796724,43.7249,15.723757317699356,1,R,HH,quad
2985,-25.731,0.116821928220566,7.868993940332415,24.15208712195984,0.0660137681206067,0.1910993686824736,55.731,18.681092436593573,1,R,HH,quad
2986,-37.7217,0.116826532018771,5.987470132814197,14.538448708317032,0.0795691304380265,0.175264311082032,79.7217,19.227406996531343,1,R,HH,quad
2987,-25.731,0.1128841005022679,5.766696122226168,18.58251165361508,0.1042889056807654,0.2212435891246079,55.731,20.596653473264,1,R,HH,quad
2988,-31.729100000000003,0.1289526873635075,7.559062949250556,22.256333353706392,0.0796246316248408,0.2214220749524931,67.7291,23.746664666802232,2,R,HH,quad
2989,-37.7217,0.1489428347629075,8.318304930973714,24.01011199789505,0.0837203254918996,0.2561953617431857,79.7217,25.772204603137887,2,R,HH,quad
2990,-55.7244,0.1630417597878568,5.552855981897111,15.02683602565749,0.1436139179831684,0.2933718627728129,115.7244,31.64872568537777,2,R,HH,quad
2991,-61.7272,0.111360710133708,2.7991122145310947,14.359854172963644,0.3188936433262971,0.3283762128068132,127.7272,36.27368953537959,2,R,HH,quad
2992,,,,,,,139.7324,36.84327898752912,2,R,HH,quad
2993,,,,,,,151.727,39.79828568185265,2,R,HH,quad
2994,,,,,,,151.727,44.04785547373534,2,R,HH,quad
2995,,,,,,,151.727,44.95450271927049,2,R,HH,quad
2996,0.0,0.1122326210298192,12.358593708385108,40.336670537976765,0.0330362027465636,0.1501981888478669,0.0,1.5980957861924845,0,L,HH,quad
2997,0.0,0.1455541437460674,15.689553892242651,36.58911731648325,0.0325130984841633,0.1876611930118557,0.0,2.576288410066057,0,L,HH,quad
2998,0.0,0.1449195946443228,15.020597753127772,35.58218494728959,0.0432188603820064,0.2388174435594544,0.0,3.100746675803186,0,L,HH,quad
2999,0.0,0.0889093223160272,8.36020603121126,30.88633236530469,0.060340577206847,0.1855803368914922,0.0,4.266718107736599,0,L,HH,quad
3000,0.0,0.1406741628431348,15.279732537460731,47.768674538820505,0.0428436742811797,0.2408285546718378,0.0,5.221098925335108,0,L,HH,quad
3001,-43.7263,0.0345086649074287,1.5283959902718518,14.162350729422965,0.0989129102320457,0.0556153132475152,91.7263,7.401005160755112,1,L,HH,quad
3002,-7.730899999999998,0.1937997312420528,28.845437135180845,61.37945021300448,0.0236686865475685,0.2511636588716854,19.7309,7.44274827036616,1,L,HH,quad
3003,-7.730899999999998,0.1380259203916418,11.654837041885838,29.95069379221122,0.0492743097338766,0.2112672954979411,19.7309,9.050284025110567,1,L,HH,quad
3004,-61.727,0.033319624253955,0.8208686382881744,8.100798104342243,0.1970248820975146,0.059497711011061,127.727,9.325265811395145,1,L,HH,quad
3005,-1.7278000000000002,0.1328909534184147,13.25153943336075,42.46473603144795,0.0438382924506499,0.2137103132644292,7.7278,10.47412717956809,1,L,HH,quad
3006,-31.730000000000004,0.1020036628965025,5.957842950771413,20.90242205662964,0.0674556333237649,0.1478470941755293,67.73,13.153867265292996,1,L,HH,quad
3007,-13.7269,0.1341191745774889,11.217096832915464,32.12119811216312,0.0470952595900387,0.1943404402229422,31.7269,13.295462507091582,1,L,HH,quad
3008,-19.725900000000003,0.1931845391494055,15.18861597098825,26.99191613397913,0.0446895701837348,0.2497065287060622,43.7259,14.929744927270152,1,L,HH,quad
3009,-19.725900000000003,0.2309355065176478,17.166865946251352,27.868501302565956,0.0547649949847752,0.3458594019236477,43.7259,17.445500175792,1,L,HH,quad
3010,-25.731900000000003,0.1892845016332752,14.185941585471497,28.149415723541807,0.0504541967052873,0.2633061368801619,55.7319,18.8620157774004,1,L,HH,quad
3011,-25.731900000000003,0.1745615196871085,21.21872639217414,46.98315519185866,0.0273067289924572,0.2131545026310461,55.7319,20.615403259057626,1,L,HH,quad
3012,-37.721500000000006,0.2286414594346227,17.113426706012326,29.280460398423564,0.0433981322471582,0.2732206600559126,79.7215,22.60931867348913,2,L,HH,quad
3013,-31.730000000000004,0.1548897293572494,10.50378223257092,28.668562523674588,0.060831798293071,0.2350617053009242,67.73,24.508700175402804,2,L,HH,quad
3014,-37.721500000000006,0.1598329999644285,9.192026173415252,22.785986526937094,0.0708244574314742,0.239496971804833,79.7215,26.298612867421944,2,L,HH,quad
3015,-43.7263,0.13949426558999,6.553121688175707,18.912792802365864,0.095618408301108,0.2305129139541948,91.7263,27.752955183646893,2,L,HH,quad
3016,-43.7263,0.1760123202134751,9.69778476610554,23.175013070889957,0.0715157770399737,0.2551408047000109,91.7263,29.079605571660103,2,L,HH,quad
3017,-50.2627,0.1031815601925998,4.909748636960048,19.698739732114447,0.0834702001497814,0.1507635069776748,104.2627,30.41044001548023,2,L,HH,quad
3018,-50.2627,0.1557567025804778,6.829012697509753,18.25072599275208,0.0948946682042407,0.2383994504573125,104.2627,32.088558163420274,2,L,HH,quad
3019,-50.2627,0.1571047007229127,6.836634766654383,18.85787622789416,0.1001710249946369,0.2519358754194969,104.2627,33.616556749248595,2,L,HH,quad
3020,-50.2627,0.1275575805527841,5.159317470152953,18.454412881727745,0.1241559617242317,0.2356488630579538,104.2627,34.8884567492486,2,L,HH,quad
3021,-55.7244,0.1053306754171214,3.771003789028648,14.757361773849754,0.1115854107268994,0.1547996246180239,115.7244,35.970192644298535,2,L,HH,quad
3022,-55.7244,0.1461981483848659,5.072072573613926,14.93677393484459,0.1310887782598427,0.2446000226905181,115.7244,36.91271806608044,2,L,HH,quad
3023,-55.7244,0.1090301866705625,4.012083300128899,16.76260447700019,0.1271174350395224,0.1876206259916776,115.7244,38.26276311718058,2,L,HH,quad
3024,-61.727,0.1033165327247915,2.7375647054070686,12.391448588628371,0.2042016819714421,0.2056502425529132,127.727,40.13045316283908,2,L,HH,quad
3025,-61.727,0.1640553345823738,4.515210032000455,13.103984536054968,0.1822038259442411,0.3026502013732228,127.727,41.86953277375889,2,L,HH,quad
3026,,,,,,,151.7271,43.89285426516909,2,L,HH,quad
3027,-61.727,0.0959205082523927,2.449223404793526,13.661669692528044,0.2706893990373845,0.2438962747022039,127.727,45.14795854816276,2,L,HH,quad
3028,,,,,,,139.7341,46.77119677439487,2,L,HH,quad
3029,,,,,,,151.7271,48.47844508205256,2,L,HH,quad
3030,,,,,,,163.7232,51.6283022507503,2,L,HH,quad
3031,,,,,,,151.7271,52.45059934678211,2,L,HH,quad
3032,0.0,0.124751276915489,17.008989864404874,51.76254824430499,0.0242822899724969,0.1519405455691381,0.0,2.090552979612851,0,R,HH,quad
3033,0.0,0.1180020794046946,13.010971062152173,48.78976046497638,0.031009141893744,0.1484242890555573,0.0,5.164923254105675,0,R,HH,quad
3034,-1.7278000000000002,0.1261297985105536,12.074858191382374,35.432541446523814,0.0429168855299432,0.1906407574683395,7.7278,5.171497364311627,1,R,HH,quad
3035,-25.731900000000003,0.1304524599530079,7.266503475783487,17.16001652905072,0.0875941025673563,0.2341563130430279,55.7319,7.395147496836326,1,R,HH,quad
3036,-19.725900000000003,0.0982038161509022,8.747327437732302,33.96563548454634,0.0375060894247577,0.120693167894665,43.7259,8.120608505970738,1,R,HH,quad
3037,-25.731900000000003,0.1049812053717397,7.541388900624219,23.83004440317902,0.0480899860672535,0.1334171031722451,55.7319,8.184422708935282,1,R,HH,quad
3038,-7.730899999999998,0.0944194316630798,9.605590066077967,40.58674879406358,0.0374917996383474,0.1324847388505146,19.7309,8.950193144509807,1,R,HH,quad
3039,-31.730000000000004,0.1169291528011744,6.667615746015338,17.585500118228204,0.0813112287232994,0.199446585444992,67.73,9.798371434589257,1,R,HH,quad
3040,-25.731900000000003,0.1000976261311709,6.364462737603132,19.3616058998498,0.0779866984620277,0.1825945460083648,55.7319,10.727685607039128,1,R,HH,quad
3041,-19.725900000000003,0.0941204601497724,7.737774029146004,28.562423974192804,0.040331080743449,0.1148051632751266,43.7259,11.8636937533296,1,R,HH,quad
3042,-1.7278000000000002,0.0819765727419972,8.666188186955374,47.87521436574079,0.0402100233493242,0.1281940767505533,7.7278,12.791767583420718,1,R,HH,quad
3043,-13.7269,0.1089928092048245,9.08488033178001,33.39667556480235,0.0499208682879214,0.166842565662669,31.7269,14.144209876595772,1,R,HH,quad
3044,-19.725900000000003,0.2097663546299903,17.514323351518748,32.515693715281216,0.0441888435275293,0.2847157663962863,43.7259,16.58861657034075,1,R,HH,quad
3045,-25.731900000000003,0.1622979904147173,11.86773790318201,27.686741239605293,0.0478855192790296,0.209063234802055,55.7319,18.96242254549727,1,R,HH,quad
3046,-31.730000000000004,0.156624593381609,10.884111767425845,28.653323978182605,0.0557507341691712,0.2232282228650629,67.73,20.87510918330361,2,R,HH,quad
3047,-43.7263,0.1334165880016054,6.893027821083941,18.68862495385649,0.0704083269935235,0.1785416625021025,91.7263,22.635162899627083,2,R,HH,quad
3048,-43.7263,0.1019941142351499,4.978396483418552,20.27516014257173,0.0891583600138385,0.1632890531486502,91.7263,23.514898501257683,2,R,HH,quad
3049,-37.721500000000006,0.1271196015354291,7.299239978308767,23.542767568378093,0.0722010378908469,0.1938771383933403,79.7215,24.631515365271483,2,R,HH,quad
3050,-55.7244,0.1015396131622597,3.5099844594995124,12.576948675086678,0.1093978990592749,0.1412601598479679,115.7244,27.502998620651816,2,R,HH,quad
3051,-50.2627,0.1523368777215911,53.35204154925783,66.47797291930607,0.0272185116392754,0.5342209732207173,104.2627,29.343388223788214,2,R,HH,quad
3052,-61.727,0.107610877329876,2.73366382985768,10.683560858371193,0.2104054433192455,0.2115960692468196,127.727,33.22286628570842,2,R,HH,quad
3053,,,,,,,151.7271,35.83502687642012,2,R,HH,quad
3054,-61.727,0.0948712511334937,3.121129164405846,14.53466846408297,0.1291458583057582,0.1482851780121812,127.727,37.3980160719362,2,R,HH,quad
3055,,,,,,,151.7271,38.124987790780885,2,R,HH,quad
3056,,,,,,,151.7271,40.69914920391989,2,R,HH,quad
3057,,,,,,,151.7271,44.77476858373295,2,R,HH,quad
3058,,,,,,,151.7271,45.51917765761766,2,R,HH,quad
3059,0.0,0.1086946725286058,22.668468342855896,75.79980840898513,0.0174241672817648,0.1453047216414711,0.0,2.294145602114144,0,L,HH,quad
3060,0.0,0.0970557960674425,9.755219897171449,40.92038781583967,0.0394869457420284,0.1417085729479093,0.0,5.0801972531917645,0,L,HH,quad
3061,0.0,0.1131384897991443,15.497429532835826,53.59424929254332,0.0248834137079402,0.1418649628003481,0.0,6.081637569503239,0,L,HH,quad
3062,0.0,0.1378635407676268,14.239718069422844,37.16063204641051,0.0391914625508863,0.2053044579889387,0.0,7.7126330591067775,0,L,HH,quad
3063,-1.7279,0.1255395845497818,26.710406413768027,80.16546809217357,0.0188041701030572,0.1847737127430284,7.7279,8.491638037737312,0,L,HH,quad
3064,0.0,0.1268394640155776,15.924709242703653,53.72937184420532,0.0267533043757285,0.156730839681382,0.0,9.620849538117591,0,L,HH,quad
3065,-7.731000000000002,0.1537833962873835,15.301729590160402,45.12425755181088,0.040306256084778,0.2268916434432634,19.731,11.252250591761491,0,L,HH,quad
3066,-7.731000000000002,0.1066869164229115,11.594182167697292,44.35002658016288,0.0328319906204936,0.1400370175736794,19.731,12.072585617955058,0,L,HH,quad
3067,-7.731000000000002,0.1333431353583639,13.395902281449388,39.668756645420366,0.0365266143039121,0.1800059694931557,19.731,13.872955277067527,0,L,HH,quad
3068,-19.727,0.1901546854568238,17.621867254479163,38.255687269981465,0.0411019187322202,0.2664523406736552,43.727,14.55658833982854,0,L,HH,quad
3069,0.0,0.1251005266709763,15.592698868649366,57.36528708665737,0.0371258127270184,0.212962324967766,0.0,16.83220954339962,0,L,HH,quad
3070,-13.7269,0.1510960881057743,13.80392064397646,35.104252165870314,0.0390897206553071,0.1985045833996373,31.7269,17.84871727548177,1,L,HH,quad
3071,-25.7332,0.1799852721263541,13.217611459836148,26.95777360139537,0.0496964681475638,0.2416484560296648,55.7332,19.8168454952157,1,L,HH,quad
3072,-25.7332,0.1865278456247805,14.025904749935153,30.41251677524278,0.0509301354154018,0.2627914518498163,55.7332,22.886970265575595,1,L,HH,quad
3073,-25.7332,0.2553305720314201,21.647636914420325,35.87970790875008,0.0461182615145775,0.3672729479112953,55.7332,24.44505135381022,1,L,HH,quad
3074,-31.730999999999995,0.1713486284508129,12.651072423223024,30.02305269562241,0.0492281438240897,0.2291112004131113,67.731,26.094579333404667,2,L,HH,quad
3075,-37.7227,0.1705228587429277,11.83308181240301,27.71323146736733,0.0522659459930852,0.2275213734145497,79.7227,26.97991086767322,2,L,HH,quad
3076,-43.727500000000006,0.1462789061803866,8.10149831860237,22.054249169135453,0.0681295841974305,0.203051687298905,91.7275,28.439238002743384,2,L,HH,quad
3077,-37.7227,0.1430134515767727,8.147044749730513,23.23299908333553,0.0733211610422696,0.2197530711715045,79.7227,29.507638627438507,2,L,HH,quad
3078,,,,,,,139.7343,30.368835741228377,2,L,HH,quad
3079,-43.727500000000006,0.1199392411030697,6.95966059570221,25.12783294680028,0.0679963598615029,0.1740921715418881,91.7275,31.39496830262099,2,L,HH,quad
3080,-43.727500000000006,0.1476690849345093,8.012638891207637,25.297406968335352,0.0867360388576613,0.2556705309008267,91.7275,34.32987058202508,2,L,HH,quad
3081,-61.7272,0.1128575085647371,3.514915185702558,12.76945951823174,0.1208865246723675,0.1563141381696189,127.7272,40.10355367852712,2,L,HH,quad
3082,-55.7243,0.1048547772775353,4.029299396022094,18.493991581998365,0.1236619745132334,0.1833037008894452,115.7243,42.50991192051153,2,L,HH,quad
3083,,,,,,,139.7343,44.25406913628269,2,L,HH,quad
3084,-61.7272,0.0975033237905462,3.3508603661579985,14.501665289359163,0.1136780570317602,0.1401323776738454,127.7272,45.63801926717614,2,L,HH,quad
3085,-61.7272,0.1180416855461731,3.490802756565272,13.490574929331142,0.1584525598054301,0.2034839164808671,127.7272,47.3113480272,2,L,HH,quad
3086,,,,,,,139.7343,51.373272425052434,2,L,HH,quad
3087,,,,,,,151.729,53.42526758123581,2,L,HH,quad
3088,,,,,,,151.729,53.80216465073888,2,L,HH,quad
3089,,,,,,,139.7343,55.9048775586379,2,L,HH,quad
3090,-7.731000000000002,0.103946688082807,17.35975682738438,66.01608856798642,0.0216047249974891,0.1379742042757711,19.731,2.6574859341984154,1,R,HH,quad
3091,-13.7269,0.0910695099380758,7.277230898733567,26.845002802801726,0.0527639016749893,0.141256543595644,31.7269,4.46743666416412,1,R,HH,quad
3092,-43.727500000000006,0.1225299769463638,6.149188266671365,18.11799003768802,0.0709290594051957,0.1604528769953616,91.7275,7.966746264486764,1,R,HH,quad
3093,-19.727,0.2482870806520052,22.399195942351035,34.81983703504796,0.0383520431199013,0.3160286470807749,43.727,8.91716182286198,1,R,HH,quad
3094,-31.730999999999995,0.203319575169612,17.583238878820307,35.515785265885064,0.0423728743383785,0.2740894500612928,67.731,9.880334046246375,1,R,HH,quad
3095,-37.7227,0.2287835769854636,11.602507527735694,12.223255383022842,0.0955751488198213,0.4079457001245021,79.7227,11.556294087226329,1,R,HH,quad
3096,-25.7332,0.1887132982119239,14.054250923098332,27.85971240071609,0.0483137319284796,0.2497950376025153,55.7332,12.645332002483798,1,R,HH,quad
3097,-25.7332,0.236533603637024,18.09371841686017,28.654265353684096,0.0488876674489136,0.3254113240271297,55.7332,14.297150507056806,1,R,HH,quad
3098,-31.730999999999995,0.1588973142904246,9.135842422125526,19.05199378524443,0.0751809994932499,0.2526749645004953,67.731,15.919390969011031,1,R,HH,quad
3099,-31.730999999999995,0.2672008867482321,20.450815934430693,31.21635226925288,0.046301049747026,0.3483429260475645,67.731,17.601298920892823,2,R,HH,quad
3100,-37.7227,0.2181813068029464,13.45944574995072,23.552299515285124,0.0589532052962389,0.2919040476830345,79.7227,19.719753342615352,2,R,HH,quad
3101,-55.7243,0.1079750974319756,3.941820260260164,14.069709083144335,0.1028874985415792,0.1491986673466429,115.7243,21.46911891589312,2,R,HH,quad
3102,-43.727500000000006,0.1834728521723251,9.731845621797127,20.743912967752934,0.0669860947690577,0.2398199944812543,91.7275,22.22514231189353,2,R,HH,quad
3103,-43.727500000000006,0.1723380302630452,9.702163496388794,23.05684527173789,0.0669233747016157,0.2388646814643371,91.7275,23.8036322775262,2,R,HH,quad
3104,-43.727500000000006,0.1605834555615685,8.423026516153376,21.572929462143527,0.0759558440205775,0.2353612055762502,91.7275,25.537221851482236,2,R,HH,quad
3105,-50.2627,0.1847512416175745,8.289031460050138,18.341278314541547,0.0890361206289627,0.271503564217499,104.2627,27.89393002501521,2,R,HH,quad
3106,-61.7272,0.1503581910729744,3.923813360365115,8.07231599380299,0.1627309230155089,0.234900503394371,127.7272,29.87277482941673,2,R,HH,quad
3107,-55.7243,0.2162443064377648,7.805090768152207,14.525069548121394,0.1151245521088007,0.3305608599684594,115.7243,31.52937708605016,2,R,HH,quad
3108,-61.7272,0.1291041442618916,3.679682081308648,11.516797195189849,0.1414212620628236,0.1914390474455054,127.7272,33.11140166728077,2,R,HH,quad
3109,,,,,,,139.7343,35.156585011953325,2,R,HH,quad
3110,,,,,,,139.7343,36.925653649825726,2,R,HH,quad
3111,-61.7272,0.1604904579332208,4.586057673406191,12.33600170410912,0.1502855688020138,0.2535492379012802,127.7272,39.044249400178295,2,R,HH,quad
3112,,,,,,,151.729,40.86705119539244,2,R,HH,quad
3113,,,,,,,139.7343,43.97422554437074,2,R,HH,quad
3114,,,,,,,163.7231,45.66635274487665,2,R,HH,quad
3115,,,,,,,151.729,48.06335518947297,2,R,HH,quad
3116,,,,,,,163.7231,48.80946917793749,2,R,HH,quad
3117,,,,,,,151.729,50.88311418357247,2,R,HH,quad
3118,,,,,,,163.7231,52.25947678536637,2,R,HH,quad
3119,0.0,0.0906281276978325,9.514569498939691,34.81006403390632,0.0331147087339094,0.1159085840133569,0.0,0.196314999999999,0,L,HH,quad
3120,-7.731100000000001,0.0505503878575286,3.896519651398232,16.170085808593107,0.0859469165651551,0.1232005621591701,19.7311,3.115023015024436,0,L,HH,quad
3121,-25.7331,0.0599880037644632,3.7215569057719375,15.607066709234594,0.0703089809700293,0.0962589202220915,55.7331,3.574233941167752,0,L,HH,quad
3122,0.0,0.0556875362535388,5.459978854773604,37.089394687652806,0.0459638052375031,0.0923235413099037,0.0,4.565150092408125,0,L,HH,quad
3123,-19.726,0.0441289148370541,3.898693106592673,35.21412384879652,0.0348836211702017,0.0500318002222574,43.726,5.612690092408121,1,L,HH,quad
3124,-31.730099999999997,0.0752472317895187,4.060591161842315,18.897690792419688,0.0746009575241334,0.1114395077125588,67.7301,6.433595781255712,1,L,HH,quad
3125,-19.726,0.0299286880153773,2.0150191595140066,12.477293672865484,0.1122908037299729,0.0832393898911469,43.726,7.686667274986219,1,L,HH,quad
3126,-13.7259,0.1091492123510111,10.445628843060527,39.45939989663461,0.0399066200876697,0.1533504500720324,31.7259,9.075942191948302,1,L,HH,quad
3127,-37.7227,0.0779824026802145,4.760840236333739,23.894500020837224,0.0628708513108732,0.1101129674927931,79.7227,10.802540583768929,1,L,HH,quad
3128,-19.726,0.2213871279425023,20.61763807088012,39.51045420335714,0.0390420209596697,0.2961261224920539,43.726,12.379243548694134,1,L,HH,quad
3129,-19.726,0.2357458979791244,22.004692711600587,41.28597847564968,0.0445331099538394,0.3604988231046196,43.726,13.222889945296409,1,L,HH,quad
3130,-43.7264,0.05608913199254,2.540934614782414,11.343954583119016,0.0812970813370542,0.075993065136739,91.7264,5.206916416028232,1,R,HH,quad
3131,-1.7268999999999997,0.082599131859565,7.478793168744978,36.16130805352733,0.0418471197981585,0.1151337401447946,7.7269,10.070801083965764,1,R,HH,quad
3132,-7.731100000000001,0.1329565745335514,12.938188722046656,39.01935721354904,0.0391120943197271,0.186161586456981,19.7311,11.517152175471578,1,R,HH,quad
3133,,,,,,,79.7227,13.595382084589298,1,R,HH,quad
3134,-13.7259,0.205646035809332,19.4289864818349,38.7689512976902,0.0407674910783875,0.291386649010316,31.7259,14.146528119683444,1,R,HH,quad
3135,-19.726,0.2056937044032796,15.987610153531197,28.75396229808985,0.0501963192072625,0.295230308434523,43.726,16.227050494037726,1,R,HH,quad
3136,-19.726,0.1913066773042486,15.222698801155108,33.5267311471778,0.0515159743665692,0.2884955316332557,43.726,18.968208604705183,1,R,HH,quad
3137,-25.7331,0.2838152081810137,27.17503767608998,40.39540602404879,0.0415331204494985,0.4152123231683187,55.7331,19.58290380439796,1,R,HH,quad
3138,-31.730099999999997,0.1792390560777516,11.064267769017698,22.644383410901007,0.0641928874916876,0.2612853783734,67.7301,20.74094176456769,2,R,HH,quad
3139,-25.7331,0.2004963045280927,15.049109331737885,32.57321665378544,0.0558744106200565,0.3093351489401373,55.7331,22.291685359405363,2,R,HH,quad
3140,-37.7227,0.1585526579125988,12.06424104260207,31.73791648837545,0.0463246914293529,0.2055976086720532,79.7227,25.479158494341064,2,R,HH,quad
3141,-50.2627,0.0875251517462802,3.696716829533613,16.409641231711397,0.1003309960358481,0.1364447489169455,104.2627,27.369649413417264,2,R,HH,quad
3142,,,,,,,139.7333,28.44572482401821,2,R,HH,quad
3143,-50.2627,0.1318499512455319,6.196265259584094,17.778129386315186,0.0759615585938587,0.173152747316789,104.2627,28.956404679896632,2,R,HH,quad
3144,-55.7234,0.0761269439499417,3.214381625058124,18.913258946600465,0.1022146372252321,0.1208693109996701,115.7234,33.679717797844745,2,R,HH,quad
3145,-55.7234,0.1472778336013073,5.099737512693313,14.048307834251556,0.1249075772019895,0.2343376799298716,115.7234,34.72141914015819,2,R,HH,quad
3146,-61.727,0.0939638207017797,3.04498318624076,13.455839833995965,0.1098610489634878,0.1230648873175269,127.727,36.42794775993429,2,R,HH,quad
3147,-55.7234,0.1203374950529155,4.521811389119071,16.577879576137192,0.1177471312651787,0.1958701682867116,115.7234,37.78711515212703,2,R,HH,quad
3148,,,,,,,139.7333,40.49531074223397,2,R,HH,quad
3149,,,,,,,139.7333,42.66770625086864,2,R,HH,quad
3150,-61.727,0.1209541947428371,3.890491392918904,14.241519277442878,0.1328594491173784,0.1901526684420814,127.727,44.33841856443162,2,R,HH,quad
3151,,,,,,,139.7333,46.442398061919405,2,R,HH,quad
3152,,,,,,,151.7281,49.19625507145605,2,R,HH,quad
3153,,,,,,,151.7281,49.77953246044006,2,R,HH,quad
3154,,,,,,,151.7281,50.76239614630109,2,R,HH,quad
3155,,,,,,,151.7281,53.057346146301086,2,R,HH,quad
3156,,,,,,,168.1019,58.99736927912604,2,R,HH,quad
3157,0.0,0.1987203253144666,37.11625831440501,72.16385306154321,0.0198785357960961,0.2714276576458999,0.0,0.3640754558906606,0,L,HH,quad
3158,-7.729600000000001,0.0738699849639824,9.637289799079218,52.65631121487387,0.0287290046791347,0.1018546866013808,19.7296,2.6103526743457577,1,L,HH,quad
3159,-7.729600000000001,0.1033835006517174,11.766386714379742,48.16433525865091,0.0290556734479917,0.125770730045903,19.7296,3.623490329602929,1,L,HH,quad
3160,-7.729600000000001,0.1454358069148502,15.502355647007532,42.12248052319712,0.0360010557505173,0.2053139465044527,19.7296,4.326483804679334,1,L,HH,quad
3161,-31.726299999999995,0.1218555035070997,9.600271121982578,32.4380230172928,0.0476393760363969,0.1682500030877063,67.7263,8.761542902556137,1,L,HH,quad
3162,-19.7216,0.1715531984755139,15.70227485976731,38.01257478024655,0.0417242637506836,0.2410220496180353,43.7216,12.28933611285192,1,L,HH,quad
3163,-55.7144,0.0616968957660976,2.1407264472597123,16.427826832207224,0.1466025855345902,0.1154538241049348,115.7144,14.539745379877004,1,L,HH,quad
3164,-19.7216,0.2118013703530161,18.86850658602317,38.36233636915656,0.0453420723406425,0.3147345435731898,43.7216,16.02324374358091,1,L,HH,quad
3165,-25.7322,0.221271041775649,21.677414988059127,40.06902032169921,0.0361783895186294,0.2885109097166577,55.7322,17.36579882962732,1,L,HH,quad
3166,-43.720600000000005,0.1761766276133255,9.757713236149524,20.19445985972885,0.061836183480334,0.221971003779646,91.7206,20.20746568595283,2,L,HH,quad
3167,-43.720600000000005,0.2371144422301797,12.921029951880625,21.29036680923403,0.06892550761495,0.3276292174775003,91.7206,20.81337950564412,2,L,HH,quad
3168,-43.720600000000005,0.1934096026635332,11.059842089173078,22.964277528329596,0.0603671353209247,0.245615070900743,91.7206,22.640836970312836,2,L,HH,quad
3169,,,,,,,139.7304,25.65846421891532,2,L,HH,quad
3170,-50.2561,0.1546833125201962,6.954606686608036,19.74668365022913,0.0970408711691208,0.2482748788007818,104.2561,26.25570421891532,2,L,HH,quad
3171,-61.71939999999999,0.1239225075438556,3.29419539830003,9.856415215357522,0.1685744569950035,0.2042897813942523,127.7194,29.64235191693289,2,L,HH,quad
3172,-61.71939999999999,0.0953016016113072,2.549314257246114,12.570598826799058,0.2049489181934445,0.1922093558098431,127.7194,30.799175220294305,2,L,HH,quad
3173,-61.71939999999999,0.1024046298162356,2.8762686677446085,11.628451578287567,0.1477375799290956,0.1563241043476941,127.7194,32.223809634668136,2,L,HH,quad
3174,,,,,,,139.7304,33.43701674218556,2,L,HH,quad
3175,,,,,,,139.7304,35.48031328957129,2,L,HH,quad
3176,,,,,,,151.722,36.52271723123515,2,L,HH,quad
3177,,,,,,,139.7304,37.99073301742412,2,L,HH,quad
3178,,,,,,,139.7304,39.12859501921569,2,L,HH,quad
3179,,,,,,,163.7159,40.24400112708361,2,L,HH,quad
3180,,,,,,,151.722,41.31952230612214,2,L,HH,quad
3181,,,,,,,151.722,42.25062637377516,2,L,HH,quad
3182,0.0,0.2418876303022326,43.15090587782244,71.21568691407005,0.0226868319747756,0.3601382832936322,0.0,0.4971800607230882,0,R,HH,quad
3183,0.0,0.1473106331768528,9.49752518888532,25.803882682455654,0.0531867178801778,0.1858314275924378,0.0,1.7901548752574448,0,R,HH,quad
3184,-19.7216,0.2164295469388448,19.36336639132885,36.18110250821147,0.0407858716075721,0.2905334418450697,43.7216,3.250293947024242,1,R,HH,quad
3185,-7.729600000000001,0.1704369555217901,19.406644940481023,49.050897956760345,0.0344099559215486,0.2456631943000751,19.7296,5.431513056878529,1,R,HH,quad
3186,-19.7216,0.16370181437526,9.364079740245115,21.52081086366011,0.0953374924924205,0.3284235919128855,43.7216,6.615065567668187,1,R,HH,quad
3187,-13.7205,0.2650244916030484,28.62637161003709,47.042300945490254,0.0375635038002252,0.3955832715733767,31.7205,8.243971240075279,1,R,HH,quad
3188,-13.7205,0.3113722278832374,30.517662925428866,42.59881215843493,0.0425016964619472,0.4771589291460182,31.7205,12.09069492135662,1,R,HH,quad
3189,-31.726299999999995,0.2086060560655007,12.330081247492354,21.23151534284632,0.0683697860269055,0.3101242144061639,67.7263,15.955022851725245,1,R,HH,quad
3190,-37.7176,0.262415383242108,16.7174876593459,23.56400268329541,0.0520074435132519,0.3198468186868569,79.7176,16.755609000718977,2,R,HH,quad
3191,-37.7176,0.3183326693409704,25.00743765336284,30.995590124374207,0.0434354282042941,0.3995938726418813,79.7176,17.61558299868928,2,R,HH,quad
3192,-31.726299999999995,0.2049280578792997,13.925145561991124,28.26538001109297,0.0592095955563422,0.3033174221144272,67.7263,18.47774846809121,2,R,HH,quad
3193,-43.720600000000005,0.2205698206212985,13.152735925425516,23.733452805667675,0.0571525756150732,0.2765396606977679,91.7206,20.2505409552186,2,R,HH,quad
3194,-13.7205,0.2256610901746447,23.314169190256404,54.78274425121452,0.0633611577013862,0.5434362012337945,31.7205,21.7910409552186,2,R,HH,quad
3195,-37.7176,0.2155339782696959,13.794022552338191,28.61101383062834,0.067303585984293,0.3415345580435491,79.7176,23.47281729242897,2,R,HH,quad
3196,-43.720600000000005,0.2553205087209377,12.93891277074778,21.44322650606174,0.0840147911091904,0.3999070450434679,91.7206,24.779441947331826,2,R,HH,quad
3197,-50.2561,0.1795877997617349,7.826091447694252,18.021011713915165,0.0956265716485037,0.2753144603019048,104.2561,27.25775442571751,2,R,HH,quad
3198,-50.2561,0.2058574016896705,8.353899679753846,17.20241533236981,0.1164693288422234,0.3579367962253422,104.2561,28.562124053203497,2,R,HH,quad
3199,-55.7144,0.1655255631502083,6.162924991856031,16.700735894086872,0.1217053493421196,0.2759319991217822,115.7144,30.41189507434538,2,R,HH,quad
3200,-50.2561,0.146635078692075,6.51577720525041,21.04226622467868,0.1106477399155447,0.2652248983185389,104.2561,31.422329472017985,2,R,HH,quad
3201,-61.71939999999999,0.176231443584299,5.236856254774346,11.466951996794924,0.1223456597835511,0.2357027983537642,127.7194,32.607311553458345,2,R,HH,quad
3202,-61.71939999999999,0.1263976104140058,3.666944673501413,11.39742813496392,0.1380556059463221,0.1862361229699487,127.7194,33.93180021252643,2,R,HH,quad
3203,-55.7144,0.1351839306535399,4.734439471096466,16.824276022458218,0.1446578152141725,0.2519509430487575,115.7144,35.721487405085355,2,R,HH,quad
3204,-61.71939999999999,0.1267843772423054,3.4418322486549484,12.138023913916689,0.1760586623797947,0.2229218381588284,127.7194,36.67030996489304,2,R,HH,quad
3205,-61.71939999999999,0.1423160207602793,3.767190470776137,12.89453212930725,0.2123199775860328,0.294248296090376,127.7194,38.09289062822532,2,R,HH,quad
3206,-61.71939999999999,0.1087866491553423,2.81441291779115,13.587214731583067,0.2524825401756734,0.2614114971993032,127.7194,40.30084006601603,2,R,HH,quad
3207,,,,,,,139.7304,41.12986969455774,2,R,HH,quad
3208,,,,,,,139.7304,41.75993221224944,2,R,HH,quad
3209,,,,,,,151.722,42.48947828536614,2,R,HH,quad
3210,,,,,,,151.722,45.03578253124463,2,R,HH,quad
3211,,,,,,,151.722,47.84562614929951,2,R,HH,quad
3212,,,,,,,151.722,49.803363228335776,2,R,HH,quad
3213,0.0,0.1438746114545767,18.93773060269156,51.16598658727722,0.0266249812713611,0.18549096614628,0.0,0.1583551009598368,0,L,HH,quad
3214,0.0,0.0921437521384858,14.900663275178252,64.23599776575115,0.0226811047375951,0.1243298251364692,0.0,1.3838917989404589,0,L,HH,quad
3215,0.0,0.1225836660669121,13.632895330181634,42.15393812828394,0.033461860911529,0.167819996655231,0.0,1.7751589886267387,0,L,HH,quad
3216,-25.7342,0.0934284540744865,11.181978672701597,45.32620362103534,0.0279170142861434,0.1148399901308708,55.7342,5.1950526724137305,1,L,HH,quad
3217,-13.7206,0.1515777518461652,14.557956929884243,39.1735726928483,0.039679104458619,0.2125043428820676,31.7206,6.822266808370546,1,L,HH,quad
3218,-13.7206,0.1501674768310776,15.08633784442369,42.14760939610499,0.0373802573339221,0.2074586913494288,31.7206,8.294929185681417,1,L,HH,quad
3219,,,,,,,151.7221,10.14993683054437,1,L,HH,quad
3220,-19.7218,0.1877708313754019,14.922380499847558,31.04266379714269,0.0454724230255076,0.2496270958855356,43.7218,10.794608104951203,1,L,HH,quad
3221,-43.7208,0.1207445524092754,6.4151361744287065,22.961430717491663,0.078830464412887,0.1860396367321504,91.7208,11.80109991739615,1,L,HH,quad
3222,-43.7208,0.1926689770271147,9.145965738974695,19.05149152932512,0.0906184332371654,0.304895937216529,91.7208,12.974574184380884,1,L,HH,quad
3223,-43.7208,0.2464085416016726,11.638244684504754,19.845555216316846,0.1009239464154075,0.4321029448128307,91.7208,15.296727280841148,1,L,HH,quad
3224,-25.7342,0.1704148878105929,12.931442851818437,32.54759489712912,0.0543682191326077,0.2586411428380156,55.7342,17.251386470216264,1,L,HH,quad
3225,-19.7218,0.1783543443914796,15.23334308574684,37.694189133551774,0.0487329036849387,0.273100836574464,43.7218,17.848628560159696,1,L,HH,quad
3226,-37.7177,0.220735996822727,19.739154594019467,35.31294884070485,0.0416842613946289,0.3026956481081799,79.7177,19.071086796936704,2,L,HH,quad
3227,-43.7208,0.1152560114226952,5.735795823533778,20.53958376136094,0.0846550795904425,0.1786291056623217,91.7208,21.478626552691352,2,L,HH,quad
3228,-43.7208,0.1335599365072224,6.743865946679205,20.96916286408159,0.0827632128244821,0.2053297074502361,91.7208,21.65586847098384,2,L,HH,quad
3229,-37.7177,0.158075666940381,9.284774643153664,24.509184891604487,0.0677890634551499,0.2315455928307154,79.7177,22.65734674745223,2,L,HH,quad
3230,-43.7208,0.1368832509724258,6.9065799104672365,19.446995541761407,0.0770765202215202,0.1958351560744703,91.7208,24.686773520734583,2,L,HH,quad
3231,-43.7208,0.1603862680014718,8.475608647933834,22.065238412553622,0.077034871219829,0.240194895859412,91.7208,25.53707428858761,2,L,HH,quad
3232,-50.2572,0.1486314474451274,8.045368749497317,21.60996536461606,0.0579353253500637,0.1714726748284205,104.2572,26.52299428858761,2,L,HH,quad
3233,-50.2572,0.1493824340498797,6.627748295778688,18.503602173214368,0.0943748710215527,0.230105975042335,104.2572,29.59955201370169,2,L,HH,quad
3234,-55.7144,0.1228992993426542,4.579983184406348,15.164089103447909,0.1058574834730926,0.1783573318904824,115.7144,30.794793556654405,2,L,HH,quad
3235,-50.2572,0.1450654848574173,6.354141349455747,19.979266864859373,0.1066614700165632,0.2493273691971008,104.2572,31.72442586783985,2,L,HH,quad
3236,-50.2572,0.118338953518861,5.016512139766286,20.29199352156098,0.1205284375759939,0.2224318184953596,104.2572,33.592357160786705,2,L,HH,quad
3237,-55.7144,0.1071468155664221,3.8020055671959736,17.025349277090417,0.140614034044533,0.196673992617706,115.7144,35.51862514632736,2,L,HH,quad
3238,-55.7144,0.1011739496184696,3.4856563560477096,17.19174098717851,0.1574200746149728,0.2018599682735038,115.7144,36.202618862541726,2,L,HH,quad
3239,,,,,,,139.7315,37.39464692798313,2,L,HH,quad
3240,-61.7205,0.074244913117865,1.9936106265970568,14.078630906704715,0.2225079953060924,0.1631892246421339,127.7205,40.5470793069643,2,L,HH,quad
3241,,,,,,,139.7315,41.40335657311035,2,L,HH,quad
3242,,,,,,,151.7221,41.99112308405022,2,L,HH,quad
3243,,,,,,,139.7315,43.95190525436352,2,L,HH,quad
3244,,,,,,,151.7221,45.12411885034336,2,L,HH,quad
3245,,,,,,,151.7221,45.4190806914912,2,L,HH,quad
3246,,,,,,,151.7221,49.06515713189935,2,L,HH,quad
3247,,,,,,,151.7221,51.85946488122815,2,L,HH,quad
3248,0.0,0.2452277168687219,34.5459907427669,57.685894739624416,0.0264041862812684,0.335564460348868,0.0,1.5161211168208413,0,R,HH,quad
3249,0.0,0.1274294171186207,14.840141147573716,45.67427164423646,0.0331292815205455,0.1808654307788631,0.0,2.4918354821066035,0,R,HH,quad
3250,-7.729700000000001,0.1199231521323715,11.948012700476356,38.428053051491,0.0367281477917529,0.1614359378363655,19.7297,5.348520816526534,1,R,HH,quad
3251,-7.729700000000001,0.0936565087540448,10.287143727060151,46.561488121445066,0.0350426339449724,0.1326163491189741,19.7297,7.222548019850969,1,R,HH,quad
3252,-13.7206,0.1378663653836985,12.927357150533972,36.824515636007966,0.0395556478849004,0.1881151476551454,31.7206,8.625878981677513,1,R,HH,quad
3253,-13.7206,0.1961837844952113,18.19635604807809,39.40965802659727,0.0433643114799457,0.2902835324901417,31.7206,11.135272990438436,1,R,HH,quad
3254,-7.729700000000001,0.1735279939869949,17.996623723607854,46.00568790772369,0.0411701325360538,0.2725704804208784,19.7297,12.630607561696657,1,R,HH,quad
3255,-19.7218,0.1369636023664468,11.100236767121787,30.87614141179368,0.0454350585468623,0.1855362832941114,43.7218,15.337849330580475,1,R,HH,quad
3256,-19.7218,0.2572108013529828,24.027937178245647,39.294681835004496,0.0412170638603833,0.3643334590035693,43.7218,16.425325499114837,1,R,HH,quad
3257,-25.7342,0.187734994452612,13.445567021847824,28.13739930392173,0.0552404158067223,0.2732383026910331,55.7342,18.20677549911484,1,R,HH,quad
3258,-25.7342,0.2750953266331823,23.236425209507832,35.04929053312107,0.045229348963233,0.3866296619635918,55.7342,19.20612549911484,1,R,HH,quad
3259,-25.7342,0.2556143618378218,20.80734646355636,35.95745429346308,0.0523131493515254,0.4004359708993134,55.7342,21.499151303868917,2,R,HH,quad
3260,-37.7177,0.2124346043821049,14.301842172343571,26.292729820414145,0.051622765791543,0.271605630115637,79.7177,24.250415986764445,2,R,HH,quad
3261,-61.7205,0.1084186288848334,2.8531919077143906,10.413594997918114,0.1827707321055403,0.191841761347528,127.7205,25.97127463871701,2,R,HH,quad
3262,-37.7177,0.1723743088519409,10.518226875869328,25.20091258367156,0.0639988623717113,0.2476397212296409,79.7177,26.659618099498037,2,R,HH,quad
3263,-43.7208,0.1779949128858335,9.394775313623146,22.83698947317421,0.0789340922266904,0.2728076438913432,91.7208,30.56955002342877,2,R,HH,quad
3264,-43.7208,0.1772686690668983,10.263988514318212,25.258111866559545,0.0707595139341433,0.2671815816502373,91.7208,32.08321687454119,2,R,HH,quad
3265,-55.7144,0.1862175192285398,6.519508748171243,14.207743323943536,0.1230086686037114,0.295023158624215,115.7144,34.15903756338878,2,R,HH,quad
3266,-50.2572,0.1609216065773737,7.223120692290087,19.90674459689782,0.0962149750340687,0.2556660497085859,104.2572,36.328377563388784,2,R,HH,quad
3267,-55.7144,0.1357970637035346,5.2439198878956494,18.70700280288468,0.1210212214389062,0.2334657073879142,115.7144,39.763438145662654,2,R,HH,quad
3268,-55.7144,0.2063068259789598,7.309142917199858,14.77767976085017,0.1218139210193254,0.3275434315578215,115.7144,37.52165358951252,2,R,HH,quad
3269,,,,,,,139.7315,41.15642464497982,2,R,HH,quad
3270,-61.7205,0.0701211214478964,2.5094553608305223,15.156575138099988,0.1086221082413211,0.1002774359071589,127.7205,42.40128369095336,2,R,HH,quad
3271,-61.7205,0.1067088101550271,2.858291424100144,12.975481313136209,0.2077998359271877,0.218502909721028,127.7205,43.35261173914614,2,R,HH,quad
3272,,,,,,,139.7315,45.88604027005015,2,R,HH,quad
3273,,,,,,,151.7221,47.324106110858565,2,R,HH,quad
3274,,,,,,,151.7221,49.53292023596623,2,R,HH,quad
3275,,,,,,,151.7221,51.9280649556469,2,R,HH,quad
3276,,,,,,,151.7221,54.2190649556469,2,R,HH,quad
3277,-13.7216,0.0900467425044113,9.925419157604956,44.87538891198601,0.0287750190706499,0.105067886101487,31.7216,0.9059722665402048,0,L,HH,quad
3278,0.0,0.0951672293666764,11.309923465176666,50.190286005363,0.0298005631964212,0.1239908553417909,0.0,1.4494356723001194,0,L,HH,quad
3279,-13.7216,0.1350785803039555,11.11484591387283,29.456350569727352,0.0443098798616874,0.1811797003418378,31.7216,4.569763543125702,1,L,HH,quad
3280,-13.7216,0.1790754365795121,31.380212834291157,65.47490372018214,0.0230730607620308,0.2663585320222317,31.7216,5.875983063516684,1,L,HH,quad
3281,-13.7216,0.1656745802654726,16.744391441435297,39.03437052070267,0.0330188540207285,0.2033934122953355,31.7216,7.217790632529491,1,L,HH,quad
3282,-19.7225,0.2233444724387375,15.408447214410822,24.65418524123851,0.0626454271244315,0.3551025309315405,43.7225,10.104731897474275,1,L,HH,quad
3283,-19.7225,0.1867676266713296,13.903297787449477,25.97946854959404,0.0525126809550331,0.2685885743308065,43.7225,10.888953242758884,1,L,HH,quad
3284,-19.7225,0.1667288178186411,12.87574288221348,29.818314933900812,0.0472541712228061,0.2238298297133726,43.7225,12.09335980465611,1,L,HH,quad
3285,-25.735,0.1442383813110941,9.278155000629342,24.34080066608168,0.0621157586789176,0.2120161459974119,55.735,12.880519647050775,1,L,HH,quad
3286,-31.7285,0.1719695517830733,12.558225612080806,27.33368593933135,0.0472028637908065,0.2180731250215173,67.7285,13.582361622711966,1,L,HH,quad
3287,-25.735,0.146187656352687,8.812382551386541,18.395156000857448,0.0668621950952442,0.2167601737376696,55.735,14.619867151950244,1,L,HH,quad
3288,-25.735,0.2003462287359775,20.10568788231105,39.77774650301156,0.0333342069008585,0.2465554353990485,55.735,15.482350513086375,1,L,HH,quad
3289,-25.735,0.1771146884241893,12.123833955210328,25.49375402857739,0.0587100281072663,0.2618531400335824,55.735,16.89696144823478,2,L,HH,quad
3290,-25.735,0.1912848968975967,13.768960268408293,29.18295759275785,0.056715093948285,0.2872799527323718,55.735,18.169112898534625,2,L,HH,quad
3291,-37.7177,0.1807882215297215,11.330432511002993,25.08375894611364,0.0614324506102893,0.2560647789857728,79.7177,19.99341523913585,2,L,HH,quad
3292,-37.7177,0.1826222596697573,11.292848871951906,24.318224133959973,0.0588954740617178,0.2446757657199869,79.7177,21.334390635248457,2,L,HH,quad
3293,-43.7207,0.1685662280733465,8.637766053985581,22.803306747191456,0.0863104227661744,0.2742648801421137,91.7207,26.2522076960413,2,L,HH,quad
3294,-61.7204,0.0966942919402259,2.79692448864996,10.980917727832368,0.1319269266064995,0.1357437068794369,127.7204,28.256773227589896,2,L,HH,quad
3295,-55.7154,0.1305777706682034,4.476705349915264,15.575537377333566,0.1462272935097383,0.2408199548351348,115.7154,29.840212264839035,2,L,HH,quad
3296,-55.7154,0.1511384973235429,5.252528768324273,15.577476318437974,0.1383123862099416,0.2672606570729028,115.7154,31.686571660353174,2,L,HH,quad
3297,-55.7154,0.1279263577510055,4.601731685072438,17.17991260512568,0.1405394823402001,0.237916827503937,115.7154,33.720305094814535,2,L,HH,quad
3298,,,,,,,139.7327,35.220648505426226,2,L,HH,quad
3299,,,,,,,139.7327,36.78359619675377,2,L,HH,quad
3300,,,,,,,139.7327,38.93761941621017,2,L,HH,quad
3301,,,,,,,168.0979,40.63413291856383,2,L,HH,quad
3302,,,,,,,151.7222,42.55856170401736,2,L,HH,quad
3303,,,,,,,151.7222,44.10145010816336,2,L,HH,quad
3304,,,,,,,151.7222,48.16902780485808,2,L,HH,quad
3305,-25.735,0.2404624330232709,17.806269764037445,28.5101967606699,0.0505979879306346,0.3314451846669384,55.735,7.639103561477317,1,R,HH,quad
3306,-25.735,0.2532901170181091,21.30042090993857,36.55886694210109,0.042283834097983,0.331335571809942,55.735,9.466769747874382,2,R,HH,quad
3307,-37.7177,0.1713353954453624,6.346008011753743,14.65213980440474,0.0960692702399182,0.2242800405178966,79.7177,11.74229472500763,2,R,HH,quad
3308,-43.7207,0.1537590873445982,9.292706983720429,24.521190384110227,0.0490332950143802,0.1676250189529677,91.7207,13.520525955810028,2,R,HH,quad
3309,-37.7177,0.1972292996719906,11.539089703991513,24.95452351993217,0.0728743200800957,0.3093510421611841,79.7177,14.352966315835898,2,R,HH,quad
3310,-55.7154,0.151926984495165,5.63907870042306,13.851713336351786,0.0966317969358447,0.2004627710708835,115.7154,16.763970612687036,2,R,HH,quad
3311,-43.7207,0.1369999042602694,6.334190207780137,20.90968017549625,0.0919863546828131,0.21434829199133,91.7207,18.87158758860792,2,R,HH,quad
3312,-55.7154,0.1770103913798587,6.704380375572799,13.639554596440496,0.0905377543457318,0.2233026528481981,115.7154,20.542417589195857,2,R,HH,quad
3313,-50.257000000000005,0.1493862040761498,6.603213342275886,19.53428500667791,0.1002058123871581,0.2434186000881204,104.257,22.19128400602382,2,R,HH,quad
3314,-61.7204,0.1468763370352786,3.795503978144464,7.43256459660466,0.1688321081536042,0.235738226782314,127.7204,24.273043640810688,2,R,HH,quad
3315,-55.7154,0.1305232018148642,4.644538052976584,16.020571192709102,0.1326677896894831,0.2266801739120637,115.7154,25.604241513932063,2,R,HH,quad
3316,-61.7204,0.0955521610472827,2.523080134901144,12.434100892452316,0.2054448700797458,0.1906917322143158,127.7204,27.57001470458111,2,R,HH,quad
3317,-61.7204,0.107221820675887,2.8521768070950766,11.781337313417955,0.1988729812265497,0.2086689094095033,127.7204,29.91306153268835,2,R,HH,quad
3318,,,,,,,151.7222,31.460963534454663,2,R,HH,quad
3319,,,,,,,139.7327,32.346755376585534,2,R,HH,quad
3320,,,,,,,151.7222,35.73613198015016,2,R,HH,quad
3321,,,,,,,151.7222,36.54110227072231,2,R,HH,quad
3322,,,,,,,151.7222,37.95192806911913,2,R,HH,quad
3323,,,,,,,151.7222,39.30595586263926,2,R,HH,quad
3324,,,,,,,163.7158,39.60568449467121,2,R,HH,quad
3325,,,,,,,163.7158,42.60051914157505,2,R,HH,quad
3326,,,,,,,163.7158,43.68823012791959,2,R,HH,quad
3327,,,,,,,163.7158,45.24496388541755,2,R,HH,quad
3328,,,,,,,163.7158,48.61238086531937,2,R,HH,quad
3329,-1.7323000000000004,0.1549333392863482,17.16931095606929,50.79702694406628,0.0385935507263007,0.2437659945268894,7.7323,1.614685784256698,1,L,HH,quad
3330,-7.734500000000001,0.2007274640398123,21.13046454617591,44.230547212208165,0.0356451574540034,0.2770863300262197,19.7345,3.0077474792488714,1,L,HH,quad
3331,-43.72,0.019632685180978,0.8312454004421793,6.6691140112214775,0.2763841049505385,0.0845177323374529,91.72,4.428385719142431,1,L,HH,quad
3332,-13.7242,0.1825960551677737,21.261048993953853,46.47116484259777,0.027907701575005,0.218280166641582,31.7242,5.167035719142432,1,L,HH,quad
3333,-19.724400000000003,0.2585403533250031,24.330378798789624,39.68425423329239,0.0400993431689896,0.35891503179317,43.7244,7.099905171617267,1,L,HH,quad
3334,-19.724400000000003,0.2525741357013062,23.55997004393415,38.03190730772561,0.0396063785742853,0.3432775376671864,43.7244,9.098944249574473,1,L,HH,quad
3335,-19.724400000000003,0.2442064650015719,20.50744371033313,34.127889032729634,0.0457911059303992,0.3454603262509769,43.7244,10.274219536862336,1,L,HH,quad
3336,-19.724400000000003,0.2637755550443716,25.22985468934745,41.95629635483629,0.0430462420351999,0.3995356258133986,43.7244,13.675354298250436,1,L,HH,quad
3337,-37.7152,0.1594517611694147,8.178167582530078,16.82370505968118,0.0780290505289202,0.2347566189974372,79.7152,15.433664356893471,2,L,HH,quad
3338,-37.7152,0.2139204106685697,14.562798208658064,25.84531038938838,0.0492196068691931,0.2636868610315764,79.7152,15.780091742646963,2,L,HH,quad
3339,-37.7152,0.191374561386019,11.801514371120346,22.882144692460976,0.055956603517904,0.2429375253374605,79.7152,17.671608067846986,2,L,HH,quad
3340,-43.72,0.1582636801447915,8.990377738473963,22.14648941396869,0.0627284558994043,0.2074665355087728,91.72,19.211197679617975,2,L,HH,quad
3341,-43.72,0.1749102551533041,10.22651720780742,23.729881199763568,0.0614935277579623,0.2313463648992128,91.72,19.47755775170086,2,L,HH,quad
3342,-50.2572,0.1475933719107875,6.259617288382856,15.580644093427331,0.0853031366110017,0.1964347416420056,104.2572,21.016880977605982,2,L,HH,quad
3343,-50.2572,0.1756991689653873,7.883181093131232,17.859854079639835,0.0849325083329614,0.2463093917903884,104.2572,21.36371777567525,2,L,HH,quad
3344,-61.7204,0.092698540137947,2.522687448332281,10.96891304413372,0.16669030475794,0.1546960786659556,127.7204,23.188621560584103,2,L,HH,quad
3345,-61.7204,0.1206326902737562,3.1346543906818853,9.159540114117656,0.1726501093413218,0.1990957735259113,127.7204,24.84815537672997,2,L,HH,quad
3346,-50.2572,0.150147581831912,6.318085931017053,17.80493408934949,0.1040991996730125,0.2419571370408787,104.2572,25.870002749775725,2,L,HH,quad
3347,-61.7204,0.103265897763053,2.7138208924686538,11.583714030098834,0.2061701569810855,0.2058318138910524,127.7204,29.11482132407537,2,L,HH,quad
3348,-55.7199,0.1025059719053171,3.899734652134903,16.737442925505636,0.1132728329530914,0.1625048540544715,115.7199,30.956713178540294,2,L,HH,quad
3349,,,,,,,139.7366,33.9965856590548,2,L,HH,quad
3350,-61.7204,0.1312712499549742,3.6535610500636992,12.551974733664096,0.1710652321420853,0.229923646117566,127.7204,34.058669808400666,2,L,HH,quad
3351,,,,,,,139.7366,37.292378536660514,2,L,HH,quad
3352,,,,,,,139.7366,38.25366551072132,2,L,HH,quad
3353,-37.7152,0.0477824725149845,,,,,79.7152,38.830091651176446,2,L,HH,quad
3354,,,,,,,139.7366,42.113454351115934,2,L,HH,quad
3355,,,,,,,139.7366,42.7457993292466,2,L,HH,quad
3356,,,,,,,151.7285,44.31397460108326,2,L,HH,quad
3357,,,,,,,151.7285,45.56185426951736,2,L,HH,quad
3358,,,,,,,151.7285,47.901105758011504,2,L,HH,quad
3359,,,,,,,168.1008,49.680027189666085,2,L,HH,quad
3360,,,,,,,168.1008,51.55740206157437,2,L,HH,quad
3361,-7.734500000000001,0.1157168752670421,10.18173484684952,32.78215324420402,0.0424985195863552,0.1591846192258905,19.7345,2.152243642719664,1,R,HH,quad
3362,-7.734500000000001,0.0680496585382912,4.719814276016052,26.49402867132079,0.0608912884591274,0.1057269226264598,19.7345,5.9414863151721695,1,R,HH,quad
3363,-13.7242,0.108864767515041,10.121441894875709,37.2147772467897,0.0397471224523789,0.1479972334650526,31.7242,6.668965500812958,1,R,HH,quad
3364,-31.732100000000003,0.1272990126555039,8.459852556698614,26.043768662716683,0.055369515147177,0.1723213278979786,67.7321,10.788932088788806,1,R,HH,quad
3365,-25.7427,0.1390717940747642,10.60865127503344,30.99100196069929,0.0504134980195605,0.1967489957975728,55.7427,12.024017694647767,1,R,HH,quad
3366,-37.7152,0.1104638769832366,9.3544898430834,33.34270646611539,0.0398760107537195,0.137226292606243,79.7152,14.348730348608017,1,R,HH,quad
3367,-37.7152,0.1124253145873506,4.970090368342891,17.68137280884281,0.0859912424927338,0.1572258776115398,79.7152,15.820942588751372,2,R,HH,quad
3368,-50.2572,0.0766137545068649,3.317090603147401,19.859780113219465,0.1034244946269705,0.1262078183618191,104.2572,16.983351246032587,2,R,HH,quad
3369,-37.7152,0.162649571404802,10.52097035377978,27.30926334319725,0.0609288314191007,0.2358219160131002,79.7152,18.246273893542767,2,R,HH,quad
3370,-50.2572,0.1148398456669478,5.028784896334597,18.468389908395064,0.094658577394433,0.1751170976187896,104.2572,23.69518259486422,2,R,HH,quad
3371,-55.7199,0.1125877174858605,3.96676178052486,15.05673999267438,0.1247142369076381,0.181994252131313,115.7199,27.35683921028855,2,R,HH,quad
3372,-55.7199,0.1019272144240452,3.989632536319756,17.842788671042907,0.1129244306133471,0.1657396145622581,115.7199,29.652157688209115,2,R,HH,quad
3373,-61.7204,0.0813993198719635,2.974112272374213,14.962362167111436,0.0991936525213195,0.1085292393955038,127.7204,31.387686893746825,2,R,HH,quad
3374,-61.7204,0.0959592988850092,3.613107896953229,15.464048096795503,0.096445104075253,0.1281936859925644,127.7204,33.089249078455786,2,R,HH,quad
3375,,,,,,,151.7285,36.66497140462576,2,R,HH,quad
3376,,,,,,,151.7285,37.29337456948095,2,R,HH,quad
3377,,,,,,,139.7366,38.44997406568359,2,R,HH,quad
3378,,,,,,,168.1008,40.36586127688291,2,R,HH,quad
3379,,,,,,,168.1008,43.33990034424633,2,R,HH,quad
3380,-19.7254,0.2144323476932972,59.13563454776284,83.27583298730923,0.0196407638199842,0.4272805782452417,43.7254,2.1737272925513667,1,L,HH,quad
3381,-7.734500000000001,0.3153457125271686,35.827291584416315,49.06208775750538,0.035171692371059,0.4635672669782217,19.7345,2.9164633904724777,1,L,HH,quad
3382,-7.734500000000001,0.247096801612188,28.15063749647941,48.90449500870725,0.0351005827256255,0.3635030664882946,19.7345,5.147556308233366,1,L,HH,quad
3383,-19.7254,0.2930124890179483,18.213091399292125,26.75049985202263,0.0606116994940114,0.4061118354959756,43.7254,6.783433612665741,1,L,HH,quad
3384,-19.7254,0.2425824457617291,18.198011456014427,27.835506116723263,0.0522214149105325,0.3496053635210741,43.7254,8.570455142596193,1,L,HH,quad
3385,-19.7254,0.2359110290350501,20.70967524806164,37.19206443575613,0.0454694293625467,0.3464162935404063,43.7254,11.277993835653746,1,L,HH,quad
3386,-31.7332,0.2375571482189901,15.12942012091848,26.25531408578883,0.0761197168407744,0.423667319375152,67.7332,12.509126195302272,1,L,HH,quad
3387,-25.742600000000003,0.2465716998345693,21.878320681028192,37.84961011682011,0.0444726948922811,0.3579422377091875,55.7426,13.037288504106636,2,L,HH,quad
3388,-37.7143,0.2024463698763902,11.580144281858724,21.0579266973178,0.0636169662624802,0.2710144475752468,79.7143,14.218444532406185,2,L,HH,quad
3389,-25.742600000000003,0.314955601848905,25.044886663459675,37.64426284802313,0.0598863323130598,0.5517626574876187,55.7426,15.349310975669932,2,L,HH,quad
3390,-43.720200000000006,0.1560093043604384,7.277772800691364,18.158113324531275,0.0882781693808607,0.2363509380405415,91.7202,16.868349393112474,2,L,HH,quad
3391,-61.721500000000006,0.0820816911922117,2.393611671621916,11.201944853170836,0.1289302222046448,0.1135308640417137,127.7215,18.894046536950505,2,L,HH,quad
3392,-50.256,0.1236683037691172,5.817941959666064,18.55986275764787,0.0751033397251107,0.1607437709082123,104.256,19.31152846326588,2,L,HH,quad
3393,-43.720200000000006,0.1441883119337944,7.627177532540134,22.78086047637427,0.0816579836094141,0.2291226507191572,91.7202,20.560529060694904,2,L,HH,quad
3394,-50.256,0.1712559700501967,11.11050172351671,25.89385571510545,0.0487145519553878,0.199112214117807,104.256,21.535650021072875,2,L,HH,quad
3395,-61.721500000000006,0.1047241744965934,2.774819049019292,9.61319778589357,0.1578402120761752,0.1611231118807498,127.7215,22.396750021072872,2,L,HH,quad
3396,-55.7217,0.162010098043161,5.999492385641459,14.311224110918303,0.1031708384929818,0.2277073162460774,115.7217,23.15515002107287,2,L,HH,quad
3397,-55.7217,0.1287979757967136,4.3259111670609,13.993076611533922,0.1415412529873765,0.2252507008241251,115.7217,24.578912010400902,2,L,HH,quad
3398,-50.256,0.1618935280321903,7.949799205757194,21.7902269585368,0.0873478318767392,0.2554546468318036,104.256,26.3935020075565,2,L,HH,quad
3399,-55.7217,0.1615815432587775,5.440229183431585,17.320609857052993,0.171722400712747,0.3436763642480768,115.7217,29.680137490627665,2,L,HH,quad
3400,,,,,,,151.7277,30.38711687257596,2,L,HH,quad
3401,-61.721500000000006,0.1250628841902854,3.356244218410864,10.6741802967327,0.1729723629992825,0.2135678086000028,127.7215,30.368009321712496,2,L,HH,quad
3402,-61.721500000000006,0.1704530190434213,4.7942764694352045,11.163181956436826,0.147858373190593,0.260780141328642,127.7215,32.55408707830756,2,L,HH,quad
3403,,,,,,,139.7368,35.90502644030055,2,L,HH,quad
3404,,,,,,,139.7368,37.44538042745903,2,L,HH,quad
3405,-61.721500000000006,0.0948434970688509,2.4915196542716576,14.605633983546268,0.2561363966267024,0.2347692059331163,127.7215,37.68924344489031,2,L,HH,quad
3406,,,,,,,151.7277,41.02778522873203,2,L,HH,quad
3407,,,,,,,151.7277,43.137886190674834,2,L,HH,quad
3408,,,,,,,151.7277,46.39944267046195,2,L,HH,quad
3409,,,,,,,168.0997,48.99487621360848,2,L,HH,quad
3410,-1.7332,0.1234028125623043,11.104267813541153,32.54804647256862,0.0516466160242085,0.2109780707768057,7.7332,1.3761634247676606,1,R,HH,quad
3411,-7.734500000000001,0.0926652898929585,10.643523472514948,44.68637394617122,0.0285110528440204,0.1116359815948411,19.7345,1.985360162491847,1,R,HH,quad
3412,-7.734500000000001,0.1408609519603173,14.166175337626338,39.20534612390462,0.0355685718530273,0.1853636440871119,19.7345,4.270886831261544,1,R,HH,quad
3413,-7.734500000000001,0.1652731016644469,30.14156947820153,69.95538936569413,0.0235192646382199,0.2607925130305508,19.7345,5.950533102593695,1,R,HH,quad
3414,-13.7231,0.1344192895179296,12.285557600354116,39.83864862498647,0.0452683337408821,0.2045949451683354,31.7231,6.533743613472914,1,R,HH,quad
3415,-13.7231,0.1476085088964757,13.472176573568929,36.27461588118113,0.0373231412636651,0.1849785935071334,31.7231,8.269759552277053,1,R,HH,quad
3416,-13.7231,0.2086094619646457,31.25685927219651,59.13642193057529,0.0244886479637761,0.2815889857910824,31.7231,9.071142031746128,1,R,HH,quad
3417,-25.742600000000003,0.277266866160561,20.37104656470376,27.01110425941046,0.0483280590628655,0.3621747867510425,55.7426,11.996495323813187,1,R,HH,quad
3418,-25.742600000000003,0.1984182630992136,14.74706184187682,28.31312968302306,0.0467935225380284,0.2538614515400531,55.7426,14.220577873258632,1,R,HH,quad
3419,-25.742600000000003,0.1949274904607232,14.896839318572274,30.7034134521964,0.0503909884856462,0.2761547572866056,55.7426,16.0673329440788,1,R,HH,quad
3420,-37.7143,0.149480599018314,8.272321438868211,19.06840503850956,0.0650809027056538,0.1980553087161204,79.7143,17.443898013828523,2,R,HH,quad
3421,-31.7332,0.1451428761735985,11.310462663187447,30.919619342594068,0.0446600601111877,0.1858254494198804,67.7332,18.05333834109609,2,R,HH,quad
3422,-50.256,0.1746327614445041,7.28997069368353,13.1064188181064,0.0860111164789183,0.2306672221760622,104.256,19.449047239828204,2,R,HH,quad
3423,-43.720200000000006,0.0996622080651166,4.799467082648672,19.84127858524376,0.0862036547642769,0.1522033510703693,91.7202,21.17644779592116,2,R,HH,quad
3424,-50.256,0.1147231182210758,4.791946198640092,17.49026638696952,0.1093712376651873,0.1928060148448117,104.256,26.397362478932457,2,R,HH,quad
3425,-61.721500000000006,0.0815979079695301,2.071141513296063,11.16305207495078,0.2156450499215466,0.1643065153705957,127.7215,27.280354918311183,2,R,HH,quad
3426,-61.721500000000006,0.1122659121365085,3.082755435933624,11.099617864565976,0.1628799698988278,0.1847192985485838,127.7215,31.20496194577236,2,R,HH,quad
3427,-55.7217,0.114954897652086,3.8692465088225463,15.064093199996488,0.1463705217201128,0.2083461781742967,115.7217,31.91517194577236,2,R,HH,quad
3428,,,,,,,139.7368,34.607120107828834,2,R,HH,quad
3429,,,,,,,139.7368,35.12318122097339,2,R,HH,quad
3430,-61.721500000000006,0.0792141578853215,2.549190622025204,13.837856832242348,0.1293810935106086,0.1213329194903893,127.7215,36.56030252210364,2,R,HH,quad
3431,-61.721500000000006,0.0701659345107342,2.4243209053211388,15.665480494853352,0.126109035710477,0.112471329654627,127.7215,37.904222441648265,2,R,HH,quad
3432,,,,,,,139.7368,39.23846902368897,2,R,HH,quad
3433,,,,,,,139.7368,41.12473687118499,2,R,HH,quad
3434,,,,,,,151.7277,42.58595073506666,2,R,HH,quad
3435,,,,,,,151.7277,43.22228580482158,2,R,HH,quad
3436,,,,,,,151.7277,44.24993416995561,2,R,HH,quad
3437,,,,,,,151.7277,45.821546199751765,2,R,HH,quad
3438,-13.723400000000002,0.1236937934940086,13.727346654061408,45.68333344544598,0.033212906035745,0.1677254616383534,31.7234,0.4769863559930496,1,L,HH,quad
3439,-7.7349,0.1228433872537595,12.772546714293448,43.719545820119606,0.0374456251448423,0.1759479062844445,19.7349,1.972022216445501,1,L,HH,quad
3440,-37.7153,0.1005066373393011,5.467877012116436,20.010035959912955,0.076499521939347,0.1538802831519406,79.7153,5.538800811927674,1,L,HH,quad
3441,-19.7253,0.1977854331180924,16.59614340662159,33.834744341250854,0.0455565709953204,0.278140175693584,43.7253,7.279108534855151,1,L,HH,quad
3442,-25.7429,0.1592557652512076,11.201640339851728,29.097017351808837,0.0602481221554036,0.2482736662809029,55.7429,9.576999593080949,1,L,HH,quad
3443,-37.7153,0.1056956503476797,6.188308646468589,20.93432537412781,0.0607996790864822,0.1384136022447246,79.7153,12.590543391636398,2,L,HH,quad
3444,-37.7153,0.0767815136487072,4.289290842840223,21.308849727039604,0.076870927504177,0.1212978588063533,79.7153,12.7794640914022,2,L,HH,quad
3445,-31.7346,0.1329138829395221,9.433225261763438,30.1412747826288,0.0555762236229732,0.1928655929436288,67.7346,13.403432663232971,2,L,HH,quad
3446,,,,,,,139.7361,14.916596852782424,2,L,HH,quad
3447,-55.721900000000005,0.0823735905441345,2.983202378207677,14.352620422587602,0.1091632299985641,0.1198021499960355,115.7219,16.668754619335896,2,L,HH,quad
3448,-50.256600000000006,0.1207251780597255,5.4126249683440015,19.8557860394084,0.0969952075622866,0.193136221846046,104.2566,20.210226721342217,2,L,HH,quad
3449,-61.7208,0.0615722622893885,1.7185381499997134,11.72536894833507,0.1601834249885526,0.1012703406829961,127.7208,22.39796780339466,2,L,HH,quad
3450,,,,,,,139.7361,22.88025023323717,2,L,HH,quad
3451,-61.7208,0.0886500630071523,2.580005532671965,12.358799745365951,0.141555709501861,0.1343549112062239,127.7208,25.28640857374635,2,L,HH,quad
3452,-61.7208,0.1043836546097297,2.774178649878464,11.024975051110014,0.1789963031473967,0.1826770562933787,127.7208,26.86028138141485,2,L,HH,quad
3453,-61.7208,0.0864609346364717,2.9600333194082293,14.01154335687422,0.1085732489658504,0.1182292546602896,127.7208,27.97886278249949,2,L,HH,quad
3454,,,,,,,151.7268,31.668490081766123,2,L,HH,quad
3455,,,,,,,151.7268,35.804968214838986,2,L,HH,quad
3456,,,,,,,151.7268,36.90793245054823,2,L,HH,quad
3457,-19.7253,0.1909286927827143,15.657827272043903,31.123425047779037,0.0445039024890533,0.2563510563216717,43.7253,1.865025229886156,1,R,HH,quad
3458,-19.7253,0.2528107303608202,21.12303426722837,31.470662469263747,0.0414763561916618,0.3223015670942752,43.7253,5.510028004862187,1,R,HH,quad
3459,-25.7429,0.3291074130523157,26.138446012719484,28.45055889341873,0.0389732827512132,0.3747591719393301,55.7429,7.400220083982149,1,R,HH,quad
3460,-25.7429,0.2388410829087217,21.06484642837289,35.57697563645053,0.0403319153594714,0.3125450769359766,55.7429,10.020455470662103,1,R,HH,quad
3461,-25.7429,0.2054812122885345,13.79426476268402,25.282992946629637,0.0577710458381192,0.2931664750744141,55.7429,11.824657479311606,1,R,HH,quad
3462,-31.7346,0.2443376875411351,23.55172528606561,37.94517859777167,0.0385468611508542,0.3339775423432378,67.7346,13.340478003022705,2,R,HH,quad
3463,-31.7346,0.2116388658231904,14.120155488097554,26.09046293389528,0.0550817432228376,0.2861229364516755,67.7346,14.264304024458552,2,R,HH,quad
3464,-31.7346,0.2411067983046027,18.69250663767904,31.962028152727846,0.0489563507952791,0.3366526982656785,67.7346,15.985535224428588,2,R,HH,quad
3465,-43.7204,0.1490073153014288,7.452268016017379,19.985115718676795,0.077713102797471,0.2130532840045397,91.7204,17.210857784236268,2,R,HH,quad
3466,-43.7204,0.1402249950217675,6.769585169622847,20.165232607083965,0.0915110082200321,0.2278982104128419,91.7204,18.501961006658707,2,R,HH,quad
3467,-37.7153,0.1545468833769601,10.235015656884707,29.456549687172828,0.0599230270067696,0.2256252877097335,79.7153,19.29267892987227,2,R,HH,quad
3468,-61.7208,0.0875017795096442,2.69014988829033,12.749508557875496,0.1297836498521971,0.1284404977793345,127.7208,20.785064129565043,2,R,HH,quad
3469,-50.256600000000006,0.1397409689074901,7.373467159756731,22.4634344984982,0.0760343617137086,0.206246778107961,104.2566,22.49997517063756,2,R,HH,quad
3470,-61.7208,0.1367544370209795,4.306921100270968,12.149957195577288,0.1058233435261373,0.1676694397035038,127.7208,25.27834821498972,2,R,HH,quad
3471,-61.7208,0.1131001461168547,3.0512449714118857,11.602793427125633,0.1748138044318866,0.1962267988998593,127.7208,26.392874415292496,2,R,HH,quad
3472,-55.721900000000005,0.1142936418218774,3.950033485267277,17.33061754808563,0.1615364206255442,0.2347344060799002,115.7219,28.776236610794697,2,R,HH,quad
3473,-61.7208,0.1036884866944577,3.817376037379149,15.402005389934258,0.1028336805521947,0.1444128507447603,127.7208,30.8610599624458,2,R,HH,quad
3474,-61.7208,0.1234060675717093,3.4156667898461675,12.934530056316058,0.1824455865018515,0.2292526566760181,127.7208,32.834357469420205,2,R,HH,quad
3475,,,,,,,151.7268,36.69548378203891,2,R,HH,quad
3476,,,,,,,151.7268,37.41386862003053,2,R,HH,quad
3477,,,,,,,151.7268,39.40298694949214,2,R,HH,quad
3478,,,,,,,151.7268,41.3717968815316,2,R,HH,quad
3479,,,,,,,151.7268,42.50034644683186,2,R,HH,quad
3480,,,,,,,168.0998,44.17813905360481,2,R,HH,quad
