,hard_latency,mean_growth,A,Ti,kg,max_growth,appiration,depth,stage,side,uniq-condition
0,0.0,0.0817044272683043,11.303772089061969,1.0676494384002024,0.0417682607031855,0.1736901945200367,0.0,3.2177188552208533,0,L,LL
1,0.0,0.0674943972676366,10.40608671519636,5.6253301772765525,0.0321698757946299,0.1231522477291427,0.0,4.422690118675053,0,L,LL
2,0.0,0.0849003102516273,12.490374220444515,3.882691310622121,0.0522535302009702,0.2401024572641186,0.0,5.09656667330119,0,L,LL
3,0.0,0.0045213744199222,0.6914358367759469,2.53940081087666,0.6194655027377586,0.157570360716469,0.0,6.170717800909146,0,L,LL
4,-9.999999999976694e-05,0.0063551748154038,0.9589923245166188,12.571922660925368,0.0880219787541602,0.0310535872808511,6.0001,10.405513670315331,0,L,LL
5,0.0,0.1246353942827192,41.90140073959768,131.532917275503,0.011022257027301,0.1699043873672228,0.0,10.920976411548878,0,L,LL
6,0.0,0.0587480485473514,12.486997609575598,25.47556216097172,0.0160991858216939,0.0739549861117847,0.0,12.00215960588263,0,L,LL
7,0.0,0.0543741445041467,7.357107842311386,30.34225965428984,0.0261527405830992,0.0707831435384785,0.0,13.26370958167698,0,L,LL
8,0.0002999999999993,0.0212656818014462,2.935196637737385,53.816306046355,0.0227580215427481,0.0245740774979527,11.9997,15.09127503655288,0,L,LL
9,-9.999999999976694e-05,0.0214175052256351,3.220380190011812,45.28523617489828,0.0381051942065681,0.0451436680606989,6.0001,16.7411296672722,0,L,LL
10,0.0,0.0452949785369923,8.277280126946684,69.43941475429064,0.0239570970567199,0.0729503472711416,0.0,18.247419066266445,0,L,LL
11,0.0,0.0182426202869131,2.5155216440553327,24.880461514065253,0.0548133594469383,0.0507247595258814,0.0,20.61169053708398,0,L,LL
12,0.0021999999999984,0.0296503539623955,3.176429502285038,40.17907482596065,0.0374910534085758,0.0438099121555227,23.9978,22.907370074275043,1,L,LL
13,-2.9095000000000013,0.0142115657295003,1.4775645686639636,18.51959169337473,0.0658414675502184,0.0357891586451837,56.9095,24.056188172060764,1,L,LL
14,-2.9080000000000013,0.013431355355313,1.4746139296718912,13.03179914436704,0.0796534436363432,0.0432104119237231,50.908,25.78368436728303,1,L,LL
15,-8.046300000000002,0.0017753428487672,,,,,92.0463,28.44451664520265,1,L,LL
16,-9.999999999976694e-05,0.0471445638139795,8.212590005624916,74.73354705933878,0.0206778855255598,0.0624729173504929,6.0001,29.168868674812565,1,L,LL
17,-2.907499999999999,0.0402851320865196,5.740138210967934,57.040408494761,0.0219556123052248,0.0463632018648567,62.9075,31.62847378261403,1,L,LL
18,0.0015,0.0419641256305805,5.140037387473245,37.86639903288418,0.064576796755219,0.1221091743357794,29.9985,33.45668055152724,1,L,LL
19,0.0015,0.0679972619864165,14.916128953431306,92.95118950642164,0.014664498874057,0.0804690499538385,29.9985,35.296869353933126,1,L,LL
20,0.0021999999999984,0.0440047990382844,5.881158041002976,38.01418426456304,0.0353215261354066,0.0764201398386655,23.9978,36.37949828605948,1,L,LL
21,-2.9095000000000013,0.0240283677797729,2.3300668226000862,19.62915989818993,0.0961132720637636,0.0823867283011877,56.9095,38.57827705983369,1,L,LL
22,-2.911999999999999,0.0643014259332956,9.577309036628224,61.752991682790565,0.0221870176982151,0.0781714106581087,44.912,41.05190318032967,1,L,LL
23,-2.911999999999999,0.1034592424202159,40.41895383952249,135.1199037587489,0.0115975068272271,0.1724468332148518,44.912,41.876445220495,1,L,LL
24,-2.907499999999999,0.0874579106707752,12.63463765144267,59.762339229989365,0.0208609109006971,0.0969620028173287,62.9075,44.00945050468016,1,L,LL
25,-2.909400000000005,0.0083029255101779,0.6563686292003338,7.868123449947875,0.2707703663612611,0.0653814377655472,74.9094,46.566437782317664,1,L,LL
26,-2.906899999999993,0.0331834405100665,1.964865845189118,8.341546673137879,0.0972125762867338,0.0702685309774982,98.9069,48.4692845923101,2,L,LL
27,-2.9073000000000064,0.0712912985905102,15.344466486125338,78.33967992980412,0.0210536950471176,0.1188462927858867,80.9073,50.640204592310106,2,L,LL
28,-2.906899999999993,0.0727779443107755,16.02793718531004,71.30002296703199,0.0217396067752739,0.1281842994274648,98.9069,51.162428653226485,2,L,LL
29,-2.9071,0.0159407837586482,1.3448479702902765,30.362473248697864,0.0319610350759541,0.0158124638513437,104.9071,52.463585444135816,2,L,LL
30,-2.909700000000001,0.0413740488703726,2.9410944766445857,27.20505243699593,0.0468226908510158,0.0506606621880798,110.9097,54.3905269052018,2,L,LL
31,-2.9054999999999893,0.0310968886250319,1.144579343641486,11.258296423393338,0.0773749043968833,0.0325800350654265,128.9055,55.57194718235685,2,L,LL
32,-2.9054999999999893,0.0368566600917954,2.718483688912508,27.318439639226188,0.0497221969832163,0.0497258893690187,128.9055,57.42633347290689,2,L,LL
33,-2.9054999999999893,0.0378685515341398,1.136056568774194,18.07752998628389,2.874945947197172,1.201531494633726,128.9055,59.44266541635607,2,L,LL
34,,,,,,,163.9762,60.99560695761774,2,L,LL
35,,,,,,,140.906,62.05159079422642,2,L,LL
36,,,,,,,164.5272,63.30133296515006,2,L,LL
37,,,,,,,164.5272,63.442795916130166,2,L,LL
38,,,,,,,163.9762,64.18621205466057,2,L,LL
39,,,,,,,163.9762,66.34016752793914,2,L,LL
40,0.0,0.0119997271989798,1.7498972294106383,0.5336797120155804,0.2863989391482515,0.184369665012173,0.0,0.883588016635694,0,R,LL
41,0.0,0.0665476465378737,10.20164190830042,14.42855681653606,0.0192235600047278,0.072145527118552,0.0,3.238911817231118,0,R,LL
42,0.0,0.0110757956374059,1.769896662228821,12.156656672997713,0.0240310526493171,0.0156468249276354,0.0,4.202830468148402,0,R,LL
43,0.0,0.0609825287809468,10.406948016924794,35.33392893951952,0.0191937333906264,0.0734832509108142,0.0,8.844744621039277,0,R,LL
44,0.0,0.0182220909434673,2.977829865357359,17.7140907100669,0.0228330123719467,0.0250131628903987,0.0,10.838562684913713,0,R,LL
45,0.0,0.0190185326454931,3.1490133032031133,39.95108347729104,0.0209303775664059,0.024246947725446,0.0,12.27434221012727,0,R,LL
46,0.0,0.0364609775517571,6.840696683856322,58.71940360958077,0.0175263183033923,0.044105885652847,0.0,14.668917414335848,0,R,LL
47,-2.9095000000000013,0.0434540568663103,280.0404697329812,347.9621316217248,0.0057670106482079,0.5941239624129683,56.9095,16.002954436503114,0,R,LL
48,0.0,0.0267650995487907,4.585376762056054,49.92537196491261,0.0269266805291862,0.0454216975904335,0.0,17.03994492054817,0,R,LL
49,-9.999999999976694e-05,0.0343781107214664,5.825033906212135,65.46383059432004,0.0190832835076029,0.0408937632256702,6.0001,19.254117254931423,0,R,LL
50,0.0,0.0336252635844842,5.86063212303387,68.18351340807405,0.019286715636739,0.0415822759895978,0.0,23.119203359128083,0,R,LL
51,-9.999999999976694e-05,0.0141890208546623,1.8997118306082008,40.35592976867035,0.0305058492576332,0.0213194681032498,6.0001,24.76350679663225,1,R,LL
52,,,,,,,80.9073,26.3262681754742,1,R,LL
53,0.0015,0.0418023532813438,6.442548464184239,52.75410581562403,0.022026848101823,0.0522054170114015,29.9985,26.704355605839183,1,R,LL
54,0.0021999999999984,0.0703024980726004,11.42879328222729,69.68965676721997,0.0197176508209465,0.0829012477236346,23.9978,29.65567325715216,1,R,LL
55,0.0015,0.080813924610467,11.053775063649583,56.36729100456794,0.0267536635818576,0.1087926116660437,29.9985,31.93160755525321,1,R,LL
56,-2.9080000000000013,0.0588411871194873,9.379617214917394,63.78804738333172,0.0211560058280891,0.0730002438991133,50.908,32.67236347301561,1,R,LL
57,-2.9080000000000013,0.0447052207826511,4.540535199157545,32.401351948344264,0.0440809959762676,0.0736315534867214,50.908,34.20795647817084,1,R,LL
58,-2.9080000000000013,0.0412679247860338,4.449476044089907,37.27626253150409,0.0364285559202997,0.0596288380370215,50.908,35.48545574430271,1,R,LL
59,-2.9080000000000013,0.0641963719634605,4.526036792045112,23.18184116865994,0.126064664995387,0.20990219114602,68.908,37.771776303045314,1,R,LL
60,-2.909700000000001,0.0430435911122573,6.48613037258613,52.32955274674913,0.0266137271952032,0.0635033875006202,110.9097,42.95434363923386,2,R,LL
61,-2.9054999999999893,0.0451124209529643,1.9895462733804947,18.036405247424,0.0876432312473311,0.0641472353195991,128.9055,43.69833408218323,2,R,LL
62,-2.9054999999999893,0.003724095714249,0.1473854822305241,14.71178209180109,0.0803040027013924,0.0043540901606569,128.9055,44.47990176106663,2,R,LL
63,-2.9069999999999965,0.0785802558206864,4.616091654765425,25.48817128036559,0.0795075968885191,0.1350170356307762,122.907,46.31761913242978,2,R,LL
64,-2.9054999999999893,0.0404622690247561,4.7290009421135535,38.12736123745582,0.0356564732500497,0.0620316458089703,128.9055,47.02552338214207,2,R,LL
65,,,,,,,147.9224,48.214449114286055,2,R,LL
66,-2.9065999999999974,0.0500872309070469,1.8516581460321688,13.920477174908942,0.0934056396323344,0.0636267040818954,134.9066,50.65833003697073,2,R,LL
67,,,,,,,140.906,52.05158415192036,2,R,LL
68,,,,,,,163.9762,55.2692178248838,2,R,LL
69,,,,,,,147.9224,55.97028574227839,2,R,LL
70,,,,,,,163.9762,58.49458508835056,2,R,LL
71,,,,,,,147.9224,62.598909283067925,2,R,LL
72,0.0,0.0084455702030681,1.3205735833886658,2.131701818679811,0.0881300034086695,0.0428146019250025,0.0,1.5369455419731533,0,L,LL
73,9.999999999976694e-05,0.0053091965128057,0.6465682055038676,12.91562986775006,0.057310884976737,0.0136319183931909,29.9999,3.730058859638332,0,L,LL
74,0.0,0.0218572739220106,3.298010486641501,2.89854491677249,0.0755373966198664,0.0916472764441581,0.0,10.228942041790184,0,L,LL
75,-2.9117999999999995,0.0223773578204451,3.423668877810948,67.08868719434746,0.0206894808972173,0.0260583472634336,44.9118,11.356287542734773,0,L,LL
76,0.0,0.016972041968889,14.498620282537994,279.276992135669,0.0043603730838682,0.0232571152009808,0.0,11.994198671345936,0,L,LL
77,0.0,0.0391538800406297,10.310216805089814,91.15494404966292,0.0097212057247817,0.0368717244768538,0.0,14.28070410668113,0,L,LL
78,0.0,0.0085247008223471,1.2930206512463076,2.8010247629274825,0.0409666198943553,0.0194868261931425,0.0,16.78297021197754,0,L,LL
79,0.0,0.0092251364281801,1.452504240357971,11.619443340811998,0.0599230541907337,0.0320196711746339,0.0,17.87180959182069,0,L,LL
80,0.0,0.0164156522039301,,,,,0.0,19.031782159713813,0,L,LL
81,0.0,0.0316962160384931,5.292685692857635,59.49780929722795,0.0238613012457853,0.0464596299008945,0.0,20.69555436328058,0,L,LL
82,0.0007999999999999,0.0514622662254544,10.6604464810949,88.73422229630465,0.0147747586019932,0.0579430439105474,5.9992,21.418404363280576,0,L,LL
83,0.0,0.0677961421755099,12.190791812125203,56.01198632827511,0.019238183777137,0.0862782846190135,0.0,22.623610339409275,0,L,LL
84,0.0029000000000003,0.0288837175272397,4.259250591193773,50.548043080759015,0.0236523721116576,0.0370606825403464,23.9971,25.39980593903961,1,L,LL
85,0.0029000000000003,0.035409682557108,4.732523545566379,30.55456758470862,0.0507314487426131,0.0883233567474543,23.9971,27.242116088878664,1,L,LL
86,-2.9093000000000018,0.0114266821454064,1.2597825717687523,14.212587114490708,0.0516594438430949,0.0239414715352345,50.9093,31.27619864673847,1,L,LL
87,9.999999999976694e-05,0.0194986275974585,2.3541613677236803,24.54141727848352,0.0574812826053298,0.0497815250280305,29.9999,32.637792008061886,1,L,LL
88,-2.9093000000000018,0.0472918717336021,4.219111391186846,22.934157856565754,0.0819437443569545,0.1271868801951706,50.9093,35.733360359187834,1,L,LL
89,-2.9093000000000018,0.0500950061020548,8.035223302464544,71.35838228130413,0.0203937874529766,0.0602839022988876,50.9093,37.1547796691986,1,L,LL
90,-2.9093000000000018,0.066130565747773,7.689930678955748,47.17006960667228,0.0257597981650083,0.0728736292605466,68.9093,38.91019888464383,1,L,LL
91,-2.9093000000000018,0.0599682439506616,11.841985921399209,76.5435845305579,0.0187739761569606,0.0817873845941292,68.9093,40.4952014966845,1,L,LL
92,-2.9125999999999976,0.0508680912642403,375.6508420315408,231.18988570030933,0.0092111278370136,1.2729246437246244,92.9126,43.50531182554647,2,L,LL
93,-2.906800000000004,0.0424344932507907,3.708871945972627,33.38020745140749,0.0463156727720361,0.0631939255174405,116.9068,45.0619533782271,2,L,LL
94,-2.904599999999988,0.0619833228689362,2.229759262138429,13.56786634103373,0.1183737037842395,0.0970998884821907,128.9046,47.286878387874985,2,L,LL
95,,,,,,,150.7575,49.82542578254372,2,L,LL
96,-2.9067000000000007,0.0172327372631882,2.0004999944898123,37.563092993325576,0.0300741155842418,0.0221328294331671,62.9067,4.417508031306566,0,R,LL
97,0.0,0.0370465912547233,7.763522011299293,77.15352603749677,0.0161645614633636,0.0461666363693291,0.0,5.531524201496669,0,R,LL
98,,,,,,,17.9981,7.429919056560193,0,R,LL
99,0.0,0.0381548651369522,6.871862554811097,55.12513640575661,0.0156454589212108,0.0395519854445894,0.0,8.582268398925478,0,R,LL
100,-8.033499999999997,0.0206663184650216,2.721160951297522,38.30380011589034,0.0279552674049439,0.0279848767883414,44.0335,12.390606104297408,0,R,LL
101,-2.9093000000000018,0.042895982238928,6.86027718144062,65.40496012431238,0.0224368250833366,0.0566250480475182,50.9093,13.684786670780095,0,R,LL
102,0.0,0.0376387057252615,6.065085365860078,27.613337801270948,0.0165309331870988,0.0368841523006909,0.0,15.122378593554444,0,R,LL
103,0.0,0.0339452242550482,5.445718709580811,32.86275737211884,0.0325351231090615,0.0651798230700642,0.0,18.318367942604585,0,R,LL
104,-2.9117999999999995,0.011878635916121,1.420949459770089,20.682279676786287,0.0439967340520075,0.0229987688650695,44.9118,20.29809828239652,1,R,LL
105,9.999999999976694e-05,0.0092300523746531,1.152373581009463,24.794620710405116,0.0584463914016407,0.0247774445796778,29.9999,21.63433080171045,1,R,LL
106,0.0029000000000003,0.0137535193118181,10.006936401437969,216.9836203797467,0.0061407513062229,0.0226062313094502,23.9971,24.70632343781878,1,R,LL
107,-2.9067000000000007,0.0059280109906258,0.5585458483802271,6.620706600006173,0.1059541300402239,0.0217711934182535,62.9067,25.78753447757929,1,R,LL
108,-2.9125999999999976,0.0337237053568556,5.791846849276949,63.1881057672861,0.0199532844337466,0.0425144907236624,92.9126,27.277342513049312,1,R,LL
109,-2.9117999999999995,0.0554925958621795,7.227425156029243,50.461817512786574,0.0262252706866582,0.0697283037763152,44.9118,28.42700071756055,1,R,LL
110,9.999999999976694e-05,0.0884167175668984,9.640624616517464,35.97276915198858,0.0472945591659553,0.1677342969184038,29.9999,29.80016980037591,1,R,LL
111,-2.9093000000000018,0.0323570792906424,2.7767904085953625,23.062507293093407,0.0572486499530225,0.0584808758349765,68.9093,31.06931126189664,1,R,LL
112,-2.910800000000002,0.0725508093520167,18.68210673293377,97.31131750827782,0.015819156376477,0.1087213123952821,56.9108,32.08978358780492,1,R,LL
113,,,,,,,164.5285,55.34013774989637,2,R,LL
114,0.0,0.0428027415107325,6.602834478557486,-0.1161527064006062,0.4908706077834149,1.192347805753517,0.0,0.4028225415738297,0,L,LL
115,0.0,0.0457036396650755,6.775175850898656,-1.3750809231207826,0.0747247542422889,0.186247557227608,0.0,0.8891058849036219,0,L,LL
116,0.0,0.1052036762827946,15.686641489729675,0.3107042461541339,0.0728364664353797,0.4203241637377354,0.0,1.3915986730110737,0,L,LL
117,0.0,0.0417221862580345,6.191744721973565,16.077089200575216,0.0238955350019922,0.0544296221158177,0.0,4.329495256150502,0,L,LL
118,0.0,0.0512850005139723,8.771229747031125,51.57809747185196,0.0273424802312733,0.0882274874706828,0.0,6.129859759949755,0,L,LL
119,0.0,0.1193487623918086,25.860422540370823,78.83301505575098,0.0136438560108997,0.1298010669194897,0.0,7.911364758170941,0,L,LL
120,0.0,0.0801807374912493,14.213866710877106,42.75742284994884,0.0187878262566017,0.0982413432641897,0.0,9.80274114011218,0,L,LL
121,0.0015,0.0246493729546819,4.580223054007074,58.9710672804873,0.0158288870355594,0.0266711981666163,5.9985,14.15428018888811,1,L,LL
122,-2.9069000000000003,0.038266218525387,4.183371402291051,34.06118322830928,0.0330757773761404,0.0509028386001941,62.9069,15.18868187479162,1,L,LL
123,-2.9087999999999994,0.0301590385085471,5.949236749128675,72.88046504996633,0.0164891479501471,0.0360881803791645,80.9088,15.875777534070586,1,L,LL
124,-8.157300000000006,0.0240434410938713,2.223913271726216,29.01300103481405,0.0380621295202676,0.0311398450683351,92.1573,19.727589752172214,1,L,LL
125,-2.912700000000001,0.0486747646532794,9.335453804134232,67.7849429339241,0.021411888579232,0.0735353099145001,92.9127,21.623200224783076,1,L,LL
126,-2.9129000000000005,0.0398172421330088,5.419534390069214,52.00047716336464,0.0237588668446817,0.0473688911082562,44.9129,23.959938977314952,1,L,LL
127,-2.9069000000000003,0.0090375690906663,1.0035545479738597,26.97345286577736,0.032811444443094,0.0121135615710329,62.9069,26.288720741904548,1,L,LL
128,-2.9110999999999976,0.0675393408918754,8.19577996707104,48.73135709211884,0.0251239591232441,0.0757502179207531,56.9111,27.525567566414438,1,L,LL
129,0.0010000000000012,0.0502308458328173,8.193704311534598,68.31494182926542,0.0202322420448461,0.0609859533839595,29.999,30.074403816535305,1,L,LL
130,-2.9069000000000003,0.0563366035016999,10.261614375527774,69.70748109365772,0.0167835350952481,0.0633584653373509,62.9069,30.996854582050737,1,L,LL
131,-2.9129000000000005,0.0708432099784604,10.115811636584482,60.95012522953567,0.0227069899984791,0.0845017728675454,44.9129,32.75915038455775,1,L,LL
132,-2.9110999999999976,0.062513404139524,13.780044799148463,89.54500856558536,0.0164659598655832,0.0834724575771249,56.9111,35.40999478224626,1,L,LL
133,-2.9084000000000003,0.0661189171141414,11.405137372278608,70.93259153924554,0.0197543798599551,0.0828837590157761,68.9084,36.80502844051958,1,L,LL
134,-2.9087999999999994,0.0423636716571554,4.8717124759802655,47.5595182348656,0.03257679955404,0.0583842334350198,80.9088,37.93119498450852,1,L,LL
135,-2.9087999999999994,0.0581696953821666,5.167986242962613,23.681574159185477,0.0412173450949324,0.0783622471341781,80.9088,38.43394790593216,1,L,LL
136,-2.906099999999995,0.060721056371356,4.366738398588479,29.10009762446189,0.0551002524200476,0.0885148793239505,116.9061,42.7844798268996,2,L,LL
137,-2.904899999999998,0.0229088585873072,1.3960061960613972,22.56458171664934,0.0618162898196997,0.0317464961514854,134.9049,44.27981439815781,2,L,LL
138,-2.904899999999998,0.0692627237921155,2.012304566151631,9.640770132273977,0.1266684299894838,0.0937707994022066,134.9049,47.11321985342734,2,L,LL
139,,,,,,,150.7564,48.98670375149936,2,L,LL
140,,,,,,,163.9757,51.4934213533038,2,L,LL
141,0.0,0.0941440688523224,14.125989594442355,7.902422610353211,0.0337686480785749,0.1754842218280025,0.0,3.96949004878528,0,R,LL
142,0.0,0.0163335539873626,2.118510622390136,0.78370677669938,0.4097603044246651,0.3193493582854769,0.0,6.941392464849811,0,R,LL
143,0.0,0.0263421224853366,4.519606456910736,47.0926035525457,0.0261820544592135,0.0435321242816574,0.0,8.013349028178684,0,R,LL
144,0.0,0.0748161325797755,12.124086741269837,20.791885833691552,0.029659495767578,0.132287349907456,0.0,9.063525328160974,0,R,LL
145,0.0,0.031890987150188,4.858173512357128,17.934285748734037,0.0297050944343149,0.0530896029440276,0.0,12.513388333466423,0,R,LL
146,0.0,0.0318263612757852,5.193779276841125,37.0898972163851,0.032290921675605,0.0616977673444297,0.0,15.766527272428336,0,R,LL
147,0.0016999999999995,0.0261825707097388,3.847187588741241,50.03052873681944,0.0344879161807466,0.048810789853726,11.9983,17.312373217067265,0,R,LL
148,-2.9110999999999976,0.0185634357463996,1.897282653247548,15.596892565321571,0.0536023361989446,0.0374128913268174,56.9111,18.95891893410636,0,R,LL
149,0.0,0.0527886346686813,8.61874754576265,43.27753320832772,0.0261328378350598,0.0828583444132488,0.0,21.662354372123435,0,R,LL
150,0.0016999999999995,0.0500125939162226,5.044650305416417,43.02487276851396,0.0423926611878434,0.0786732813977206,11.9983,22.995790132576364,1,R,LL
151,0.0015,0.0337717066661614,4.874114824322624,48.189306316808455,0.028887745110132,0.0517982297524929,5.9985,25.33791294314775,1,R,LL
152,-2.910499999999999,0.047826253067527,5.60756864313833,43.58934667290247,0.0289132587978294,0.059645428118674,50.9105,27.59700925089479,1,R,LL
153,0.0017999999999993,0.0388718949237623,5.589205022032207,53.695109741644245,0.029242528957684,0.0601271317771575,17.9982,28.68497928401625,1,R,LL
154,0.0010000000000012,0.0542945725583864,7.153909693552534,36.05843198767455,0.0340640262298875,0.0896488969230851,29.999,31.96790999936884,1,R,LL
155,-2.9084000000000003,0.0606702818709237,8.00384594034969,55.20290515938476,0.0260777792302257,0.0767847267490656,68.9084,34.823521863293784,1,R,LL
156,-2.9129000000000005,0.0316594206086831,3.224477960304239,24.253807083851232,0.0529869300136654,0.0628541110875551,44.9129,35.246843936424874,1,R,LL
157,-2.910499999999999,0.0644233007858835,7.790833142888695,42.11144512801904,0.0291231691492399,0.0834695464827777,50.9105,37.786776375211375,1,R,LL
158,-2.9069000000000003,0.0457589784510753,4.61570446949784,30.02275880332041,0.0366641152181498,0.0622565028801787,62.9069,38.5324402335898,1,R,LL
159,-2.910499999999999,0.0726892794040975,9.02104079656573,52.1219758807128,0.0275917892683015,0.0915676417484255,50.9105,41.058901655301234,1,R,LL
160,0.0015,0.0475188527107994,9.63287249374302,104.738170223594,0.0245851610303088,0.0871233140595129,5.9985,44.22201073979165,1,R,LL
161,-2.9110999999999976,0.1047097929560264,19.031420202625583,78.49391833710047,0.0193950508263789,0.1357899531474791,56.9111,45.53215615782195,2,R,LL
162,-2.9047999999999945,0.0537889881636106,5.976944673209518,42.82492537377383,0.0333121330057276,0.0732465537006884,104.9048,49.01608460885424,2,R,LL
163,,,,,,,140.9042,50.271116889875145,2,R,LL
164,,,,,,,164.5296,52.69750687855319,2,R,LL
165,,,,,,,150.7564,53.84373589829576,2,R,LL
166,-2.904899999999998,0.0624492476277104,1.671814129382065,8.912561844587772,0.1374578016047425,0.0845401284409416,134.9049,57.15497922598502,2,R,LL
167,,,,,,,140.9042,58.38409330693927,2,R,LL
168,-2.904899999999998,0.0504643833205321,1.355448207182745,9.197128684159058,0.1639663366039955,0.0817604247879615,134.9049,60.17778561504044,2,R,LL
169,,,,,,,164.5296,63.62175076909584,2,R,LL
170,,,,,,,150.7564,64.84941076909583,2,R,LL
171,,,,,,,163.9757,68.14429246855153,2,R,LL
172,,,,,,,163.9757,69.82643418344955,2,R,LL
173,,,,,,,163.9757,71.30218598456013,2,R,LL
174,,,,,,,164.5296,73.57392541486242,2,R,LL
175,0.0,0.1594083567147195,27.24651999918568,28.7801462816531,0.0167020328116769,0.1674117327592869,0.0,2.00412562509497,0,L,LL
176,0.0,0.0098884660583232,1.5284151449222754,0.5534467949808524,0.7492500483360136,0.4212827048399494,0.0,3.655003034979801,0,L,LL
177,0.0,0.0571594049976652,10.37286554009941,37.8623771637649,0.0158377995649094,0.0604364726342523,0.0,5.2473498929225055,0,L,LL
178,0.0,0.0202883545926734,2.7337133523387163,0.8710194269994259,0.0922722033226655,0.0927960271197774,0.0,6.434358140915609,0,L,LL
179,0.0,0.0203732283791771,3.174858945532077,2.374038883003581,0.0805157694246401,0.0940396275831074,0.0,8.043452914424606,0,L,LL
180,0.0,0.0064452796571037,0.7408981872641491,2.302074002472562,0.7964772472297258,0.2170888031150792,0.0,8.585499427281205,0,L,LL
181,0.0,0.0191151985209265,2.9819856550681223,-0.1567250150329664,1.5621668991250377,1.713714610178544,0.0,10.297279625133754,0,L,LL
182,0.0,0.0361002703428116,5.535997731328773,2.489504478392518,0.0476984602524116,0.0971417183386453,0.0,11.117928225723556,0,L,LL
183,0.0,0.0133400766218678,2.05094064079878,-0.383393023975953,0.1233241933315124,0.0930479678189614,0.0,12.434107869932465,0,L,LL
184,0.0,0.0537971288479538,8.421615808875222,28.473417651349163,0.0301983526743621,0.0935587037450664,0.0,13.805681433410973,0,L,LL
185,-2.9110999999999976,0.0237508449667336,2.6157124085990278,20.406305191991365,0.0538038512814668,0.0517736608301319,50.9111,15.010030482354086,0,L,LL
186,0.0,0.0487754814660582,7.936305557602803,28.08637073730361,0.020876504227445,0.0609511180146885,0.0,15.31194441139442,0,L,LL
187,0.0,0.0825523857017922,13.30719980116655,40.75683654926359,0.0269412428996551,0.1318893789466659,0.0,16.449782880339836,0,L,LL
188,0.0,0.0792703862698454,13.704416484600042,44.07317321715582,0.0195031016216264,0.0983263120718294,0.0,18.555022169820752,0,L,LL
189,0.0,0.0648399355649086,10.794671965832114,38.94498915308891,0.0236410624383318,0.0938819188186294,0.0,19.417942224711773,0,L,LL
190,0.0,0.0670898568930162,12.253690792329245,59.17248875590984,0.0162976822275699,0.07346801076969,0.0,21.90222836923364,0,L,LL
191,0.0014000000000002,0.0566677437492658,7.901970767322387,31.370611034330437,0.0260380212415166,0.0756918140478544,23.9986,23.60677585130059,1,L,LL
192,-9.999999999976694e-05,0.057173035211858,9.699306303641778,57.67958723196511,0.0196251189617055,0.0700258663623916,12.0001,27.24666950376941,1,L,LL
193,0.0002999999999993,0.0887992761141064,12.57542885684847,45.20682774268957,0.0255410142938125,0.1181589064168769,29.9997,30.958331070807358,1,L,LL
194,0.0002999999999993,0.0637234200666763,11.012216871268722,66.95991055508782,0.0179807327870123,0.0728429726755595,29.9997,32.40072143555463,1,L,LL
195,-8.032200000000003,0.082461978660534,15.28984553305406,73.48494992844634,0.0173632936895981,0.0976653986645328,44.0322,34.8769554267416,1,L,LL
196,-2.910899999999998,0.042280289952182,4.660015163035422,33.52175982151533,0.0367460832441486,0.0629946841078529,56.9109,37.06935061441692,1,L,LL
197,-2.910899999999998,0.060824503395842,6.879186758616889,36.726076820086064,0.0323672660292747,0.0819122084951139,56.9109,38.83413095572816,1,L,LL
198,-2.906399999999998,0.0855072989996552,9.708130357945072,37.16992888023969,0.0322405743116668,0.1151446825549025,62.9064,39.621986552807975,1,L,LL
199,-2.906399999999998,0.0936774340665781,23.11084376120128,91.62747470102902,0.0143537642806607,0.122035765461271,62.9064,42.16390979029717,1,L,LL
200,-2.911500000000004,0.0788015881425332,12.9777313160643,63.19892876874074,0.0193218452737995,0.092247137095452,74.9115,43.76713601699746,2,L,LL
201,,,,,,,140.9048,47.89824600346686,2,L,LL
202,-2.909099999999995,0.0409118418719549,2.0680239618392213,13.606052413849136,0.0708942993866682,0.0539352131756497,110.9091,49.85231047582533,2,L,LL
203,-2.909099999999995,0.0554911407706916,9.289557565141846,55.58687776443196,0.0252067945896876,0.0861426386778854,110.9091,52.39927303477839,2,L,LL
204,-2.907499999999999,0.0648163810372115,5.2917455358997785,30.41215360812473,0.0398311411018691,0.0775402538871755,116.9075,53.96894548200356,2,L,LL
205,,,,,,,140.9048,56.9976212220847,2,L,LL
206,,,,,,,150.7567,58.06942015305721,2,L,LL
207,,,,,,,150.7567,60.173150386800295,2,L,LL
208,,,,,,,150.7567,61.69904153615708,2,L,LL
209,,,,,,,150.7567,64.97771215816452,2,L,LL
210,,,,,,,150.7567,65.69272216945807,2,L,LL
211,,,,,,,163.9771,67.21708730366967,2,L,LL
212,,,,,,,163.9771,68.70969483091855,2,L,LL
213,,,,,,,163.9771,71.85030346059833,2,L,LL
214,0.0,0.0086600397572689,1.3107708528296065,-0.0673702063429417,0.7242944357657173,0.349258868351616,0.0,8.444590820456943,0,R,LL
215,0.0,0.0818090581836167,13.346391641472849,25.63110006302904,0.0236325213805375,0.1160324446560183,0.0,9.647282282774064,0,R,LL
216,0.0,0.0733462680835885,11.487885626955505,12.849886735957757,0.0502034903216959,0.2121678292705033,0.0,10.623850106122756,0,R,LL
217,0.0,0.0671617846633418,10.570757289362804,20.19638068622815,0.0360785702758346,0.1403010555197895,0.0,11.15960492353807,0,R,LL
218,0.0,0.1950151952275513,37.707825765356525,68.47886530692814,0.0169506596270223,0.2351384294048565,0.0,13.847307590095305,0,R,LL
219,-9.999999999976694e-05,0.0740036509383255,11.145562868641884,41.81079652465564,0.0324468393033507,0.1330392910543876,12.0001,15.440889252221268,0,R,LL
220,0.0,0.0433849576855269,6.944305248103327,29.873664551913706,0.0356570389179497,0.0910918654193085,0.0,16.095636753171064,0,R,LL
221,-2.911500000000004,0.0222945193213088,1.8842968134896927,9.152178568713298,0.1040356180945972,0.0721168723613213,74.9115,18.37918579627941,0,R,LL
222,0.0,0.0205116044998369,3.3265126403830045,28.172176257097775,0.0317508880633887,0.0388553274279594,0.0,18.620507198562752,0,R,LL
223,0.0,0.0407423268143554,6.782415929354299,41.14607568408653,0.0271997956876346,0.0678665198051135,0.0,19.67522043972648,0,R,LL
224,-0.0011000000000001,0.0714810329612644,11.537223154753493,53.23261576471371,0.0345562551500979,0.1466673627749949,6.0011,20.50788493686804,1,R,LL
225,-9.999999999976694e-05,0.0297851136266193,3.988985536992135,24.776527193052534,0.0436772429038583,0.06409485889767,12.0001,21.871418852762258,1,R,LL
226,-0.0011000000000001,0.0362320927324532,5.540452028798088,31.92311497940531,0.046632825550103,0.0950478829026054,6.0011,24.7735962920924,1,R,LL
227,0.0014000000000002,0.02784794811282,4.139669293468033,49.40823180176722,0.0207628727318194,0.0316197628193771,23.9986,26.596157111077595,1,R,LL
228,0.0002999999999993,0.0419503917608296,5.413663358693684,33.55192932727561,0.0412335002273595,0.0821196268151808,29.9997,28.86269517827888,1,R,LL
229,0.0002999999999993,0.0415541519584102,5.426798899297247,31.86732743787965,0.0346437752638741,0.0691631013021452,29.9997,29.05720851561079,1,R,LL
230,0.0002999999999993,0.0559028777214154,8.275736295878708,44.1032554077483,0.0234215882011579,0.0713063986059631,29.9997,30.294057712368215,1,R,LL
231,0.0002999999999993,0.0578747638405605,7.676399208682618,34.67518435365791,0.0381275635145351,0.1076718371611569,29.9997,32.46813606068671,1,R,LL
232,-2.9110999999999976,0.059463216820081,7.050062790502708,39.30300273518537,0.0314918015863332,0.0816762913415647,50.9111,34.926075322250334,1,R,LL
233,-2.9110999999999976,0.0708159268418093,9.475989656744456,49.20659620791885,0.0270633532847463,0.0943434389761036,50.9111,36.37940051366484,1,R,LL
234,-2.909400000000005,0.0531456714675485,5.846713979423567,41.06095511325635,0.0292978082656722,0.0630162418627808,98.9094,37.53764966470943,1,R,LL
235,-2.910899999999998,0.0818750826248246,14.38241872365681,70.16645193072729,0.0191067529694779,0.1010937566441687,56.9109,38.84927718638812,1,R,LL
236,-2.911500000000004,0.0882574362473039,15.376432816131867,66.18203799407054,0.0172688476870186,0.0976842332871656,74.9115,40.70926905020384,2,R,LL
237,-2.906499999999994,0.037941926107098,7.480008870137259,66.03126289353088,0.0193832468526776,0.0533376844417489,104.9065,45.148141607021,2,R,LL
238,-2.914299999999997,0.0726494161088054,12.495841948879365,63.56081205740975,0.0218539950395096,0.1004620143159008,92.9143,47.40859263265974,2,R,LL
239,-2.909099999999995,0.0333147653798045,1.73085912077168,17.133407633298038,0.0571397012329899,0.0363835611163816,122.9091,49.34599315244675,2,R,LL
240,-2.909099999999995,0.0401915034222542,1.9969372964559784,10.977264869379889,0.1085429224996005,0.0797391234185078,110.9091,50.39989805638622,2,R,LL
241,-2.909099999999995,0.066020247546509,5.083585414303303,29.388111927151705,0.044594294882088,0.0833978672300639,110.9091,52.46515866226765,2,R,LL
242,-2.907499999999999,0.063223342493593,5.111044205870537,31.03900416206087,0.0418978034320167,0.0787782647214714,116.9075,54.93630320392219,2,R,LL
243,-2.9043000000000063,0.0610674794956667,1.748193711245885,9.37827537205648,0.1274879419585054,0.0819906221857369,134.9043,57.91846566052082,2,R,LL
244,-2.906100000000009,0.0653993797624441,2.395449051073554,14.411781570900713,0.1188651382680964,0.1047482934583905,128.9061,58.65133926040845,2,R,LL
245,,,,,,,140.9048,60.4336690311915,2,R,LL
246,,,,,,,150.7567,63.91572139568856,2,R,LL
247,,,,,,,150.7567,67.74844572808708,2,R,LL
248,,,,,,,163.9771,69.39140810901483,2,R,LL
249,,,,,,,163.9771,71.45613183335277,2,R,LL
250,,,,,,,163.9771,74.02232558700634,2,R,LL
251,,,,,,,163.9771,75.65060076767034,2,R,LL
252,0.0,0.2762030318969285,59.72024309318294,66.59927628288466,0.0115489240185233,0.2537281243725559,0.0,4.064900462221133,0,L,LL
253,0.0,0.1414366022989539,22.1046739328108,31.169569386519957,0.0138416654593316,0.1125584177704723,0.0,9.119728011964742,0,L,LL
254,0.0,0.091748146407035,32.928637101445226,129.19502451437654,0.0084161901975666,0.1019517806766626,0.0,11.521851711555234,0,L,LL
255,0.0,0.0112410101150913,2.0192398747511597,1.1638795868614826,0.0121074123515173,0.0089938318919998,0.0,12.685860836561677,0,L,LL
256,0.0,0.0168270041214021,2.462504675489508,0.7760901831994986,0.2486131948955351,0.2252198975136045,0.0,13.809779418219206,0,L,LL
257,0.0,0.1035527337136367,133.7207920848476,304.7937047010086,0.0049055811078017,0.241320890462478,0.0,15.848572869044167,0,L,LL
258,0.0,0.0676698468394435,12.785964986905688,50.13874253140845,0.0139989342746585,0.0658466983135609,0.0,18.10100827991416,0,L,LL
259,0.0,0.0185465225365717,12121027584.680311,7236.513405499229,0.0004372424897228,1949697.8656291908,0.0,19.41770737712501,0,L,LL
260,0.0,0.0537832402385497,9.9967016634154,70.03736834704789,0.0162894556749365,0.0599057930406289,0.0,20.152568757250545,0,L,LL
261,0.0,0.0417329077842282,9.80364616603115,81.81433464021036,0.0123002649335622,0.0443616419366802,0.0,22.174284760676837,0,L,LL
262,0.0009000000000014,0.0138850437906817,1.781063232354513,8.44452953140871,0.1117739705288191,0.0732361549707339,17.9991,24.12840168471897,1,L,LL
263,-0.0015,0.0173693668487547,2.5885667048172305,49.17172774233739,0.0139408026853588,0.0132755541724691,6.0015,25.0075815504382,1,L,LL
264,-2.905700000000003,0.0343132027786341,3.756758787297864,37.00480098298648,0.0291922115991435,0.0403446384026745,62.9057,26.713625304776343,1,L,LL
265,-2.912700000000001,0.0568573486134702,9.190516029829546,61.158467366584354,0.0210790561308312,0.0712683288523848,50.9127,28.03378111983279,1,L,LL
266,-0.0002999999999993,0.0154808996882847,2.223973215008063,13.844613881495771,0.061013862488711,0.0499187370854776,12.0003,29.01599867506978,1,L,LL
267,0.0009000000000014,0.0112422608995988,1.5625665844218937,15.154088378209728,0.0526007187906681,0.0302367931972176,17.9991,30.791447986245917,1,L,LL
268,-0.0015,0.079043203153938,15.862337879497373,88.35864796822139,0.016273990648116,0.0949657006148383,6.0015,32.4464544763317,1,L,LL
269,-2.9084000000000003,0.068889272134283,16.57357418372519,90.09956608891238,0.015020143570829,0.0915789750404421,68.9084,35.133952535413584,1,L,LL
270,-0.0011000000000009,0.0689672811011672,14.428443902770011,85.03628305363229,0.0138607563236727,0.0735718949272627,30.0011,36.213450462878015,1,L,LL
271,-0.0011000000000009,0.1055890378704088,15.494295309168209,58.73778045245516,0.0219201368657409,0.1249454969162303,30.0011,37.20784232995305,1,L,LL
272,-2.9157999999999973,0.0875825932233961,10.870699690900018,48.07933495782655,0.0265195817468512,0.1060546430764018,44.9158,39.00668989409656,1,L,LL
273,-2.912700000000001,0.0714210304350244,9.625021940492934,52.71293632502242,0.0244572878387569,0.0865995312143305,50.9127,41.5226279975874,1,L,LL
274,-2.9084000000000003,0.0585886885895406,18.234831552721367,108.42075759712635,0.0128004878081595,0.0858684837350999,68.9084,44.459260861561205,1,L,LL
275,-2.9102000000000032,0.0671826167037812,6.973068929766114,40.36151558217798,0.030606588988765,0.0785135126495198,56.9102,45.41266453201513,1,L,LL
276,-8.159300000000002,0.0324399566331794,2.641476275381643,25.42943622393341,0.0452739364531203,0.0439947130507241,92.1593,46.43475802685969,2,L,LL
277,-2.909000000000006,0.048670450930255,10.499190782403602,77.65376635389872,0.0165579066900051,0.0639538621328867,80.909,47.3755987749409,2,L,LL
278,-2.909400000000005,0.0619251012259744,5.503764285563175,34.15994994639717,0.0387095337361549,0.0783760341026251,110.9094,52.84631347425017,2,L,LL
279,-2.905399999999986,0.0341129157564413,0.8625022885708712,6.524405201982656,0.200990375043526,0.0637736148771708,134.9054,53.65173073690255,2,L,LL
280,,,,,,,163.9767,58.98292106698805,2,L,LL
281,,,,,,,150.756,62.23693205580017,2,L,LL
282,,,,,,,164.5296,65.35141842588843,2,L,LL
283,0.0,0.1537779297959957,25.31357898988716,21.23594617713952,0.0179796213487234,0.1674324422339896,0.0,1.3195913274973727,0,R,LL
284,0.0,0.0982011588850162,15.146060760745756,10.212746438841032,0.0339750437494425,0.1893063741921729,0.0,2.055284316547998,0,R,LL
285,0.0,0.1690403167983051,24.895819516386613,11.058723284065124,0.0269551569958287,0.2468731227859619,0.0,4.0292599513786485,0,R,LL
286,0.0,0.0056244970237567,0.8461995392387489,2.645201162772586,0.5455366200684743,0.1698252299326521,0.0,4.955908174005083,0,R,LL
287,0.0,0.0957134005691913,19.152236557944537,46.73181100713588,0.0129501066561227,0.091242748831999,0.0,5.581606128292933,0,R,LL
288,0.0,0.0081345518969305,1.2580828587497006,-0.2703413217222821,0.5132958107609276,0.2375650141296901,0.0,6.249017279533307,0,R,LL
289,0.0,0.0024937813023778,0.389029883171052,0.6754424589588068,4.937728422957655,0.7066684151004841,0.0,7.361646526542484,0,R,LL
290,-8.032699999999998,0.0084644473113641,1.008613321424474,9.010054208477015,0.0844947894380157,0.0313516315070428,44.0327,9.50094545433365,0,R,LL
291,0.0,0.0469067526746437,3.9366597602722098,8.843873438138983,0.0316661269684762,0.0458593978355579,0.0,9.750874853440486,0,R,LL
292,0.0,0.0381886741350694,5.665658153444643,-1.368669010598479,0.1317526067059923,0.2746092118213332,0.0,10.401905796176695,0,R,LL
293,-2.9157999999999973,0.0892807000188097,16.32998641383777,72.93737125011434,0.0182671125717767,0.1097390627395918,44.9158,12.289178045781616,0,R,LL
294,0.0,0.0493143630367666,51.11440974784986,279.4235680367944,0.0052634636660485,0.0989738575679034,0.0,12.619941904145858,0,R,LL
295,0.0,0.0282608900054086,4.763114941593169,49.88155028661504,0.0161882016195261,0.0283658096832431,0.0,13.876844565929977,0,R,LL
296,0.0,0.0712028576318356,6.291437002135559,24.361083148629543,0.0308943173381509,0.0715045986850989,0.0,14.902212526859124,0,R,LL
297,0.0,0.0334452606981259,5.131258706266217,8.947623321511484,0.0332099987904625,0.0626900027968233,0.0,15.711322550680263,0,R,LL
298,0.0,0.0199269417883685,3.2131621731080084,26.164123472731497,0.0291599880073975,0.0344687476672599,0.0,18.71273059735552,0,R,LL
299,0.0,0.0351355411143993,5.8142019966892615,31.827421818801813,0.0200268412674211,0.0428359190961547,0.0,19.386937166294143,0,R,LL
300,0.0,0.0340864899365516,5.494027279542077,28.840835169925292,0.022432927486122,0.0453400800014217,0.0,20.03062297649888,0,R,LL
301,0.0,0.0327484943034205,5.295237925009401,36.46464650742743,0.0217479646323879,0.0423652345049397,0.0,22.169221959969345,0,R,LL
302,0.0,0.010701910783925,1.64786070893526,30.431690034955952,0.0489084918548594,0.0296490162341227,0.0,23.657767408508096,0,R,LL
303,0.0,0.0361605800667592,6.117809065117712,61.12716418193874,0.0231326745177766,0.0520627715579799,0.0,25.763592686975823,0,R,LL
304,-0.0011000000000009,0.022985833737101,2.908341306432959,15.790233053178568,0.0489920186780268,0.0524174903849515,30.0011,29.048373154737696,1,R,LL
305,-0.0011000000000009,0.0390169009020222,5.84870076418806,57.106021903591575,0.0211687070282248,0.0455469450138059,30.0011,30.300240213753664,1,R,LL
306,0.0009000000000014,0.0274304517902418,3.2659376512536533,22.766619142662847,0.0533254253139747,0.0640689690372363,17.9991,32.1257919328786,1,R,LL
307,-0.0011000000000009,0.0293067448853531,3.674357376345036,38.96874126936922,0.0331899167125575,0.0448634920839668,30.0011,33.79145233619917,1,R,LL
308,-0.0011000000000009,0.102708646712635,17.441429897247996,73.52239706533146,0.0193103453491569,0.1239018085515793,30.0011,35.360041451040914,1,R,LL
309,-2.912700000000001,0.0507047507550908,6.182037944214722,48.15283160364905,0.0284520300027242,0.0647068774198763,50.9127,37.58391492592942,1,R,LL
310,-2.9102000000000032,0.0358688329087957,4.510571231577036,44.920199494537854,0.0255987056476381,0.0424771206763724,56.9102,38.429842263234455,1,R,LL
311,-2.9102000000000032,0.0657985686960222,7.46029857911062,45.16702835524303,0.0274025964323832,0.0752061648237333,56.9102,39.00618826812645,1,R,LL
312,-2.905700000000003,0.0715818029204973,9.04361922714584,48.17241796478092,0.0263821188531041,0.0877722960198106,62.9057,40.6986035227006,1,R,LL
313,-2.909000000000006,0.0297532583834849,2.970446314356868,32.559472553027966,0.0322515819416224,0.0352434363897357,80.909,41.91504246063117,2,R,LL
314,-2.909400000000005,0.021341092310161,1.0473978037739329,12.20767208422462,0.1201292270241164,0.0462877275037544,110.9094,43.22436095728871,2,R,LL
315,-2.9071,0.0243271550891519,1.3492670519251362,20.12924523876977,0.0589834460337304,0.0292774720814847,116.9071,44.72910891220564,2,R,LL
316,-2.905000000000001,0.0391589105327767,0.7581421710782205,6.390931902444791,0.1478243755392776,0.0412289453714084,140.905,46.211528655483406,2,R,LL
317,-2.9071,0.0325935372668606,1.4928665204633098,14.238234997428462,0.072412427725819,0.0397685360971661,116.9071,48.00828843491392,2,R,LL
318,-2.905399999999986,0.0508426528304861,1.2946428175295654,8.46180201955948,0.1947939548466558,0.0927749992293343,134.9054,50.64442380716737,2,R,LL
319,-2.905399999999986,0.0263227789634281,0.797978828989227,10.967093998586089,0.1186562502248511,0.0348327294894051,134.9054,52.38037184868823,2,R,LL
320,-2.905399999999986,0.0351608988643404,0.8064955739951077,4.845625368994784,0.2514100178362314,0.0745916278879346,134.9054,53.989450133795714,2,R,LL
321,,,,,,,150.756,54.975370133795714,2,R,LL
322,,,,,,,163.9767,57.3419316886303,2,R,LL
323,,,,,,,163.9767,58.6008640822074,2,R,LL
324,,,,,,,163.9767,62.22217377508356,2,R,LL
325,0.0,0.060292736255648,10.124663734499835,17.302368961588595,0.0182385850579906,0.0679324486416144,0.0,0.7619499831353761,0,L,LL
326,0.0,0.0075079190113023,1.0917104680580332,-0.552574405783541,0.198195518317562,0.0795988553519957,0.0,1.4719488310569766,0,L,LL
327,0.0,0.0228400513029628,3.4960261274262106,-2.888385729840816,0.0766565709965671,0.0985892530484311,0.0,4.317969055604089,0,L,LL
328,0.0,0.0639896182086261,12.67458478203972,56.485136358002265,0.0127290880566518,0.0593521628563225,0.0,5.01887393377595,0,L,LL
329,0.0,0.075203732076088,14.09377275206582,61.88288128667663,0.0141180896037859,0.0731996014857146,0.0,5.970752798338034,0,L,LL
330,0.0,0.0712154012181357,11.104417937145522,32.04442360449512,0.0248780087207592,0.1016288316343812,0.0,7.650777142548542,0,L,LL
331,0.0,0.022849381683532,3.6743170482807934,26.63099396686075,0.0294154816237364,0.0397610742498894,0.0,9.420458239544828,0,L,LL
332,0.0,0.0204047259223344,26.83063759190415,328.145637377346,0.0043184404449977,0.04262490714866,0.0,10.444991692976192,0,L,LL
333,0.0,0.0383949823094261,5.973695867362092,51.76310736902898,0.0279876635446994,0.0615056865346699,0.0,14.135450489232028,0,L,LL
334,0.0,0.043354003082055,7.713130306817693,68.02024126099576,0.0198577295453093,0.0563463486298409,0.0,15.871586705806063,0,L,LL
335,0.0005000000000006,0.0516809900198854,8.26878947867375,55.30979437287811,0.0249872407226684,0.076009128643521,11.9995,18.502481605008843,1,L,LL
336,-0.0001999999999995,0.0611304496935488,7.598704742599068,46.300649529419765,0.0348336074662568,0.0973741190058019,18.0002,20.65992962922987,1,L,LL
337,-0.0023000000000017,0.048008216904918,5.689407157586617,44.90875393628104,0.0391924005946369,0.0820303186121558,30.0023,22.62438440973409,1,L,LL
338,-2.9117000000000037,0.0293593259318466,3.1274995064510582,22.896186180828305,0.0605456043262828,0.0696603073550964,50.9117,23.71949653184762,1,L,LL
339,-2.9117000000000037,0.0679836757896524,9.376947128477685,61.05937904640256,0.0244699768381235,0.0844112912222322,50.9117,26.470820644188763,1,L,LL
340,-2.9102000000000032,0.0179258178116878,1.6603366668072328,35.742756029313504,0.0456465879763096,0.0278811059759291,80.9102,27.718947892068563,1,L,LL
341,-2.9128999999999934,0.0121105629747701,1.0207956601225725,18.609968752254044,0.0724153257119435,0.0271941082190949,74.9129,28.453122922850103,1,L,LL
342,-2.9073999999999955,0.0438321610747364,6.293416224660697,59.73933761209789,0.0236861093790901,0.0548385172960367,68.9074,29.543041123702917,2,L,LL
343,-2.9102000000000032,0.0199340416410468,1.645339793555522,23.90593067348589,0.0430263940581345,0.0260433033749047,80.9102,31.922353468607582,2,L,LL
344,,,,,,,164.5306,35.64816034816126,2,L,LL
345,,,,,,,150.756,39.28230327928889,2,L,LL
346,,,,,,,150.756,40.33481727314565,2,L,LL
347,,,,,,,150.756,42.73219834962687,2,L,LL
348,,,,,,,164.5306,52.55207597482944,2,L,LL
349,0.0,0.0447649961401675,7.015974171145815,25.91642288150157,0.0212136061998289,0.0547530103820141,0.0,5.717808106119881,0,R,LL
350,0.0,0.0587563168079626,9.118518582476865,32.10765282209774,0.0255392607862911,0.0856718466879996,0.0,5.656645573471208,0,R,LL
351,0.0,0.0264238227757269,3.968766316722265,0.355418189169756,0.2929927973989726,0.4277775516817766,0.0,6.611284285899248,0,R,LL
352,0.0,0.0640895154532094,6.852423201511742,32.379958847238264,0.0281320413813355,0.0709170958835538,0.0,9.177168656771704,0,R,LL
353,0.0019999999999988,0.0059792854902294,0.7709683812637291,17.56812859528423,0.0421914345192486,0.0119664788374572,23.998,10.232230145785492,0,R,LL
354,0.0,0.0676306027171937,10.402946055397829,30.553782374539264,0.0261559526280323,0.100099614899464,0.0,11.513675691561083,0,R,LL
355,0.0,0.0734691281923948,9.291206443803176,36.906687289451696,0.0291204579369848,0.0995350017050999,0.0,14.58589708439716,0,R,LL
356,0.0,0.0463443244038276,8.092733288711882,35.22429089586761,0.0196715303515225,0.0585651005164238,0.0,14.58589708439716,0,R,LL
357,0.0,0.0511725373835479,6.647018881843994,35.40169184846193,0.0253445614699843,0.061975096503714,0.0,17.7236577367262,0,R,LL
358,0.0,0.0493611231954334,7.315960297111233,27.37606959915193,0.0253590450947901,0.0682511155185517,0.0,18.7444480984068,0,R,LL
359,-0.0023000000000017,0.0220889109928782,8.606503515799032,124.92655544610446,0.0102051751093156,0.0323111733809662,30.0023,19.404725091507284,0,R,LL
360,0.0,0.0476685599262063,7.569531882852603,39.84747993673265,0.0250493582254679,0.0697543255991833,0.0,21.495467999899184,0,R,LL
361,-0.0004999999999997,0.0317719814895293,4.7380309575769886,47.24431703232025,0.0303930676766077,0.0529758518928604,6.0005,23.06131339574384,0,R,LL
362,0.0,0.030078988217584,4.097741365553474,45.04420840282843,0.0314629186238599,0.0474295570739699,0.0,24.59377749086142,0,R,LL
363,-2.9148,0.0301543876075815,3.326585999576515,33.33963525256158,0.033005051328751,0.0403910074798124,44.9148,25.845709817684504,1,R,LL
364,-0.0004999999999997,0.0617478778364289,11.094800863147634,70.96393779637864,0.0178007375527684,0.0726545850755576,6.0005,27.334495906982127,1,R,LL
365,0.0019999999999988,0.0415584961504073,4.890138946601407,37.50430265245457,0.0358378261656336,0.0644715892440938,23.998,29.309258005529166,1,R,LL
366,0.0005000000000006,0.0653582301838804,8.046186352065693,43.76098192557989,0.0354357057723064,0.1048906295056901,11.9995,30.57619980095625,1,R,LL
367,-2.9148,0.064475546748962,7.194990878805568,31.174808424629354,0.0335312288916604,0.0887534484117136,44.9148,33.19308324929695,1,R,LL
368,-2.9148,0.0700456074046881,9.0637345563633,47.35723399422946,0.0272050300417951,0.0907114075940031,44.9148,35.21753993163783,1,R,LL
369,-2.9093000000000018,0.0471412471936123,8.570301301281175,76.81241120164118,0.0177468673348644,0.0559529915630102,56.9093,36.89211870066116,1,R,LL
370,-2.9117000000000037,0.0394773244258252,4.205770530950366,35.020960676894234,0.0371722870996375,0.0575135764124605,50.9117,37.67411664882061,1,R,LL
371,-2.9093000000000018,0.0603140611871471,6.595988783433657,41.11164517502381,0.0283734567437063,0.0688490061881552,56.9093,39.59381371332864,1,R,LL
372,-2.9128999999999934,0.0530379525391392,6.181466277784278,45.72947596742474,0.0261513426782081,0.0594690518075395,74.9129,40.56811146042652,1,R,LL
373,-2.9073999999999955,0.0432776063817486,3.6059143761462726,21.145044558347468,0.0563229720217483,0.0747147747500629,68.9074,41.62322556809075,1,R,LL
374,-2.905000000000001,0.0843235534950034,10.14421972822578,49.87518441494803,0.026618604567779,0.0993366363882062,62.905,42.81772569372163,1,R,LL
375,-2.9073999999999955,0.0775374841320065,12.722288554644363,67.9829752748138,0.019774667795301,0.0925507528800533,68.9074,44.46787637258696,2,R,LL
376,-2.909499999999994,0.0262613379563677,1.3183305122558782,9.99287427416606,0.0920367484985184,0.0446365982085088,110.9095,47.54354963927258,2,R,LL
377,,,,,,,140.904,48.76102952442906,2,R,LL
378,-2.909599999999997,0.0348281712770013,1.5205621055410556,13.983215665616983,0.0823034649652698,0.0460392033933654,122.9096,51.74992345634162,2,R,LL
379,,,,,,,140.904,54.112023456341625,2,R,LL
380,,,,,,,140.904,56.45031184779404,2,R,LL
381,,,,,,,150.756,58.42832991549594,2,R,LL
382,,,,,,,140.904,60.00359782878112,2,R,LL
383,,,,,,,164.5306,62.53070283606456,2,R,LL
384,0.0,0.0360285227567034,5.104547998916915,0.0845719007015247,0.3000807055122808,0.5635090330955974,0.0,4.479501236510258,0,L,LL
385,0.0,0.1076919076825989,16.694916981983543,6.868989055809912,0.0617701943743118,0.3793750361877386,0.0,8.640342359251541,0,L,LL
386,0.0,0.0213217781302384,3.1916287832936496,0.6743171284762857,0.3096358077998546,0.3635541194316179,0.0,9.987899605826366,0,L,LL
387,0.0,0.0450309618234077,6.555277346211082,0.280923326354954,0.0295315015503062,0.071216744741314,0.0,10.525482851473027,0,L,LL
388,0.0,0.0414459639701536,6.506561376515791,22.63605419961229,0.0210111098586785,0.0502928263187878,0.0,12.33181804785294,0,L,LL
389,0.0,0.0262407934660501,4.051098880006652,-0.1170862961408089,0.6448494464617169,0.96102944256331,0.0,14.943737942350158,0,L,LL
390,0.0,0.0337759872502888,5.016845466603215,31.712028681264123,0.0261933534771571,0.0483423040507557,0.0,16.68967402623846,0,L,LL
391,0.0,0.0551804589918478,8.458646558309544,6.7424681796717385,0.024223321676472,0.0753772159988533,0.0,17.334193684878684,0,L,LL
392,-8.3596,0.0254786485030427,3.4518358919825776,31.176126801479317,0.0276507489981187,0.0351125651625367,44.3596,19.51778107444574,0,L,LL
393,0.0,0.0993607448017502,17.413340666302155,47.42393695952551,0.0195643812652018,0.1253296226791565,0.0,19.98899845709228,0,L,LL
394,0.0,0.0733801726964623,10.03095834780706,11.509492096800342,0.0371895765848983,0.1372363563594034,0.0,21.624497115495203,0,L,LL
395,0.0,0.0578844971560541,9.31014707458788,37.57503944481014,0.0206042761928817,0.070569887092945,0.0,23.59209635243969,0,L,LL
396,0.0,0.0281455079094064,4.529915820489981,36.83744261246397,0.0350409187580251,0.0583943911130308,0.0,24.466886435716813,0,L,LL
397,0.0,0.0110697376483087,1.6611247748173998,6.879517691464905,0.1060325515081498,0.0647958193308959,0.0,25.82767100970345,0,L,LL
398,0.0,0.0254348922593236,3.839893992615801,43.00982868544598,0.033229179996341,0.0469401396542579,0.0,27.21652726431878,0,L,LL
399,0.0,0.0416301853213428,6.762284276129956,53.02915286899277,0.0246839329290818,0.0614063522670131,0.0,28.59646800406089,0,L,LL
400,0.0,0.0507250033102539,8.031473278699545,47.93490546057836,0.0287706775253971,0.0850062437735896,0.0,30.194294123762283,0,L,LL
401,-0.0026999999999999,0.0321003813604082,4.86317207120447,43.76667314371338,0.032492000669772,0.0581301719860182,6.0027,31.864748703450097,1,L,LL
402,-0.0006000000000003,0.0634364876393143,15.954574006587588,102.0168414081251,0.0125931333108004,0.0739136300285266,12.0006,33.53520328313792,1,L,LL
403,-0.0033999999999991,0.0360104012775224,4.735765472543584,42.99119929862224,0.030273429546085,0.0527420890942362,30.0034,34.981727706674874,1,L,LL
404,-0.0015,0.0649793973383482,9.864804672247152,56.018104831269646,0.0236239372641367,0.085732658129948,18.0015,36.1184084116224,1,L,LL
405,-0.0033999999999991,0.0390368797812981,5.17264653188438,48.23958637396177,0.0292346193023608,0.055630858640968,30.0034,37.76682733452551,1,L,LL
406,-0.0033999999999991,0.0229986113350728,3.1481426492474003,49.19992023627756,0.0252346063590811,0.0292251302584867,30.0034,38.19270568479487,1,L,LL
407,-2.910499999999999,0.0104373196408412,1.0093322988082472,14.125821354587195,0.097991088195987,0.0363853259349658,56.9105,39.60187609112031,1,L,LL
408,-0.0033999999999991,0.0627353283564784,12.994128148182968,85.80698708298871,0.0164985985174964,0.0788677984590368,30.0034,40.94284933915127,1,L,LL
409,-2.910499999999999,0.0379781288916779,9.61039367321243,96.3376967353013,0.0144422851196151,0.0510602116701641,56.9105,41.53655943675784,1,L,LL
410,-2.910499999999999,0.0557509747224294,7.055458054627268,51.72808567584695,0.0252952898229819,0.065655391011042,56.9105,43.33027269195479,1,L,LL
411,-8.2059,0.0207286413617518,1.5536163692507352,11.808676742876406,0.0721187381879004,0.0412189976055378,92.2059,45.38521728336349,1,L,LL
412,-2.910499999999999,0.0619140301189116,13.447220135535565,84.92887689853205,0.0167404624731042,0.0828143284076318,56.9105,47.03519978021207,1,L,LL
413,-2.921199999999999,0.0316925082281204,2.7294892342128434,28.974456107717884,0.0386163720062446,0.0387755863103989,92.9212,48.61719563962511,1,L,LL
414,-2.906100000000002,0.0850436520646236,26.240442770880943,108.90280431171784,0.013959736981356,0.1347578001371109,62.9061,49.26071937904736,1,L,LL
415,-2.910499999999999,0.0093470870033062,0.4212726098644166,3.938410201907928,0.2455037370102128,0.0380475633317202,110.9105,51.987557509264086,2,L,LL
416,-0.0006000000000003,0.0245223854616798,4.07487311747765,93.22538362952112,0.0374585190921002,0.0561526442441957,12.0006,52.914474486332,2,L,LL
417,-2.909099999999995,0.0561794022018566,4.498211822638596,31.44312097939935,0.048452237063382,0.0801787450109045,116.9091,59.98557665696963,2,L,LL
418,-2.905300000000011,0.0494345763418981,1.3710889942884046,8.985397296784782,0.1321628585458323,0.066662344908,134.9053,60.89038145425828,2,L,LL
419,-2.909099999999995,0.0715615272768904,5.0236564037019305,26.93139495435996,0.0476901494320981,0.0881361608939112,116.9091,62.11488145425828,2,L,LL
420,-2.909099999999995,0.0872202190861158,3.2271311565453686,15.404874961363824,0.1105018195005995,0.131187230415873,128.9091,63.71185247602129,2,L,LL
421,,,,,,,150.7571,65.71024288706946,2,L,LL
422,-2.905300000000011,0.0142518946364107,0.3240209094456427,3.44401189635427,0.2799181590389755,0.0333664212123196,134.9053,66.90868658278957,2,L,LL
423,,,,,,,150.7571,67.55557641238121,2,L,LL
424,,,,,,,150.7571,70.41984610304684,2,L,LL
425,,,,,,,140.906,71.82685554883248,2,L,LL
426,0.0,0.0086711778936249,1.317920048361075,0.2547580659700446,0.0953127989510705,0.0462110467310276,0.0,0.8232429246583279,0,R,LL
427,0.0,0.0159047028005306,2.4339472643956674,0.5542233665043651,0.4740438609227348,0.4244584746205371,0.0,1.9230579531371428,0,R,LL
428,0.0,0.0069170406351705,1.0790583416433968,-0.0564150887227108,2.74024227805572,1.087775835935357,0.0,4.116052479418711,0,R,LL
429,0.0,0.0080344938400372,1.2227977520837112,2.8239756537324268,0.504471043562532,0.2269323407165918,0.0,5.40261736515752,0,R,LL
430,0.0,0.0151659714285736,2.382065964769862,2.852823696911881,0.0497708475243427,0.0436148454822639,0.0,7.588524923194601,0,R,LL
431,0.0,0.0164049937453668,2.6638649413098827,23.07936104765391,0.0373557501073315,0.0366079307985753,0.0,8.866111377248997,0,R,LL
432,0.0,0.009114726640418,1.457368534148552,11.632267987852694,0.0359076757418664,0.0192513948379925,0.0,9.577461701478116,0,R,LL
433,0.0,0.0675726920417888,8.233147823822552,28.395110372033184,0.0227890690297201,0.0690236649212141,0.0,10.914902966061106,0,R,LL
434,0.0,0.0161129146317529,2.590887569228328,35.34037979279086,0.0257247232625496,0.0245191153562475,0.0,11.515325536913908,0,R,LL
435,0.0,0.0206581438828017,3.2596527588681723,9.211588201640676,0.0444011274796622,0.0532440220769841,0.0,14.059978312727637,0,R,LL
436,0.0,0.034540642731221,5.248916286999182,1.9723644019764337,0.0546029939865897,0.1054366554102311,0.0,14.791259029747144,0,R,LL
437,0.0,0.0268862098911577,4.059063018383183,11.498139992119452,0.0390634104075276,0.0583312748873453,0.0,15.718557513281205,0,R,LL
438,0.0,0.037924116013016,8.742535717525081,87.32298023281119,0.0123420559897399,0.0396945100350992,0.0,18.40096040697827,0,R,LL
439,0.0,0.0288028194681142,8.007264365259665,98.51567335167265,0.0093678105230098,0.0275948338380806,0.0,19.522056729261067,0,R,LL
440,0.0,0.0536833231243265,8.521677336425848,44.02100316440942,0.0230149161413179,0.0721506089721358,0.0,22.35795640144717,0,R,LL
441,0.0,0.0436977103829919,7.755072518492236,58.189679368215295,0.0196038522213403,0.055928452313748,0.0,23.260623275327006,0,R,LL
442,-0.0006000000000003,0.0275352808316452,4.0558076627991655,30.103346657463597,0.0336308217886361,0.0501788090140406,12.0006,24.946403188108818,1,R,LL
443,-0.0026999999999999,0.0334865078177555,4.669519035351514,42.10714877307537,0.0269300723961409,0.0462610183979563,6.0027,26.95819057747182,1,R,LL
444,0.0015,0.03157618546214,4.8692727849073,58.73227075543052,0.0222689382640639,0.0398904682740188,23.9985,27.843377028791544,1,R,LL
445,-0.0033999999999991,0.0258528283821706,16.38488549683362,206.95896912351003,0.0063212250938592,0.0381022115802131,30.0034,30.299664620859843,1,R,LL
446,-0.0033999999999991,0.0214944209468798,2.9174268380728257,50.30467954933944,0.0262599842065606,0.0281838262278413,30.0034,32.13016437446565,1,R,LL
447,-2.9133000000000067,0.0306808287940258,4.777812094029422,61.76885947115424,0.0225719737852772,0.0396738293315775,74.9133,35.18907987160698,1,R,LL
448,-2.912400000000005,0.0102558690421708,0.8990569691922926,28.150675675659272,0.0445951199115935,0.0147495940004177,80.9124,37.20519376007893,1,R,LL
449,-2.912400000000005,0.0158941942644343,1.2340999737324108,10.840636476851705,0.0957732816697169,0.0434810707099737,80.9124,40.00089665417264,1,R,LL
450,-2.912400000000005,0.0226291459235647,2.330752012754401,40.70438495503709,0.0364126105780529,0.0312214739862165,80.9124,41.50793653526379,1,R,LL
451,-2.9133000000000067,0.0191623918452673,1.6528468823254194,20.896239550892258,0.06714215587861,0.0408256796093429,74.9133,43.74174536068173,2,R,LL
452,-2.921199999999999,0.018558686451967,1.6706042184547838,30.839624971896644,0.0320367472124119,0.0196891744182997,92.9212,46.059181637341965,2,R,LL
453,-2.9102000000000032,0.0448587444349165,4.349913858624074,36.98187818147247,0.0339342177785412,0.0543030243041879,98.9102,51.74296228658925,2,R,LL
454,-2.909099999999995,0.0359090252475034,1.3289069793118022,15.500871997080823,0.119592415394857,0.0584660478641669,128.9091,55.70772959770368,2,R,LL
455,-2.909099999999995,0.0496503432140039,1.753756108539075,11.520545995085255,0.1102908505287451,0.0711564381609414,128.9091,58.983409736651694,2,R,LL
456,,,,,,,140.906,61.78463980001355,2,R,LL
457,,,,,,,140.906,64.94972838416383,2,R,LL
458,,,,,,,140.906,66.74298465823414,2,R,LL
459,,,,,,,163.9806,68.85351135181763,2,R,LL
460,,,,,,,150.7571,72.94042100109925,2,R,LL
461,0.0,0.0122129478274027,,,,,0.0,1.0130644020829702,0,L,LL
462,0.0,0.0199382791670607,3.039296464655472,-0.5628723964804271,0.0551253936368342,0.0616354096323224,0.0,1.7000997692402948,0,L,LL
463,0.0,0.0207011491834934,7.270847180868723,123.19443517272852,0.0087449353621786,0.0233909111113104,0.0,4.705515470787761,0,L,LL
464,0.0,0.0133347317916841,2.08035302511896,-0.233965033201648,0.5219394291881372,0.399450218543358,0.0,5.413016818348315,0,L,LL
465,0.0,0.0433043414612985,6.169795514753798,-0.2180865662790798,0.3819182980711263,0.8668555915621983,0.0,5.766767492128593,0,L,LL
466,0.0,0.1149354871234812,196.58110817350448,344.79067692131923,0.0046252756760992,0.3344913719012672,0.0,6.739581845024354,0,L,LL
467,-0.0037999999999982,0.0381937727154927,7.722764810752338,80.0680314044564,0.0170591248751841,0.0484657653628895,30.0038,8.15458454014546,0,L,LL
468,0.0,0.0084187845036703,1.334206605171902,-3.5637527399246736,0.0336026885219352,0.0164931128583216,0.0,10.3459550264208,0,L,LL
469,0.0,0.0225677659590501,4.329245373437901,67.91824341328169,0.0154004842654825,0.0245274329383422,0.0,16.12158088137147,0,L,LL
470,-0.0038999999999997,0.0168859854321954,2.5095197451290057,25.09103586177365,0.0423561814952176,0.0391032573141147,6.0039,16.5387913923848,0,L,LL
471,0.0,0.0923449639930134,18.860289509311414,72.56080206414431,0.0122649341488968,0.0850979491673854,0.0,17.828351153698712,0,L,LL
472,0.0013000000000005,0.0147659342707363,2.0950050967946807,43.327261917241344,0.0350128810522503,0.0269847531959233,23.9987,19.93325768438758,1,L,LL
473,-2.907499999999999,0.0304446064994764,4.706360092490924,63.3070179487344,0.0228018706299525,0.0394785459121374,62.9075,29.85155393364128,1,L,LL
474,-8.208100000000002,0.0182828999291983,3.3069484524817705,67.44165817492164,0.0197202891700381,0.0239908824282284,92.2081,31.68717969075282,1,L,LL
475,-2.913899999999998,0.0284304425488839,3.5708817458127715,46.88777404323042,0.0259570406721556,0.0340985698175617,80.9139,33.248198196217366,1,L,LL
476,-2.911600000000007,0.0472562200147654,6.372505804985957,55.41733862773688,0.0262629187754534,0.0615685248675358,68.9116,35.45275053478933,1,L,LL
477,-2.9144000000000005,0.0603572554856976,11.56886120731942,73.28448769711768,0.0211518741875606,0.0900212384855215,74.9144,37.77026249435442,1,L,LL
478,-8.208100000000002,0.0529934165650603,11.373344500544178,75.5092991947946,0.018413084235723,0.0770407056905995,92.2081,39.18102980040224,2,L,LL
479,-2.9093000000000018,0.0148963828569966,0.8536951357873932,22.603367805188277,0.0571210939909812,0.0179392731027447,128.9093,41.45505672608076,2,L,LL
480,-2.910399999999996,0.0500223477264046,3.6897156872536647,27.949328180778792,0.0443400757190025,0.0601859127488494,116.9104,43.34499881087751,2,L,LL
481,-2.910399999999996,0.04723606966326,2.8043953964532475,25.392768093641752,0.0745842179069788,0.0769470020203788,116.9104,44.4048950322124,2,L,LL
482,-2.9093000000000018,0.0336488737986458,1.5142511170361987,16.703150536838333,0.0760684639997874,0.0423748396420704,128.9093,45.044614024568375,2,L,LL
483,,,,,,,140.9059,46.45823291757654,2,L,LL
484,,,,,,,140.9059,47.72882134960436,2,L,LL
485,,,,,,,150.7583,49.48011674712781,2,L,LL
486,,,,,,,150.7583,50.660376747127806,2,L,LL
487,,,,,,,150.7583,53.251814640595136,2,L,LL
488,0.0,0.1358399889146117,14.8488338439553,0.3447850345300786,0.0457878096603821,0.2501196051886526,0.0,1.465207780913989,0,R,LL
489,0.0,0.1194152851208494,16.47328797877968,0.688048202293425,0.0500516025699686,0.3033219198621241,0.0,1.9697737149538777,0,R,LL
490,0.0,0.0275376799351319,4.182321391067909,0.6271960367202952,0.1037490866131971,0.1596273129972363,0.0,2.472526636377512,0,R,LL
491,0.0,0.0206963747823392,3.923126906696343,50.37009742954549,0.0160851327865224,0.0232146705951981,0.0,4.145110978658023,0,R,LL
492,0.0,0.0176053895575522,2.7107404522692358,-0.3316280902541346,0.0949800316157734,0.0947165268748611,0.0,5.203301776625341,0,R,LL
493,0.0,0.0081025641025641,1.25163192568284,0.9790116417301556,0.5717300060455818,0.263252883106368,0.0,7.545429879489142,0,R,LL
494,0.0,0.1157783741677144,22.49368491724073,52.49859439058933,0.0129240957438326,0.1069464300788943,0.0,9.030650337441257,0,R,LL
495,0.0,0.0670527025802188,10.53198003552101,50.8528005666754,0.0195688010416839,0.0758192986953572,0.0,10.6939513906484,0,R,LL
496,0.0,0.0070576215840091,1.0973898873051544,0.0516377478028236,0.2484024657531402,0.1002818585789137,0.0,11.109776653950188,0,R,LL
497,0.0,0.0165341190312571,2.5381817852306465,7.1904160109176685,0.0697454443793517,0.0651244527602355,0.0,12.357252443855549,0,R,LL
498,0.0,0.0065747828621361,0.9003421460472987,2.0713676678148936,1.005928057201874,0.3331808410402176,0.0,13.674032444311203,0,R,LL
499,0.0,0.003580861263701,0.5586143571485891,0.7564935558069157,4.192199729742611,0.8615085207688723,0.0,16.583658386283005,0,R,LL
500,-2.915399999999998,0.052498672790669,6.394725114949989,43.86557120364695,0.029993776269908,0.0705599958022386,44.9154,17.00150192542176,0,R,LL
501,0.0013000000000005,0.0354865590930844,3.495085513873608,28.08534587830212,0.0432796950108422,0.0556477380283313,23.9987,18.982184121695667,0,R,LL
502,0.0,0.0980255104636595,29.00288648191163,118.00065013659363,0.0104133089010171,0.1111054831751897,0.0,20.389414650628723,0,R,LL
503,-0.0028000000000005,0.0178284166364666,2.5263979355924446,38.85463279820507,0.0392183638478161,0.0364499340815605,18.0028,22.282169697856716,1,R,LL
504,-0.0037999999999982,0.007975397367548,0.9948929859730642,15.849651191090611,0.0491561158613109,0.0179911716202808,30.0038,27.827800292222943,1,R,LL
505,-2.9117000000000037,0.0090385653317559,1.0038896044161412,23.82524795519171,0.0278407378341725,0.0102818725410988,56.9117,30.939170224582337,1,R,LL
506,-2.913899999999998,0.0079287915750634,0.6170731142590413,13.646275247538409,0.0711458370147902,0.0161507106267087,80.9139,33.400589878416646,1,R,LL
507,-2.911600000000007,0.0309169525203071,2.9037098883346246,33.69958922810161,0.0344894747136629,0.0368421801304916,68.9116,35.64070146048221,1,R,LL
508,-2.911600000000007,0.0245611469005648,2.9131276063053866,42.46041635908776,0.0300011250217798,0.0321515983391281,68.9116,37.87310259887198,1,R,LL
509,-2.9144000000000005,0.0050112588435111,0.4418148025535174,12.443410460332618,0.0583491304512097,0.0094837515667331,74.9144,39.84285445596099,1,R,LL
510,-2.9144000000000005,0.0467392070391884,6.084038608701211,51.67722791721078,0.0273684023140677,0.0612557589113739,74.9144,43.2836763312388,1,R,LL
511,-2.913899999999998,0.0346883092333743,9.679591770560902,91.55890871819146,0.0155968930278597,0.0555393321686491,80.9139,44.225434740340674,1,R,LL
512,-8.208100000000002,0.077398018085456,71.545737504369,152.35363727799796,0.0114249401377782,0.300706777179168,92.2081,46.73771376554007,2,R,LL
513,-2.9091999999999985,0.0441589518992963,2.991722536500528,25.31703015837515,0.0519883695538767,0.0572180467830376,104.9092,50.66714106593204,2,R,LL
514,-2.910399999999996,0.0292931213977322,1.2620817035253156,9.006311119727185,0.1179321573910734,0.0547551826827746,116.9104,52.53616788132388,2,R,LL
515,,,,,,,150.7583,55.310896031608976,2,R,LL
516,-2.9093000000000018,0.0293797161903293,1.6353286793117965,20.209276147495604,0.0554755024034416,0.0333742730903685,128.9093,55.85401769151832,2,R,LL
517,-2.9093000000000018,0.0809662074918345,3.0952174964729244,15.155313493697854,0.1076901616807612,0.1226232207207327,128.9093,59.14214085790853,2,R,LL
518,-2.9120999999999952,0.0586381851653596,2.716803533287273,22.21513367935125,0.1137593299833192,0.1136974637461625,122.9121,60.94178770902094,2,R,LL
519,-2.9093000000000018,0.0622684533116462,2.07197581817795,16.407822174792475,0.2136673750796691,0.1628652443847592,128.9093,63.335089856657625,2,R,LL
520,,,,,,,140.9059,65.47539833070007,2,R,LL
521,,,,,,,150.7583,66.83943576603681,2,R,LL
522,,,,,,,163.9818,68.13506768451668,2,R,LL
523,,,,,,,150.7583,71.77665399618348,2,R,LL
524,0.0,0.0611136345273924,15.2119894485453,87.45813371152256,0.0106309227509479,0.0594925379048703,0.0,2.8611406112103674,0,L,LL
525,-0.0020000000000006,0.0072170126496428,1.045677101580051,22.42121631394276,0.1150301390784285,0.0442501513884852,12.002,5.124104455082593,0,L,LL
526,0.0,0.0259122321496116,4.123022861149841,10.2011273478288,0.0262085176492512,0.0397524334281293,0.0,5.785226375759861,0,L,LL
527,-0.0020000000000006,0.001937830253741,0.3022368082801972,33.707385503996875,0.031916528864807,0.0035486937794637,12.002,6.675035127886515,0,L,LL
528,0.0,0.042933079723056,6.655370041004451,-0.6016518729254328,0.5399267903145428,1.3219426135192738,0.0,7.783821470368629,0,L,LL
529,0.0,0.0127663896559327,1.8612623218155435,0.5426461748382602,0.4921122171253422,0.3369591475949895,0.0,9.615832525030608,0,L,LL
530,0.0,0.0695016106706408,11.09875580256966,40.78214861290386,0.0221816402607476,0.0905677277377993,0.0,11.327132234961631,0,L,LL
531,0.0,0.067106645546524,12.080385046097405,39.9785788520309,0.022049988689109,0.0979929125956498,0.0,12.522477569960817,0,L,LL
532,0.0,0.0626512758332089,9.646464333105191,23.84723225091135,0.0340983792873964,0.1210061429866627,0.0,13.189301618816945,0,L,LL
533,0.0,0.0420887647022808,6.298786347408034,22.58079613114476,0.0285235001845677,0.0660944835306846,0.0,15.064493537242903,0,L,LL
534,0.0,0.0398764243048974,6.616599828536469,36.758140881788016,0.0298867198372534,0.0727475949257216,0.0,15.524732105813596,0,L,LL
535,0.0,0.0430321198537689,7.236132055091196,44.28109966893742,0.0258061488262024,0.0686965931143334,0.0,16.23315531101092,0,L,LL
536,0.0,0.043362154034835,7.130543331260296,42.21835982102969,0.0278223529655818,0.072983048086358,0.0,16.85980012268656,0,L,LL
537,0.0,0.0173994488125422,2.98849631486552,42.19883819890369,0.0245012190373926,0.0269367958967187,0.0,18.608532514891596,0,L,LL
538,0.0,0.0751870123181342,19.04878713535374,106.6571049115799,0.011765529820549,0.0824487993628484,0.0,19.79238846295489,0,L,LL
539,-0.0020000000000006,0.0114853609108815,1.6199639573403766,41.67706383126502,0.0323631659900991,0.0192868752240839,12.002,21.463212316178204,1,L,LL
540,-0.0033999999999991,0.0056841111943683,0.7266681324228986,7.573697702296428,0.0661573293917429,0.0176855918661079,18.0034,23.16319827463469,1,L,LL
541,-2.909700000000001,0.0039034364867703,0.4389733074208841,24.140308736790494,0.0267162413349434,0.0043143859101993,62.9097,24.30786095773416,1,L,LL
542,0.0037999999999982,0.0207159404482951,2.6364260902877152,19.68318936499657,0.0499274464626585,0.0484239791097066,23.9962,26.875388423433705,1,L,LL
543,-0.0021999999999984,0.063745355056724,8.849414345354608,49.46054457884178,0.0244357367212358,0.0795509710642465,30.0022,28.819372426310967,1,L,LL
544,-0.0021999999999984,0.0214261231249827,6.655440198694737,127.56618014401764,0.009770683172984,0.0239225369780924,30.0022,29.99323123701506,1,L,LL
545,-2.915399999999998,0.0174339408343138,2.427513895512792,46.87297272297788,0.0203284689210574,0.0181539825134104,50.9154,31.838203015859182,1,L,LL
546,-2.9155999999999977,0.0764944167443281,10.589216804723655,56.83163794444682,0.0240239932846289,0.0935867910173147,44.9156,32.899326577494186,1,L,LL
547,-2.913899999999998,0.0539012401119691,6.756151731963325,48.31880181788858,0.0257379914122476,0.0639704733470147,56.9139,35.81980015458747,1,L,LL
548,-2.915399999999998,0.057186253662352,7.804570062376557,60.709926903819024,0.0254239511389913,0.0729957452716296,50.9154,37.64938220392268,1,L,LL
549,-2.9136000000000024,0.0215787907170111,1.826730870072257,10.646600428025655,0.082906716587573,0.0557147007132462,74.9136,38.927236115516536,1,L,LL
550,-2.9107000000000056,0.1063629977240479,15.485638153335412,58.91576811683309,0.0230035271303417,0.1310475954558563,68.9107,39.51876625506988,1,L,LL
551,-2.9136000000000024,0.0242656944438691,1.862554195598248,14.809616109119832,0.0715047631913535,0.0489947345757056,74.9136,41.24206944419609,2,L,LL
552,-2.913200000000004,0.0344756326188216,3.101464609702061,27.87212985999286,0.0359491850839711,0.0410167643833939,80.9132,42.58000440205454,2,L,LL
553,-2.913200000000004,0.0375322753915286,3.291399297271447,41.14077189312924,0.0462470774599695,0.0559977249816262,80.9132,43.71328932055032,2,L,LL
554,-2.908699999999996,0.0333503180821286,3.172448704881933,35.87395736548879,0.034996494472977,0.0408436617586271,116.9087,44.58354492307146,2,L,LL
555,-2.911699999999996,0.0624673739353148,24.74252570291148,92.11108137988148,0.0185089705089821,0.1684735827456606,98.9117,45.4397022976236,2,L,LL
556,-2.911699999999996,0.0751134511936751,9.548961969118356,50.10193800551402,0.036110672358098,0.1268519817984602,98.9117,47.6367509467743,2,L,LL
557,,,,,,,150.7575,47.69827972540674,2,L,LL
558,-2.9124999999999943,0.0757830124026048,3.988920784701736,20.7201455894227,0.0724129943804721,0.1062618656177017,122.9125,48.31356751173116,2,L,LL
559,-2.913200000000004,0.0514213307418033,3.570850611279421,28.579119778900708,0.0560556986846285,0.0736371496943613,110.9132,48.64172099777085,2,L,LL
560,-2.9065999999999974,0.0495724291861288,1.2632738116170157,10.822148084989584,0.2341773530764269,0.1088298182764012,134.9066,52.46562937426513,2,L,LL
561,,,,,,,140.9048,53.36947845204305,2,L,LL
562,,,,,,,150.7575,56.2497240540363,2,L,LL
563,,,,,,,150.7575,58.41331007882961,2,L,LL
564,,,,,,,163.9802,62.64056567797586,2,L,LL
565,0.0,0.0073840382536964,1.0083031012634105,2.0853001126925963,0.9880146900324172,0.3664882226793369,0.0,0.9263323411922474,0,R,LL
566,0.0,0.0354384412537417,5.3077122949068185,-0.2263219981128449,0.4575792141605194,0.8934683650040744,0.0,2.8564096327958395,0,R,LL
567,0.0,0.0267667510899598,4.067388152808356,-0.6005028780191238,0.5057008419621983,0.7566844585163095,0.0,6.454849396287202,0,R,LL
568,0.0,0.1041208752260069,16.301685706806293,16.241811427653733,0.0307509261789249,0.1844149964561294,0.0,7.335506064968253,0,R,LL
569,0.0,0.1071172130551424,12.040415472296372,5.921358173241973,0.0451928774502972,0.2001782946835277,0.0,10.19035982772514,0,R,LL
570,0.0,0.0316079466240954,4.211976106738578,1.4211083720561477,0.0519649331165842,0.0805196335360848,0.0,11.126090430523336,0,R,LL
571,0.0,0.1615517901486516,29.418158447152017,52.445458934031286,0.0142793781805122,0.1545362241115546,0.0,12.20073773623588,0,R,LL
572,-0.0033999999999991,0.0663500627864407,9.387801811095985,48.28915158387427,0.0262618907972583,0.0906975220185565,18.0034,13.26252875411332,0,R,LL
573,0.0,0.0493394181975038,7.304402794328486,3.045964827677831,0.0691263036723154,0.1857520292485256,0.0,16.165216565167512,0,R,LL
574,0.0,0.0753136092532603,11.369064818860902,12.934535075256967,0.0282660289947525,0.1182211176371351,0.0,17.165982410033333,0,R,LL
575,0.0,0.0360661949219037,5.502787260525048,26.426930066957823,0.0578398225901911,0.1170887564225676,0.0,18.68733480086552,0,R,LL
576,0.0,0.0810018478211773,15.388536238711591,58.93286972109235,0.0162074413389384,0.0917523693716602,0.0,20.10668042132064,0,R,LL
577,0.0,0.0447514561206758,7.44144286199875,46.07679116353582,0.024005995948412,0.0657177064295609,0.0,22.18965479627272,0,R,LL
578,0.0,0.0639206910049064,15.0527109478971,87.40434177154154,0.0110047696797708,0.0609398243050018,0.0,22.958772340140403,0,R,LL
579,0.0,0.0308591973091822,4.65532754839628,33.924055287821005,0.0252770899891069,0.0432895265448942,0.0,24.9385787966888,0,R,LL
580,0.0,0.0414526379650318,7.000996219118404,65.05132661837327,0.0297439817386288,0.0766062964897624,0.0,25.85175430521638,0,R,LL
581,-0.0031999999999996,0.046830257475236,23.202944002728906,171.32283135194473,0.0085189687450853,0.0727169466696783,6.0032,27.572344645286712,0,R,LL
582,0.0,0.0606250878225215,10.497961427458682,58.589088122077,0.0227333656180823,0.0877958984518663,0.0,28.36626702980728,0,R,LL
583,-8.370899999999999,0.0447901168803719,5.936465631458836,38.06478170242731,0.0268161781579031,0.058563949600367,44.3709,30.18659050673762,1,R,LL
584,-0.0031999999999996,0.0082395104523817,1.24675747907194,40.96833807427064,0.0389916198218588,0.0178837577197027,6.0032,30.956034628026067,1,R,LL
585,-2.909700000000001,0.0151717404316073,1.4450863961398048,11.939323021392775,0.1184098334081406,0.0629487485939917,62.9097,31.73589318506301,1,R,LL
586,-0.0020000000000006,0.0349556924369009,4.905485104733442,32.856927615992184,0.0421390338772462,0.076045243303514,12.002,34.369245461207385,1,R,LL
587,-8.370899999999999,0.0880267968706269,15.944077194357952,70.74018561141752,0.0165843640814475,0.0972755578047751,44.3709,36.07834968027187,1,R,LL
588,-8.370899999999999,0.0480928046329791,5.7826219477532765,33.928244082665266,0.0322020012091755,0.0685035661145249,44.3709,38.31820264234334,1,R,LL
589,-2.915399999999998,0.0418213357356328,4.455226581512386,22.538303751883387,0.0515815552628135,0.0845414606081929,50.9154,39.67410048907565,1,R,LL
590,-2.913899999999998,0.0665897365050445,8.581656595153225,47.71299332146334,0.0258579748947963,0.0816340154541773,56.9139,41.40583929255719,1,R,LL
591,-2.913899999999998,0.0331584678629198,3.570117354956832,26.91285250856593,0.0384983467712705,0.0505626806265243,56.9139,42.7879191587341,1,R,LL
592,-2.909700000000001,0.0362750233235352,4.332978502991003,48.06283817923245,0.0279436783975576,0.0445426064815911,62.9097,44.60112717171364,1,R,LL
593,-2.909700000000001,0.0915019716227297,18.62170971751991,78.70715432449629,0.0166159458361835,0.1138282707863474,62.9097,46.04819649461776,1,R,LL
594,-8.2076,0.0345500359230869,2.7986808530300062,23.985787120293267,0.0431433973185338,0.0444194559761653,92.2076,46.746878136322266,1,R,LL
595,-2.9136000000000024,0.0449636638249504,3.810471878210836,22.455143164973165,0.0510850759364054,0.0716107664826965,74.9136,47.65631114652566,1,R,LL
596,-2.9136000000000024,0.0517545483258178,6.625272826525256,46.46845799921754,0.0237629090904443,0.0579173778921074,74.9136,49.0207466228613,2,R,LL
597,-2.913200000000004,0.0872771513720185,14.06342041883005,61.980137950108194,0.0208458321177416,0.1078488985148172,80.9132,49.654923397605536,2,R,LL
598,-2.913200000000004,0.0619049252508964,7.137266368739738,46.212467233230775,0.0289961408953012,0.0761338206614844,80.9132,50.29582578932232,2,R,LL
599,-2.908699999999996,0.0893629393266868,5.539717823007512,19.91557989210088,0.0586569920280016,0.1195399170091703,104.9087,53.819840138718064,2,R,LL
600,,,,,,,140.9048,55.976147920883605,2,R,LL
601,-2.9091999999999985,0.0568739855384134,2.1529560663811,12.376349740734115,0.0937887500948873,0.0742833419114441,128.9092,56.93561887182232,2,R,LL
602,-2.9091999999999985,0.0805373264380233,2.9995200292594126,14.972818341178964,0.1137589730813228,0.1255286757587031,128.9092,59.50386511991063,2,R,LL
603,-2.9091999999999985,0.0617772314251084,2.118545530295979,11.885177893272433,0.1288296085268163,0.1004058477148369,128.9092,61.60552059653854,2,R,LL
604,,,,,,,140.9048,63.48349544944655,2,R,LL
605,,,,,,,150.7575,65.37959235355815,2,R,LL
606,,,,,,,150.7575,67.18732684288074,2,R,LL
607,,,,,,,150.7575,69.71044902532776,2,R,LL
608,,,,,,,163.9802,73.27080091295007,2,R,LL
609,,,,,,,163.9802,74.42066223699521,2,R,LL
610,0.0,0.0963416978284967,14.884193978630078,4.830696344280589,0.0327945489151266,0.1795694700910118,0.0,1.630781406964158,0,L,LL
611,0.0,0.0145590636209098,2.18571096816001,-0.54439756590387,0.2485066909200545,0.1998187952104379,0.0,2.092323314595524,0,L,LL
612,0.0,0.016518600812685,2.2199693174168487,0.0959763353676316,0.1593237178987951,0.1301166647141244,0.0,4.035412391025492,0,L,LL
613,0.0,0.039923685479166,6.239485715060354,7.9379259435912894,0.0355149499009721,0.0815202530724412,0.0,5.1745116688734445,0,L,LL
614,0.0,0.0650097625334398,10.498944691266942,25.015665559155995,0.0253913653864236,0.0980702361457985,0.0,6.645139226559765,0,L,LL
615,-2.911999999999999,0.0061228706941659,0.1862687292837952,8.124915705445781,0.1657353375626414,0.0113569205378217,62.912,8.535092937502155,0,L,LL
616,0.0,0.0390606571798207,6.0883509280549735,27.76202488822594,0.0266528614192138,0.0596965229499329,0.0,9.370912937502156,0,L,LL
617,0.0,0.0267836815342856,3.930003850540684,21.5801135084987,0.0343198296357459,0.0496184984228959,0.0,10.627607172145224,0,L,LL
618,-0.0035999999999987,0.0298172208565858,4.425777820258357,40.87658168445169,0.0355333299613182,0.0578536860954825,18.0036,12.004921114810424,0,L,LL
619,0.0,0.0871328627510679,15.139434651421151,61.20679482070789,0.015360982282277,0.0855527874296993,0.0,12.656994216540593,0,L,LL
620,0.0,0.0468307645183044,8.176575848477059,35.361883860405015,0.0188853632956736,0.056807062386411,0.0,14.124513703685484,0,L,LL
621,0.0,0.0800360818578756,13.157952568717006,41.8573312548429,0.0184711643607963,0.089410414330037,0.0,15.496207903889644,0,L,LL
622,0.0,0.0535041486485423,12.890428569866792,79.27767573399126,0.010833025875249,0.0513715482987933,0.0,16.65812576673538,0,L,LL
623,0.0,0.0305720889604877,4.80751953956621,52.54733842751181,0.0298261136229255,0.0527500947585047,0.0,20.7207471263073,0,L,LL
624,0.0,0.0464282273601991,7.115029434506529,50.56839635121749,0.0253327384234756,0.0663077601640229,0.0,21.53576528193329,0,L,LL
625,-0.0024000000000015,0.0309609576067092,3.727512245807963,43.04363269563325,0.0348921249892511,0.0478467029496441,30.0024,23.016523785054424,1,L,LL
626,-2.913899999999998,0.0138072803128053,1.2113675440671996,9.92519874152074,0.1412876740703478,0.0629630456098025,68.9139,25.823938173231547,1,L,LL
627,-0.0035999999999987,0.0275407480849314,3.517329368667448,36.03806335045204,0.0393010663384204,0.0508537390806298,18.0036,27.924328156068068,1,L,LL
628,-0.0035999999999987,0.0668360580661312,12.7815427585728,80.42009980732352,0.0162158004255021,0.0762477769350844,18.0036,29.7826172750735,1,L,LL
629,-2.9170000000000016,0.0434429395912747,4.389510348512009,31.792684696709507,0.0382737282344546,0.0618048225913769,44.917,31.551647042972892,1,L,LL
630,-0.0024000000000015,0.0609446415376936,8.79810884131191,57.12222227539973,0.0226263310078273,0.0732333641060553,30.0024,32.58576867348075,1,L,LL
631,-2.9170000000000016,0.0630810983361975,7.696493971673252,46.03819244226898,0.0297325652734366,0.0841842471937912,44.917,35.00122184223144,1,L,LL
632,-2.9166999999999987,0.0835805471891996,15.659805500752134,78.41344455459057,0.0182667870662615,0.1052335080146825,50.9167,36.30606345958061,1,L,LL
633,-2.9166999999999987,0.0673919130724729,7.929662889225093,47.91224787333953,0.033279960731005,0.0970829686608028,50.9167,38.26457509509044,1,L,LL
634,-2.913899999999998,0.0503603397804254,4.597531029997178,28.40298742391105,0.0442591173027716,0.0748570891470547,68.9139,40.74755966752787,1,L,LL
635,-2.9150000000000063,0.0352092341337645,3.023492701195206,20.62591521543297,0.0613739476822149,0.0682650639525139,74.915,43.119402205187086,2,L,LL
636,-2.909400000000005,0.0189282282961977,1.015260746942245,19.889292165461622,0.0509251565388015,0.0190202178171656,128.9094,47.106843618333954,2,L,LL
637,-2.907900000000012,0.015211846130884,,,,,134.9079,48.01111485187702,2,L,LL
638,-2.909400000000005,0.0399027055259252,2.020057401184397,19.759449372928614,0.0652369454876447,0.0484800263104747,128.9094,48.97384372542595,2,L,LL
639,-2.907900000000012,0.0624292763282801,1.50326095401167,12.000069786263907,0.4760812658070379,0.2632818901746758,134.9079,50.6580864084769,2,L,LL
640,,,,,,,140.9058,51.5859107822133,2,L,LL
641,,,,,,,164.5368,52.60225880197693,2,L,LL
642,,,,,,,140.9058,53.39304880197693,2,L,LL
643,,,,,,,150.7577,56.14451970882084,2,L,LL
644,,,,,,,150.7577,58.45394197152389,2,L,LL
645,,,,,,,150.7577,59.71614355395148,2,L,LL
646,0.0,0.0295443436606373,12.388761219978178,153.8035167528762,0.0081692424173489,0.037231898693163,0.0,1.576652016074491,0,R,LL
647,0.0,0.0043483962713092,0.6783498546516434,-0.1746063765237295,2.1832829323515828,0.5448403636144249,0.0,3.523213485118113,0,R,LL
648,-8.371299999999998,0.0203829312942112,2.3987242704594385,11.525795200259694,0.0678453942564034,0.0598695809013962,44.3713,3.929165272598365,0,R,LL
649,0.0,0.0090483198873797,1.411537902433082,0.701044741204261,4.6841706254349145,2.4323763305342183,0.0,4.898496269238603,0,R,LL
650,0.0033999999999991,0.067504506806592,10.027368747698,47.775758365925526,0.0255765886684679,0.0943485267796199,23.9966,5.3278843435955885,0,R,LL
651,-2.9166999999999987,0.0420838718057447,5.975511789578381,52.94554874800693,0.0230002507744215,0.0505607138402301,50.9167,5.67676215401064,0,R,LL
652,0.0,0.0371838262411226,6.2553633076306525,23.63349147949748,0.0234960558130655,0.0540695831713707,0.0,6.669722075961169,0,R,LL
653,-0.0024000000000015,0.0634980955818097,8.440518196748101,43.4726986742392,0.0261495609938562,0.0811968218655013,30.0024,7.311189562768321,0,R,LL
654,0.0,0.0784181859220392,61.13159703456788,235.69851812292077,0.0059281777445927,0.1333191316800201,0.0,8.628599727604268,0,R,LL
655,0.0,0.0610246337200357,16.174328051279275,90.02768090379733,0.0097909934408549,0.0582583962421898,0.0,8.561566004747784,0,R,LL
656,0.0,0.0359643080898043,5.840706448084184,42.92741798265539,0.0151964438982671,0.0326522316175266,0.0,9.768173016164509,0,R,LL
657,0.0,0.0076103506791733,1.2459425021993464,26.54122141633265,0.0325100037966951,0.0149011758283822,0.0,11.075330611865958,0,R,LL
658,0.0,0.004051282051282,0.6320000000012377,0.7066267718655327,4.598779469106923,1.0692153381788525,0.0,13.16249334873704,0,R,LL
659,-0.0053999999999998,0.0287504054316909,4.4104995527537785,40.12251401361036,0.0308034609352842,0.0499796044898538,6.0054,13.16249334873704,0,R,LL
660,0.0,0.0306940790357863,4.8201707269221385,19.372141812116503,0.0378374673547201,0.0670949754417055,0.0,14.51112215296747,0,R,LL
661,0.0,0.04741148301725,8.902604206039236,47.86532064038796,0.0172936373987169,0.05663813348258,0.0,16.653062018509917,0,R,LL
662,0.0,0.114778347037364,23.977734324420755,70.22628962889488,0.0131622532287069,0.1161031235703749,0.0,18.47767745952756,0,R,LL
663,-8.371299999999998,0.0133745202840077,1.6358405311748303,16.391113490814412,0.0385606813056622,0.0232055133978791,44.3713,19.826306263757985,1,R,LL
664,-2.9166999999999987,0.0238472271287723,2.7695162938900477,32.95334173402939,0.0450751150609696,0.0459246956306558,50.9167,21.19282185730967,1,R,LL
665,-0.0024000000000015,0.0139575937991195,1.937737034792898,35.408805481760325,0.0330928881994667,0.0235903850664076,30.0024,22.479359706699466,1,R,LL
666,-2.911999999999999,0.0281382101867128,2.942918253991384,36.14628464947376,0.0352727506700057,0.0381876598402941,62.912,23.94587932982082,1,R,LL
667,,,,,,,122.9137,25.79877931394393,1,R,LL
668,-0.0053999999999998,0.047442714959514,4.458067446319977,41.64522684233171,0.0372482837851346,0.0610883535457144,6.0054,27.055049272022867,1,R,LL
669,-0.0053999999999998,0.0352251528666335,5.528095524115123,60.1458109279432,0.0244632330832914,0.0497502090832837,6.0054,30.49611371198908,1,R,LL
670,-2.9170000000000016,0.029494321799627,8.103252361238459,104.15331428935563,0.012833745916847,0.0382576526155049,44.917,33.24896526396205,1,R,LL
671,-0.0024000000000015,0.065415036810041,9.143611527753048,54.02891827399501,0.026082571698685,0.0877351644559746,30.0024,35.31360392794178,1,R,LL
672,-2.911999999999999,0.0269478507431258,2.9986899782779592,41.77034700762249,0.0328434839103987,0.0362314992591027,62.912,38.15704396278223,1,R,LL
673,-2.9170000000000016,0.1073550378400271,21.23836585914164,82.90537120302737,0.0159532883241122,0.1246455649066898,44.917,39.93198523157827,1,R,LL
674,-2.9166999999999987,0.0806715844221066,10.134567632722122,49.79831239125783,0.0285974778977301,0.1066199504574986,50.9167,41.34260623574983,1,R,LL
675,-2.911999999999999,0.0580056122824065,7.739060427735933,52.73652457123965,0.0258155333329947,0.0734978876533689,62.912,44.13931349302882,1,R,LL
676,-2.913899999999998,0.065346726080794,7.614688107426831,44.99974193808557,0.0286487507077594,0.0802533788156465,68.9139,45.03846864491882,1,R,LL
677,-2.913899999999998,0.0790894602876403,38.88122162294536,131.61760382202576,0.0126727614252667,0.1812661367161596,68.9139,46.853298530870106,1,R,LL
678,-2.9137000000000057,0.0598926882794716,10.499719304325836,66.7462106889058,0.023275771413732,0.0899057131888264,80.9137,48.793587285507,2,R,LL
679,-2.9200000000000017,0.0608043621432211,18.291586544577346,88.44246976727294,0.0173896060544326,0.117016374384211,92.92,50.45258728550701,2,R,LL
680,-2.909400000000005,0.0439308629973583,1.6635090242393342,14.814160798851573,0.1105447493795135,0.0676501554216481,128.9094,54.07601846304063,2,R,LL
681,-2.907900000000012,0.0245957808518735,1.029929494568087,16.70235861184197,0.0792644516140617,0.0300324991078522,134.9079,58.22212541511356,2,R,LL
682,,,,,,,150.7577,60.61989728505334,2,R,LL
683,,,,,,,163.9824,64.89514952295664,2,R,LL
684,0.0,0.165991135407261,40.27832418860062,97.92407446419992,0.011211673754518,0.166129731455146,0.0,2.937006022611744,0,L,LL
685,0.0,0.0611562721699845,12.24576046608195,59.12840489195819,0.0121548699140988,0.0547572455166721,0.0,3.616589718708111,0,L,LL
686,0.0,0.0165903705686676,4.220281474942578,82.23404957579415,0.0085567947637066,0.0132848927024715,0.0,5.21156072388775,0,L,LL
687,-2.9158000000000044,0.0051371730654419,0.311102277050225,15.330936711895726,0.0449913608306152,0.0051491771954813,80.9158,6.837432485374864,0,L,LL
688,0.0,0.0917846564574385,13.718941104199049,16.453799101459325,0.0304924449942695,0.1538928203175147,0.0,6.983101287800091,0,L,LL
689,0.0,0.0425567484362126,10.429995489362756,10.786737943147564,0.0178323441790272,0.0684223642319876,0.0,8.67501711849804,0,L,LL
690,-2.914900000000003,0.0089781652112928,0.8620251042726272,15.926930099861286,0.0462818429594371,0.0146769588367718,68.9149,11.833481162846924,0,L,LL
691,-2.923100000000005,0.0230760258846036,4.613949048161718,70.13132416364695,0.021898939332822,0.0371707558916744,92.9231,14.578594261865671,0,L,LL
692,-0.0065999999999997,0.0262066375416629,3.788131069849933,53.50448989781577,0.0259736031539591,0.0361961780685711,6.0066,15.854020587419072,0,L,LL
693,0.0,0.0398476888124616,6.662092914462064,52.6229907813532,0.0252513378329497,0.0618871660386103,0.0,18.3687641070487,0,L,LL
694,-0.0035999999999987,0.0569395822418544,10.281237042117194,67.89479329727673,0.0177386529821397,0.0670921220190859,18.0036,24.15828250696613,1,L,LL
695,-0.0065999999999997,0.0358680473287997,5.459091105211832,31.67576925752136,0.0455100626225608,0.0913972846595138,6.0066,21.05007511555741,1,L,LL
696,-0.0045000000000001,0.0559480956429943,7.662042039077205,47.16460754846648,0.0254908241590528,0.071851183447048,30.0045,25.33125112158108,1,L,LL
697,-2.918199999999999,0.051111976284987,6.1976630578256175,43.36452593264141,0.028976707840327,0.0660666858893017,44.9182,27.471638944590723,1,L,LL
698,-2.914900000000003,0.0412471918754754,4.2229052357041965,38.0261404571348,0.0330449579974497,0.0513360037506348,68.9149,31.44593244079121,1,L,LL
699,-2.9150000000000063,0.0067530250756174,0.4603229951295463,8.419798422022845,0.1015322911979146,0.0171938199701258,74.915,32.91665435518076,1,L,LL
700,-8.209000000000003,0.0818215093571655,18.404138317177598,77.23966901869227,0.0189232075824304,0.1281196548884482,92.209,35.28145139114153,2,L,LL
701,-2.912300000000002,0.0525775956250733,8.512039235363682,57.58012520105409,0.0230165119640379,0.0720740030882563,104.9123,37.552822293929935,2,L,LL
702,-2.912000000000006,0.0689889007810923,7.042594719895541,37.79848712359596,0.0347182876111333,0.0899490356202652,116.912,39.51461679641029,2,L,LL
703,,,,,,,140.9076,41.846921716119546,2,L,LL
704,-2.9111000000000047,0.0475192733889046,1.8612047604950537,14.865959369501809,0.0967629540766186,0.0662534947191478,128.9111,42.64847495815591,2,L,LL
705,-2.9107999999999947,0.0568300396744521,1.472740795321931,9.34603649535499,0.1980325655235983,0.1072922737427116,134.9108,43.79890186261356,2,L,LL
706,-2.9107999999999947,0.0591124446198009,2.388552421285972,15.79835818274466,0.0829134121948727,0.0728559597396171,134.9108,45.19382206814012,2,L,LL
707,,,,,,,140.9076,46.9640767747252,2,L,LL
708,,,,,,,164.5389,61.197627260501626,2,L,LL
709,0.0,0.0094857270347124,1.4313975827718606,0.5102512554870038,0.357581163890976,0.188295712489991,0.0,4.414608245042748,0,R,LL
710,0.0,0.0174044070052182,2.5376197422917977,1.0287462927364346,0.1951737258960514,0.182202115625087,0.0,5.509918253963958,0,R,LL
711,0.0,0.0068899406480097,1.106933074415076,18.758163244887506,0.0197312061186182,0.008034900731092,0.0,7.170659114714366,0,R,LL
712,0.0,0.054364682804468,48.43318943625265,223.84489270663093,0.0081812239966113,0.1457695694021974,0.0,8.825993245325577,0,R,LL
713,0.0,0.0448464932333512,31.89086006315721,240.64715544873675,0.0055338077223803,0.0649225867028272,0.0,9.232670635894562,0,R,LL
714,0.0,0.097679611584834,24.629635916534788,93.36282755031242,0.0092824103095074,0.0841054757301082,0.0,10.631793419664692,0,R,LL
715,0.0,0.0057768557533116,0.7872729128214094,2.214773075148198,0.870358592944823,0.2520745779532543,0.0,12.561471547361602,0,R,LL
716,0.0,0.0041470451426193,0.5224129415679649,2.653087419032483,0.5400697544119856,0.1037932954929086,0.0,13.930352979501192,0,R,LL
717,-0.0065999999999997,0.056836396586927,27.707674697852926,174.75846330286154,0.0078493209955933,0.0800087873405745,6.0066,17.19171540783152,0,R,LL
718,0.0,0.0536746096286331,9.208695244062085,45.34453813239058,0.0190249961760893,0.0644507828330548,0.0,20.771316208367804,0,R,LL
719,-2.918199999999999,0.027980381252909,4.373974347178368,56.61396676025147,0.024273672567973,0.0390586509509608,44.9182,26.208432124292084,1,R,LL
720,-2.9177000000000035,0.0359730422805345,5.0445500361781015,52.45956805374171,0.0244499921011104,0.0453739591115651,50.9177,27.90245359227715,1,R,LL
721,-2.912000000000006,0.0380903968674144,3.230573814475668,32.36889779658739,0.0429449165388002,0.0510383880665306,116.912,28.45808860628954,1,R,LL
722,-2.9158000000000044,0.0102303023088927,0.8018891911391427,8.226860291958477,0.0830992782789375,0.0245141663920547,80.9158,31.109857163637137,1,R,LL
723,-2.9129999999999967,0.0733430274600614,20.063307425664632,98.95627755343648,0.0130439432570162,0.0962757580426451,62.913,32.652907059146685,1,R,LL
724,-2.915099999999996,0.0472569448690842,4.211499571481272,33.42169722250742,0.0365783634222607,0.0566717403123964,98.9151,35.221742543050865,1,R,LL
725,-2.912300000000002,0.0307769230448213,2.265114917509531,27.55091020732212,0.0417081962120838,0.0347549898738651,104.9123,36.9911022234551,1,R,LL
726,-2.9111000000000047,0.0339049162878781,1.1994765266842602,14.027462666633582,0.1170006780545758,0.0516280414574093,128.9111,38.99542283961917,2,R,LL
727,-2.914599999999993,0.0480892482596039,2.878604805118895,23.306912635380296,0.0610302338017152,0.0646297681277362,122.9146,40.60867606835547,2,R,LL
728,-2.9107999999999947,0.0183712486490274,0.4608437166640633,8.73772054924003,0.2091292880368675,0.0354547189894778,134.9108,43.97247406650825,2,R,LL
729,-2.914599999999993,0.0528199094421902,2.531883598517698,17.41183552030829,0.0724913383096845,0.0675204567014796,122.9146,45.45412454237123,2,R,LL
730,-2.9107999999999947,0.0552232472606719,1.6544820242883622,12.558241801130304,0.1372514524905551,0.0835380859246004,134.9108,47.401279306690185,2,R,LL
731,,,,,,,150.7594,49.43044482293077,2,R,LL
732,0.0,0.0467018170188486,7.100919328828619,-0.931063070840654,0.3994898334369738,1.0435801947479606,0.0,2.7036882226470604,0,L,LL
733,0.0,0.039760547140212,6.867931078747231,25.482721644201806,0.0226404271484771,0.0572026386746239,0.0,4.285642643515672,0,L,LL
734,0.0,0.0250013215122289,3.84092771689248,-0.9256689618702132,0.1592641942048726,0.2250400423626488,0.0,5.121329721793181,0,L,LL
735,0.0,0.0134828977339394,2.066642093308284,-0.2117410783768431,0.4262611361106683,0.3240757442458072,0.0,5.273272826934546,0,L,LL
736,0.0,0.0039420539708787,0.5950167091876692,1.0400338565352316,0.5516784446417037,0.120759330112052,0.0,7.514433627769685,0,L,LL
737,0.0,0.0266763469559977,3.962077204664309,0.0136957917441463,0.2943999425620616,0.4291075668709677,0.0,8.453976323511167,0,L,LL
738,36.0,0.043029687365487,1026849.8317779084,1270.1111060919534,0.0021720688301117,820.5140796878395,0.0,10.630280490404484,0,L,LL
739,0.0025000000000012,0.0375620859554799,16.28612828281435,150.5067773397167,0.010141695294959,0.0607622612378459,23.9975,12.42695017074901,1,L,LL
740,-2.917199999999994,0.0510584773893642,5.658438885972314,41.99922723374346,0.0370108191386723,0.0770425847766752,110.9172,24.273913811548905,1,L,LL
741,-2.922200000000004,0.040256594136,9.667570765904417,78.29827150710308,0.0198199976714683,0.0704898322399494,92.9222,29.24601350393016,1,L,LL
742,-2.9155999999999977,0.0136817175349051,2.085761033607982,45.07572873252253,0.0364702891046055,0.0279839666006692,122.9156,31.554705453873115,2,L,LL
743,,,,,,,150.7613,32.14720545387311,2,L,LL
744,,,,,,,150.7613,32.84241413512628,2,L,LL
745,,,,,,,150.7613,33.640947398078296,2,L,LL
746,,,,,,,163.9817,35.772554425656075,2,L,LL
747,,,,,,,140.9077,37.39929214375692,2,L,LL
748,,,,,,,150.7613,38.67840234367908,2,L,LL
749,,,,,,,163.9817,39.3512835827778,2,L,LL
750,0.0,0.070951928794614,9.950184573370388,31.03656755415661,0.0229579562065313,0.0840368718543942,0.0,4.360517510655617,0,R,LL
751,0.0,0.0280510226790921,4.2627619638024985,2.9822299349798915,0.1011001759405242,0.1585435255539032,0.0,5.399303238269082,0,R,LL
752,0.0,0.0714199500386002,11.126941498283772,5.895725552382111,0.0623295239110949,0.2551379915480614,0.0,7.5445709017691165,0,R,LL
753,0.0,0.1072794124408322,19.644608337934933,48.70774814706897,0.0160420039202654,0.1159331165259931,0.0,9.56688911002393,0,R,LL
754,0.0,0.031855232506643,4.8332109664078455,-1.161740252383169,0.1921597351712544,0.3416674936381517,0.0,10.941141753628592,0,R,LL
755,-2.9166000000000025,0.0376987680404631,5.084302731859519,53.30890778672848,0.0250162086948959,0.0467905781058505,50.9166,21.94032831151464,1,R,LL
756,-2.9185000000000016,0.0304433529175074,7.222024410709006,91.43632754969586,0.016546281036877,0.0439607270679945,56.9185,24.723258414618343,1,R,LL
757,-2.9185000000000016,0.0711810899455525,13.378035003262356,76.06378712768279,0.0190306381755096,0.0936593626830493,56.9185,25.13729419466578,1,R,LL
758,-2.9155999999999977,0.030064289550678,3.778086667945914,50.72951834676546,0.0278838825560105,0.0387552621779299,80.9156,26.074976607106155,1,R,LL
759,-2.9155999999999977,0.0301935628176604,2.9217660103091085,34.85567909173501,0.0341615105155542,0.0367187608143434,80.9156,27.76885451345006,1,R,LL
760,-2.914000000000001,0.0636158071600971,49.46829835856418,145.0222703552835,0.0126147515375475,0.2295679153814273,74.914,30.16842542052412,2,R,LL
761,-2.914199999999994,0.0665754074196555,108.80737710989187,141.51567225652354,0.0140762002446165,0.5634421023807475,98.9142,32.07234329235323,2,R,LL
762,,,,,,,140.9077,34.291750500714315,2,R,LL
763,,,,,,,140.9077,35.413591668973,2,R,LL
764,,,,,,,150.7613,37.57608906451768,2,R,LL
765,,,,,,,163.9817,38.598181771076135,2,R,LL
766,,,,,,,150.7613,40.79932952204062,2,R,LL
767,0.0,0.1142301351323117,26.336383714628308,75.13561392476335,0.0117257176453334,0.1136059535857439,0.0,0.781413622565305,0,L,LL
768,0.0,0.0633958385927316,11.447550299574631,65.16264621755268,0.0204421778547224,0.0860885198785456,0.0,1.3042766608458851,0,L,LL
769,0.0,0.0130901809981975,,,,,0.0,1.7466992316986842,0,L,LL
770,0.0,0.0319459204757428,4.851623257657873,29.84217057633387,0.0255395464259339,0.0455833004999102,0.0,5.3050124090273,0,L,LL
771,0.0,0.0345680638572289,5.633754711179873,57.732020349502015,0.0262478088916703,0.0543997003744914,0.0,7.184025208584558,0,L,LL
772,0.0,0.0582173481356404,8.990704560913432,19.49979967309755,0.0290454217176634,0.0960675978394361,0.0,8.063563114760294,0,L,LL
773,0.0,0.0858014837495658,13.73089354268109,29.888615290562225,0.0226413651220423,0.1143686320148686,0.0,8.662740057646062,0,L,LL
774,0.0,0.0789810436338315,12.81440750350697,29.357280777958103,0.0222072794108829,0.1046886032698876,0.0,11.99747656928009,0,L,LL
775,0.0,0.0276976059829597,43.27762831386731,378.06235439417634,0.0037122418035067,0.0591024150996291,0.0,15.153377111632306,0,L,LL
776,0.0,0.027075334661177,4.289583308748603,34.21404429593057,0.0301187527695457,0.0475288830642733,0.0,17.942817778145937,0,L,LL
777,0.0,0.0299513493830486,4.864594825454883,43.78881742654719,0.0305527411607749,0.0546767097502994,0.0,18.915162407733057,0,L,LL
778,-0.0076,0.0275797532272903,4.405505358521646,54.78274028114832,0.0202800501588679,0.0328677728374574,6.0076,21.55022447341993,1,L,LL
779,-8.3705,0.0410758842247744,6.364608738186493,50.30734975839571,0.0205076415512243,0.048016770465081,44.3705,23.21082642338681,1,L,LL
780,-2.918599999999998,0.0422967983342285,7.992145352181348,74.35391382725092,0.0165400922521941,0.0486302855112565,56.9186,25.67975624408494,1,L,LL
781,0.0014000000000002,0.0507696069473077,7.397818971600322,44.65492220386786,0.026626500946553,0.0724641690156933,23.9986,27.448726505534133,1,L,LL
782,-2.9168999999999983,0.03991519123924,5.161349926624868,44.80824847490658,0.0251392365053194,0.0477332391121824,50.9169,28.98115164547078,1,L,LL
783,-2.9168999999999983,0.0587771372292788,7.919190476393528,47.61896708114335,0.0239944659158178,0.0699032543194433,50.9169,30.64156472278928,1,L,LL
784,-2.9154999999999944,0.0472352073747166,6.107674570238213,48.35251151385133,0.0256761569036126,0.0576914464643798,98.9155,32.30579661849542,1,L,LL
785,-2.918599999999998,0.0792482678361287,10.85866798144322,51.44900642868815,0.0235991495492745,0.094271067450451,56.9186,34.087459400665864,1,L,LL
786,-2.918599999999998,0.0711868008663203,13.356087542329838,76.78906215689457,0.0204850549467213,0.1006518839633885,56.9186,36.11326796170404,1,L,LL
787,-2.918700000000001,0.0433357739042653,4.065275916986962,32.65232542202289,0.0388871235128629,0.0581569155348973,80.9187,37.59928437597407,2,L,LL
788,-2.918700000000001,0.0123203219761468,1.0902309118157494,21.462660675845587,0.0428734655554644,0.0171954125418012,80.9187,38.87242348357386,2,L,LL
789,-2.9154999999999944,0.0309292103944697,717954.7686373533,930.7826488286996,0.0029325465724897,774.546544043842,98.9155,40.36599995134656,2,L,LL
790,-2.9170000000000016,0.0365085317526723,1.5702603083473132,12.362932087648652,0.0778698690449584,0.0449828135174702,122.917,43.67089166652373,2,L,LL
791,-2.9170000000000016,0.0269283105491273,1.423314768961612,19.761239326129772,0.0621971038181812,0.032566916176326,122.917,44.69445947049631,2,L,LL
792,,,,,,,140.9079,47.24385894964348,2,L,LL
793,,,,,,,140.9079,48.18959157147695,2,L,LL
794,-2.910899999999998,0.0481771632115997,1.3998163844448424,11.924562902787718,0.1413758077797318,0.072803404717744,134.9109,49.31818522998034,2,L,LL
795,,,,,,,150.7612,52.21540997712062,2,L,LL
796,,,,,,,150.7612,53.30224551143913,2,L,LL
797,,,,,,,150.7612,55.30936001136386,2,L,LL
798,0.0,0.0590978047919409,9.678877354646028,45.3515805427455,0.0213971226774155,0.0761878786698222,0.0,3.315304228242362,0,R,LL
799,-2.9151999999999987,0.0238800340864522,2.09355927850264,22.973499442040712,0.0402041925633653,0.0309643611985056,74.9152,4.589015522374591,0,R,LL
800,0.0,0.0135332048355792,1.750934636693093,16.788561101180484,0.0356328156366062,0.0229522672917257,0.0,5.385085081207235,0,R,LL
801,-0.0076999999999998,0.0255154795640121,3.2335763355397864,47.00179049533321,0.0383727926584417,0.045646979268243,30.0077,7.465318202005403,1,R,LL
802,-8.3705,0.0125088362642716,1.655539685636065,32.50447618709254,0.0210505396265067,0.012820599906483,44.3705,10.356980849486744,1,R,LL
803,-2.913200000000004,0.0123103323412734,1.2229403235875165,26.92646709836214,0.0816522338643663,0.0367348993243789,62.9132,12.7257264732567,1,R,LL
804,-2.9211000000000027,0.0270061202668426,3.2476445500591944,29.883745373103466,0.0465520983615602,0.0556177313753538,44.9211,13.908858279295089,1,R,LL
805,-2.9211000000000027,0.0335092266112082,3.734453307561337,34.56995205044445,0.0334240059205234,0.0459188551220266,44.9211,16.5204855458901,1,R,LL
806,-8.3705,0.0294406969794368,3.4839541912579937,25.70184415059859,0.048091885143767,0.0616381727082017,44.3705,18.31678501437929,1,R,LL
807,-2.918599999999998,0.0564191947568549,13.407859065243814,92.76567758214064,0.0150483188446793,0.0742254670306544,56.9186,20.74394057565688,1,R,LL
808,-2.9168999999999983,0.0586415997944227,10.947799386868056,79.52400546649456,0.0189207695386997,0.0762028377580973,50.9169,21.44011694668101,1,R,LL
809,-2.9168999999999983,0.0690625401280463,10.511668416985492,66.21056352459317,0.020928522889559,0.0809311568686925,50.9169,23.95268681597836,1,R,LL
810,-2.9151999999999987,0.0359037492517255,4.153457137747527,45.4104899117107,0.0250841727547454,0.0383279008386526,74.9152,25.747797127470548,1,R,LL
811,-2.918700000000001,0.0288399141172146,2.27829669231803,10.733553941204066,0.1011438510472133,0.0847725570162106,80.9187,27.01967259307243,1,R,LL
812,-8.2132,0.0188726375213846,1.806277216729236,34.583080785811525,0.0313081443213816,0.0208040193602149,92.2132,29.851301525640466,2,R,LL
813,-2.915099999999996,0.0419979286127565,6.564028713241092,51.17365479109604,0.0269391552573082,0.0650518966680042,116.9151,31.96996750756879,2,R,LL
814,,,,,,,140.9079,37.63760364712104,2,R,LL
815,0.0,0.0376334742980089,6.237335477108486,20.975423344450828,0.0224853585430691,0.0515946224147386,0.0,5.700303710136303,0,L,LH
816,0.0,0.0285217549438589,4.428981507123193,4.869742057193437,0.0354427419030081,0.0577479666775943,0.0,7.706894774202328,0,L,LH
817,0.0,0.0278083778620315,4.270547061927478,7.027354726540964,0.0403782360887987,0.0634360851363912,0.0,9.334068716501092,0,L,LH
818,0.0,0.0078220562494766,1.2375772938100942,11.728824067670494,0.0654317837065111,0.0297897329706155,0.0,10.155668716501092,0,L,LH
819,0.0,0.0231575651688417,3.9149716728949104,23.12824367217806,0.0202356948460607,0.0291442084018871,0.0,10.992274726500323,0,L,LH
820,0.0,0.0361195223781416,5.402435772839311,21.90294776817919,0.0271520510189241,0.0539632094784478,0.0,13.8898960644928,0,L,LH
821,0.0,0.0421758666871352,6.56855974616899,33.02350636749728,0.0222534545156976,0.0537740950973716,0.0,15.347552036250196,0,L,LH
822,0.0,0.013124806356424,2.7318154698809693,68.88628012494132,0.0137485779135382,0.013817028624423,0.0,16.89694238152897,0,L,LH
823,0.0,0.0549502592951973,10.060878631986103,59.34083287500079,0.0165318654330305,0.0611875817807802,0.0,19.70945145295707,0,L,LH
824,-2.910399999999996,0.0294907983326854,2.6100676029503487,22.704803847112554,0.036895272589969,0.0354264795801878,74.9104,22.363486924994238,1,L,LH
825,0.0,0.0302926575449596,5.049789601584701,59.70263258223565,0.0221712630849364,0.0411878608789359,6.0,24.68830457798454,1,L,LH
826,0.0015,0.043399635592591,6.448636150684027,63.57675183867421,0.02136044520234,0.0506738255336096,29.9985,27.44202526043839,1,L,LH
827,0.0021999999999984,0.0643361762992521,9.511921511414744,55.51304249925843,0.0247586894425285,0.0866366056077148,17.9978,29.40243429680136,1,L,LH
828,0.0015,0.0440733740190149,5.519116893195465,47.16862387387849,0.0340535561082763,0.0691413064027696,29.9985,32.51751808318299,1,L,LH
829,0.0015,0.0737207743020116,12.624811708619797,77.13534283119415,0.0193291903740544,0.0897726594783733,29.9985,34.9129809688785,1,L,LH
830,-2.911200000000001,0.0743065372579297,9.704355540388486,54.86953122719748,0.0253258869738795,0.0904142495443693,44.9112,37.50223742257779,1,L,LH
831,-2.906400000000005,0.0551585718502467,9.961733859646989,69.98995518820945,0.0178264745601354,0.0653289858927196,80.9064,40.64420519235314,1,L,LH
832,-2.906399999999998,0.0499827343664195,5.456327478471179,46.18030827111107,0.0359748079673038,0.0722111781014251,62.9064,43.55417667891512,2,L,LH
833,-2.906000000000006,0.0071013713950688,0.2585450266940629,6.684200523650759,0.1793914688365217,0.0170625325208895,122.906,45.129729983704806,2,L,LH
834,-2.906499999999994,0.0485203151640916,4.687908073462535,35.37011522074338,0.0345780864946026,0.0596328493778091,116.9065,46.12234567759966,2,L,LH
835,-2.905300000000011,0.0381545525903524,1.517338354078353,14.989966545993177,0.0873735852873453,0.0487717243671456,128.9053,49.46457776382459,2,L,LH
836,-2.905300000000011,0.0391935511313544,1.5514807484887845,17.60852764817894,0.1148263203035252,0.0655380260816139,128.9053,51.07851263413121,2,L,LH
837,,,,,,,147.9221,53.71567217477307,2,L,LH
838,-2.905300000000011,0.0291321174364619,0.8723681730506699,6.555217877887802,0.1379451607260037,0.0442702322414976,128.9053,54.95495297681347,2,L,LH
839,-2.9055999999999926,0.0300255522252596,0.7228487204711024,12.269417877317109,0.492490989442566,0.1309637866960672,134.9056,56.799604303800535,2,L,LH
840,,,,,,,163.9752,64.26359230973658,2,L,LH
841,,,,,,,163.9752,68.30489062135109,2,L,LH
842,0.0,0.2311821343712442,92.80849404302172,138.87636725930034,0.012251832615033,0.4183061970851569,0.0,3.775952302793239,0,R,LH
843,0.0,0.0713443399097582,24.131607102229992,122.9775868577046,0.0079418546311678,0.0705039902838227,0.0,7.532509901901125,0,R,LH
844,0.0021999999999984,0.0634017814482356,127.41642844184896,295.1464776827034,0.0063172894317069,0.2961158951196146,17.9978,9.809938470125156,0,R,LH
845,0.0,0.0789064541625826,19.93157322821193,96.0091995918783,0.0121418027084521,0.0890287487016038,0.0,10.69091759256209,0,R,LH
846,0.0,0.1348415437648605,42.87105380736608,128.19725658267262,0.0096832759529272,0.1527186180856202,0.0,12.176686451705397,0,R,LH
847,0.0,0.2474713218077336,77.58426859391578,127.68622832726864,0.009958533840971,0.2842330608366273,0.0,15.216959393127976,0,R,LH
848,-2.908099999999997,0.0387973197052098,4.080561037236998,40.66559371332801,0.0388321592790855,0.0582930711919023,50.9081,17.474698899634,0,R,LH
849,0.0,0.0984845179290695,27.8270967855056,118.85757424575438,0.0130931825197789,0.13403512961521,0.0,21.83335679909659,0,R,LH
850,0.0015,0.096423901332876,14.732281665978991,67.58977742379923,0.0231356770646168,0.1253885110368718,29.9985,26.22042925949421,1,R,LH
851,-2.911200000000001,0.0640303309630715,7.417039545199243,45.65145661332291,0.0352264461180233,0.0961180482313428,44.9112,28.39807181843266,1,R,LH
852,-2.911200000000001,0.0806697024866582,11.43159841648314,61.379118272363726,0.0237485774301673,0.0998734558360084,44.9112,30.042971422910025,1,R,LH
853,-2.906400000000005,0.0484031336579017,5.072780126140805,46.36792029036448,0.0350395399542583,0.0653897914661192,80.9064,31.19887985229328,1,R,LH
854,0.0015,0.080336063021215,13.501400114681632,70.1024631676754,0.0208542066203106,0.1035804987942214,29.9985,36.68176044959809,1,R,LH
855,-2.908099999999997,0.1110284524703838,15.943022977794104,64.1204280720391,0.0235010032842067,0.1378359783884964,50.9081,40.62781382474131,1,R,LH
856,-2.908099999999997,0.1505354931299702,32.087219679463395,85.94983471273537,0.0171273845116033,0.2021755594304947,50.9081,41.52271332747891,1,R,LH
857,-2.906399999999998,0.1095421005460309,14.192183196140654,56.67068611511289,0.0251595255284797,0.1313581953459842,62.9064,43.66280478561098,1,R,LH
858,-2.910399999999996,0.0665116394736035,11.176499043185832,69.43045558901086,0.0196613394980709,0.0808396464955627,74.9104,46.19450958255821,2,R,LH
859,-2.910499999999999,0.0212145407627431,4.413008255437576,73.4052930452152,0.0173947099596258,0.0282395290470256,92.9105,48.43410294752607,2,R,LH
860,-2.910499999999999,0.0678633377913975,77.52246897764407,148.51658486122085,0.0124047038833763,0.3537687895007738,92.9105,50.09915705984856,2,R,LH
861,-2.9061999999999983,0.0799185443257895,12.8929047361582,58.285382885230064,0.0279113944863945,0.132384709487763,98.9062,51.79353049450832,2,R,LH
862,-2.9061999999999983,0.0528909873781977,6.727773086898894,49.42619748971143,0.0314623062806514,0.0778695039015619,104.9062,53.0703467647098,2,R,LH
863,-2.906000000000006,0.0742001307525352,7.649530268862995,37.12065308223141,0.0358858038506438,0.1009864171933914,122.906,54.394996318094925,2,R,LH
864,-2.906499999999994,0.076000602619555,20.989271827452377,67.24316587090412,0.0245714836545576,0.189729241548761,116.9065,56.57951453421926,2,R,LH
865,-2.906499999999994,0.0298720019412856,2.432718466473544,34.47182923933818,0.0646940818329868,0.0578977815688359,116.9065,59.158074476723456,2,R,LH
866,-2.905300000000011,0.0472043945658414,1.6181238201665495,12.147133395376864,0.1181429665831955,0.0703274937910984,128.9053,60.6723926442336,2,R,LH
867,,,,,,,140.905,61.4971526442336,2,R,LH
868,,,,,,,140.905,62.70271949534602,2,R,LH
869,-2.9055999999999926,0.0733821913649068,3.5525805833524315,19.4573346757284,0.0801810500969249,0.1047903270164674,134.9056,64.62728147198513,2,R,LH
870,,,,,,,140.905,66.41811835470921,2,R,LH
871,,,,,,,147.9221,68.48020982210289,2,R,LH
872,,,,,,,140.905,70.30587912429263,2,R,LH
873,0.0,0.0147021758335297,2.2886484086370253,0.4185071042209647,0.2718230365994671,0.2288605079985095,0.0,0.8962801550017703,0,L,LH
874,0.0,0.0035267393394152,0.5501713369513829,0.7399301709762232,4.443455817581835,0.8993409006560744,0.0,1.919506353934573,0,L,LH
875,0.0,0.0088670825327866,1.2506954960081924,2.238303287582447,0.8523020483254616,0.3921485704385166,0.0,3.542579553554664,0,L,LH
876,0.0,0.0066724356509174,0.8483085278774852,1.9994228684186768,1.0769704095675985,0.336095828307034,0.0,4.833741626155115,0,L,LH
877,0.0,0.0036618994436172,0.5636002883432416,0.255955651550153,0.4736759122082331,0.0982105232455408,0.0,5.955925441104424,0,L,LH
878,0.0,0.0062946834063854,1.2271165354199598,-32.90576276356956,0.008235604100347,0.003717806544157,0.0,7.3042003543505025,0,L,LH
879,0.0,0.009310190386475,1.2874720748540731,0.8202045973237074,0.5933422479594239,0.2810273633444219,0.0,8.088973919425937,0,L,LH
880,,,,,,,5.9993,10.008443530688666,0,L,LH
881,0.0,0.0122711187118601,1.7389447076864388,0.1956679060431478,0.7486419695307043,0.478922743491012,0.0,10.427143530688667,0,L,LH
882,0.0,0.0062859247732727,,,,,0.0,11.979416072262495,0,L,LH
883,0.0,0.0204777931413073,3.174542402114847,-0.3424958425600341,0.2456139880266147,0.2868400220241417,0.0,12.878522884120672,0,L,LH
884,0.0,0.0181099018995939,2.8156492218081004,-0.7707115811491491,0.1315856657189407,0.1362989935052713,0.0,13.771921725624283,0,L,LH
885,0.0,0.0118083883508803,1.5763991983166576,1.6411372744654875,0.3805476231490786,0.2206890256090881,0.0,15.606563545632762,0,L,LH
886,0.0,0.0059157742401755,0.8928490970452075,0.484578186291331,0.8216365687829574,0.2698754267702448,0.0,16.97151762275828,0,L,LH
887,0.0,0.0072327987811341,1.0878954001571224,2.1835049086813965,0.0563572372634195,0.0225549751841566,0.0,19.59906798949898,0,L,LH
888,0.0,0.0024021147610894,0.3747299027299595,0.6114927933055547,5.683274964000018,0.7834702980943787,0.0,21.15796139757889,0,L,LH
889,,,,,,,164.5274,24.246971674583623,1,L,LH
890,,,,,,,140.9041,26.08696551771142,1,L,LH
891,-8.033499999999997,0.0236512755323109,3.797104731310056,64.32728550128536,0.0185344256685871,0.0258903085991648,44.0335,6.446691088133935,0,R,LH
892,0.0,0.0565152395190341,11.45464318988908,70.63683773465429,0.0165675123407868,0.0698142997613233,0.0,6.778355631912737,0,R,LH
893,0.0,0.021309688849593,6.720552298270369,106.8572322979358,0.0093134259907188,0.0230260769105676,0.0,7.833700000825137,0,R,LH
894,0.0,0.0072843709022989,0.8784675820259202,-0.2500128612179234,0.0386247707419539,0.0124823734628077,0.0,9.632474063779377,0,R,LH
895,-2.9116,0.0907692379286908,8.223363645149446,30.633133822462703,0.05487333722364,0.1660031721834784,44.9116,11.172634113284827,0,R,LH
896,0.0007000000000001,0.0846439990899547,18.176104935942835,93.24093708526114,0.0193330827262352,0.1292728872658947,5.9993,11.98281726765258,0,R,LH
897,0.0,0.0848955344774092,156.4929453559622,328.8731100409973,0.0052230760551866,0.300695294776597,0.0,12.550010835527509,0,R,LH
898,0.0,0.2578342720535971,212.2395814935525,226.8051840584148,0.0072343091716827,0.5648445775261348,0.0,14.225756267653704,0,R,LH
899,6.0,0.0429181203356957,5.9973327647522,44.38190162978994,0.0313500998992823,0.0691675820129382,0.0,17.54450645641426,0,R,LH
900,0.0001999999999995,0.0631350554290727,8.602959291902561,52.333839375757904,0.0286891543485385,0.0907969234078647,29.9998,17.445476689037747,0,R,LH
901,0.0,0.0510400468550032,7.868000478762765,52.68970788826216,0.0340911822522359,0.0986760958609786,0.0,18.884644536464226,0,R,LH
902,0.0007000000000001,0.2173805069879001,378.4210258137055,299.21789778002034,0.0060192651688189,0.8379618610482407,5.9993,20.16894352984544,0,R,LH
903,0.0,0.1623418485553557,45.62480341726874,118.3632136861528,0.0145909394463177,0.2449005606931129,0.0,21.892922095107465,0,R,LH
904,0.0,0.1957891767750832,76.58535752873657,148.32970540387817,0.0117584682446453,0.3312851835591148,0.0,24.55597722412005,0,R,LH
905,0.0001999999999995,0.2321744111092636,62.65073314711386,105.47955646475022,0.0134251982156075,0.3094228501427846,29.9998,26.53765138022999,0,R,LH
906,0.0030000000000001,0.2335148760697718,54.850230510620726,98.83643140367296,0.0157507321593937,0.3178225600483615,17.997,28.11499861111366,0,R,LH
907,-2.908299999999997,0.2182631107935448,48.91983957585634,90.1129154750474,0.0149958759418075,0.2698748296413901,50.9083,29.780982558455293,0,R,LH
908,0.0,0.1849605619114293,66.98339854608653,142.6449605138361,0.0133179567357838,0.3281786290563755,0.0,31.053802583512343,0,R,LH
909,-2.9065999999999974,0.1791639812464157,34.90095330773353,76.02950626441448,0.0181590382334013,0.233150124046027,62.9066,32.12754482334461,1,R,LH
910,,,,,,,140.9041,33.27767825825159,1,R,LH
911,-8.033499999999997,0.1017280219267968,72.3026926940132,187.7359394570098,0.008291213955056,0.2205352985759254,44.0335,34.8086982582516,1,R,LH
912,0.0001999999999995,0.2167628203373913,64.85572477008769,115.7670419686389,0.0140725464109861,0.3357581201808608,29.9998,35.97710825825159,1,R,LH
913,-2.909700000000001,0.1426023937212051,74.85698845352198,144.35904897356863,0.0113393949853258,0.3122681947837814,56.9097,38.5888482582516,1,R,LH
914,-2.909700000000001,0.1807441865527005,38.52758433414974,87.04612176160167,0.0168401421266657,0.2386838587491064,56.9097,39.8947182582516,1,R,LH
915,-2.9065999999999974,0.1204498026456085,14.55427933476293,44.71656244927524,0.0311212016136613,0.1666297647199704,62.9066,40.1009082582516,1,R,LH
916,-2.9081999999999937,0.1673921911466668,53.58944210222513,107.8822001048201,0.0138040624687502,0.2721395547362885,68.9082,42.39783508392019,2,R,LH
917,-2.9081999999999937,0.1354973899491635,39.92743343353136,98.95587590441518,0.0165912997453193,0.2437010059889698,68.9082,43.82947966252839,2,R,LH
918,-2.9084000000000003,0.1453593543345741,25.545752629602745,66.06884684172375,0.0225412750355821,0.2118374298007402,80.9084,44.329119532834994,2,R,LH
919,-2.9084000000000003,0.1332083301680082,67.99696325049622,129.38978842544873,0.0126408327231027,0.316206446708193,80.9084,45.42269367273608,2,R,LH
920,-2.905699999999996,0.1361562566265295,25.683616966544697,63.4002108755488,0.0231218075663352,0.2184658128125575,104.9057,45.65161380902819,2,R,LH
921,-2.911699999999996,0.1383877540100367,48.357248305749394,104.14016710430376,0.0164538819752018,0.2927085955319721,74.9117,46.92890440989537,2,R,LH
922,-2.911500000000004,0.1244621909424139,21.60005015306586,63.42922057447307,0.0250898891331348,0.1993696378119096,92.9115,48.15046931973294,2,R,LH
923,-2.911500000000004,0.1521753193084005,25.35440651714225,61.4131864768863,0.0260651861723412,0.2431195026356672,92.9115,48.98227592225543,2,R,LH
924,-2.911500000000004,0.1049809762075192,17.77337126919462,62.19853336939073,0.0259531818601499,0.1696937867104318,92.9115,50.755086792737664,2,R,LH
925,-2.911500000000004,0.1318603057748808,18.618936722758423,56.43953133081531,0.0350835835108527,0.2403058485537823,92.9115,51.97347717001828,2,R,LH
926,-2.905699999999996,0.1222130150897882,14.30591507946826,45.16059421749095,0.0349654877666642,0.1840181887930466,104.9057,53.33148671367554,2,R,LH
927,-2.905699999999996,0.1029953494952063,7.090327869371757,27.261747595103827,0.0549625202159053,0.1433634602482183,116.9057,54.31618707694896,2,R,LH
928,-2.907899999999998,0.1424810927335847,12.198610473477617,36.69908568821201,0.0569489271318898,0.2555650307084604,110.9079,56.701717428927736,2,R,LH
929,-2.906400000000005,0.1397648415532742,6.859115580702617,22.983787628519767,0.1009693579434918,0.2547787683355653,122.9064,60.02274968486714,2,R,LH
930,-2.904599999999988,0.1919801494361742,6.487036937576666,15.766768183592175,0.1776389200375893,0.4239259607927851,128.9046,62.05635417087005,2,R,LH
931,-2.904599999999988,0.1392667120343933,4.703773512657052,17.351846721162577,0.206468147968139,0.3572769370166583,128.9046,64.46915652018927,2,R,LH
932,,,,,,,140.9041,66.46016669888759,2,R,LH
933,,,,,,,150.7563,69.18109873700314,2,R,LH
934,,,,,,,150.7563,71.39364260054872,2,R,LH
935,,,,,,,150.7563,73.65174697253265,2,R,LH
936,,,,,,,163.9744,75.68936564073154,2,R,LH
937,,,,,,,163.9744,76.98624144447544,2,R,LH
938,,,,,,,163.9744,78.0609771420309,2,R,LH
939,0.0,0.019900877824751,3.0498409859114326,-0.2700928146039202,0.2259125005793785,0.2534679061910632,0.0,0.5535414492158638,0,L,LH
940,0.0,0.0576903325184741,9.458258248847969,26.724265028468277,0.0211924908076168,0.0737392454660986,0.0,1.617040290502499,0,L,LH
941,0.0,0.0164794740134517,2.5707979530459526,-0.0304915717991673,2.838871579636867,2.684844952235145,0.0,2.370451136596393,0,L,LH
942,0.0,0.0971130997517814,15.232714546662695,25.678285233477997,0.0171788077195001,0.0962666459023839,0.0,3.037231376735072,0,L,LH
943,0.0,0.00749000853036,1.1462143880509783,-2.5938502552549547,0.0922178815855281,0.0388853950323592,0.0,6.379826005638204,0,L,LH
944,0.0,0.0056271388752148,0.981453343445486,0.1816709227972664,0.0154937843626836,0.0055941316702983,0.0,8.050860507805108,0,L,LH
945,0.0,0.0351693458993977,6.276194818297494,40.5498293484495,0.0174667355210726,0.0403286494513608,0.0,9.089122866296224,0,L,LH
946,0.0,0.0185743484077405,3.124985865377496,10.096733267391024,0.0158588280966191,0.0182315950923603,0.0,10.388513738395122,0,L,LH
947,0.0,0.1252995174948181,13.63787800923638,16.954059280353896,0.0277017080867939,0.1389820994938326,0.0,14.177496542716932,0,L,LH
948,0.0,0.064524384195868,11.786539703092153,52.747229298208325,0.0155320575410632,0.0673473997294213,0.0,15.589332379562933,0,L,LH
949,0.0,0.0314440900178893,4.502990323184326,8.69522132174924,0.0370548105984269,0.0613834267680527,0.0,17.98608865818446,0,L,LH
950,0.0,0.1088718522556245,21.788587505879622,73.31806161057463,0.0151260633279422,0.1212440707912829,0.0,20.549859580868468,0,L,LH
951,-8.156300000000002,0.0135537078142547,0.9957272017271118,12.716305169852886,0.1086839598385113,0.0398117568493517,92.1563,24.766338846945946,0,L,LH
952,0.0,0.0072744420752781,1.1381933095564392,3.117264505587632,0.1585631067650252,0.0663932140416595,0.0,28.9303556906342,0,L,LH
953,0.0010000000000012,0.0056692719653434,0.7410131913175706,17.414670895577355,0.0445723781506564,0.0121505871217021,29.999,36.38151909702852,1,L,LH
954,-2.9099999999999966,0.0247579155206496,2.4733367873817973,19.15884861967061,0.0573669257313852,0.0521975780086308,56.91,46.28559977969467,1,L,LH
955,-2.9099999999999966,0.042912703732582,5.257713007855681,52.93434231788559,0.0341629445603329,0.0660781218933941,56.91,47.91929780258405,1,L,LH
956,-2.911699999999996,0.0548239394757986,5.207586260989103,38.02710925724286,0.0354094272753634,0.0678361033275227,92.9117,53.43990250079691,1,L,LH
957,-2.911699999999996,0.0399243621642494,3.1847190326625285,25.368273250038488,0.0434955264796202,0.0509590394804092,92.9117,55.46237173412504,2,L,LH
958,,,,,,,104.905,58.81529535552721,2,L,LH
959,-2.9081999999999937,0.0290175112499858,2.0151490261743565,31.28693724539847,0.0665276682065811,0.0493190825162309,110.9082,60.50984535552721,2,L,LH
960,-2.906499999999994,0.0709640436487946,4.418450926718005,25.916483659909662,0.0671895371887935,0.1092137208693596,122.9065,65.59518158315376,2,L,LH
961,-2.906499999999994,0.0726627709517344,3.839347465738261,21.95413349554528,0.0776474531628555,0.1096705828662501,122.9065,67.59977591670365,2,L,LH
962,,,,,,,163.9757,70.16512335419306,2,L,LH
963,,,,,,,150.7564,73.26746203544621,2,L,LH
964,-2.905000000000001,0.0238754422426878,0.5836133557604853,5.888623411416113,0.1789485339786505,0.0384201348551497,134.905,75.23345017063113,2,L,LH
965,,,,,,,164.5287,79.21488796523064,2,L,LH
966,,,,,,,163.9757,87.75786114676248,2,L,LH
967,0.0,0.3623483618917312,191.21574364206452,186.27092222225028,0.0076683154506476,0.5394225962981745,0.0,1.8261467785348413,0,R,LH
968,0.0,0.3617748652992322,153.64986392765667,157.41015033953087,0.0088026265572469,0.4975651746506689,0.0,4.622369236269288,0,R,LH
969,0.0,0.0597736614703658,95.50039648513383,347.1030167626382,0.0045085715858986,0.1583979885849501,0.0,6.296050938385912,0,R,LH
970,-2.9081999999999937,0.0566839430813148,5.275307232007611,35.75602044088045,0.0340945495848647,0.0661665108135747,110.9082,7.312214828956719,0,R,LH
971,-2.905700000000003,0.0916131770805531,28.399622245536506,104.92497225440496,0.0145787671720184,0.1523136696703968,62.9057,7.648602960770255,0,R,LH
972,-8.156300000000002,0.1062315057403683,10.025772399927083,35.07581827052708,0.0356874204401075,0.1316250401732081,92.1563,8.144332839232305,0,R,LH
973,-2.905000000000001,0.0805390235114929,11.502314030808847,54.378122413055166,0.0241394981789051,0.1021454382297463,104.905,9.20149229062276,0,R,LH
974,0.0,0.1451644137749254,34.63131104861978,89.96483490555596,0.0134228719584799,0.1710093666863948,0.0,9.320305900638616,0,R,LH
975,0.0016999999999995,0.0317545577866024,4.3167446314864,58.0185677048691,0.0274553532054071,0.0436002431073125,5.9983,10.746765818547726,0,R,LH
976,0.0028000000000005,0.0824184917518857,17.202309848765527,90.90210222221688,0.0175738096587158,0.1112136776280603,17.9972,12.580314654726042,0,R,LH
977,6.003900000000002,0.0505603016651384,9.064046822633882,70.94600273165571,0.0166616432643832,0.0555578575809427,23.9961,14.970816794061438,0,R,LH
978,0.0028000000000005,0.0875760073667339,21.604372384954395,105.13743771636854,0.0155429502977911,0.1235323293849463,17.9972,15.327268819498318,0,R,LH
979,0.0,0.1110326882112812,60.10649039254268,177.11799024335983,0.0095937173293099,0.2121357220747898,0.0,17.609467112022433,0,R,LH
980,-8.032600000000002,0.0514668476895797,8.741279270152246,70.28695712935126,0.020503766349794,0.0659347187171913,44.0326,19.274753563134432,1,R,LH
981,0.0016999999999995,0.0876267077487628,26.88564300276465,119.72477146765388,0.0146142761758448,0.1445450607416634,5.9983,20.48172707811456,1,R,LH
982,-2.911900000000003,0.1111657046918325,25.39300768214114,90.9535743482249,0.0167501686814923,0.1564727974683231,44.9119,21.72335528600634,1,R,LH
983,0.0010000000000012,0.1187931814143023,34.642527443408724,112.39228210130764,0.0153007771505059,0.1949972908594119,29.999,23.961295153749703,1,R,LH
984,-2.9102999999999994,0.1238576404495077,30.50816703850532,95.90059216571753,0.016175600314193,0.1815440588856274,50.9103,25.79367456669889,1,R,LH
985,-2.905000000000001,0.0747441688079673,334.5395235896859,157.03205448234058,0.013880709451993,1.7083018686804174,104.905,27.012098256744192,1,R,LH
986,-2.905000000000001,0.0813852332640813,9.749975826145825,46.22858474301599,0.0371566217983905,0.1332739528781386,104.905,29.94288265562257,1,R,LH
987,0.0028000000000005,0.1150517804323047,35.08219561756205,117.347169076357,0.0131064272042637,0.1691517922142656,17.9972,31.628909235958723,1,R,LH
988,-2.905700000000003,0.0966391212089633,13.238843593926802,51.86452280753009,0.0229168644356724,0.1116119678065465,62.9057,32.92274152686011,1,R,LH
989,-8.032600000000002,0.098928896227946,17.472998765633864,71.96869444777184,0.0211120742969215,0.1357075062151297,44.0326,35.90487633840451,1,R,LH
990,-2.907700000000005,0.0824349377448804,8.953282602594243,46.05820862608572,0.0429334111263685,0.1414110041436172,98.9077,36.749953706282746,1,R,LH
991,-2.911900000000003,0.1086106500904893,22.931492856656597,85.55135518150985,0.0176504973074421,0.1489000326178442,44.9119,39.68902043647897,1,R,LH
992,-2.911900000000003,0.1422949595335424,37.02058968606522,102.48683430099612,0.0156552698265353,0.2132109020503411,44.9119,41.79233958944818,1,R,LH
993,-2.9102999999999994,0.1653153218989906,44.09377449931152,100.88251518855913,0.0154160230871146,0.2500662876684703,50.9103,44.88821276974444,1,R,LH
994,-2.905700000000003,0.1097111487194287,18.476505538956296,69.42113011739275,0.021846320333477,0.1484922035755658,62.9057,46.95997184707285,1,R,LH
995,-2.905700000000003,0.1428233735656166,30.69180178927602,83.38691490993402,0.0178937585506619,0.2020363322714805,62.9057,47.91023056678683,1,R,LH
996,-2.910899999999998,0.1268344395331632,24.936073669215183,74.39835174906797,0.0198960152687649,0.1825154762363253,74.9109,50.54562793950859,2,R,LH
997,-2.911699999999996,0.1491221599638063,23.763010751272198,59.18934097214063,0.0239421817785755,0.2093007123311154,92.9117,54.445459117828605,2,R,LH
998,-2.911699999999996,0.1017625934375533,14.411680225214468,55.12653919147846,0.0294909532061852,0.1563539816565815,92.9117,56.74276276166406,2,R,LH
999,-2.911699999999996,0.087430685907381,13.265379406913825,58.846274673464414,0.0288997689591056,0.1410326170013109,92.9117,57.96235569682439,2,R,LH
1000,-2.907700000000005,0.120773607304557,37.68396389954949,79.23007069698676,0.0226370057380875,0.3138203324235774,98.9077,60.94336725774656,2,R,LH
1001,-2.905000000000001,0.1088812752548049,9.869355204522174,38.42321222330576,0.0481898818058812,0.1749645882288057,104.905,63.10027773515807,2,R,LH
1002,-2.9081999999999937,0.0887116330155569,6.998547602272984,32.90187373175306,0.0522996854370371,0.1346519092622932,110.9082,64.00788991986703,2,R,LH
1003,-2.905000000000001,0.1038152540481977,207.10722276829165,121.71776302641136,0.0178618451468994,1.3609027228750283,104.905,66.14167991986704,2,R,LH
1004,-2.906499999999994,0.0967469500619338,4.20569614908916,21.033998998627855,0.1294912886086885,0.2003475166336526,122.9065,68.05476060871464,2,R,LH
1005,-2.906499999999994,0.1042062100309047,4.325462183043604,21.7111569222583,0.1608404667454438,0.2559371692540385,122.9065,70.25390923000276,2,R,LH
1006,-2.904599999999988,0.1115636159699924,3.382576716663878,13.63723047252537,0.2618439652592155,0.3258335066702272,128.9046,72.04640480965112,2,R,LH
1007,-2.904599999999988,0.1019835819372844,3.42203979912072,15.811296781959896,0.1822317329669893,0.2294111803812811,128.9046,73.40423311567675,2,R,LH
1008,,,,,,,140.9041,74.80439284383407,2,R,LH
1009,,,,,,,140.9041,77.86911538140882,2,R,LH
1010,,,,,,,140.9041,80.01680930735047,2,R,LH
1011,,,,,,,150.7564,81.49072820608261,2,R,LH
1012,,,,,,,150.7564,83.69392229922057,2,R,LH
1013,0.0,0.0097838517399318,1.4712369054455152,-0.3343534201004988,0.3086308154801531,0.1670426668560527,0.0,2.5433712293921995,0,L,LH
1014,0.0,0.0069181909147024,1.079238001525703,-0.1588844934509776,1.9727750602917584,0.7832498423226332,0.0,3.065981755979638,0,L,LH
1015,-8.032400000000003,0.0121456503161285,1.5030557960086384,19.382406768639463,0.0582823795129335,0.0322268527916952,44.0324,4.376542935937494,0,L,LH
1016,0.0,0.0157359328305214,2.438967234245909,-0.7371399412681288,0.3329614986855926,0.2987483406089392,0.0,5.233316784277885,0,L,LH
1017,0.0,0.0083597245954679,1.2867427378306562,2.0505622277362217,1.0260405891434454,0.4856929340355585,0.0,6.172859248455376,0,L,LH
1018,0.0,0.0102964988128734,1.5708046827444846,0.1186540133408979,0.0955447803127598,0.0552121515715519,0.0,8.598433165148558,0,L,LH
1019,0.0,0.0074451340810045,1.138297308665542,-2.132310252647405,0.0653477626001455,0.0273647792941427,0.0,9.318284779107495,0,L,LH
1020,0.0,0.0055741546350289,0.8695681264722708,0.1412426743225876,2.858744887523285,0.9145017304239608,0.0,10.451036245317098,0,L,LH
1021,0.0,0.0653073139740567,10.440261616193949,45.52927088895055,0.0233707960085535,0.0897615625993861,0.0,12.410056627195676,0,L,LH
1022,0.0,0.0188750103110275,2.7168108817799355,-1.085043126489756,0.0593379289109141,0.0593058193155944,0.0,14.572078171634582,0,L,LH
1023,-0.0002000000000004,0.0400909226822843,7.09310735929779,64.1707533168552,0.0222561515840311,0.0580753882609111,6.0002,15.771745666831912,0,L,LH
1024,0.0,0.269448340560558,2.242373398257508,1.04381777370164,0.2254397554161608,0.1859704557350663,0.0,17.50916354925706,0,L,LH
1025,0.0,0.0384530820759795,5.8622503643646615,51.10774623741721,0.0298447717043989,0.0643632760837288,0.0,18.23147829615006,0,L,LH
1026,0.0,0.0087628468290376,1.4251305485828294,31.565341431092968,0.025453362135523,0.0133445927363752,0.0,20.723976431427797,0,L,LH
1027,0.0012000000000007,0.026138010673037,3.215034788064202,42.87864630534243,0.0351463252073617,0.0415691474781119,29.9988,23.57730288909085,1,L,LH
1028,-0.0002000000000004,0.0625565801907576,10.217000283147676,47.68998579180648,0.0230142359690056,0.0865018678159112,6.0002,24.927760577346596,1,L,LH
1029,0.0011000000000009,0.0590080174639715,8.633669905122268,55.544903614439015,0.0245491676983381,0.0779718306372568,17.9989,29.11218677117532,1,L,LH
1030,-2.911299999999997,0.0618455276134586,6.621144667599702,32.80436403505066,0.0422989813032063,0.1030311395854749,50.9113,31.598144987687235,1,L,LH
1031,-8.032400000000003,0.0558467095828988,7.13864864988318,40.08468531301459,0.0302173137442626,0.0793555633949332,44.0324,32.721265306458896,1,L,LH
1032,-8.032400000000003,0.0830607961093856,10.16402609744086,39.18190456878455,0.0328341391680901,0.1227713196981708,44.0324,35.84137542844461,1,L,LH
1033,-8.032400000000003,0.1366269708352497,16.30058113232274,40.649588902836,0.0318238865254781,0.1908366670531949,44.0324,36.51951772798432,1,L,LH
1034,0.0012000000000007,0.1223327206385774,15.217009147382065,47.06857152419562,0.0365093862927454,0.2043804506823172,29.9988,39.08223353189668,1,L,LH
1035,-2.911299999999997,0.1867153605084824,35.23008452675626,79.45473593105919,0.017873043481094,0.2316422182560384,50.9113,40.70225979983645,1,L,LH
1036,-2.910899999999998,0.0981486282762745,9.326932351904924,20.575050869353788,0.060858103023022,0.2088155113345119,56.9109,41.149299293841175,1,L,LH
1037,-2.9107000000000056,0.2315482025588916,45.47544171232886,73.34386267032698,0.0177515653675812,0.296974459279545,74.9107,43.075409761792585,1,L,LH
1038,0.0,0.1799295691814135,62.54470238024276,136.75043594536166,0.0114252738421748,0.2628830993866028,0.0,9.343911511375126,0,R,LH
1039,0.0,0.1247451118691835,44.99716167332522,143.8206715798138,0.0101734972948726,0.1684072997022646,0.0,13.088373491169044,0,R,LH
1040,0.0,0.1908492745981756,51.4319989649432,109.41189434851928,0.0124201565427684,0.2349989878769194,0.0,17.735474053211018,0,R,LH
1041,-2.911299999999997,0.0647736795475648,7.6228456412991985,46.51212970557405,0.0315564730348728,0.0884934447967157,50.9113,19.30490106473465,1,R,LH
1042,0.0012000000000007,0.1304123480447544,23.78753329211334,76.80410489768585,0.0173495498964853,0.1518249474521129,29.9988,19.985973164075094,1,R,LH
1043,-2.908100000000005,0.0569656735333533,5.346056901217675,34.889899350602064,0.0351651369434511,0.0691594304426385,110.9081,21.25165326943724,1,R,LH
1044,-2.9107000000000056,0.0675509714681452,11.565555930548298,68.58956351707256,0.0222570761076177,0.0946978550487713,74.9107,23.152635992576418,1,R,LH
1045,0.0012000000000007,0.1696846608101846,57.00743706807198,125.4464971582252,0.0125657220696276,0.2635266154522548,29.9988,24.90306750078717,1,R,LH
1046,0.0012000000000007,0.1340905118213441,38.321345032869374,111.60602266885478,0.0143211331776741,0.2018941082626571,29.9988,28.93726456456975,1,R,LH
1047,0.0012000000000007,0.0984930360477696,22.105074688487534,94.6161566698616,0.0163595808862296,0.1330361530494659,29.9988,30.398661220375423,1,R,LH
1048,0.0011000000000009,0.1446769627386182,36.48039219400133,107.33242588907474,0.0145692068205253,0.1955243835292742,17.9989,31.86005787618109,1,R,LH
1049,0.0012000000000007,0.0804766787572944,15.922972236480218,84.10379781261699,0.0176873658475281,0.1036078865620474,29.9988,33.26056300466153,1,R,LH
1050,0.0012000000000007,0.1246643586288597,30.972064411808216,100.15990683250568,0.0160232745932746,0.1825689623479265,29.9988,35.32009670250076,1,R,LH
1051,-2.9146,0.1410023029081486,34.121108942432166,98.32976866196026,0.0150645100715004,0.189096577085027,44.9146,37.599310175692494,1,R,LH
1052,-2.9146,0.1147006240588989,23.17386643655435,83.95449927451968,0.0185007454601933,0.157722352326599,44.9146,40.5629827448109,1,R,LH
1053,-2.9146,0.1147764409567048,19.162902868561776,69.86657112713209,0.0220310909285275,0.1553112157583576,44.9146,41.52617387988019,1,R,LH
1054,-2.9065999999999974,0.0677864513195467,13.021396695401386,77.34001901939148,0.0200158553482832,0.095882034732034,62.9066,42.41873264746919,1,R,LH
1055,-2.910899999999998,0.1351013307513895,27.085692194999847,82.22736744428619,0.0178630317379059,0.1779920589016741,56.9109,45.01102681817037,1,R,LH
1056,-2.910899999999998,0.1153774382397274,24.915621562782885,86.99870170659239,0.0176796159043787,0.1620503858860616,56.9109,45.856040671607104,1,R,LH
1057,-2.9065999999999974,0.133062290106257,23.893576587682595,75.05699771148977,0.0204038885825577,0.1793492747623801,62.9066,48.08512385357501,2,R,LH
1058,-2.909499999999994,0.0751898196096729,9.481451856401383,52.109648298441726,0.029458996334174,0.1027538986414501,80.9095,50.6307137044243,2,R,LH
1059,-2.909599999999997,0.0820926728605219,17.807627062679067,69.759228149924,0.0220218459911238,0.1442664320292336,98.9096,52.6345135747309,2,R,LH
1060,-2.9047999999999945,0.0739811743539638,90.69842393679608,125.38806572188336,0.0152910956784855,0.5102040059957995,104.9048,55.10129133897617,2,R,LH
1061,-2.9044000000000096,0.0466356608129644,1.4998157218433077,16.774618847153246,0.227915340360573,0.1257526011994992,128.9044,57.377368947494816,2,R,LH
1062,-2.909599999999997,0.1187382781222321,14.512272210271009,49.32020014198803,0.0382887806778796,0.2044148630871538,98.9096,58.67110516882971,2,R,LH
1063,-2.909099999999995,0.0873722461496394,4.207847217553491,21.0119646057886,0.0962996018181464,0.1490699041282656,122.9091,63.25271458382466,2,R,LH
1064,-2.904599999999988,0.0731394229954353,1.889037790947876,12.015334491531384,0.2374278928564009,0.1649977046291475,134.9046,64.45051959414863,2,R,LH
1065,-2.909099999999995,0.0820388227086681,3.324777606056597,22.15896869556162,0.1825700777071667,0.2233046255696389,122.9091,65.52042969603697,2,R,LH
1066,,,,,,,140.9049,67.25710051460084,2,R,LH
1067,-2.9044000000000096,0.0545590506951843,1.7580432087622089,16.407785392609952,0.2217745383285779,0.1434322287347052,128.9044,67.79488074037071,2,R,LH
1068,,,,,,,150.7562,69.89080897255911,2,R,LH
1069,-2.904599999999988,0.0727432263874236,1.7597177781472138,13.13567441124253,0.4453546655625751,0.2883065745304038,134.9046,71.98598641100446,2,R,LH
1070,,,,,,,140.9049,74.16599838682274,2,R,LH
1071,,,,,,,140.9049,77.28250097271643,2,R,LH
1072,,,,,,,163.9765,79.48537779843832,2,R,LH
1073,,,,,,,163.9765,81.55589753905153,2,R,LH
1074,0.0,0.0086361196220429,1.3390474381114703,-0.2906100281441591,0.3027281046644458,0.1491262932162792,0.0,3.0563134009736226,0,L,LH
1075,0.0,0.0093779872244434,1.4565387862722023,0.0346627594281413,0.4666448027701755,0.2500425995314868,0.0,4.294589607861798,0,L,LH
1076,0.0,0.0059043914459212,0.8788574879580052,0.7792886108416356,0.4762832551546836,0.1539888545769357,0.0,5.390593397204022,0,L,LH
1077,0.0,0.0155232653782187,3.4492087365408346,57.43749203460364,0.0100186866026104,0.0127126411237417,0.0,6.013282301955022,0,L,LH
1078,0.0,0.0201265847521323,3.646078844882612,46.8798151500171,0.0192154273870111,0.0257739880234846,0.0,9.591214453347408,0,L,LH
1079,0.0,0.0898782792471218,14.01690144588218,24.04447154188913,0.0216553364842288,0.1116663894445875,0.0,10.754594621274189,0,L,LH
1080,0.0,0.0261584685394991,4.819989076953425,57.80483740585591,0.0191703975432652,0.0339924675182682,0.0,12.832179062253292,0,L,LH
1081,0.0,0.047898978876865,7.927340540776874,33.67308251861928,0.0215122705547689,0.0627363552621968,0.0,14.096968815532469,0,L,LH
1082,0.0,0.0594048005893053,10.453601419848155,46.95093921683264,0.0184364298237043,0.0709003337932992,0.0,15.937248985968775,0,L,LH
1083,-2.913200000000004,0.0457959222222366,6.074365133355998,43.48901430743905,0.0234704495324542,0.0524478657111692,50.9132,24.84546306332237,1,L,LH
1084,-2.913200000000004,0.0398703870962945,4.909201457632956,41.61144615086607,0.0282980774901755,0.0511061663321835,50.9132,25.685808551693075,1,L,LH
1085,-2.9124999999999943,0.064991353625827,9.155341643553191,52.99541110927948,0.0218666407686839,0.0736482011313885,74.9125,30.79246856765945,1,L,LH
1086,,,,,,,140.9058,33.06945335918083,2,L,LH
1087,,,,,,,140.9058,41.96329635009634,2,L,LH
1088,-0.0001999999999995,0.2069997092073969,128.19622684242574,194.59647294380164,0.0074601208341979,0.3518249405636112,12.0002,2.483933198149677,0,R,LH
1089,0.0,0.3155600732591755,9454.42199974945,904.7135779376366,0.0022099368559805,7.686353714502089,0.0,2.359840316000861,0,R,LH
1090,0.0,0.00801293562157,1.2500179598281025,-0.0096681757529846,2.8765956157775334,1.3228194903260275,0.0,6.400338496183085,0,R,LH
1091,0.0,0.0205529310613071,3.1227621464049125,-0.2927597596059046,0.3031776954445394,0.348290534504726,0.0,6.710400238569546,0,R,LH
1092,0.0,0.0243262824954926,3.688735628486184,-0.4346877539775456,0.446284764809666,0.6056128894247932,0.0,9.309656137910633,0,R,LH
1093,0.0,0.0026069063498011,0.4066773905715204,0.7481566305518351,4.414640454630362,0.660466638007986,0.0,11.019227610394514,0,R,LH
1094,0.0,0.041197857895824,126.95037849650792,619.0357459148051,0.0023955989250838,0.111880301402605,0.0,11.886611635149409,0,R,LH
1095,0.0,0.0606693242025208,10.985495395978589,37.483353874611694,0.0130227935141156,0.0526295090870678,0.0,14.759821217149998,0,R,LH
1096,0.0,0.1472815015416312,33.23092910787808,93.22405871284566,0.0120817498565358,0.14769909756166,0.0,16.407408755829522,0,R,LH
1097,0.0,0.0112913547360885,1.3759338777242534,3.4164503444739647,0.0393226782406685,0.0199042662124764,0.0,17.324688988178238,0,R,LH
1098,0.0,0.0738389084195537,15.664841894301514,77.53333050979785,0.0162211980724238,0.0934790868556537,0.0,18.425701306092986,0,R,LH
1099,0.0,0.0562203081729712,9.968021175491572,67.54350967893043,0.0189531479004221,0.0695017630753653,0.0,20.89221047236176,0,R,LH
1100,-0.0001999999999995,0.051860275350556,9.72827986946183,69.53971415054163,0.0169441024247581,0.0606401326010842,12.0002,23.202014678258998,1,R,LH
1101,0.0013000000000005,0.0152668445755059,2.007735059775186,14.613842002221311,0.0643957007847919,0.0475629512770983,23.9987,24.45623327200004,1,R,LH
1102,0.0013000000000005,0.0831269353779658,23.719580505411,111.63129513023225,0.0124637875240625,0.108758337154073,23.9987,25.117979640262277,1,R,LH
1103,0.0001999999999995,0.0465343513521881,8.345951129957564,67.57354943755487,0.0183455057702492,0.0563262767715483,17.9998,25.90450865511169,1,R,LH
1104,9.999999999976694e-05,0.0344910922126636,159.98965708574062,553.9081848321525,0.0030545521698343,0.1797814888382402,29.9999,26.96902158923278,1,R,LH
1105,0.0013000000000005,0.0746768115180155,28.985833428448057,140.14333330612618,0.010444066203157,0.111368129717443,23.9987,27.692691342987903,1,R,LH
1106,9.999999999976694e-05,0.1113370856121565,43.31786025010552,136.64923695055887,0.0105672586707986,0.1683971947043706,29.9999,28.60244760485149,1,R,LH
1107,9.999999999976694e-05,0.1226594765994979,37.360892042474575,116.0898192503215,0.0134277492115606,0.1845550683576219,29.9999,30.973035205738505,1,R,LH
1108,-2.913200000000004,0.1015218152021942,56.15652379981716,152.3887787863895,0.0107444498158863,0.2219677685679132,50.9132,33.63914781840525,1,R,LH
1109,-2.906500000000001,0.116296501858956,40.43187206433064,112.67655014903708,0.0140647752596369,0.2092002337497037,62.9065,36.3064682001456,1,R,LH
1110,-2.9124999999999943,0.1163778436813351,45.54722544884432,111.32997959987688,0.014814871310653,0.2482363221198638,74.9125,38.787650638440006,2,R,LH
1111,-2.906499999999994,0.0769399597188063,18.277346678223022,74.04705112644564,0.0189256197933417,0.1272532194571002,104.9065,40.80690629965571,2,R,LH
1112,-2.916499999999999,0.0718457958587169,148.91667297855804,166.0977196148459,0.0119625232489006,0.6553474860495991,92.9165,43.09184108297967,2,R,LH
1113,-2.906499999999994,0.0827935945266071,43.22710674878629,93.38902745040468,0.0193756971528634,0.3081193864411696,104.9065,45.32274359955746,2,R,LH
1114,-2.9091999999999985,0.0758562337900715,17.963497436274316,59.02519628646268,0.0323039220462016,0.2134772836220251,110.9092,48.07619980603686,2,R,LH
1115,-2.9077999999999946,0.0959695765700812,40.31298044307764,71.56455600891334,0.0253387222029278,0.3757812754824874,116.9078,49.99288962262546,2,R,LH
1116,-2.9080999999999904,0.0710813523426662,2.627822487016564,15.44668948765432,0.1217007050194376,0.1176507328959125,128.9081,51.12939826381499,2,R,LH
1117,-2.9099999999999966,0.0943072209812414,4.530935714744543,21.20190772085249,0.097404538252033,0.1623575953471032,122.91,54.02419889572897,2,R,LH
1118,-2.9099999999999966,0.0739094844160046,2.6639353514947506,23.632304028552166,0.5438149404904857,0.5329424747193557,122.91,56.66063444105399,2,R,LH
1119,,,,,,,140.9058,58.80066289020038,2,R,LH
1120,-2.905300000000011,0.0772664308731825,2.274127408369637,12.294798962764323,0.1430626774827125,0.1196869112584306,134.9053,60.55339557652965,2,R,LH
1121,,,,,,,140.9058,61.96582534287154,2,R,LH
1122,,,,,,,163.9774,63.13826865174488,2,R,LH
1123,,,,,,,150.7568,65.604831115952,2,R,LH
1124,,,,,,,150.7568,68.01926410748693,2,R,LH
1125,,,,,,,163.9774,69.62527606590258,2,R,LH
1126,0.0,0.0539274701817257,9.405619438170897,20.973652333263622,0.015841621659718,0.0548141340808872,0.0,1.0619770296454385,0,L,LH
1127,0.0,0.0684922361013305,9.48698584296205,-2.0823374932584167,0.141325205032653,0.4932344414628047,0.0,2.820632513690492,0,L,LH
1128,0.0,0.0251151277500881,4.632687086842328,35.55485494329826,0.0188402170971467,0.0321088231343312,0.0,6.03544710586287,0,L,LH
1129,0.0,0.1165438902500858,33.166678001557706,114.61798332974564,0.0095286915835163,0.1162627959389316,0.0,8.837452974372376,0,L,LH
1130,0.0,0.0091225725039732,1.4231213152685578,0.1715545009202315,2.9051991947832603,1.520979486347399,0.0,10.941440171615756,0,L,LH
1131,0.0,0.0072509009841277,1.147037970886159,26.52109845248025,0.0392741561128586,0.016572581939194,0.0,12.288528323428348,0,L,LH
1132,-8.0317,0.0150724354244974,1.8642437111840688,22.764623050139807,0.0501408229588448,0.0343874255038557,44.0317,13.652036322077244,0,L,LH
1133,0.0,0.0044683478284815,0.7187801820141589,-3.724922386039576,0.028875205866563,0.0076353104785423,0.0,15.126379031626469,0,L,LH
1134,0.0006000000000003,0.0112597246927721,1.7146261758138135,29.459354803267583,0.0266424066075671,0.0168053831938043,11.9994,18.233800174750137,1,L,LH
1135,-2.9080000000000013,0.0143232471474432,1.7497189975146104,47.70543980966175,0.027374448824293,0.0176205398030819,98.908,36.980299543320655,1,L,LH
1136,-2.912700000000001,0.0595859816017735,11.569431423843636,74.97727952963551,0.0198537985007823,0.084500862954237,74.9127,43.87313284591639,1,L,LH
1137,-2.9073000000000064,0.0826750477745663,13.824858694186002,66.73505946120889,0.0210209139774379,0.106909873111083,68.9073,45.49579186946775,2,L,LH
1138,-2.9069999999999965,0.0493278807549227,2.537913513259598,16.93911397454141,0.0641935326434731,0.0599340481380833,116.907,50.4665968194258,2,L,LH
1139,-2.9069999999999965,0.0463616440730848,4.289436997251431,34.787717515548906,0.0398747376416956,0.0629221639586002,116.907,51.79380856523072,2,L,LH
1140,-2.9093000000000018,0.0314395874874717,1.8909670868400132,25.50287733234684,0.0712985754643833,0.0495987053771231,122.9093,55.12082034655974,2,L,LH
1141,,,,,,,163.9757,61.72148539246348,2,L,LH
1142,,,,,,,163.9757,64.80513395900168,2,L,LH
1143,0.0,0.0153055553732315,,,,,0.0,4.251014880907211,0,R,LH
1144,-2.9080000000000013,0.06316295522873,4.560505069087328,24.38770285664515,0.0478215079452482,0.0802309117150435,98.908,6.685356767166676,0,R,LH
1145,0.0009000000000014,0.0851048737802597,81.26803283263892,242.0930037760442,0.0063329711648159,0.189335816162292,17.9991,7.397051654448199,0,R,LH
1146,0.0009000000000014,0.1944214303509349,31.359855338324586,63.25199322961676,0.0215486885142781,0.2485995923834941,17.9991,7.783819147241423,0,R,LH
1147,-2.9168999999999983,0.0470599761402807,4.174167016411371,34.874897092442936,0.0365717692820268,0.0561592515796575,92.9169,9.439277967874686,0,R,LH
1148,0.0,0.0310019453282035,5.600329514186881,22.358943926278613,0.0122344311385183,0.0252059389416484,0.0,10.94475728154873,0,R,LH
1149,0.0,0.0725271333457093,11.302825551556868,16.74895727754609,0.0285137534117214,0.1185623864525837,0.0,12.30776485934646,0,R,LH
1150,0.0,0.0499040793542782,7.96416928232428,16.594781045678282,0.0189372093467922,0.0554832612989818,0.0,13.647174982039273,0,R,LH
1151,0.0,0.0431877650512795,7.143932064433348,55.243529573024894,0.0242099300249549,0.0636262559577969,0.0,14.957870543831875,0,R,LH
1152,0.0,0.0633896344382354,56.13108832768152,255.2051330472744,0.0056248691670047,0.1161505862781628,0.0,16.68398779591424,0,R,LH
1153,0.0,0.0394111217517311,5.552362191612752,4.314436060948591,0.045060323124155,0.0920402115178182,0.0,17.124884314028336,0,R,LH
1154,-2.9168999999999983,0.0705109042799684,5.31976301237801,25.83778630212081,0.0505655643526452,0.0989583994297283,92.9169,17.762444170706942,0,R,LH
1155,0.0,0.1318823314111589,30.453203476992687,96.85412998239444,0.0133423921453721,0.1494762532048357,0.0,18.538641286497697,0,R,LH
1156,0.0,0.0553396410562932,41.50911461984869,227.5194263403157,0.0065410469760742,0.0998840759707384,0.0,19.46224964755894,0,R,LH
1157,-2.9168999999999983,0.0762554642019276,12.35943145907902,61.35962546640034,0.0390165347640762,0.1773996287429616,92.9169,20.891966094604204,0,R,LH
1158,-2.912700000000001,0.0876822825711212,14.56025162377946,66.84291050463163,0.0206512410940742,0.1106166636310522,74.9127,21.01219272717479,0,R,LH
1159,0.0,0.053041920363218,20.56111301023765,161.12054749141305,0.0080019263706358,0.0605266572007781,0.0,21.427348814086688,0,R,LH
1160,0.0,0.1366313272970518,50.99298800307763,142.87072817584337,0.0108998395705583,0.2044730545000326,0.0,22.91317059882401,0,R,LH
1161,0.0009000000000014,0.1124597901547773,19.05032931028327,60.559125002648734,0.0175308173048391,0.1228599033548044,17.9991,23.63654008557705,0,R,LH
1162,0.0,0.1133369470125957,21.8630824969606,78.57399437238776,0.0213507180086603,0.17172336742482,0.0,25.75363420518777,0,R,LH
1163,-0.0002999999999993,0.1129475028208092,17.243123042091923,53.9534538490135,0.0252993752272245,0.1604838156823437,30.0003,26.928583426050544,1,R,LH
1164,0.0009000000000014,0.1278457689559144,39.63788522385224,119.4030416213804,0.0118551484781344,0.1728713372426168,17.9991,28.97870719002653,1,R,LH
1165,-0.0002999999999993,0.1163023331653442,20.36261352711469,67.01283040300433,0.0191793840716484,0.1436725145458778,30.0003,30.805514675806023,1,R,LH
1166,0.0020999999999986,0.0861953038928575,12.426070030283476,41.09402601501891,0.0270213720943868,0.1235226820279859,23.9979,33.29804173516276,1,R,LH
1167,0.0009000000000014,0.1302323820499191,31.196339394026708,96.64924653097106,0.0146749266649493,0.1684166770454901,17.9991,34.59309536385927,1,R,LH
1168,-2.904899999999998,0.1184730418871117,21.819626692791417,71.26667709400425,0.019983245369552,0.1604053522004583,62.9049,36.03404315120153,1,R,LH
1169,-8.0317,0.1166720446901683,25.10815789754136,86.98856118999818,0.0168894145950992,0.1560037241212723,44.0317,38.22368999878624,1,R,LH
1170,-2.9093000000000018,0.1446043069301525,25.15705341197697,68.42087331414454,0.0199124751717756,0.1842852334943509,56.9093,38.74976712716192,1,R,LH
1171,-0.0002999999999993,0.1184147641345306,23.10196152206097,88.78754920594268,0.0199985323760556,0.1699622609445293,30.0003,42.20684539934494,1,R,LH
1172,-0.0002999999999993,0.1427914030410534,28.579568950437785,89.02061905198805,0.0184619643020277,0.1941060622214556,30.0003,41.98138377289823,1,R,LH
1173,-0.0002999999999993,0.1182130139995128,67.52940796496718,168.6629042453069,0.009590756303926,0.2382600981104115,30.0003,44.0105384109187,1,R,LH
1174,-2.9080000000000013,0.1842197748664121,44.08053203921013,76.24359366274591,0.0188572026453162,0.3057944605574461,98.908,43.86023065995422,1,R,LH
1175,-2.912700000000001,0.0921620034451274,8.189571739644535,20.95776058362417,0.0374611478374591,0.1128620124861066,74.9127,46.874341001264895,1,R,LH
1176,-2.9117000000000037,0.1712835519728822,53.72076750010602,114.11435192139488,0.0137772680659647,0.2722769239045005,50.9117,47.12666578464998,1,R,LH
1177,-2.9117000000000037,0.141721706019259,23.742199673180007,70.38361444131807,0.021905404468444,0.1913276546112937,50.9117,48.49193988749092,1,R,LH
1178,-2.904899999999998,0.1468497003548876,22.371000449865665,62.80975333551182,0.0236076582887891,0.1942870414206335,62.9049,50.00098619599982,2,R,LH
1179,-2.9073000000000064,0.1737879943432758,32.213271481295145,74.23438517369384,0.0194849085052558,0.2309078627891293,68.9073,51.8546478032396,2,R,LH
1180,-2.9073000000000064,0.1647815636508307,34.40208388256335,79.39304759589989,0.0200052542495791,0.2531828847107332,68.9073,53.72576029113882,2,R,LH
1181,-2.912700000000001,0.0885051908333165,56.2947509979513,139.21598043790118,0.012308064534865,0.2548960968663535,74.9127,54.97304603399376,2,R,LH
1182,-2.9168999999999983,0.1084486801732329,114.22358867005708,139.45008418482283,0.0133511459086992,0.5610219597478936,92.9169,56.59375950314522,2,R,LH
1183,-2.909000000000006,0.156325285296625,28.111436377961542,68.55694794850343,0.0241699806253642,0.2499567430768064,80.909,57.27127441461808,2,R,LH
1184,-2.909000000000006,0.132054657365084,,,,,80.909,59.39694701405572,2,R,LH
1185,-2.909000000000006,0.0934985355561847,9.402793794808032,44.39556385693623,0.0428911241706528,0.1483644528620411,80.909,60.33345409968714,2,R,LH
1186,-2.9168999999999983,0.1088301078106225,17.74351151596697,60.69723413587207,0.027737922165179,0.1810585408084242,92.9169,61.71861375812978,2,R,LH
1187,-2.9168999999999983,0.1333020295597142,19.664491045036797,56.8710934443802,0.030505612714891,0.2206825435740039,92.9169,63.68780146554596,2,R,LH
1188,-2.9080000000000013,0.0570280567557769,5.099735138911148,37.24069148757833,0.0347688549341748,0.065229421537954,98.908,65.11964066992611,2,R,LH
1189,-2.9080000000000013,0.1075438933439198,12.319451086695404,47.0901513795644,0.0385763837580388,0.1748309788312703,98.908,66.52445435727745,2,R,LH
1190,-2.9080000000000013,0.0951677295405755,14.966881454167284,56.15404883549351,0.030553268362568,0.1682265395855388,98.908,67.68886586047432,2,R,LH
1191,-2.906899999999993,0.1218617925620429,12.243025610556108,41.09353948060871,0.0438083496243703,0.1973109413424615,104.9069,68.55226768502497,2,R,LH
1192,-2.906899999999993,0.1209349810878313,11.592451572301757,40.690488322642125,0.0485348011993689,0.2069827074530859,104.9069,70.24756146480608,2,R,LH
1193,-2.9084000000000003,0.1355401461604982,9.069228125465877,32.78113137918915,0.0829913680905223,0.2768909543438081,110.9084,72.14593146480608,2,R,LH
1194,-2.9093000000000018,0.1007587212083044,4.354522706798916,20.57503555394701,0.1267786240069519,0.2030916703320455,122.9093,75.2557058390373,2,R,LH
1195,-2.907299999999992,0.1070767576338355,3.65351833354162,16.96508198567277,0.1864703612106115,0.2506262876102517,128.9073,76.7686317547366,2,R,LH
1196,-2.9093000000000018,0.1230638233451589,5.036750966909369,22.36527217182924,0.1712476893521837,0.3173077772493383,122.9093,78.5827481525732,2,R,LH
1197,-2.907299999999992,0.0903759166730558,2.721816524048424,18.111324132011685,0.4670127479575006,0.4676200241726106,128.9073,80.54142474014671,2,R,LH
1198,,,,,,,140.9038,81.2630687534795,2,R,LH
1199,,,,,,,140.9038,84.86369933623803,2,R,LH
1200,,,,,,,140.9038,86.57758062918487,2,R,LH
1201,,,,,,,150.7559,89.86295624763378,2,R,LH
1202,,,,,,,150.7559,91.30087368739616,2,R,LH
1203,0.0,0.0296118459613637,4.812770532403021,26.69196659847111,0.0247712101588091,0.0438579065114311,0.0,3.900420232275476,0,L,LH
1204,0.0,0.012495868493285,1.8995020706811525,2.3835216002849084,0.7659701334814467,0.5352505540062871,0.0,5.215223286728878,0,L,LH
1205,0.0,0.0373240046290454,7.138641360760046,54.19794659564717,0.0160333122824784,0.0421060336758995,0.0,6.526851150278945,0,L,LH
1206,0.0,0.0310803978783336,5.813111629786537,54.3066222055655,0.0169437342232204,0.0362345866546334,0.0,7.370052332756438,0,L,LH
1207,0.0,0.0364617739350291,7.26379787172337,68.21677345999872,0.0144502193371507,0.0386139035946225,0.0,9.081648143287609,0,L,LH
1208,0.0,0.0052304214285573,,,,,0.0,11.02849148569519,0,L,LH
1209,-2.910499999999999,0.0272122811191984,2.886958754779432,28.21107955341086,0.0311854565884514,0.0331206006592999,68.9105,13.835589335664867,1,L,LH
1210,,,,,,,140.906,14.52673777313278,1,L,LH
1211,-2.9106000000000023,0.0257457244196981,1.2745913710149628,10.734701598498637,0.0811406210153009,0.0380465094907123,110.9106,15.199847443840312,1,L,LH
1212,-2.9116,0.0205800509850533,2.382953528297109,35.60416842382659,0.0243531950015641,0.0213489754251061,56.9116,17.277022825519097,1,L,LH
1213,-0.0035999999999987,0.040405696491424,21.05612230411629,156.11486846778493,0.0109305280044784,0.0846691215389312,30.0036,21.962472049719885,1,L,LH
1214,-2.907200000000003,0.0145892601697859,1.4002769336649996,16.700945911723025,0.0452465897873896,0.0233080158734683,62.9072,25.837089718935907,1,L,LH
1215,-2.921099999999996,0.0351271514625084,10.393558408305466,94.67663101100844,0.0144153040211456,0.0551180171050153,92.9211,34.24272011968415,1,L,LH
1216,-2.9116,0.031201878497096,4.190146963202017,53.515540715061626,0.0264881125097635,0.0408306022693229,56.9116,38.70155385327854,1,L,LH
1217,-2.9106000000000023,0.0351658203287526,3.529074998381815,39.114281966047066,0.0409078967832896,0.0531096644442239,110.9106,40.939089949225774,1,L,LH
1218,-2.9093000000000018,0.030782826865726,1.478681326407623,17.11576819762219,0.061196382972963,0.0332893917762409,128.9093,43.094829282239246,1,L,LH
1219,-2.9106000000000023,0.014060999917754,0.6526074358038244,7.560536826012062,0.119080574425705,0.0285889665730724,110.9106,46.166318748304064,1,L,LH
1220,,,,,,,140.906,53.98053783359417,2,L,LH
1221,,,,,,,140.906,56.15612669812288,2,L,LH
1222,-8.370199999999997,0.0982671420044889,18.56191662130254,76.82569505320953,0.0183178297039536,0.1250841704815998,44.3702,1.82384974677288,0,R,LH
1223,-2.913499999999999,0.1111898257701178,14.720554610741896,52.88417562159899,0.0239417899025354,0.1296541153493909,80.9135,2.865425804187933,0,R,LH
1224,0.0,0.0889068601311288,18.08114852343885,76.86383575148827,0.0139363091210941,0.0926999078789063,0.0,5.444399270412394,0,R,LH
1225,0.0,0.1316590699597377,36.09510437447795,106.93507193523548,0.0100048797323377,0.1328512645053977,0.0,6.687427515734286,0,R,LH
1226,-0.0035999999999987,0.0220851746173302,3.6262900817081287,64.03439461884231,0.0194131515566088,0.0258978735050202,30.0036,9.268290853950994,1,R,LH
1227,-0.0027999999999996,0.0137093889554424,1.0017470026454318,14.92693468535573,0.0517279423507224,0.019062891367753,6.0028,10.51505008850662,1,R,LH
1228,-0.0027999999999996,0.1097737966165732,23.134254367499768,89.68536978721082,0.0160157303735499,0.1363037402759063,6.0028,12.67950875970176,1,R,LH
1229,-8.370199999999997,0.0308231975753972,4.916643682465788,66.20257271745224,0.0215160403751552,0.0389167535443352,44.3702,16.780925874020465,1,R,LH
1230,-0.0035999999999987,0.0477931261942,6.544655551782196,59.60631341640934,0.0283218360186296,0.068188904989688,30.0036,17.681664459848783,1,R,LH
1231,-2.913499999999999,0.0577201262538513,5.069049881706992,31.38210711759445,0.0376399076594748,0.0701908711124643,80.9135,19.870501714138392,1,R,LH
1232,-2.913399999999996,0.084423843940768,22.05377733232361,91.55579032795018,0.0164523383610713,0.133479980998438,74.9134,22.868295968052426,1,R,LH
1233,-2.907200000000003,0.0495249968358571,10.321292035448607,80.99584986185542,0.0171114049213979,0.064971852985045,62.9072,24.54026125623496,1,R,LH
1234,0.0014000000000002,0.0978244532297596,24.19272848700634,103.16455883543104,0.0157778706586605,0.1404231661896755,23.9986,27.806459999798584,1,R,LH
1235,-0.0035999999999987,0.0616838278767474,15.108987577148548,100.09168295961145,0.0165392780854205,0.0919300362866659,30.0036,31.0554119493242,1,R,LH
1236,-0.0035999999999987,0.0878119501887357,24.81229203705665,110.82518023337376,0.013912365119761,0.1269911245639155,30.0036,34.913659283580884,1,R,LH
1237,-2.9151000000000025,0.1208391442314145,87.92109992967815,182.753946012767,0.0091594730205251,0.2962573395847257,44.9151,39.81726806080884,1,R,LH
1238,-2.914000000000001,0.094841996275185,19.698817680344856,83.45276881556374,0.0161801665277197,0.117254269638352,50.914,42.83488575315717,1,R,LH
1239,-2.913499999999999,0.1064201959270242,40.42994617500784,111.82123026176052,0.0131993412552211,0.1963183695329596,80.9135,44.77111757398855,1,R,LH
1240,-2.9116,0.1370526663615629,26.165934149159067,79.92217738970098,0.0188995194274427,0.1819250585468383,56.9116,47.31907686819615,1,R,LH
1241,-2.913399999999996,0.1011753113437547,22.543940905138736,82.95819769917999,0.0181031430220002,0.1501375546172136,74.9134,51.31066748323594,2,R,LH
1242,-2.913399999999996,0.0732276178770507,9.505344977004327,55.45332226078976,0.0277091526337736,0.0968939467743842,74.9134,52.5590997608859,2,R,LH
1243,-2.913499999999999,0.1128443679092734,18.265541954892534,64.25480490201763,0.0257317259091486,0.1729047791309364,80.9135,54.05882085364786,2,R,LH
1244,-2.913499999999999,0.1173494346317554,31.045903427158947,85.18649302746381,0.0212799053001797,0.2430409819805124,80.9135,56.98938145978113,2,R,LH
1245,-2.9114000000000004,0.0751272648807629,11.905851584683608,56.60539008714622,0.0304529229799941,0.1333813063545165,98.9114,59.03131074306027,2,R,LH
1246,-2.9114000000000004,0.1123404530655634,13.619696954420938,49.17847118473738,0.0386630098591016,0.1937173960822387,98.9114,62.531411430160645,2,R,LH
1247,-2.9106000000000023,0.056396279376899,3.601576982753962,29.233219739593075,0.0731346719126227,0.0968995003550027,110.9106,63.72273143016065,2,R,LH
1248,-2.910899999999998,0.0700633865654637,3.0393298221291665,17.697676102653087,0.1084672552516831,0.1212779926494306,122.9109,66.35652574580436,2,R,LH
1249,-2.9062999999999874,0.0936724901411083,2.4944468662687007,9.175226258497087,0.1766173602918064,0.1620739307808621,134.9063,68.28756084384551,2,R,LH
1250,-2.9062999999999874,0.0446189191061801,1.2133629987455818,9.116455277806546,0.1469563455622499,0.0655970952935316,134.9063,70.40636878988082,2,R,LH
1251,-2.9062999999999874,0.1284379941721943,3.478677495628312,10.880319505078166,0.1969603319204546,0.2520568202347056,134.9063,70.92661922803258,2,R,LH
1252,,,,,,,140.906,73.67638405179345,2,R,LH
1253,-2.9062999999999874,0.0497397586540227,1.307908943686197,11.719833753744904,0.2232690023930775,0.1074265081790067,134.9063,75.54913570398003,2,R,LH
1254,,,,,,,140.906,77.86420157306205,2,R,LH
1255,,,,,,,150.7582,80.64454970867531,2,R,LH
1256,,,,,,,163.9817,82.20808185940182,2,R,LH
1257,,,,,,,163.9817,84.14604633819526,2,R,LH
1258,,,,,,,163.9817,86.48794101480128,2,R,LH
1259,0.0,0.0799713891126289,12.194510327562318,2.4371576132571198,0.0544145713784837,0.2441097334712194,0.0,1.265976657870274,0,L,LH
1260,0.0,0.0786585347386566,11.945351472186484,-0.1196309594726584,0.0537845712665649,0.2363535674754487,0.0,1.7929279767793356,0,L,LH
1261,0.0,0.0117333688845977,1.8304055509866255,-0.0270474014207702,2.8394655692125945,1.912006873352219,0.0,2.718946567554123,0,L,LH
1262,,,,,,,0.0,3.493671981103981,0,L,LH
1263,0.0,0.007912820339428,1.2344002367267093,-0.1172881604338524,1.9775969821021036,0.8980474935671822,0.0,4.431497481716966,0,L,LH
1264,-0.0039999999999995,0.0160597762762554,2.4887194439113958,46.95547256969266,0.031347150228675,0.028699843212924,6.004,5.605485887345783,0,L,LH
1265,0.0,0.0201330894344253,3.011092951818514,-0.2421827690744964,0.2822967513782703,0.3127055294624245,0.0,6.785279409619914,0,L,LH
1266,0.0,0.0090116109225971,1.3584863537061531,0.3394291540015647,0.6583896115975335,0.3290362660019597,0.0,7.905346277220842,0,L,LH
1267,0.0,0.0080499886145009,1.230689375310394,2.4211074023330696,0.7049565177264502,0.3191657639537603,0.0,8.914723932016113,0,L,LH
1268,0.0,0.0086246993203258,1.3454531006854278,0.0752163201800619,2.786245520640727,1.379092717969597,0.0,10.251324989213895,0,L,LH
1269,0.0,0.0321629300383341,4.645752788168601,3.129401879050175,0.0669801384256054,0.1144742099898724,0.0,11.565530435291738,0,L,LH
1270,0.0,0.0442252125271405,6.363393182413925,4.908566928303886,0.0404374834650154,0.0946625930767178,0.0,13.297531855668328,0,L,LH
1271,0.0,0.0436580646319975,5.3887386018567005,11.094043171224138,0.0385479827634364,0.0764177579257088,0.0,15.048138406890072,0,L,LH
1272,0.0,0.0133685533129234,2.009496857553821,-0.3992941166341518,0.3506671063973325,0.259231563473459,0.0,15.98002045500817,0,L,LH
1273,0.0,0.0424224061463437,6.380623103129446,18.97030715820976,0.0364069967751633,0.085458145769548,0.0,16.36881604757578,0,L,LH
1274,0.0,0.0399178505394574,6.285581694207353,43.8304222567992,0.0290689326988035,0.0672171477323687,0.0,18.03180120789257,0,L,LH
1275,0.0,0.0523816794615782,7.672403828489589,38.98872832350074,0.0327481661124381,0.0924323417927263,0.0,18.24510120789257,0,L,LH
1276,0.0,0.0563264481624226,9.018371380681565,47.62987705131665,0.0229663748951414,0.0761949316306763,0.0,19.738201207892573,0,L,LH
1277,0.0,0.0267310713627233,4.148495767887211,28.445436475920776,0.0291571017186946,0.0444980030464431,0.0,21.07962120789258,0,L,LH
1278,0.0,0.0560891503614389,8.342074522869733,40.80582518730989,0.0335943302343085,0.1030968913622047,0.0,21.595186809149347,0,L,LH
1279,0.0,0.0576818467810623,9.173534708679034,46.08666555662758,0.0223627271471553,0.0754687212773085,0.0,24.505537293015703,0,L,LH
1280,0.0,0.0481315492938358,7.37147231453368,46.59732268644144,0.0301471617797486,0.0817534687148916,0.0,26.936530493247684,0,L,LH
1281,-0.0008999999999996,0.0315010865202964,3.8690592181211945,45.24539305475535,0.0296094789955614,0.0421445732565875,12.0009,29.892302928162334,1,L,LH
1282,-0.0030999999999998,0.0596215520310174,8.809210209172862,43.95464036449966,0.0256336382944277,0.0830716321602043,18.0031,29.97250349315411,1,L,LH
1283,-0.0030999999999998,0.0446519282653588,7.6550219449395795,65.0187407147067,0.0190097090460002,0.0535337205989936,18.0031,32.16026902638054,1,L,LH
1284,-0.0030999999999998,0.0606328044817744,8.520671994266126,49.39906651206294,0.0269167183469427,0.0843726083863639,18.0031,32.67005245159658,1,L,LH
1285,0.0020999999999986,0.0386472940047463,5.149573312698248,41.54843732719124,0.0341941264930173,0.0647781107153596,23.9979,33.87212285001073,1,L,LH
1286,0.0020999999999986,0.0640997405266893,8.293781300938914,41.742530856504445,0.0328748514649386,0.1003048416453629,23.9979,34.97268147812552,1,L,LH
1287,-2.9144999999999968,0.0570235065686358,6.575767493671648,34.52605774472852,0.0367659392922595,0.0889401039808289,44.9145,37.45864032318494,1,L,LH
1288,-0.0029000000000003,0.0561414132268153,8.212926405688396,61.63258494185708,0.0262001075053472,0.0791601343575633,30.0029,38.77361311924466,1,L,LH
1289,-2.9151999999999987,0.0555169358840778,5.989657928635647,39.72961510125,0.0399637554505072,0.088059016613403,50.9152,40.89152873299424,1,L,LH
1290,-2.920599999999993,0.0301320988638559,2.448225098071315,25.18911312133256,0.0389499203420141,0.0350803112285287,92.9206,43.09911795047039,1,L,LH
1291,-2.910499999999999,0.0940474571973493,13.58336370958789,58.10410519534387,0.0250465745858235,0.1251587413478115,68.9105,43.743361532330304,2,L,LH
1292,-2.913899999999998,0.0353231840936703,2.863435917965661,23.90180449442869,0.0650931603460062,0.0685690833809952,80.9139,45.32285677296566,2,L,LH
1293,-8.207400000000007,0.0837136843842872,11.63643447079732,55.18529068527327,0.0266884065438327,0.1142478644509641,92.2074,47.74782146148584,2,L,LH
1294,-2.9091999999999985,0.015762208491131,0.5070496637305365,8.388514409267282,0.1492350817711401,0.0278372894365231,128.9092,52.389007643096136,2,L,LH
1295,-2.9091999999999985,0.0664525930172661,2.775248907864989,14.865941516406446,0.0837185275747061,0.0854730182085196,128.9092,53.73756828572772,2,L,LH
1296,-2.9121999999999986,0.0541621125097218,,,,,122.9122,56.23151696813821,2,L,LH
1297,-2.9073999999999955,0.0661735450648563,1.8105992359087557,9.943894843157164,0.1538163535623642,0.1024543405744522,134.9074,57.71177518861306,2,L,LH
1298,-2.9073999999999955,0.0305238957972155,0.8496642776933104,8.121619181999733,0.1256311471823223,0.0392690326694203,134.9074,60.38363063160874,2,L,LH
1299,,,,,,,140.9068,63.0019248655347,2,L,LH
1300,-2.9073999999999955,0.0426993370965656,1.2874254611891291,12.5181355063303,0.1334999572803442,0.0632278972220505,134.9074,64.46797293648575,2,L,LH
1301,,,,,,,150.7585,67.50487408076425,2,L,LH
1302,,,,,,,163.9809,69.41211096401489,2,L,LH
1303,,,,,,,163.9809,72.51799850850804,2,L,LH
1304,0.0,0.0382364874468522,5.96489234479741,0.0574258136930061,2.3895027680469614,5.243432310723805,0.0,0.8907269699757828,0,R,LH
1305,0.0,0.1086724181781173,216.6391417171197,377.06958690638993,0.0042275493415868,0.3369233650976269,0.0,2.5434481579287542,0,R,LH
1306,0.0,0.0096997808221482,1.4739191723699587,0.0379162148808116,0.3335676087579123,0.1808685503771323,0.0,3.854966536707491,0,R,LH
1307,0.0,0.2084080169847318,64.42466761878136,124.14211370721834,0.0113385204028428,0.2687287243707258,0.0,5.219114170128563,0,R,LH
1308,-8.207400000000007,0.040952623898346,4.317406158881472,42.0697063882483,0.029749859648047,0.0472512547910272,92.2074,5.809038614482218,0,R,LH
1309,0.0,0.0088405756267324,1.3413105752506191,0.7265685930370145,0.6536754314922312,0.3225499872244948,0.0,6.400058544201174,0,R,LH
1310,-2.920599999999993,0.0411829318206756,13.29651544123328,95.9722252675718,0.0147884727506099,0.0723380314072191,92.9206,6.673632805199873,0,R,LH
1311,0.0,0.01418561096101,4.268504152615016,104.94039493407892,0.0080059656555644,0.0125717272170569,0.0,7.248453611214632,0,R,LH
1312,0.0,0.0171559236695185,2.4950471407357844,-0.1077059321181244,0.3371800018965508,0.3094896161382152,0.0,9.742539120916902,0,R,LH
1313,0.0,0.171973706954965,160.5611676564238,248.7091493573516,0.0063959466752814,0.3777903584903752,0.0,11.760870571377843,0,R,LH
1314,0.0,0.1045807223971704,65.52541285593897,192.2903101906156,0.0086482466382618,0.2084698965056672,0.0,13.173047666221125,0,R,LH
1315,0.0,0.1796239471965313,614.0222997397027,435.9639789878393,0.0040230059530542,0.9087414488442596,0.0,14.294662534516794,0,R,LH
1316,0.0,0.0780198528901797,25.428705592420037,130.1917638190914,0.0121567676984179,0.1137228905119649,0.0,15.418537797826136,0,R,LH
1317,-0.0030999999999998,0.1198742048413071,35.937240966309055,120.45072604853024,0.0126714536030887,0.1675238662746576,18.0031,16.56751424323309,0,R,LH
1318,-0.0029000000000003,0.066494339907154,82.00426844216639,212.4474096800954,0.00921020425777,0.2778505357516645,30.0029,18.21667449818348,0,R,LH
1319,-2.9065999999999974,0.1490602536205813,123.8060084971928,186.7303468468768,0.0084048088802726,0.3828027795919173,62.9066,20.15811286550818,0,R,LH
1320,0.0,0.022770013760871,3.833655946695993,47.19241792409143,0.0209477487913892,0.0295430962614821,0.0,21.210813039402453,0,R,LH
1321,0.0,0.1360681702553411,45.19872819152044,134.18267540452132,0.0126946436487569,0.2110825087234031,0.0,24.9075397999912,0,R,LH
1322,-2.920599999999993,0.0786870880841636,10.728390006886622,54.74737093056216,0.0343402546967103,0.1355325417199211,92.9206,27.48207629400548,1,R,LH
1323,-0.0029000000000003,0.184286325443713,76.63055724394121,143.6518759017074,0.0111486172288774,0.3142885118842111,30.0029,29.116982805873985,1,R,LH
1324,-2.9144999999999968,0.1681148571286327,48.73674602074359,107.42539624556598,0.0132995027852454,0.2384500689592288,44.9145,31.252737696397272,1,R,LH
1325,0.0020999999999986,0.194889543992685,120.3198900147438,179.91619551110912,0.0088494219735499,0.3917038577104385,23.9979,32.097927310685094,1,R,LH
1326,-0.0030999999999998,0.1951459312032507,79.55035569939977,145.01785878576376,0.0109027250880499,0.3190675998959275,18.0031,33.58515168840501,1,R,LH
1327,-0.0029000000000003,0.1263749436457386,27.640814953074724,92.50553660227094,0.0166287364392512,0.1690890995954432,30.0029,35.3998203797644,1,R,LH
1328,-2.9151999999999987,0.1765024891158726,165.26713699416425,192.58777947975128,0.0091715812869595,0.5576173026416175,50.9152,37.026764723741785,1,R,LH
1329,-0.0029000000000003,0.1463066992246808,25.8838353748243,77.67245533609238,0.0221661574602448,0.2110690527327183,30.0029,39.60795742921437,1,R,LH
1330,-8.371400000000001,0.1705043560536265,55.34078423847394,119.1918858290244,0.0134034461734484,0.2728772325852989,44.3714,41.05400878542549,1,R,LH
1331,-2.9151999999999987,0.1486878083578371,29.488644851296485,84.60074353104767,0.019249970089453,0.2088287996567873,50.9152,42.62721394266795,1,R,LH
1332,-2.9151999999999987,0.1832728153108264,51.95214206592678,105.42657049633578,0.0150781385741273,0.2881752690584191,50.9152,44.262726895776176,1,R,LH
1333,-2.911900000000003,0.1735270779302053,39.42763518482356,90.354047647537,0.0176739560699916,0.2563539530392468,56.9119,46.42305792856686,1,R,LH
1334,-2.9065999999999974,0.1823578587624691,50.57352395926095,98.02268652878708,0.0170857509609708,0.3178797086233196,62.9066,48.492873478193374,2,R,LH
1335,-2.910499999999999,0.1287638753776,31.2851006237021,87.00792851981376,0.0198272984559944,0.2281952595193555,68.9105,49.97414951772062,2,R,LH
1336,-2.914599999999993,0.1952848849390305,48.72478640478242,86.77738456510784,0.0193486622005447,0.3468218133490104,74.9146,51.080939517720616,2,R,LH
1337,-8.207400000000007,0.1047870103594701,10.508124846247895,44.23307263828388,0.0396302468547747,0.153199560574508,92.2074,54.15157644105744,2,R,LH
1338,-2.913899999999998,0.1449256364113156,27.324211681868523,71.66705390149271,0.0277515933976363,0.2789594531984289,80.9139,56.27383838968501,2,R,LH
1339,-2.9107000000000056,0.0969377422345742,8.78554858525657,37.3180918710381,0.0439858630021611,0.1421633078748841,98.9107,57.90312599601109,2,R,LH
1340,-2.920599999999993,0.1100404549087145,14.512470122379307,54.13220596810942,0.0361746960688715,0.193130892606252,92.9206,58.4268959960111,2,R,LH
1341,-2.9107000000000056,0.1193737510505658,12.315999117984536,44.707429867717664,0.046373048419411,0.2101071410080704,98.9107,60.12176229189117,2,R,LH
1342,-2.909499999999994,0.1186428501342786,12.813259556694025,40.58852563227422,0.0399042001659878,0.1880978156039562,116.9095,61.39580344909237,2,R,LH
1343,-2.9093000000000018,0.1014937189925971,9.111704274625472,38.8620362118928,0.0504821194455994,0.1692165023982731,104.9093,62.5373320973511,2,R,LH
1344,-2.9120999999999952,0.123201715896117,10.113049962528024,35.31711159034869,0.0570237860885123,0.212150333982312,110.9121,63.32182203934452,2,R,LH
1345,-2.9120999999999952,0.0924495831906163,6.305924379953996,33.857801870269256,0.0836828361291778,0.1941291116343965,110.9121,65.18280977964416,2,R,LH
1346,-2.9120999999999952,0.08095140448214,5.667263675496307,34.74435043695525,0.0819585556189493,0.1708729169626693,110.9121,66.04207359885774,2,R,LH
1347,-2.9121999999999986,0.1386994924996962,5.941108091409985,21.162000084172345,0.1385749237302681,0.3028709503264156,122.9122,66.74065914320977,2,R,LH
1348,-2.9121999999999986,0.1480253706960671,6.105418643072862,21.924561153987163,0.1700943959041102,0.382041878425785,122.9122,68.81614909121049,2,R,LH
1349,-2.9091999999999985,0.0492995532929112,1.6041587442337908,16.20561827481313,0.2042578810279867,0.1205401377073021,128.9092,70.4229282857867,2,R,LH
1350,-2.9121999999999986,0.0799826013954979,3.189446471668848,23.06108225428497,0.215562591218227,0.2529264400720791,122.9122,71.04126416740769,2,R,LH
1351,-2.9073999999999955,0.1249248958953108,3.008629408189292,12.351948660143371,0.4861444729352519,0.5380709765222635,134.9074,73.68843255397208,2,R,LH
1352,-2.9073999999999955,0.079903733084518,1.922986644390902,12.68539142974442,0.520840444508643,0.368456724451017,134.9074,76.33073715418469,2,R,LH
1353,,,,,,,140.9068,78.00678744509236,2,R,LH
1354,,,,,,,163.9809,79.31417036352883,2,R,LH
1355,,,,,,,140.9068,81.13043007140811,2,R,LH
1356,,,,,,,163.9809,82.35404393014686,2,R,LH
1357,,,,,,,150.7585,84.56617924680518,2,R,LH
1358,0.0,0.0622267434791814,14.35212300918299,28.85949107122378,0.014622596400112,0.0772051301122862,0.0,3.2693520878686506,0,L,LH
1359,0.0,0.0145397153874557,2.312074477871816,22.008978571353637,0.0271277056343676,0.0230738679057412,0.0,4.066936037454419,0,L,LH
1360,0.0,0.0176684094070216,2.6373361487181,10.094198994983268,0.0260665619174612,0.0252903452828106,0.0,5.191697042576345,0,L,LH
1361,-0.0033999999999991,0.028930276336364,4.040295876591224,35.15137805157482,0.0367523053868569,0.0546264873476774,18.0034,7.857808780551277,0,L,LH
1362,0.0,0.0231913154317484,3.9052681548000354,21.94608628911865,0.0209037865250263,0.0300317983868513,0.0,8.950324798740484,0,L,LH
1363,0.0,0.0698405164255215,10.5072610754179,27.107665004833137,0.0248232719375722,0.0959520077217393,0.0,10.30602801630899,0,L,LH
1364,0.0,0.0031573663376292,0.4906807508703792,-0.798926319974069,0.0577720820240539,0.0104285171206761,0.0,12.78238336111732,0,L,LH
1365,0.0,0.0357638747887484,5.513263730700319,17.80027161009842,0.0276547764898933,0.0560898706698065,0.0,13.906135799379411,0,L,LH
1366,0.0,0.0494437621991461,7.847693461317573,26.881285431327083,0.0274596119074735,0.0792760392099443,0.0,15.181293751122157,0,L,LH
1367,0.0,0.0307084535177275,5.800218343179487,61.21185348962994,0.0158117464117097,0.0337388053787238,0.0,17.234628980085024,0,L,LH
1368,0.0,0.041953065190536,6.897063971619938,37.45556580752984,0.0239566853342341,0.0607850111670903,0.0,18.33601671135351,0,L,LH
1369,0.0,0.0048699817060598,0.7368985657052178,15.7374494618601,0.0432224155126307,0.0117171573837978,0.0,19.4436026278855,0,L,LH
1370,0.0,0.0268143475576315,4.225952197609421,47.00335549789418,0.0282378888050586,0.0438997777942824,0.0,21.203152677003928,0,L,LH
1371,-8.371000000000002,0.0171412498274883,2.2823015863170903,31.06513228155482,0.0209346751036018,0.0175770009193891,44.371,22.479655451018417,1,L,LH
1372,-0.0052000000000003,0.052871331878667,9.619835438753697,70.24971793518267,0.0193669907145338,0.0685386120258549,6.0052,23.913061407466728,1,L,LH
1373,-8.371000000000002,0.0405018063140365,5.350835739628116,35.8604764099385,0.0260078101962328,0.0511953980821616,44.371,26.39955130874865,1,L,LH
1374,0.0037999999999982,0.0393336527692239,6.468259900725544,58.77251182883478,0.0191948414762393,0.0456748899697149,23.9962,27.224179072448475,1,L,LH
1375,-0.0023000000000017,0.0605286085839765,7.929633601565398,42.326213297360205,0.0335053166084279,0.0977400068041842,30.0023,28.100211301485785,1,L,LH
1376,-2.915500000000001,0.026584096656793,2.9284804237239626,26.18944451104777,0.0370713920654927,0.0399380390978569,50.9155,29.245987838089302,1,L,LH
1377,-2.915500000000001,0.056877470284818,7.895041237098597,50.68420284745248,0.0228866373403534,0.0664724840849348,50.9155,30.6666277739606,1,L,LH
1378,,,,,,,140.9058,32.70621892735461,1,L,LH
1379,-2.910800000000002,0.0743493227249636,17.191635683470377,87.50924180046685,0.0162939159680485,0.1030500458955596,62.9108,35.390249939322345,1,L,LH
1380,-2.919700000000006,0.0469875344832577,6.174815453169938,51.89981580310482,0.0265653404663308,0.0603454995404982,92.9197,38.16613272589674,2,L,LH
1381,-8.207700000000003,0.0303549998651862,3.125230149990521,40.36683416228745,0.0354024129006729,0.0407024345383337,92.2077,40.46327376041192,2,L,LH
1382,-2.909800000000004,0.0452694215589191,3.1400488076771373,27.2248978302736,0.0524468751337612,0.0605845008438718,116.9098,43.34890317497815,2,L,LH
1383,-2.9091999999999985,0.0591158956835232,2.0766385022725773,14.4701176153627,0.1323183791668555,0.1010849713445501,128.9092,44.36208358634342,2,L,LH
1384,-2.9144000000000005,0.0514988149684389,11.40228042756763,65.82915286755875,0.0223013723982102,0.093546776254676,110.9144,46.203090961436274,2,L,LH
1385,-2.907800000000009,0.0534216504389952,1.4400888127032792,10.657294929175988,0.1716141434180292,0.0909175808963339,134.9078,48.25195271929615,2,L,LH
1386,-2.907800000000009,0.0557898114424477,1.7566635987712096,12.560869928357247,0.1182804343759477,0.0764375979487237,134.9078,53.56827699344578,2,L,LH
1387,-2.907800000000009,0.0524306003961611,1.4140324055487077,11.003893790935384,0.1909812871522922,0.0993472148691196,134.9078,54.44773542339003,2,L,LH
1388,,,,,,,140.9058,58.071370782216206,2,L,LH
1389,,,,,,,140.9058,60.92740498668629,2,L,LH
1390,,,,,,,150.7575,65.9901465696077,2,L,LH
1391,0.0,0.0075396946103453,1.0994530238691402,-0.1877185022880272,0.3552401305548747,0.1436826129098003,0.0,7.142772975611448,0,R,LH
1392,0.0,0.010493381231978,1.5875892598646977,2.7075686483274524,0.5029116956947693,0.2937212758391466,0.0,8.423721924265132,0,R,LH
1393,0.0,0.0287185488326475,4.358323036916523,-0.5441044317263773,0.169458785491969,0.2716996158695659,0.0,11.571304526738311,0,R,LH
1394,-0.0023999999999997,0.0901505599515791,31.33600134571456,131.29196968808225,0.0123224378934311,0.1420514702958295,12.0024,13.748326327562951,0,R,LH
1395,0.0,0.0890623286116123,19.365318487803844,73.10983624523739,0.0144391462573988,0.1028659585768635,0.0,14.834962988528812,0,R,LH
1396,-2.914999999999999,0.0809630155434059,14.098700669438127,72.72330130337428,0.0221729640018246,0.1150027856357952,56.915,16.030836431707478,0,R,LH
1397,-0.0052000000000003,0.0367194407613181,15.87994244374278,188.10749292013267,0.00513554758335,0.0300013777772746,6.0052,16.528550559035303,0,R,LH
1398,-0.0052000000000003,0.0456759574212977,2919.311389228331,895.1144710168178,0.0024134058233655,2.591888388179053,6.0052,18.353037523007487,0,R,LH
1399,0.0,0.009947146489441,,,,,0.0,19.92642402058001,0,R,LH
1400,-0.0023999999999997,0.0698681301270845,16.79437049264283,104.93802118700349,0.0161330167704779,0.0996746761026694,12.0024,21.696370238876977,0,R,LH
1401,0.0,0.0537492631060391,28.50697590773299,180.1570830378265,0.0087001248541969,0.091239343550134,0.0,22.89532214111996,0,R,LH
1402,-2.914999999999999,0.0299751216936146,3.417806381918403,45.870080544300144,0.031388495014442,0.0394660323502914,56.915,25.61298837978126,0,R,LH
1403,0.0,0.0753626761506275,20.27913233131843,115.30153364616864,0.0135686289810623,0.1012257153694433,0.0,27.293037278657465,0,R,LH
1404,0.0037999999999982,0.0563416867564288,7.892989929881619,59.62448940309973,0.0268446617014863,0.077948004604447,23.9962,30.31895863261056,0,R,LH
1405,0.0,0.1622644573271136,80.7989791847785,175.80118895840616,0.0091727821197021,0.2726543744643534,0.0,30.868409169965837,0,R,LH
1406,0.0037999999999982,0.0884274719890933,16.314174913000947,79.33644240614585,0.0192658987570572,0.1156271726088739,23.9962,32.35932040375276,1,R,LH
1407,-0.0033999999999991,0.1286647114600259,40.58754626586048,123.8589833749198,0.0122704755858164,0.1832144446279734,18.0034,34.56678521683057,1,R,LH
1408,-0.0023000000000017,0.0993986957021797,20.44791561815408,86.9440513925738,0.0186499410680394,0.1402917156161839,30.0023,37.36796438873894,1,R,LH
1409,-0.0023000000000017,0.1480298539487111,33.7980246525565,96.97167598065911,0.0151932492714464,0.1889067601647026,30.0023,39.67015311135546,1,R,LH
1410,-2.9159000000000006,0.1530046820927879,45.54298488415347,110.21981001749046,0.014279899706785,0.239250121045032,44.9159,43.57626310903535,1,R,LH
1411,-2.914999999999999,0.0970155192588995,30.50227268170697,109.65093992954554,0.0145914716717386,0.1637332240899689,56.915,45.83948111125446,1,R,LH
1412,-2.914999999999999,0.1448484082932496,35.772086651313096,95.53747304632812,0.0168194914154103,0.2213413995723002,56.915,47.15494543475464,2,R,LH
1413,-2.9136000000000024,0.1361722551092912,30.59165264685381,79.24879248310582,0.0192714798419495,0.2168820065467498,80.9136,50.46807151137491,2,R,LH
1414,-2.9136000000000024,0.1114180184306396,25.19394555573873,79.5859209066435,0.0193013215011592,0.1788911061255477,80.9136,51.79917964756119,2,R,LH
1415,-8.207700000000003,0.1315865203745796,32.76979021159748,82.27857892906317,0.0186142544325279,0.2244010191706395,92.2077,53.96832170699391,2,R,LH
1416,-2.919700000000006,0.1071623953692716,11.136778658706254,43.39115501208085,0.0372359761871214,0.1525554931778026,92.9197,56.662249912288445,2,R,LH
1417,-2.919700000000006,0.0815004920774187,9.859151223468572,51.15544901514516,0.0378488647845082,0.1372770393563712,92.9197,58.80001010690893,2,R,LH
1418,-2.909800000000004,0.0833222350495776,6.945402206321647,32.07146830558205,0.0460297747764208,0.1176093280474425,116.9098,60.56856051430239,2,R,LH
1419,-2.9107000000000056,0.0978190653290064,8.626528993510087,39.007886447960566,0.0486759290128022,0.1544741639806403,104.9107,62.36190356549625,2,R,LH
1420,-2.909800000000004,0.1006682576656669,19.888525200581835,55.628833663054806,0.030624714082244,0.2240681563657447,116.9098,63.65197964791026,2,R,LH
1421,-2.9144000000000005,0.1282666505532085,10.13419337617983,34.68812180518809,0.0609473082677882,0.2272214018711767,110.9144,65.79458213913809,2,R,LH
1422,-2.9125999999999976,0.0809912578351799,3.883910870229871,22.451292006067124,0.0952580278096514,0.13610571421003,122.9126,67.26297806722286,2,R,LH
1423,-2.9125999999999976,0.0801759804212062,3.1600081961874413,22.47438910072208,0.2058365334248143,0.2392853919293393,122.9126,69.59045965044058,2,R,LH
1424,,,,,,,140.9058,70.7294807627998,2,R,LH
1425,-2.907800000000009,0.1250548103172913,3.3498545527207497,11.04770873710563,0.2066571005771875,0.2546723529447277,134.9078,71.97165107098058,2,R,LH
1426,-2.907800000000009,0.1009696360476048,2.4293415235463183,11.974644329015836,0.4981772404093288,0.4452233920491491,134.9078,74.07387912369057,2,R,LH
1427,-2.907800000000009,0.078273436158534,1.883163624821458,12.684101858227224,0.5313919947583209,0.3681362486308001,134.9078,76.64190716921557,2,R,LH
1428,,,,,,,150.7575,79.73159189282711,2,R,LH
1429,,,,,,,150.7575,81.14504047865543,2,R,LH
1430,,,,,,,163.9804,83.81930565737932,2,R,LH
1431,,,,,,,163.9804,86.30715611816457,2,R,LH
1432,,,,,,,150.7575,88.24437875258468,2,R,LH
1433,0.0,0.056714357982137,14.50551080676794,95.13016155803768,0.0111498976013235,0.0594989667579981,0.0,6.022053951785487,0,L,LH
1434,0.0,0.0627764162283135,,,,,0.0,9.190245771874345,0,L,LH
1435,0.0,0.0696564103824832,23.200082247456248,128.81165718951416,0.0101123673072567,0.0863073691582007,0.0,11.03553231328895,0,L,LH
1436,-2.912700000000001,0.0304715882084046,2.7924055852330225,22.66634011361513,0.0625136293908223,0.0642182889340348,62.9127,12.452940485587954,1,L,LH
1437,-2.9179999999999997,0.0391785355109857,6.075380575224869,55.11010615097183,0.0196741683825329,0.0439719160734348,44.918,13.804422696384677,1,L,LH
1438,-2.9179999999999997,0.0723241318199225,11.565252603141827,68.14987644920625,0.0237310854378244,0.1009667190361808,44.918,17.00667874289527,1,L,LH
1439,-2.9179999999999997,0.0605901259364609,10.764253584391083,74.96291625382938,0.0171812299517631,0.0680367701966193,44.918,19.357571382918813,1,L,LH
1440,0.0035999999999987,0.0636199121763081,15.72309722254946,103.61963844997878,0.0146369563989133,0.08466314496639,23.9964,22.282078145372868,1,L,LH
1441,-0.0042000000000008,0.0554816604409523,9.8464658735885,77.79663425885519,0.0183838130118485,0.0665919131535431,30.0042,23.831189411130666,1,L,LH
1442,-2.9174000000000007,0.0753212027071762,12.758535980840684,69.20010076724019,0.0206361930969831,0.0968580996197477,56.9174,25.90048860730544,1,L,LH
1443,0.0035999999999987,0.0790714462211299,15.71494083435426,86.35454050380163,0.0159517641697762,0.0922203972770964,23.9964,28.457339441788648,1,L,LH
1444,-2.912700000000001,0.0803448052040836,12.571184621104765,65.10070490725961,0.0204656639220077,0.0946471542661524,62.9127,31.65754347276225,1,L,LH
1445,-2.9174000000000007,0.0601809993432942,9.986992798760753,70.82392245702003,0.0199050072401715,0.0731311823099539,56.9174,32.80966821639898,1,L,LH
1446,-2.9179999999999997,0.0904899686023879,15.331322794481723,74.48906339084752,0.0188157913595975,0.1061225395937477,44.918,34.65158483161685,1,L,LH
1447,-2.912700000000001,0.0751634643454138,18.37432211717434,91.99209411265603,0.0148349158074587,0.1002771378499523,62.9127,37.26169421709007,1,L,LH
1448,-2.9146999999999963,0.0844950384620242,9.376906913672489,42.356330517840014,0.0321406606706624,0.110871499819275,68.9147,39.131205501752106,1,L,LH
1449,-2.912700000000001,0.0865846428261331,22.887851686500788,95.8625982075087,0.0155805852235943,0.1311880615368962,62.9127,40.58444072500401,1,L,LH
1450,-8.208699999999993,0.0872904114562094,14.028680843777522,60.79846101041504,0.022440412300632,0.1158118995876182,92.2087,43.9352194228704,2,L,LH
1451,-2.9154000000000053,0.0691583132917414,71.35417309350458,113.103906653472,0.0163808726076338,0.4299935375466039,110.9154,47.84127367258249,2,L,LH
1452,-2.9110000000000014,0.0654717468968278,4.592095103640749,29.41240802361697,0.0572296157825811,0.0966801292150829,116.911,49.22273935420317,2,L,LH
1453,-2.9110000000000014,0.0619552771607241,3.0038673733704084,27.314485217951717,0.1527382988848897,0.1687851450430761,116.911,52.308431119777325,2,L,LH
1454,-2.910899999999998,0.0792224098630821,2.7616783677533303,15.733694200108296,0.1515461684464648,0.1539655567472039,128.9109,53.641286780598,2,L,LH
1455,,,,,,,140.9065,57.1573640357468,2,L,LH
1456,,,,,,,140.9065,58.28209673173926,2,L,LH
1457,,,,,,,140.9065,60.04826396057695,2,L,LH
1458,,,,,,,150.7574,62.31137641619095,2,L,LH
1459,,,,,,,163.9822,63.14844068115087,2,L,LH
1460,0.0,0.1778328843283048,224.8965807770922,252.4868086537556,0.0075573449710894,0.6252556397783344,0.0,2.172531648868403,0,R,LH
1461,-2.916499999999999,0.1154650463248113,42.09690051402536,124.19949412167551,0.0117193774080879,0.1814931254255804,50.9165,4.846610297394693,1,R,LH
1462,-0.0042000000000008,0.1255295423908387,21.661682546592363,78.55186731152486,0.0227873812530934,0.1815900815010422,30.0042,6.915958297074942,1,R,LH
1463,-2.9174000000000007,0.1015854902553574,23.146301954286884,89.25855057223133,0.0178191569927847,0.1517309883058181,56.9174,10.1008495263212,1,R,LH
1464,-2.9179999999999997,0.135172393587054,33.27366760984645,99.2228752441834,0.0133349723739202,0.1632293729483658,44.918,14.101181870671596,1,R,LH
1465,-2.914599999999993,0.1013521170127196,3.187411516997164,3.262218134897829,0.3247292542647199,0.3807720575964051,122.9146,16.983907343363388,1,R,LH
1466,-2.9179999999999997,0.200891307046297,127.89913148262498,164.1119354411777,0.0104569584870124,0.4920151745990701,44.918,19.155198054698666,1,R,LH
1467,-2.912700000000001,0.2107952135494938,941.5921106695154,284.3102120498356,0.0070646638962941,2.4471457372958687,62.9127,21.884754749750435,1,R,LH
1468,-2.9110000000000014,0.1414558694134371,9.23565251419424,28.187279959294948,0.0654270891423262,0.2222955155007908,116.911,25.987358127338624,1,R,LH
1469,-2.9179999999999997,0.1463764630491865,51.03104541492961,120.6142527995285,0.0140894258897441,0.2645046311689492,44.918,28.34484615861029,1,R,LH
1470,-2.9146999999999963,0.1139377674916309,23.78546682277876,80.8167724862579,0.0182841724572459,0.1599898777274045,68.9147,29.547781677455752,1,R,LH
1471,-2.916499999999999,0.1425075699249969,27.30282307952936,78.99565305372323,0.0171284477494526,0.1720406521627581,50.9165,31.534714399232517,1,R,LH
1472,-2.9174000000000007,0.0475986066326034,4.992307956866101,30.542782858356397,0.0392024585689102,0.0719979598117057,56.9174,32.57962579703566,1,R,LH
1473,-2.914500000000004,0.0736078367148206,12.17673970750793,60.96407930296074,0.0260323858280076,0.1166139518258725,80.9145,34.48714702862513,1,R,LH
1474,-2.9174000000000007,0.1508246681854037,70.08641212971678,131.7889170371045,0.0132963393442938,0.3428241727345186,56.9174,36.5783939848244,1,R,LH
1475,-2.9110000000000014,0.2872872568930382,21.9934202613677,31.613311965158616,0.0502743723847232,0.4067662847382261,104.911,36.659113276198894,1,R,LH
1476,-2.9146999999999963,0.1707270204678744,48.90820979817849,96.5107878416605,0.0179480941664425,0.3229279413854792,68.9147,38.81967445071309,2,R,LH
1477,-2.9218000000000046,0.1339172696374708,46.69636202301611,92.61780668218192,0.0178150837843557,0.3060387606447082,92.9218,40.77046943984168,2,R,LH
1478,-2.9218000000000046,0.1539264467058628,27.95330836418119,64.97498186062282,0.0233975760393853,0.2406077438902214,92.9218,41.55494786090994,2,R,LH
1479,-2.914900000000003,0.1072562645422414,17.00161365234977,55.1221470275427,0.0283641860049586,0.1774050530636358,98.9149,44.31996060970827,2,R,LH
1480,-2.9110000000000014,0.1107950835924567,11.80127352291523,43.67924916152853,0.0445226389015627,0.1932926285046693,104.911,48.50034796188092,2,R,LH
1481,-2.9110000000000014,0.1208567347511345,12.33589922823736,42.58965116347888,0.047649170421895,0.2162378302645749,104.911,49.91139291976988,2,R,LH
1482,-2.914599999999993,0.0716499650142514,4.009447814094117,23.980915267043176,0.0759198310333624,0.1119812513170011,122.9146,52.08079445759425,2,R,LH
1483,-2.9110000000000014,0.125585837015126,60.71131422463164,64.02196702025556,0.0340647948932959,0.7608182658296716,116.911,53.78444568792115,2,R,LH
1484,-2.910899999999998,0.0770566228517736,2.9832194263794163,15.904576105198036,0.1141333342481473,0.1252573505667527,128.9109,56.090964150007565,2,R,LH
1485,-2.914599999999993,0.0754517049188587,3.019581081277506,22.850589724367104,0.2061910843514955,0.2290456754400699,122.9146,57.6036855085447,2,R,LH
1486,-2.909600000000012,0.1018923378564208,2.461692162612597,13.005949235130986,0.456209860948528,0.4131463586467832,134.9096,59.90401027031734,2,R,LH
1487,,,,,,,150.7574,62.4685460547822,2,R,LH
1488,,,,,,,140.9065,65.10434592508881,2,R,LH
1489,,,,,,,163.9822,66.50608482978765,2,R,LH
1490,,,,,,,150.7574,68.04067284955129,2,R,LH
1491,,,,,,,163.9822,70.85149669278675,2,R,LH
1492,0.0,0.0082079730370474,1.280452243642182,-0.3049678074921509,1.374672659742016,0.6475423824755008,0.0,1.2142325650801309,0,L,LH
1493,0.0,0.0072249319730467,1.168212065723302,21.580104802395866,0.0246945211084315,0.0106127470721026,0.0,5.299598113963819,0,L,LH
1494,-0.0054000000000016,0.0096524070334658,1.211393034854841,13.816863606428342,0.0540576714458736,0.024090617089224,30.0054,6.727795891325084,0,L,LH
1495,-2.9166000000000025,0.0132107950776173,1.4374729478571475,22.52076232115904,0.0674599043556415,0.0356739270229522,50.9166,9.701044321974068,0,L,LH
1496,0.0,0.038120930999803,7.126517272317375,52.29467676819314,0.0179062516720474,0.0469448055338866,0.0,10.393741441500346,0,L,LH
1497,0.0,0.0188355503535864,3.541505184281972,73.40040016757392,0.0201603643660254,0.0262658691868485,0.0,12.206906457135425,0,L,LH
1498,-2.918999999999997,0.0432277450035569,6.019548287129812,51.22509304738952,0.024932186082551,0.0552115297451333,44.919,14.322772901819471,0,L,LH
1499,-2.918999999999997,0.0424902190936169,4.843852382521575,38.24586093735068,0.035913402056884,0.0639960199477579,44.919,15.457221416091125,0,L,LH
1500,-2.011099999999999,0.0333564405768,5.1423965051558165,55.67973152522121,0.0233132407631913,0.0441035681323937,20.0111,17.13280214974386,0,L,LH
1501,0.0,0.0651274746059785,10.852859021599048,57.62535371541072,0.0223662311210987,0.0892981554231961,0.0,19.083446890142778,0,L,LH
1502,-0.0046999999999997,0.0327069753940196,4.933770945474363,50.63573254323472,0.0278205991654392,0.0504953027353839,12.0047,20.655266647348856,1,L,LH
1503,-0.0054000000000016,0.0494847851021965,6.508312353347379,42.48273561074343,0.0300609331002991,0.0719741199023262,30.0054,22.04071568459366,1,L,LH
1504,-0.0064999999999999,0.0135207030908225,2.198454940073842,44.9876311709712,0.0176829158783997,0.0143013477707776,6.0065,23.235555101419205,1,L,LH
1505,-0.0064999999999999,0.0478711990620127,7.491267182994603,61.218893506330936,0.0257551263459875,0.0709781196230672,6.0065,25.82017443185555,1,L,LH
1506,-2.912000000000006,0.0366627694628133,1.8543603960334325,17.210782197017334,0.0742994150722014,0.0506856541937169,116.912,27.750527710435804,1,L,LH
1507,-2.011099999999999,0.0519275458478154,7.351317289760273,48.24738118404567,0.0284139299164103,0.076842589343635,20.0111,28.791050403315776,1,L,LH
1508,0.0025000000000012,0.1062851125931987,18.35010311075845,69.57685245951407,0.0181491787402176,0.1225183120351337,23.9975,31.19920000285448,1,L,LH
1509,-2.9148,0.0196998136491824,1.7300844614510973,18.382188140162945,0.0531880430382057,0.0338521951005929,68.9148,33.228322305232446,1,L,LH
1510,-2.918999999999997,0.0646060405680874,7.24515518046714,37.08928894656571,0.0342403120477876,0.0912621979136251,44.919,34.88818710099441,1,L,LH
1511,-2.9183999999999983,0.0607789130606004,7.95969865113494,53.87319503512831,0.0235218135603254,0.0688767977286984,56.9184,37.09821699613106,1,L,LH
1512,-2.9121000000000024,0.0711849908210032,9.383912222332516,55.3320768529329,0.0230605802815041,0.0796085449610498,62.9121,39.02512016021065,1,L,LH
1513,-2.9148,0.0381842064945442,3.75918500843863,39.55310201351116,0.0335029778636248,0.0463321686531618,68.9148,40.54886693319291,1,L,LH
1514,-2.914100000000005,0.0672402668287337,8.790410107774496,50.75983295185204,0.023866114822907,0.0771785084151915,74.9141,40.864866933192914,1,L,LH
1515,-2.011099999999999,0.0302425748221751,11.674144025523283,136.69237966342962,0.017387117031868,0.0746720617021976,20.0111,44.35333211766893,2,L,LH
1516,-2.911299999999997,0.0229688875721382,1.6259465703090066,23.675976118686943,0.0456964595964527,0.0273334431250772,104.9113,45.08705551693412,2,L,LH
1517,-2.9162000000000035,0.0449807428342494,3.663914958501723,31.07370764193784,0.0396890577489787,0.0534960469708753,110.9162,46.31471551693412,2,L,LH
1518,-2.911299999999997,0.0410676649918002,5.419565075745899,48.68517359901736,0.0287360317215665,0.057292364722172,104.9113,47.54520159229736,2,L,LH
1519,-2.90979999999999,0.0385000635126981,1.0861836856541385,10.879046204342812,0.1535718971045333,0.0613649723378612,134.9098,49.00188541850815,2,L,LH
1520,-2.9162000000000035,0.0512050159184979,4.184524030803466,35.017193077116325,0.0565461089176384,0.0870471005386604,110.9162,50.43480377101864,2,L,LH
1521,-2.9099999999999966,0.0376102821613864,1.1357685618657551,17.916613975618773,0.416655087339867,0.1740892884570085,128.91,55.54976124941544,2,L,LH
1522,,,,,,,140.9076,58.00167105487535,2,L,LH
1523,,,,,,,163.9817,60.44816483164537,2,L,LH
1524,,,,,,,0.0,1.7578474508017905,0,R,LH
1525,-2.9183999999999983,0.091362436403791,12.974303726853307,58.80550951307919,0.0218960555496855,0.1045094265603491,56.9184,4.225668473044681,0,R,LH
1526,0.0,0.0234180875260015,92.59262355438898,548.8168485175592,0.0029936085485664,0.1019710563138129,0.0,5.9438755622394135,0,R,LH
1527,-0.0046999999999997,0.0534888327753689,9.27115169756796,64.38620090962432,0.0225951333816887,0.0770644555745609,12.0047,8.320613919074773,0,R,LH
1528,0.0,0.1622340267589075,126.79426046882384,220.0290292715615,0.0073914576359302,0.3447745538827016,0.0,9.84073857230912,0,R,LH
1529,-2.011099999999999,0.0513665009868718,17.477191031229314,129.9810667764753,0.0117577016090709,0.0755961339102262,20.0111,12.21358202833752,0,R,LH
1530,0.0025000000000012,0.0815033352054139,43.627365405369886,160.54939547771554,0.0108595194188547,0.1742910602031513,23.9975,13.702696614123315,0,R,LH
1531,-0.0064999999999999,0.0757917249951688,47.11844979440088,186.5643480395589,0.0090545898147346,0.1569514356928626,6.0065,15.299531797768552,0,R,LH
1532,-2.911299999999997,0.0346721725754841,2.5520457520074467,22.66285158019704,0.0361986236398651,0.0339849027872887,104.9113,17.898379016766192,0,R,LH
1533,-2.9121000000000024,0.0927449726540082,18.69129742777244,80.92070605349875,0.0189236833305147,0.1301219725844772,62.9121,20.13147858184763,0,R,LH
1534,-2.011099999999999,0.1279926560412044,56.86096967021969,155.21525397351968,0.0102670775968016,0.2147665417623298,20.0111,21.696109535889093,0,R,LH
1535,-0.0046999999999997,0.1111877381259708,29.25376490152752,107.37060947972866,0.01494447003113,0.1608302745843072,12.0047,23.57487264212338,0,R,LH
1536,-2.914599999999993,0.0599532350752008,40.72921228444024,140.4145779694358,0.0121893370356869,0.1826381983410898,80.9146,23.1279497354605,0,R,LH
1537,-2.9099999999999966,0.0762246789865077,3.3616014203065405,17.675185389883474,0.0852991053027804,0.1054863371908914,128.91,26.187647883876945,0,R,LH
1538,-0.0054000000000016,0.0749980196025204,9.515485212921462,45.69061189854312,0.0364922368079651,0.1277429500124595,30.0054,28.456547688804434,0,R,LH
1539,-0.0054000000000016,0.1133867506457245,39.77231823839663,126.89529635989852,0.0136471579083178,0.1996772747022202,30.0054,29.944544631598458,0,R,LH
1540,-2.9166000000000025,0.1164385035114654,16.231080401190276,61.33754932075018,0.0190410130221055,0.1136954270327095,50.9166,31.12757642373255,0,R,LH
1541,-2.9221000000000004,0.1122674641195735,66.95119362005735,114.42913431301936,0.0157006468458873,0.3867064246002194,92.9221,34.471891075201974,0,R,LH
1542,0.0,0.0716191100541081,36.19736643608911,166.65461291533808,0.0133226237171438,0.1774076137105192,0.0,35.50734877117205,0,R,LH
1543,-2.914100000000005,0.095413917084966,15.324810488148362,64.56807587772781,0.0241813937892201,0.136327025873237,74.9141,36.214318426932905,1,R,LH
1544,-2.9148,0.0858028487622698,14.310812662206926,68.55351068226467,0.0243237152706345,0.1280559391754612,68.9148,37.95755593657769,2,R,LH
1545,-2.911299999999997,0.0619948183978529,6.299311798532954,41.409241903949976,0.0412064993008253,0.0954914183306287,104.9113,40.00313828144179,2,R,LH
1546,-2.914599999999993,0.0965692158001084,16.142139079338598,66.4249684580433,0.0263523949978726,0.1564900374478358,80.9146,41.34514656587058,2,R,LH
1547,-2.9221000000000004,0.061233661376806,21.18338896628486,95.19936439683462,0.0168021947638151,0.130938383004584,92.9221,43.81243073700261,2,R,LH
1548,-2.914000000000001,0.0805202424491255,41.94613872852466,95.68623129196024,0.0197833597489998,0.3052794393355006,98.914,45.14238870567885,2,R,LH
1549,-2.9162000000000035,0.061740807351914,4.592027054757377,34.771593746017324,0.0720511636735994,0.1217169203913932,110.9162,46.53437747400937,2,R,LH
1550,-2.918999999999997,0.0462067364417579,11.601135884750612,105.69232364484364,0.0371693291890558,0.1586319836864411,44.919,47.19357208866717,2,R,LH
1551,-2.9146999999999963,0.0672752128998077,2.763025342428681,21.598583839170008,0.1656654523315099,0.1683923419435715,122.9147,50.683544584418186,2,R,LH
1552,-2.9146999999999963,0.0917850394181045,4.253867047396191,20.77856885982432,0.1037721229571715,0.1623940570342183,122.9147,51.61571955804328,2,R,LH
1553,-2.90979999999999,0.1130799132546713,2.7193011160951714,11.95669821776291,0.5167904570968685,0.5169842405809326,134.9098,53.23520157336911,2,R,LH
1554,-2.90979999999999,0.069002303752003,2.539899342959377,15.282003625687038,0.091090737510768,0.0851130673541824,134.9098,54.25058710058154,2,R,LH
1555,-2.9099999999999966,0.0730623910476843,2.1975273005760774,18.306849970960325,0.5097992626671631,0.4121345276989642,128.91,56.95061906715364,2,R,LH
1556,-2.90979999999999,0.0417293962165349,1.0086922045091729,13.651808635935629,0.477436616993253,0.1771658069690774,134.9098,59.26778425932969,2,R,LH
1557,,,,,,,140.9076,61.0404055732389,2,R,LH
1558,,,,,,,163.9817,63.20788179457378,2,R,LH
1559,,,,,,,163.9817,65.1447116000337,2,R,LH
1560,0.0,0.0074435073246933,1.1006941601339846,1.6873909739112063,0.3976014487353381,0.1609978730321311,0.0,3.7516149667904,0,L,LH
1561,0.0,0.0037166602135543,0.5238224216060373,4.971182554324613,0.0326776421358994,0.0062970960026267,0.0,4.606664524564684,0,L,LH
1562,0.0,0.0062689180950448,0.9779512265440454,0.1592381555091971,2.872938561654645,1.033591793441287,0.0,8.627388498295439,0,L,LH
1563,0.0,0.0737148914170464,13.810422534402663,61.97097203559015,0.0145504458460305,0.0739245662807302,0.0,10.492231495998537,0,L,LH
1564,0.0,0.073706833824751,11.119484660901856,30.00071473401486,0.0214638282214663,0.0878005754127872,0.0,12.468594399230966,0,L,LH
1565,0.0,0.0978919794928477,19.33843979873401,57.17805209138983,0.0150951344984522,0.1073900236156144,0.0,15.72305555801833,0,L,LH
1566,0.0,0.0517860773570031,7.429259710136085,53.8666448310678,0.02921091689351,0.0798355364410874,0.0,16.365975788529084,0,L,LH
1567,0.0014000000000002,0.0362890081084248,4.974114552781182,37.92133178225542,0.0332796509901503,0.0608975841167381,23.9986,18.69453804322487,0,L,LH
1568,0.0,0.0663164272323431,13.374941293656327,74.65707964502863,0.0162684677535465,0.080046814448513,0.0,20.76883833238065,0,L,LH
1569,-2.920099999999998,0.0329352356437587,3.676168726460223,35.31516517066968,0.038328592968144,0.0518350869006801,44.9201,22.619268557336596,1,L,LH
1570,-0.0076,0.0418065447554359,6.549234313487072,61.62642793074609,0.0280541451611205,0.0675916559501536,6.0076,24.661014598408737,1,L,LH
1571,-2.014099999999999,0.0581410575191917,9.387795105158691,65.74399519944856,0.0204272131171678,0.070546949659775,20.0141,27.719059316076116,1,L,LH
1572,0.0014000000000002,0.0259415919674175,3.535274483559176,42.1639805526901,0.028397227428582,0.0369321504786733,23.9986,29.181018045134724,1,L,LH
1573,-0.0065999999999988,0.0734966895370258,15.4908322738714,85.840944876402,0.0161372389045005,0.0919622309268496,30.0066,31.74049946004194,1,L,LH
1574,-0.0065999999999988,0.0381068338397745,5.52316689377367,53.011470719966354,0.0224706450955833,0.0456571948406171,30.0066,36.05399537466256,1,L,LH
1575,-0.0065999999999988,0.0648596562916771,10.054631044561264,66.04725510565187,0.0218385659896495,0.0807784981194192,30.0066,34.34099335222857,1,L,LH
1576,-2.920099999999998,0.0806285507189177,11.241890813575855,58.65360042568569,0.0220932641229606,0.0913702399749381,44.9201,40.47957185686668,1,L,LH
1577,-2.918599999999998,0.0441550943881099,4.253080734019191,34.719996581805766,0.0439661544392809,0.0687903669284434,56.9186,43.77556353098585,1,L,LH
1578,-2.9151999999999987,0.0391558309785983,3.590417213871677,34.50908657165718,0.0412169595245157,0.0544410367721748,74.9152,46.37087135620938,2,L,LH
1579,-2.9176999999999964,0.0740348012116172,8.559895118072967,49.45448101673808,0.0283205738129382,0.0891817540714017,80.9177,48.19024135620938,2,L,LH
1580,-2.9176999999999964,0.0365275562865007,3.668822944120549,45.19788277018063,0.0420963667737153,0.0568168151905988,80.9177,49.074827057272174,2,L,LH
1581,,,,,,,140.9078,57.774030413451314,2,L,LH
1582,,,,,,,140.9078,60.69119455382791,2,L,LH
1583,0.0,0.0453384148848623,5211.055550174054,1237.0940854710225,0.0017488759321247,3.352665473186285,0.0,1.4264311404340524,0,R,LH
1584,0.0,0.1223504303964024,48.07768363327219,144.1068877355724,0.0120866983407464,0.2137749121203604,0.0,2.2676283638339614,0,R,LH
1585,0.0,0.0293593258587194,5.509737466143564,72.8863937821133,0.0127984356551451,0.0259413941920641,0.0,2.9640571642148767,0,R,LH
1586,0.0,0.0094034705773149,,,,,0.0,4.8301744095677295,0,R,LH
1587,0.0,0.0237469603429375,,,,,0.0,5.4669947767043325,0,R,LH
1588,0.0,0.0940095439780061,1281.809524489552,657.6686472542108,0.0029835510676922,1.406897598081977,0.0,7.397496625926827,0,R,LH
1589,0.0,0.0515050362259627,10.35574994570738,89.90643878270377,0.02205550707987,0.0840241485830004,0.0,9.440712923948164,0,R,LH
1590,-0.0076,0.1150562264422946,476.9088834278769,378.8987643519156,0.0052354356989711,0.9185308775985932,6.0076,10.908294134480506,0,R,LH
1591,0.0,0.1786986582231996,214.06809892980397,259.5846208670452,0.0067954256413557,0.5351482812540126,0.0,13.522712892297644,0,R,LH
1592,-2.9176999999999964,0.0524473435669006,5.196570607211717,41.66773700097288,0.0390590166376325,0.0746695709328922,80.9177,16.725966305131937,1,R,LH
1593,-0.0065999999999988,0.1154414889776053,107.22788145434492,207.6224529663424,0.0083318865037494,0.3286673695720388,30.0066,18.676902969614115,1,R,LH
1594,-0.0046999999999997,0.1199011212436901,41.67176906221209,132.09517011425837,0.0132423446181448,0.2030076208405451,12.0047,21.010724738423207,1,R,LH
1595,-2.918300000000002,0.0727790955222136,6.873352554218372,36.67471145928712,0.0398054622299098,0.100650702449382,110.9183,22.454686453984102,1,R,LH
1596,-0.0046999999999997,0.1832898831088371,167.5920656802696,221.31219779966509,0.0078459245513104,0.4837300860268288,12.0047,23.281327369557488,1,R,LH
1597,-0.0065999999999988,0.2262117880946464,147.07525189089006,178.15339606006347,0.0093758597889224,0.5072899085416548,30.0066,27.05232738724881,1,R,LH
1598,-2.916800000000002,0.2051760779425634,134742.22816498746,874.675683283141,0.0028168520897662,139.62824715694433,50.9168,29.64673930225388,1,R,LH
1599,-2.916800000000002,0.1655194941198658,68.36114784188224,130.43866472999156,0.012587258310655,0.3165526904862709,50.9168,31.54733133004827,1,R,LH
1600,-2.913200000000004,0.1687672722766039,42.44316573859695,93.70053016152596,0.016795355607728,0.2622421465774131,62.9132,34.1725192150692,1,R,LH
1601,-2.915099999999996,0.0968483804628101,9.23247044977656,28.715951614952907,0.0441395029421368,0.1499169998911112,68.9151,34.73582245392018,1,R,LH
1602,-2.915099999999996,0.2054945259290458,123.61804556692547,140.48010847552732,0.0122200134187073,0.5557238987535569,68.9151,36.17712145450328,2,R,LH
1603,-2.9151999999999987,0.1678792087580742,43.99255610175614,89.20018798658315,0.0183573359522133,0.2970943348483988,74.9152,38.21904235867227,2,R,LH
1604,-2.9151999999999987,0.1652218210860409,60.99680409821461,106.89211617991865,0.0159684004417724,0.3583224459329873,74.9152,40.06133103992544,2,R,LH
1605,-2.9133000000000067,0.0990957533067206,35298089.80050346,716.710778577141,0.004130073056209,53630.82226957643,104.9133,41.83700084538533,2,R,LH
1606,-2.9176999999999964,0.1300967982373069,32.40631036153271,82.28967201913329,0.0248887089051758,0.2967136140317696,80.9177,42.60149228109909,2,R,LH
1607,-2.9176999999999964,0.1181604178936397,73.79626199061673,117.59184780845116,0.0171474241681127,0.46552045969848,80.9177,44.48847173658339,2,R,LH
1608,-2.914299999999997,0.176315787130897,20.842913946483897,48.68477311178221,0.0427491441219855,0.327786737523639,98.9143,46.46051765671132,2,R,LH
1609,-2.9133000000000067,0.1214963816729289,12.457787110588818,43.26547096896926,0.0497738611024426,0.2281118016514713,104.9133,48.90488824515153,2,R,LH
1610,-2.914100000000005,0.1275671753264956,26.46528863024824,59.230031219355965,0.0266342381454518,0.2593118905429091,116.9141,50.79510805061143,2,R,LH
1611,-2.918300000000002,0.1399197679732707,9.881016318506576,33.92177702472964,0.078391142262054,0.2849535864192664,110.9183,53.1551709220389,2,R,LH
1612,-2.90979999999999,0.0884588406633496,2.275083843520365,11.05368709009764,0.2197557911147159,0.183926053822222,134.9098,55.6317336032948,2,R,LH
1613,-2.911900000000003,0.138113896723586,4.538060859478287,16.207019856916716,0.1978674126758511,0.3303315908709672,128.9119,56.88116697536806,2,R,LH
1614,-2.911900000000003,0.1120423131776854,3.387077838880348,17.92683036990306,0.4056481024898434,0.505452261771581,128.9119,58.73464776176794,2,R,LH
1615,-2.911900000000003,0.1096502477223219,3.298555928710857,17.965706938840153,0.4900454661551816,0.5946559186029611,128.9119,59.67915064829795,2,R,LH
1616,,,,,,,150.7613,61.38456788485299,2,R,LH
1617,-2.90979999999999,0.0699741855129048,1.6844363077458964,13.022219921373322,0.528990060670722,0.3277989998320343,134.9098,62.89835827948783,2,R,LH
1618,,,,,,,140.9078,64.55876625887359,2,R,LH
1619,,,,,,,140.9078,66.54842031816449,2,R,LH
1620,,,,,,,140.9078,69.57606689995245,2,R,LH
1621,,,,,,,163.9818,70.67856277749577,2,R,LH
1622,,,,,,,163.9818,72.01055968732493,2,R,LH
1623,,,,,,,163.9818,74.06830019117582,2,R,LH
1624,0.0,0.0676759884816311,10.326799945212748,35.70434759680281,0.0233662170715449,0.088768665061874,0.0,5.817392774958665,0,L,LH
1625,0.0,0.1120277156240386,19.46442186611193,51.78934325243734,0.0162057818533806,0.1160424836607905,0.0,8.438681888904773,0,L,LH
1626,-0.0076999999999998,0.0296208604478083,4.189365431371281,40.06272642372339,0.0255419500711992,0.0393647787208116,30.0077,9.370944188227536,0,L,LH
1627,0.0,0.0932294339628494,15.486033037560455,46.24868943723577,0.0175538411218298,0.1000041131507126,0.0,9.492347423769264,0,L,LH
1628,0.0,0.0223679871450034,3.458416238337235,-0.57946541624295,0.4183835940870561,0.5323011766093516,0.0,10.362717631245689,0,L,LH
1629,0.0,0.0087491111328853,1.1996298604089972,-0.4706538908150761,0.4758308143344297,0.209993256549819,0.0,10.362717631245689,0,L,LH
1630,0.0,0.0032916666666666,0.5135000006326899,-0.0908122944384812,2.8324672334422294,0.5350703193970058,0.0,11.075087838722109,0,L,LH
1631,0.0,0.1637663420010199,24.103421646864923,42.464969998575,0.0247763338370746,0.2196955499927091,0.0,12.658618253674952,0,L,LH
1632,0.0,0.0130047650715259,2.0287755712570177,-0.0690640346265834,0.6473273284902242,0.4831294006745851,0.0,14.074151024661823,0,L,LH
1633,0.0,0.0499233436007556,9.342383132248363,55.9782167434891,0.0137891581567865,0.0473915534523127,0.0,15.248840825541318,0,L,LH
1634,0.0,0.0444307652145746,3.5386365364476013,26.21720209521564,0.047092346251211,0.0613044222592784,0.0,17.302865688436313,0,L,LH
1635,0.0,0.0635257712552851,14.36521980957616,81.51020499397329,0.0125626687319973,0.0663895464556501,0.0,18.2455019545626,0,L,LH
1636,0.0,0.0263472915299731,3.983623044075,21.141079583631203,0.0273212487621094,0.0400390993392113,0.0,19.04901784836821,0,L,LH
1637,-0.0076999999999998,0.0728703944616773,12.23043267286493,68.9037130212567,0.0209551428106468,0.0942839924148604,30.0077,20.747205494065827,0,L,LH
1638,0.0,0.119395252806414,25.76180310641403,82.53326887807468,0.0128740124335769,0.1220100763765721,0.0,22.289426941091737,0,L,LH
1639,0.000399999999999,0.0175086714922047,2.616118092384239,45.87525185518896,0.0159118547097863,0.0153138245467577,23.9996,24.650956684668405,0,L,LH
1640,-0.0086000000000003,0.0576563154599903,9.767279616030956,58.991003123535535,0.0189176650255639,0.0679746014753142,6.0086,26.29695682018668,0,L,LH
1641,0.0,0.0349456493714511,6.105905069775848,66.26889593191227,0.0214356841012552,0.0481496255677669,0.0,27.996598637438684,0,L,LH
1642,-0.0086000000000003,0.0602457776872497,9.934020547850327,63.31846682998127,0.0210578201035178,0.0769562653184742,6.0086,30.04064318236698,1,L,LH
1643,-2.014299999999998,0.0721052396492931,11.00946732212789,49.54079478946155,0.0232382102027003,0.0941183924245266,20.0143,32.56909464677606,1,L,LH
1644,-8.214100000000002,0.0732946046900669,8.941652793950128,50.9233754983058,0.0301939052893277,0.0993213487887796,92.2141,34.39440783177017,1,L,LH
1645,0.000399999999999,0.0867906013943466,13.261571873864176,55.67060404296301,0.0197120413638145,0.096168340821011,23.9996,35.8866351873401,1,L,LH
1646,-0.0066000000000006,0.0976794013010273,18.291091611084667,76.61985489941536,0.015817609211387,0.1064353725668797,12.0066,36.764182606001896,1,L,LH
1647,-0.0066000000000006,0.0822011018561688,11.92161117324746,40.2642872121417,0.0347775984679424,0.1525246580885873,12.0066,40.15654112100911,1,L,LH
1648,-0.0076999999999998,0.0943175533761203,15.053268949203115,65.19473252162399,0.0202145483930782,0.1119438869295566,30.0077,42.25801440102151,1,L,LH
1649,-0.0076999999999998,0.0807346485327591,11.36765578920912,56.82137570418578,0.0236582886240036,0.0989372326385647,30.0077,43.22021774443533,1,L,LH
1650,-0.0076999999999998,0.0984847454871489,14.702877339166871,64.41619055346047,0.0228265927326497,0.1234664446877916,30.0077,45.50814960227339,1,L,LH
1651,-2.921199999999999,0.0956188963226933,13.357024469208843,58.48259372922936,0.0226784032910077,0.1114365642698262,44.9212,47.18600857327756,1,L,LH
1652,-2.9168999999999983,0.0805926417576967,10.04425259700083,52.324995098340544,0.0266692447699566,0.0985448338123723,50.9169,49.66061634640669,1,L,LH
1653,-2.919600000000002,0.065904642454653,11.317723759265514,68.23143277893946,0.0189216125723732,0.0787812293530153,56.9196,51.420151002028526,1,L,LH
1654,-2.919600000000002,0.0963123746051151,20.951895661427404,85.43816840149576,0.0168424533946411,0.1298177850848593,56.9196,52.327307151967005,2,L,LH
1655,-2.914200000000001,0.1168119876682963,18.5917607403244,66.86064040873502,0.02044837929407,0.1398572331178282,62.9142,53.52670841606887,2,L,LH
1656,-2.913399999999996,0.0713496463380653,5.217716576651723,26.328849727986245,0.0442266629795361,0.0848926664418496,104.9134,55.92149805159594,2,L,LH
1657,-2.916399999999996,0.0568195822774024,7.852951779178707,51.66313738610294,0.0287887176725062,0.0831688639859469,98.9164,58.05523060721817,2,L,LH
1658,-2.9204000000000008,0.0693622784561581,7.502251437178416,40.67550000015375,0.0329853559531395,0.0910370777284586,110.9204,60.139409696768624,2,L,LH
1659,-2.9204000000000008,0.0546211934664531,7.868430541043748,50.1198404301386,0.0288801120530544,0.0835973493726509,110.9204,61.2202339278534,2,L,LH
1660,-2.9168999999999983,0.0628866431226446,3.590880655237226,22.10404077273422,0.0640109062633198,0.0845591220964238,122.9169,62.940584280781096,2,L,LH
1661,-2.9204000000000008,0.0684598155765484,19.496824949541864,72.48614849969618,0.0224599940107208,0.1610938818080617,110.9204,64.89093836184071,2,L,LH
1662,-2.9168999999999983,0.0798271048959779,4.142073874916872,23.203757791452983,0.08519215769877,0.1298144316963307,122.9169,67.34509097299468,2,L,LH
1663,,,,,,,140.9089,69.16835968825053,2,L,LH
1664,-2.9139999999999877,0.0849092264092183,2.860848918016017,16.119932736307582,0.1753923635099885,0.1845912547119036,128.914,70.53605384101314,2,L,LH
1665,,,,,,,150.7621,71.94416722469167,2,L,LH
1666,,,,,,,140.9089,72.5077024664221,2,L,LH
1667,,,,,,,150.7621,75.64696338061562,2,L,LH
1668,,,,,,,163.9856,77.70075599616624,2,L,LH
1669,,,,,,,163.9856,79.61064257541668,2,L,LH
1670,,,,,,,164.5413,82.32037849018745,2,L,LH
1671,,,,,,,164.5413,84.2649350357833,2,L,LH
1672,-0.0086000000000003,0.0755314607225686,9.05618974153625,29.01495489033516,0.0488784232226995,0.1628426715499223,6.0086,4.605872487326629,0,R,LH
1673,0.0,0.0041759659541512,0.6514506888490345,0.7169018504797402,4.584725966524335,1.098753947367357,0.0,4.981048469500328,0,R,LH
1674,0.0,0.0663013156406467,12.339640333004688,53.77958039280429,0.0125984628346505,0.057190721911437,0.0,6.660363391510262,0,R,LH
1675,-2.921199999999999,0.0507005550365232,11.039299282576044,89.89692167435099,0.0150267917297063,0.0610257734957545,44.9212,8.650533973705265,0,R,LH
1676,0.0,0.0293629760648363,12.083986757086082,144.93190598548736,0.0083358981277021,0.0370568207935504,0.0,10.51221815625942,0,R,LH
1677,0.0,0.0048639116803576,0.7587702221424591,0.7633773166641907,4.357068563975423,1.2162145394805102,0.0,11.952356633185287,0,R,LH
1678,-2.914200000000001,0.0989695874846505,13.790688945333995,55.94562214314097,0.026469054281747,0.1342857427272956,62.9142,12.529901493104258,0,R,LH
1679,0.0,0.014267035891333,2.097880800398432,-0.0906416979667239,0.1509702290259906,0.1165138734289823,0.0,13.116915616614076,0,R,LH
1680,0.0,0.1181486761239434,19.27517298715017,34.142910661900565,0.0273931340852498,0.1942430665670565,0.0,15.07268593482307,0,R,LH
1681,0.0,0.0903075337863338,36.30060085518099,153.32601819256254,0.0091059135431647,0.1216025981896045,0.0,16.351943390691197,0,R,LH
1682,0.000399999999999,0.1231311407780964,32.41466108470276,105.60026793821862,0.013783514399993,0.164364100570533,23.9996,17.985840546793046,0,R,LH
1683,0.0,0.1765829889524526,111.36055848316607,203.86461270146648,0.0068892967871158,0.2822356128556453,0.0,19.215840864353986,0,R,LH
1684,-2.9151999999999987,0.056410304010095,4.2699091343489295,30.0997981488388,0.049962126223065,0.0784810967346588,116.9152,20.08407638263229,0,R,LH
1685,-2.914200000000001,0.0444317349858192,10.160229466518276,88.65474429678642,0.0154998223385704,0.0579342987917539,62.9142,23.05884671526781,0,R,LH
1686,-0.0086000000000003,0.0613765606296824,28.7714899521342,166.83959290025007,0.0093382913321656,0.0988405809951706,6.0086,24.2031383067732,0,R,LH
1687,-2.014299999999998,0.1092499502202598,38.968649235823705,133.74349363552452,0.0117363408257929,0.1682494229127329,20.0143,26.170706294586832,0,R,LH
1688,0.0,0.0999757434308284,37.83907282857899,146.51650819924902,0.0110715558671584,0.1541184598289355,0.0,29.54801568125545,0,R,LH
1689,0.0,0.0717926906638231,2007.8063690781853,717.803881173417,0.0029247250678911,2.160291680441177,0.0,32.11348480049351,0,R,LH
1690,-2.9168999999999983,0.1145060238481081,14.926379654375111,52.22247064182241,0.0263934971980917,0.1449295490485376,50.9169,32.73229488161695,1,R,LH
1691,-0.0066000000000006,0.1476689866566394,62.25745532716468,151.11206436207436,0.0107525057069972,0.2462671959544211,12.0066,34.77349613946406,1,R,LH
1692,0.000399999999999,0.073820684929232,9.650074995747024,29.260222711727657,0.0397579768565723,0.1411433701716621,23.9996,36.77903402372354,1,R,LH
1693,-0.0076999999999998,0.0592433968368697,7.131682496746196,37.7824630239152,0.0361536836013793,0.0948527815745363,30.0077,38.74327797754916,1,R,LH
1694,-0.0076999999999998,0.1332207790507899,29.86072487995932,93.59392000134692,0.0164266966083222,0.1804496733827403,30.0077,39.128868260911766,1,R,LH
1695,0.000399999999999,0.2280409850779187,82.00417684832549,134.91207700068009,0.0109914977165058,0.3315876643604958,23.9996,41.18691295075711,1,R,LH
1696,-0.0076999999999998,0.0685134343437276,8.87672964292769,45.80224814743652,0.0338324290238885,0.110482041436758,30.0077,42.98278586753055,1,R,LH
1697,-0.0076999999999998,0.2089410422948898,38.97992346017728,81.97059698180256,0.0206413396784432,0.2959950040343508,30.0077,43.55520057908206,1,R,LH
1698,-2.9168999999999983,0.0724234887278718,8.576717420977857,42.120346789483904,0.032042990151701,0.1011019788224498,50.9169,45.19617389374836,1,R,LH
1699,-0.0076999999999998,0.1458614825725647,135.40664896673167,209.3219416497804,0.0081766351446494,0.4073053622214828,30.0077,46.50767494429432,1,R,LH
1700,-2.919700000000006,0.0923840049777252,15.031372363444287,62.14704341569655,0.020510406708319,0.1134170700516363,80.9197,49.83514642558982,1,R,LH
1701,-2.9168999999999983,0.1450241528232545,33.05657488143466,90.68169297680224,0.017601995006291,0.2140549445227863,50.9169,52.84197255222065,1,R,LH
1702,-2.915099999999996,0.0919061092577907,29.31519157497153,101.88874470230368,0.0155183746340127,0.1673572330011689,74.9151,55.19141288745831,2,R,LH
1703,-2.915099999999996,0.1145091997763967,29.525386799163204,88.95642766250882,0.0178152403848526,0.193505271519631,74.9151,56.64985807567094,2,R,LH
1704,-2.923500000000004,0.1152774875312076,70.41275415245423,118.1348425307314,0.0147415529515272,0.3818564112572907,92.9235,58.11886387822408,2,R,LH
1705,-2.923500000000004,0.1286809440454431,23.19373014678198,65.68432970319294,0.0226009813506971,0.1928427939341683,92.9235,59.53359500889644,2,R,LH
1706,-2.916399999999996,0.0881870900453689,35.829513758142944,92.83600849477452,0.0183837586315732,0.242315247050645,98.9164,60.7510703363606,2,R,LH
1707,-2.9168999999999983,0.0388953214080529,1.8677900803134728,20.08544595103651,0.0940962933769923,0.0646555929277737,122.9169,61.34869110783696,2,R,LH
1708,-2.913399999999996,0.0975249244965415,8.056004619709451,34.13726582759938,0.0468745888955639,0.1389193352713221,104.9134,63.14653800295832,2,R,LH
1709,-2.916399999999996,0.0965194972850335,9.907165549050768,44.06390022561049,0.0446436591894861,0.1627101787883304,98.9164,64.87851451221954,2,R,LH
1710,-2.9151999999999987,0.0891106732584205,5.9615974478915,27.661898685439308,0.0597556467695651,0.1310530451805626,116.9152,67.028407257184,2,R,LH
1711,-2.9204000000000008,0.0970486234132271,7.379521991534561,33.49099389373725,0.0618228795123738,0.1678351722640108,110.9204,68.41909011066491,2,R,LH
1712,-2.9151999999999987,0.0957386960578287,5.732570123761877,26.787120137047044,0.0789449193687921,0.1664865215439697,116.9152,69.94665117332741,2,R,LH
1713,-2.9151999999999987,0.1107567640573793,6.6387282528213145,27.671723883671355,0.0829409933964367,0.2025627771238608,116.9152,70.957217890078,2,R,LH
1714,-2.9151999999999987,0.0889451008726444,4.510696922630115,26.970234870912638,0.1291454700042439,0.2143030454093843,116.9152,72.88409077976883,2,R,LH
1715,-2.9139999999999877,0.0822718259990739,2.4820669252232754,17.81398706262754,0.4257207348814057,0.3887261962200194,128.914,75.28800681304021,2,R,LH
1716,-2.9168999999999983,0.116340013576246,44.21080294358396,47.750852774680304,0.0524575173502595,0.8531819394888405,122.9169,77.1774163599444,2,R,LH
1717,-2.9106999999999914,0.0789971028188354,1.901528791183955,12.622568327674427,0.5121078751237164,0.3582365369715216,134.9107,80.06407928439148,2,R,LH
1718,,,,,,,140.9089,83.09286496836523,2,R,LH
1719,,,,,,,140.9089,84.53766398923533,2,R,LH
1720,0.0,0.0407997852835312,16.09866680374774,142.6157999233786,0.0056148169830002,0.0332530154993482,0.0,0.9211584630407488,0,L,LH
1721,0.0,0.0184700512238211,2.879373090377949,-3.5283244233272346,0.0256233007950043,0.0271417930338811,0.0,1.890218975702368,0,L,LH
1722,0.0,0.0238097171470387,6.124805577629028,95.4176621260749,0.0103109539832088,0.0232325389537824,0.0,2.994016149307128,0,L,LH
1723,0.0,0.0169186584279429,2.554519725329369,-0.1689512527625979,1.0667768556698625,1.002509192315179,0.0,3.8984281475136937,0,L,LH
1724,0.0,0.0240026459673108,6.3741934907022095,103.03021774524736,0.0125308059136442,0.0293839220980567,0.0,4.83663334361597,0,L,LH
1725,0.0,0.0488192373518666,11.463647730114038,82.25878055243383,0.0124796128240167,0.0526295263886752,0.0,6.521185499271361,0,L,LH
1726,0.0,0.0081875952511525,1.2772648623395488,-0.0452656821170762,2.738346563255497,1.2866928695679964,0.0,7.513344042902369,0,L,LH
1727,0.0,0.0429476481421783,10.517164819716529,103.110868987632,0.0130615697225715,0.0505358495717044,0.0,8.352862810590144,0,L,LH
1728,0.0,0.0150912468465082,,,,,0.0,9.453138317680423,0,L,LH
1729,0.0,0.0437735990852542,6.581456071811215,0.8468318178979581,0.0675372006469588,0.1635198803219886,0.0,12.334929925487494,0,L,LH
1730,0.0,0.0138002328746803,2.860227484511723,39.39202264570701,0.0103801904426702,0.0109222324513062,0.0,14.095089699248204,0,L,LH
1731,0.0,0.0706524541519715,15.624374243195058,79.60342917217005,0.0118470542677619,0.0680955181398121,0.0,15.373269713769696,0,L,LH
1732,-0.0086000000000012,0.0359119217583346,4.925219350764311,40.71211321616656,0.0243425923593148,0.0441060252401534,30.0086,16.696833935644865,0,L,LH
1733,0.0,0.0061827955437833,0.9588538937174884,-0.2121756664331007,0.10564125257405,0.0372641737539197,0.0,18.1976572409595,0,L,LH
1734,0.0,0.0608756128509533,6.95986039687546,32.97846571781153,0.0197267463293064,0.0505081552247946,0.0,20.60368538090476,0,L,LH
1735,0.0,0.0693311992599908,12.170342074456736,52.8644881140698,0.0176405903371023,0.078980779899337,0.0,23.14403608470864,0,L,LH
1736,0.0,0.0110865931203507,1.680715898702746,9.423087101037815,0.0331967055121855,0.0205255504248108,0.0,25.987433779243663,0,L,LH
1737,0.0,0.0660438382462047,12.928884315123565,81.36499639903232,0.0188007919899294,0.0894216567707014,0.0,28.466825841826747,0,L,LH
1738,-2.915300000000002,0.0298270480745095,2.637664670179403,25.70981043897012,0.0350263476723807,0.0339875574392639,74.9153,31.16134678181732,1,L,LH
1739,-2.924500000000002,0.016762175992114,1.943112068420092,20.19606448224673,0.0512270448337583,0.0366186787564999,44.9245,31.641226102688723,1,L,LH
1740,-2.0154999999999994,0.0424546777474169,6.197804499209325,43.96575456770007,0.0330197117536737,0.0752864239193061,20.0155,32.99653237633132,1,L,LH
1741,0.0011000000000009,0.0520440550031537,7.001210732151686,44.84039601588139,0.0303986666981005,0.0782948512923299,23.9989,34.45123360027114,1,L,LH
1742,-8.369700000000002,0.0345940751266693,4.900802241310952,44.23139430704156,0.0250154782274427,0.0451005155098338,44.3697,36.18826827465197,1,L,LH
1743,-2.924500000000002,0.0870852669587324,16.97333344512828,80.98059474998182,0.0167191368208738,0.1043966380543716,44.9245,38.18760362598848,1,L,LH
1744,-0.0086000000000012,0.0280201267839486,3.2941338275925958,38.38869792907367,0.0459875967668406,0.0557297983503111,30.0086,40.84624820255108,1,L,LH
1745,-2.918999999999997,0.0484767184582444,5.629691016033719,48.525811436154015,0.0329319716240282,0.0682036802994662,50.919,42.77745177368474,1,L,LH
1746,-2.917199999999994,0.0576567420198464,7.405980733280288,51.017432838618056,0.0264994560320057,0.0721979813721877,68.9172,45.18576973185681,1,L,LH
1747,-2.9163000000000068,0.0357423541748625,2.734283892459428,27.40700037770921,0.0468115588591045,0.0470871305650912,98.9163,46.81057317462616,1,L,LH
1748,-2.917199999999994,0.0643539173703692,5.869532761883953,34.85902203710203,0.0364961984608081,0.0788055271926561,68.9172,48.84344070650053,1,L,LH
1749,-2.915300000000002,0.034721150392773,3.773413794089535,43.732334624428375,0.0316968318882757,0.0440003171944681,74.9153,51.32575718745598,2,L,LH
1750,-2.9244999999999948,0.0644718233615713,6.53350627804226,41.2806111061234,0.0345021842667563,0.0829274710050248,92.9245,54.67072913938633,2,L,LH
1751,-2.922300000000007,0.044627966475991,6.822711386214492,51.98412997198226,0.0305976203544095,0.0767980459559046,110.9223,57.11525973383844,2,L,LH
1752,-2.922300000000007,0.0311596604275543,3.0729627760888527,40.68677367478331,0.0555097539951472,0.06275265719362,110.9223,59.11425808898959,2,L,LH
1753,-2.9148,0.0514778788435322,3.111551491849776,25.57352432271936,0.0681813532694476,0.0780455467349943,104.9148,61.234754100032525,2,L,LH
1754,-2.9188000000000045,0.0257002323278406,0.9149161482676696,7.558626734198213,0.1569657867970815,0.0528313626507229,122.9188,63.84096847494074,2,L,LH
1755,-2.9188000000000045,0.0468188229310064,1.8673128616047932,22.91208533103425,0.2023964808107144,0.139035455339685,122.9188,65.04028956990794,2,L,LH
1756,-2.913499999999999,0.0642485984756687,2.8533204515344823,16.875520791040454,0.0767838526925996,0.0805983157970062,128.9135,66.63942240952284,2,L,LH
1757,-2.909600000000012,0.0554563236340258,1.3482558361555743,11.752171034698298,0.3643855205666497,0.1807336162023622,134.9096,68.90988339603854,2,L,LH
1758,-2.909600000000012,0.0741219668861521,1.7886711415872618,11.793813451672278,0.4275865337758368,0.2813584984047541,134.9096,70.62982078454657,2,L,LH
1759,,,,,,,140.9096,72.4716546653922,2,L,LH
1760,,,,,,,150.764,75.84772680863507,2,L,LH
1761,0.0,0.0439965959919311,,,,,0.0,4.11163972855957,0,R,LH
1762,0.0,0.021777331522569,54.40646603244428,761.5992063156742,0.001700719469699,0.034039934744865,0.0,6.367009624297131,0,R,LH
1763,0.0011000000000009,0.0863129327566898,18.317848521989625,83.27056610128687,0.0178858325594123,0.1205283308312125,23.9989,7.632584717417507,0,R,LH
1764,0.0,0.1225502858241264,184.21782704321387,319.00101136983267,0.0050925934762182,0.3451248117032759,0.0,8.936257069659435,0,R,LH
1765,0.0,0.1208682403395278,59.4862155941641,180.9516343240608,0.0066577314636413,0.1456961692006493,0.0,10.57066665667347,0,R,LH
1766,0.0,0.1945062442190358,105.8040281145001,187.30449025893503,0.0073280147580463,0.2852292471540132,0.0,12.55346523862119,0,R,LH
1767,0.0,0.1205538299651124,27.069598987081083,83.70931600293305,0.0129431513974961,0.1288924181043862,0.0,13.430574496640732,0,R,LH
1768,0.0,0.0432644681051732,185.3561625716229,528.501128254861,0.0032479951475684,0.2214766365656142,0.0,14.856221323556127,0,R,LH
1769,-2.0154999999999994,0.1279775746315523,48.81567432713357,139.54216891963372,0.0112957100690631,0.2028515580143854,20.0155,16.69030475686506,0,R,LH
1770,0.0,0.1716732340518786,70.07652679285799,152.6679770346107,0.0109761808685772,0.28296279828944,0.0,17.017867759925693,0,R,LH
1771,-2.0154999999999994,0.1292499414471605,49.35191031860353,139.5245333090757,0.0118252405381267,0.2146937835597345,20.0155,20.159753754562352,0,R,LH
1772,-2.9163000000000068,0.095078605681655,12.382727000284785,51.20461548577203,0.0266962485968205,0.1216107744403974,98.9163,21.05528069441397,0,R,LH
1773,-0.0086000000000012,0.0666599924410316,92.21041385825004,227.0152659028477,0.0085281226973128,0.2892936689345926,30.0086,21.74059278718414,0,R,LH
1774,-0.0086000000000012,0.088560212513243,15.046122040112284,74.03605622329646,0.0201145720892408,0.1113373540855106,30.0086,24.52079204143439,0,R,LH
1775,-0.0076999999999998,0.1355063916004539,109.46603641770048,208.6161624976942,0.0082362371397409,0.3316757759421877,12.0077,25.47007781951882,0,R,LH
1776,0.0,0.0623778534623076,9.862217600424984,72.10519569262806,0.0213205040391608,0.0773530720705811,0.0,26.27921796245861,0,R,LH
1777,-0.0087999999999999,0.1125007407530301,38.31089856128697,131.58118901516468,0.0129167154450363,0.1820455002049285,6.0088,28.866464437005824,1,R,LH
1778,-0.0087999999999999,0.1413688045128013,67.02928659316854,165.38078279108947,0.0102487407512137,0.2527205876300263,6.0088,30.33204685432732,1,R,LH
1779,-0.0086000000000012,0.1611959537635294,43.57432522209617,107.33161844976468,0.0141678358270619,0.2271118025946675,30.0086,35.1245952815643,1,R,LH
1780,-2.918999999999997,0.1137714289362559,35.193510863632866,110.40754048843132,0.0145330213487433,0.1881585784680575,50.919,36.84368431076851,1,R,LH
1781,-2.9188000000000045,0.1390785327417543,6.13726843461544,19.211105470645272,0.0929936708003812,0.2099587741223052,122.9188,37.37193681904462,1,R,LH
1782,-2.919699999999999,0.1888298395429868,34.436271465419594,72.02442559419949,0.0173389129461226,0.2196562206599598,56.9197,39.93773471638572,1,R,LH
1783,-2.919699999999999,0.1815578964987867,50.53118295980272,101.89020322441314,0.0145197130706102,0.2699125123868303,56.9197,41.522492241214046,1,R,LH
1784,-2.919699999999999,0.200373842508094,58.73787376304298,105.30806890630446,0.0155175920859189,0.3353112085385936,56.9197,44.29114627218773,1,R,LH
1785,-2.9163000000000068,0.0691844636878913,90.55771190150814,137.5849598590711,0.0139301236532583,0.4640726032661845,98.9163,46.30494459736954,2,R,LH
1786,-2.9170000000000016,0.1108406871529244,12.11509651418626,48.0165578611835,0.0349447059852724,0.1557448831239966,62.917,48.03866856895298,2,R,LH
1787,-2.9218000000000046,0.157857293579808,55.58593625868858,104.76095435565568,0.0147953484623659,0.3025489439483087,80.9218,50.02169007924224,2,R,LH
1788,-2.9218000000000046,0.1514285596068518,55.92670540829864,102.7536530418004,0.0168636085717581,0.3469566911125709,80.9218,50.90217625003449,2,R,LH
1789,-2.9244999999999948,0.1268313381959649,22.393685640595827,64.36061443305863,0.0226450618135922,0.1865540174150807,92.9245,52.6313461403703,2,R,LH
1790,-2.9218000000000046,0.1118392506783614,25.77930795016917,79.79441292583785,0.0239852699058988,0.2274685621993106,80.9218,54.83358523343952,2,R,LH
1791,-2.9244999999999948,0.1328841417812411,157.40022055201385,139.36952984219542,0.0138774896439843,0.803566395435046,92.9245,56.61688368940247,2,R,LH
1792,-2.9163000000000068,0.1129634779467925,16.587407523310187,55.00111735476346,0.0345307819033792,0.2107125705411476,98.9163,58.63728116794269,2,R,LH
1793,-2.9163000000000068,0.1364238070136116,17.947266615915755,51.84146250742865,0.0375040428589015,0.247617833190242,98.9163,60.20702161353989,2,R,LH
1794,-2.9148,0.1502750614880469,18.23430607396311,47.10521587901665,0.0405016285285788,0.2716859905224463,104.9148,62.780579829791904,2,R,LH
1795,-2.913499999999999,0.0795341784510636,3.3659462086117826,18.63582373358918,0.0996537680139224,0.1233975149701421,128.9135,67.19031084757233,2,R,LH
1796,-2.9154000000000053,0.1164281053263767,6.347258137904003,27.027539616469305,0.1043762139309924,0.2437211500077106,116.9154,65.80844372121376,2,R,LH
1797,-2.9188000000000045,0.1110688403007849,49.50970401602185,56.247724277419614,0.0378086616946353,0.688631925558818,122.9188,68.08628540837633,2,R,LH
1798,-2.913499999999999,0.1616684841496941,4.857786878977054,17.88347098247026,0.5316813982889598,0.9501571519787672,128.9135,70.4324373824146,2,R,LH
1799,-2.913499999999999,0.096103341712656,2.8873926954324447,18.22180444068476,0.5527594707351847,0.5871479702443676,128.9135,72.46944418010742,2,R,LH
1800,-2.913499999999999,0.1109730765335567,3.3358926809884157,18.833345915142612,0.5560596247489732,0.682399894290877,128.9135,73.30852868866421,2,R,LH
1801,-2.909600000000012,0.0863877264786062,2.0837355507116677,12.739296368177246,0.4701937507528098,0.3604333531234699,134.9096,74.8895874032118,2,R,LH
1802,,,,,,,140.9096,75.55640048425218,2,R,LH
1803,,,,,,,150.764,77.67069768845894,2,R,LH
1804,,,,,,,150.764,78.58064132090182,2,R,LH
1805,,,,,,,150.764,79.95109369282139,2,R,LH
1806,,,,,,,163.9876,81.88753737196043,2,R,LH
1807,,,,,,,150.764,83.6026986185231,2,R,LH
1808,,,,,,,163.9876,84.92329581733759,2,R,LH
1809,,,,,,,150.764,87.72315898888013,2,R,LH
1810,0.0,0.2664767107928282,,,,,0.0,5.913944643117389,0,L,HL
1811,0.0,0.1348365866803975,47.31338653269278,135.46864531563938,0.0097357543069194,0.1694568612746584,0.0,6.67280012552302,0,L,HL
1812,0.0024000000000015,0.0386148939173706,27.02262425241024,211.19365062770072,0.0067779254877598,0.0673798175557083,29.9976,7.709588372369983,0,L,HL
1813,0.0,0.0060676427026328,5.689973734784698,303.4296758267054,0.0035966932552485,0.0075286859295391,0.0,8.24585815522186,0,L,HL
1814,0.0,0.0096744358512064,1.4918593410974157,1.2211353505952665,0.164615274418314,0.0903448760379249,0.0,9.604408271779947,0,L,HL
1815,0.0,0.0307014104324184,,,,,0.0,10.782989708243376,0,L,HL
1816,-2.907200000000003,0.0149522417542999,1.2779407834491172,8.878873236867829,0.0823974453017424,0.0387373578047302,68.9072,11.77065664798591,0,L,HL
1817,0.0,0.2199965844508988,77.76058303426409,138.2110671828483,0.0086375658790657,0.2470906996180638,0.0,15.134424327240824,0,L,HL
1818,0.0,0.0240849909139385,3.707391692587165,-0.5148290201614645,0.3091371228498325,0.4216238320562479,0.0,16.261512692071726,0,L,HL
1819,0.0,0.1320261408265918,131.80262978795452,275.47361667751306,0.0051293122612831,0.2487074143537088,0.0,17.899360881713633,0,L,HL
1820,-2.907200000000003,0.050596590135527,19.24722099328546,129.65824344486398,0.0099777111823278,0.0706487495604186,68.9072,21.72022292975935,0,L,HL
1821,0.0007999999999999,0.0857899280678064,25.11400395438744,116.2622682488966,0.0128165666027102,0.1184113070882725,5.9992,22.03699716876877,0,L,HL
1822,-2.9065999999999974,0.0379112595467265,3.720227323202333,37.26538967427252,0.0422764000954558,0.0578592760747354,62.9066,28.498789985673543,0,L,HL
1823,0.0031999999999996,0.0824311450729031,38.80080117619253,157.69704105710298,0.0099474134503818,0.141989549230974,23.9968,29.945601170659337,0,L,HL
1824,0.0007999999999999,0.144816678983638,45.1162170465387,125.17644761984612,0.0118154538511514,0.1961049714827036,5.9992,31.58792738064321,0,L,HL
1825,0.0019999999999988,0.0617600154470363,8.360738995677199,49.568754068334265,0.0285482100740776,0.0878069855466137,17.998,33.25726206683486,0,L,HL
1826,0.0009999999999994,0.1571192666762137,47.47585953878408,121.07134327615913,0.012977793723635,0.2266622634548114,11.999,34.946988208894034,0,L,HL
1827,-2.9095000000000013,0.0671783679980177,6.901139585660389,26.543441449931237,0.0391567931210964,0.0994107719907397,56.9095,37.56130340029693,0,L,HL
1828,-2.911200000000001,0.0799330832226266,14.191570334255076,71.74873586928531,0.0205808246269153,0.1074481009187374,44.9112,40.889734020513785,0,L,HL
1829,-2.907200000000003,0.0683980800457295,7.3355515723267795,45.74933471517512,0.0350369689386151,0.0945507157853905,68.9072,44.060358847026656,0,L,HL
1830,-2.9095000000000013,0.1078148863684088,27.355620269777823,95.686048465,0.0156249259103069,0.1572425402954164,56.9095,44.26831049765728,0,L,HL
1831,0.0,0.0811160796013366,51.19147334109702,180.0345957693624,0.0128909060917537,0.2427652896876727,0.0,46.59497798688564,0,L,HL
1832,-2.907200000000003,0.1176923361446243,24.84693561684717,80.84748879922307,0.0194109121143422,0.1774288738275349,68.9072,48.21786750941626,2,L,HL
1833,-2.9065999999999974,0.1060705638054145,23.60070527399565,85.49290246054885,0.0192568656456219,0.1671922336547754,62.9066,49.51243747079971,2,L,HL
1834,-2.909499999999994,0.1027135223676418,40.19523731627564,111.41759821413638,0.0152599114638953,0.225648332816301,74.9095,51.71906224289627,2,L,HL
1835,-2.9089000000000027,0.0546393494512962,5.574059043316859,38.71120301321664,0.0350427994452533,0.0718581241672367,110.9089,52.35896224289628,2,L,HL
1836,-8.0454,0.1061069191798797,18.64172140030986,66.1031977218464,0.0246425009373849,0.1689959562956792,92.0454,54.22095008726419,2,L,HL
1837,-2.906400000000005,0.0480006815505896,6.294246779216172,56.562968072961546,0.0358402755648306,0.0829890177973333,80.9064,55.97173078477012,2,L,HL
1838,-2.9061999999999983,0.0995574857948595,10.624397387569736,42.43384697398652,0.0342844123617138,0.1340005356753771,98.9062,56.85938015499261,2,L,HL
1839,-2.910499999999999,0.0898678371564244,10.948613233804949,50.0014339153983,0.0333191174007567,0.1342017320990682,92.9105,58.411311447939454,2,L,HL
1840,-2.9089000000000027,0.0869771229368558,83.0740705869646,100.49554867557192,0.0195458151380255,0.5973443994865602,110.9089,61.06487789326773,2,L,HL
1841,-2.906400000000005,0.0762274647848372,163.49960059346375,142.69827489292186,0.0141469126750654,0.8509105081701673,104.9064,62.24739307386764,2,L,HL
1842,-2.9089000000000027,0.0901000494473183,378.098983675536,156.86310842275876,0.013335947012108,1.854961453532313,110.9089,64.08252473375296,2,L,HL
1843,-2.9089000000000027,0.0941272142794494,505.2478596448346,151.97255417158811,0.014383700460343,2.673502723402484,110.9089,65.89105563790524,2,L,HL
1844,-2.905699999999996,0.0835839223420264,7.772390947265766,37.07183293732717,0.0494412230374748,0.1413674293574107,116.9057,67.253487118496,2,L,HL
1845,-2.904599999999988,0.0877538714393186,3.418565511679947,17.078560074706008,0.1233546727864198,0.1551332998945415,128.9046,70.26921426217214,2,L,HL
1846,-2.904599999999988,0.102196561834983,3.076874402272728,18.21382032089816,0.4780215661462625,0.5410816145739888,128.9046,72.75093713359962,2,L,HL
1847,,,,,,,140.9051,74.09844594382139,2,L,HL
1848,-2.905699999999996,0.0591241025878295,1.4229977166670158,13.64764762371632,0.5668287181352399,0.2967300753009063,134.9057,75.52219001076082,2,L,HL
1849,,,,,,,140.9051,77.18700040762839,2,L,HL
1850,,,,,,,147.9214,79.48811299938856,2,L,HL
1851,,,,,,,163.9755,81.21347299938857,2,L,HL
1852,0.0,0.0087749368759097,1.368890152643674,0.7069437485441888,4.679019050190612,2.35629103457202,0.0,1.3692867427971385,0,R,HL
1853,0.0,0.016169691246997,2.70516378649469,24.992786197332443,0.0244873318865848,0.0243691595013964,0.0,2.0660518712507865,0,R,HL
1854,0.0,0.016927055114936,3.3195650867956075,46.029712017869066,0.0164244962837659,0.0200575907402145,0.0,3.535918592293489,0,R,HL
1855,0.0,0.0100164360788028,1.7999397062669973,58.73415683095784,0.024768654117931,0.0164008321546742,0.0,6.622131449683305,0,R,HL
1856,0.0,0.0146860125230467,2.285917762557582,0.9526919365666912,0.025818721030379,0.0217120507491012,0.0,7.4385806979354685,0,R,HL
1857,0.0,0.0061479998244756,0.959885523513926,-0.0946853274435463,0.3092237923794577,0.1091937703896508,0.0,8.929844913432689,0,R,HL
1858,0.0,0.037325886075743,5.749263997371347,4.327484887268172,0.0393542669240693,0.0832356923409066,0.0,10.27089172842462,0,R,HL
1859,0.0,0.0423511205045091,8.220347299348122,45.13869480086163,0.013376904483078,0.0404530536494976,0.0,11.76672535079296,0,R,HL
1860,0.0,0.0335917256403338,4.967475136929387,-0.2925847905440654,0.054279912366958,0.0991928475902081,0.0,11.83545535079296,0,R,HL
1861,0.0,0.0358655311754876,5.527459370129478,15.847893362827532,0.0329665572602973,0.0670354721580283,0.0,14.903509465742593,0,R,HL
1862,0.0,0.0594894193827136,8.441769899154234,16.76301749321822,0.0290790575564677,0.0903065716755062,0.0,15.65786981404434,0,R,HL
1863,0.0007999999999999,0.0374179242031119,3.613730943662178,32.10397347364356,0.0423231127413833,0.0562650791188719,5.9992,16.732502141866277,0,R,HL
1864,0.0,0.0299351206568219,4.520279830850645,32.06181894027511,0.0233666988350488,0.0388569045165965,0.0,17.486020061494287,0,R,HL
1865,0.0,0.019485785238866,3.328787801895731,44.38981069652577,0.0295436031398745,0.0361788776742891,0.0,19.118058652522038,0,R,HL
1866,0.0,0.0400708421583693,9.674166604913454,91.58305125384408,0.0120673611098124,0.0429468573257387,0.0,20.62953206711134,0,R,HL
1867,0.0,0.0439844613563656,6.174799786366558,56.1520284509328,0.0251682645092778,0.057171773981657,0.0,23.24823985289182,0,R,HL
1868,0.0,0.0496307625739626,7.797406701346056,51.905432513246765,0.0288838758357324,0.0828535601586466,0.0,22.74772138889673,0,R,HL
1869,0.0031999999999996,0.0337989056668088,4.621314278351489,45.097735428313314,0.0296611455844377,0.0504265136037529,23.9968,25.71358395945068,0,R,HL
1870,0.0,0.0402909329389288,2.697692011835829,28.405029133898125,0.0636914442295762,0.0632090089120072,0.0,26.98627342994949,0,R,HL
1871,-2.907200000000003,0.1180849276809636,8.724868807685688,19.06603205367452,0.0655031904373461,0.2102455812592016,68.9072,29.490794443217176,1,R,HL
1872,0.0009999999999994,0.0509866916649068,4.67578375550866,32.11046748176481,0.049206954296952,0.0846420982368023,11.999,29.582981045822976,1,R,HL
1873,0.0031999999999996,0.0587785756245467,7.122801210225755,45.298678034986885,0.0333108547268646,0.0872855028783637,23.9968,32.378214949265576,1,R,HL
1874,0.0024000000000015,0.0450684859443675,6.279959752458122,57.44898550533469,0.0238535680853492,0.05510813704458,29.9976,34.0886326563912,1,R,HL
1875,-2.906400000000005,0.0590445683762479,4.943369777390506,33.12609418977885,0.0447149770066388,0.0813170524178635,80.9064,36.8273957939376,1,R,HL
1876,0.0024000000000015,0.0571320734622399,7.976154943431042,61.57057490038003,0.025295980866606,0.0742250714130309,29.9976,37.09555089696154,1,R,HL
1877,-2.911200000000001,0.0989365365809182,12.543726757270315,53.99351185998686,0.0263556072472798,0.1216200367344627,44.9112,38.91433283758637,1,R,HL
1878,,,,,,,147.9214,38.79131078671743,1,R,HL
1879,,,,,,,147.9214,42.83902539714471,1,R,HL
1880,-2.907200000000003,0.0750440388953942,14.177456690483064,76.94156506554062,0.0192209667909401,0.1002487753016566,68.9072,43.8106351634866,2,R,HL
1881,-2.910499999999999,0.0708002313636097,7.683095044512417,44.36596115527376,0.0296517824807561,0.0838093609918306,92.9105,48.06446974488773,2,R,HL
1882,-2.9061999999999983,0.0651069808396447,10.419885540303143,58.54737598164717,0.0264340903120006,0.1013287851647178,98.9062,49.32451974488772,2,R,HL
1883,-2.905699999999996,0.031759781872011,0.9033118770797272,8.04627892921147,0.1108841694671947,0.0368479037792116,134.9057,50.90870242811023,2,R,HL
1884,-2.905699999999996,0.0210378393119065,0.8017646525633206,15.2246039966991,0.0768290339142955,0.0226609334757574,134.9057,54.54205621720201,2,R,HL
1885,-2.904599999999988,0.0298716317799057,1.176279263869223,14.438970131281534,0.0915500706965956,0.0396163667205964,128.9046,56.86618537509623,2,R,HL
1886,-2.9063000000000017,0.0472798758064425,1.9761089041465736,22.442422282732235,0.1598290087683517,0.1161908688280146,122.9063,58.28500174975635,2,R,HL
1887,,,,,,,147.9214,62.298606347793545,2,R,HL
1888,-2.905699999999996,0.0536297766429926,1.8252559004301103,14.867214031521918,0.119619872518465,0.080321648711016,134.9057,64.15394199674404,2,R,HL
1889,,,,,,,163.9755,75.95017979402057,2,R,HL
1890,0.0,0.0616586893084636,647.573337082764,438.563547773296,0.005090486419633,1.212701068602957,0.0,4.64219594840857,0,L,HL
1891,-2.907200000000003,0.1010165769368658,40.85515965085381,121.4656645416191,0.0166466635167667,0.2501955788804611,50.9072,6.71397245490852,0,L,HL
1892,-2.9057999999999997,0.0793875277111634,5.287469185632703,29.395720941724125,0.0712177497408075,0.1385292920263859,116.9058,7.826420833966658,0,L,HL
1893,-2.911600000000007,0.0703477176030351,19.81322484264352,98.5258931945389,0.0147259064837159,0.1073353370202254,74.9116,7.948696723321338,0,L,HL
1894,0.0,0.2714562289836612,145.98281357956665,178.76376473622918,0.0091742238481141,0.4926932136818482,0.0,8.339567136629892,0,L,HL
1895,-2.905600000000007,0.0900177382937785,4.006561589884011,20.44691914520994,0.0911681790032183,0.1343756634760095,104.9056,10.92814102317751,1,L,HL
1896,-2.908100000000005,0.1184908773973929,73.2713362398391,138.62948519522956,0.0129976020447092,0.3503506000587826,68.9081,19.90187337759009,1,L,HL
1897,-2.9077999999999946,0.1247003130792105,9951085.232632538,540.1203502448758,0.0053631024901417,19633.24384984684,110.9078,24.067593542813317,1,L,HL
1898,-2.9106000000000023,0.0738894717158034,9.811556750348643,54.31179643618449,0.0364811321816121,0.1316775526987086,92.9106,29.02050882765792,1,L,HL
1899,-2.9061999999999983,0.105666793245121,6.282676044803461,24.7618831540349,0.0687253821066543,0.1588427319459406,122.9062,29.90497313822784,1,L,HL
1900,-2.906400000000005,0.0642130456409974,23.109394802943307,83.28145628096797,0.0220930507274429,0.1878234354939423,98.9064,32.93882452269066,1,L,HL
1901,-2.9073999999999955,0.1024540494706435,86.1915103828411,146.95558616813267,0.0122055464143726,0.387014499191581,80.9074,34.57875643598782,1,L,HL
1902,-2.911600000000007,0.1090879590007871,37.77216000127886,103.3160957826696,0.0166200814903544,0.2309460228573273,74.9116,38.291688844954784,1,L,HL
1903,-2.906400000000005,0.1112929599631773,122.79422193389529,129.34154805370378,0.014722237348138,0.6650545434119192,98.9064,42.22315671520621,2,L,HL
1904,-2.9077999999999946,0.0637257131541825,5.408461365038199,32.756533189128746,0.0413717478620522,0.0823157840270212,110.9078,43.73431113931433,2,L,HL
1905,-2.904599999999988,0.0804999170608772,3.296513202610304,17.33023052589692,0.1034932388634116,0.125508262139081,128.9046,48.09585118309206,2,L,HL
1906,,,,,,,140.904,50.53202841646455,2,L,HL
1907,,,,,,,150.7564,52.52041735050781,2,L,HL
1908,-2.911600000000007,0.0308972155710658,55.936015875122735,225.13343405423504,0.0079295583629948,0.1631721544953383,74.9116,1.9450472245934745,1,R,HL
1909,-2.904699999999991,0.0469649742690997,1.2939513731798549,9.173427869407204,0.1340362562867688,0.0638036851302022,134.9047,17.060767466023165,1,R,HL
1910,-2.9061999999999983,0.0572376024678985,9.278057418262245,47.72680704269578,0.0323767959871706,0.1105086930440252,122.9062,18.130446136465835,1,R,HL
1911,,,,,,,140.904,20.545200905394605,1,R,HL
1912,-2.9106000000000023,0.056171360511952,30.488468989834757,119.8607251512556,0.0135582429370895,0.1520703501073084,92.9106,23.542921492600776,1,R,HL
1913,-2.906400000000005,0.0495600318859164,5.396014446465959,48.1411435191795,0.0513569192205382,0.1019477359332923,98.9064,26.17001283235231,2,R,HL
1914,-2.9061999999999983,0.0694649603960857,3.814993980754372,23.199390037457952,0.0803655244545986,0.1127896264635171,122.9062,26.788860732890072,2,R,HL
1915,,,,,,,163.9745,31.434775483327865,2,R,HL
1916,0.0,0.0927742274557564,,,,,0.0,5.570630985145862,0,L,HL
1917,0.0,0.0737222582411733,37.02754283721909,175.82868831571403,0.0082788088171075,0.1127712163276218,0.0,6.169148666087705,0,L,HL
1918,0.0015999999999998,0.0526810098220164,72.9296850509271,301.01181780414896,0.0053285810636222,0.1429622692797108,11.9984,8.007050475700817,1,L,HL
1919,-2.9067000000000007,0.0350325653786097,7.556067006588664,81.82081537972556,0.0153678146460155,0.0427182479735573,62.9067,9.12241185749597,1,L,HL
1920,6.0006,0.0795094898666102,34.137920511323415,155.67809253781428,0.0101366820377911,0.1273029315914753,5.9994,10.376285394691095,1,L,HL
1921,9.999999999976694e-05,0.0965046249096949,24.04194725084588,100.67815325842358,0.0144748730540861,0.1280235664991033,29.9999,14.693455782730483,1,L,HL
1922,-2.9102999999999994,0.065061931638789,82.09890738283569,227.5329991953712,0.0075038192330409,0.2266341016524409,50.9103,19.12662413043972,1,L,HL
1923,-2.911699999999996,0.057930418854385,25.06368004012562,121.68943005152786,0.012962791503652,0.1195222862003876,74.9117,19.553516622760675,1,L,HL
1924,-2.9102999999999994,0.0564478615240146,5.571409702660244,29.957855352099127,0.0384854480169178,0.0788800470384755,50.9103,23.07068090397931,1,L,HL
1925,0.0017999999999993,0.1088164728066567,21.36180617103009,87.42637824275792,0.0157932504653831,0.1241123535168155,17.9982,26.89751014120586,1,L,HL
1926,9.999999999976694e-05,0.1062174989409473,19.26479590932929,79.75477156553643,0.0183007960889942,0.1296999810474355,29.9999,28.119508216737344,1,L,HL
1927,-2.911999999999999,0.123134434648296,24.02782605603848,78.31887606967935,0.0163948048871691,0.144919307456396,44.912,31.100132876994703,1,L,HL
1928,9.999999999976694e-05,0.0829517192596354,15.189033131594632,81.45324620700772,0.0174264879580411,0.0973745621924976,29.9999,33.810238135361764,1,L,HL
1929,-2.9102999999999994,0.1385191777752286,31.24252806310218,92.64626017701887,0.0162579388598166,0.1868603563317655,50.9103,34.91850300336719,1,L,HL
1930,9.999999999976694e-05,0.1498348778933022,34.94365154808554,95.96511729417632,0.0153833141981304,0.1977532886275141,29.9999,37.28012772988088,1,L,HL
1931,-2.9067000000000007,0.0340007953165838,2.9229983322773654,14.467563664733108,0.0741313626105917,0.0797142691429624,62.9067,38.60119752141303,1,L,HL
1932,-2.9102999999999994,0.1409867366398294,32.4808107088592,89.64326744388573,0.0154230338675509,0.1842901785839583,50.9103,40.06525409634428,1,L,HL
1933,-2.9102999999999994,0.1290595141035147,37.8266202137668,106.93768733141752,0.0135764690544744,0.1889252002463214,50.9103,40.37738014629986,1,L,HL
1934,-2.9102999999999994,0.1167627884528235,31.142899298869352,101.23278124102832,0.0148708542667943,0.17037288483861,50.9103,41.84710290655092,1,L,HL
1935,-2.9102999999999994,0.1319651450320332,28.51220958315852,86.06871855542515,0.0163144271930245,0.1711229359982844,50.9103,42.145640342226926,1,L,HL
1936,-2.908600000000007,0.0785473957601996,6.963214749094209,35.901250542690725,0.0474491024995745,0.121546738420283,80.9086,46.350648698633954,2,L,HL
1937,-2.907600000000002,0.0711704548230821,10.75389322835542,55.686208088870856,0.0287164425664059,0.1136061588699918,98.9076,50.32568842466913,2,L,HL
1938,-2.909099999999995,0.0684299405693736,6.07975186039173,35.19389971634118,0.0437628860844478,0.0978807588317151,110.9091,52.11284888936655,2,L,HL
1939,,,,,,,140.9043,56.83836653987092,2,L,HL
1940,,,,,,,150.7575,58.28041730034541,2,L,HL
1941,,,,,,,140.9043,59.653994132561,2,L,HL
1942,,,,,,,150.7575,63.88192789696181,2,L,HL
1943,,,,,,,150.7575,65.29756799695414,2,L,HL
1944,0.0,0.0143491218742272,2.2009868802917847,-0.3067572905205384,0.2745389149136023,0.2222935618846135,0.0,1.7277966125775086,0,R,HL
1945,0.0,0.0084070393132068,,,,,0.0,2.819390340185447,0,R,HL
1946,0.0,0.0045915142455806,,,,,0.0,3.6334850489069455,0,R,HL
1947,0.0,0.022700560144748,3.1425839062731846,25.84530546215261,0.0363411305735864,0.0420136907367939,0.0,4.780039119725727,0,R,HL
1948,0.0015999999999998,0.0324548495057015,5.526832129264429,63.01903538861935,0.0205402700948478,0.0417626397364134,11.9984,6.28847225325766,0,R,HL
1949,0.0,0.0881515242596411,14.65679735835088,46.63898935569054,0.0181094948136971,0.0976452084429125,0.0,9.534603568311416,0,R,HL
1950,0.0,0.0379235367383377,6.409087521209966,50.49897519349909,0.0199035384159218,0.0469279963372016,0.0,11.93546714728393,0,R,HL
1951,9.999999999976694e-05,0.0215978268512065,2.565970478437902,28.83381822849442,0.0359174454362424,0.0339049114353783,29.9999,15.421257284956752,0,R,HL
1952,9.999999999976694e-05,0.0378651778855702,4.875975082674599,45.67114721831057,0.0303394391816284,0.0544220058137987,29.9999,16.69924984707659,0,R,HL
1953,0.0015999999999998,0.0300742423559138,4.27301921302666,45.32065688351001,0.0280244644233832,0.0440532227608579,11.9984,18.36670649820729,0,R,HL
1954,0.0,0.1278559614935505,17.582012745678245,52.04725234990456,0.0198212952056667,0.1282053469560373,0.0,20.370371410811803,0,R,HL
1955,-2.9102999999999994,0.0462786585421116,5.495845815991458,35.2669995569297,0.0352352059094919,0.0712388454154712,50.9103,22.8447270926427,0,R,HL
1956,0.0,0.0351260828204682,5.694927594440235,55.045341620378935,0.0243071262232115,0.0509245665481941,0.0,25.965074453620744,0,R,HL
1957,0.0006000000000003,0.038752331198232,6.577175001196731,67.03991094247256,0.0193038089069288,0.0467076401134261,5.9994,28.346813474123916,1,R,HL
1958,9.999999999976694e-05,0.0690615494428015,10.134163601639568,61.76308054040945,0.0247775461304398,0.0923744195705395,29.9999,29.8742659097894,1,R,HL
1959,9.999999999976694e-05,0.0513232583251419,6.960942195643275,51.43273264920353,0.0253819698928852,0.0649978318606099,29.9999,33.3905812115437,1,R,HL
1960,0.0017999999999993,0.0600119984472308,13.611933079427663,93.02990381348984,0.0140727086655695,0.0704697969859164,17.9982,35.989582261002305,1,R,HL
1961,0.0028000000000005,0.0815405961605502,16.419995017646656,85.9848497025968,0.0148053989026491,0.0894331756444776,23.9972,38.2646320358006,1,R,HL
1962,-2.911999999999999,0.0707857358014608,6.041185904923088,31.54499048151127,0.0405101091001887,0.0900308045842657,44.912,42.26187149260247,1,R,HL
1963,-2.911999999999999,0.0843117874195666,9.4144950510837,35.38592665723927,0.0348679313648304,0.1207615648381133,44.912,44.20836792391997,1,R,HL
1964,9.999999999976694e-05,0.1080140334676947,21.869518183233307,85.21305768361127,0.0175687340286904,0.141346546290472,29.9999,45.10674764319239,1,R,HL
1965,-2.9102999999999994,0.1183463899080682,21.89051830705155,73.9526782144113,0.0179300034704762,0.1443916024845952,50.9103,47.75696781504604,1,R,HL
1966,-2.909400000000005,0.0513210097610941,5.013450271627602,34.63094677508883,0.0349200552928439,0.0644046393057058,68.9094,49.51569369753887,1,R,HL
1967,-2.909400000000005,0.0759172382147554,10.071024349696296,54.42765638229432,0.0226608795537401,0.0839568095485615,68.9094,50.97885393930172,1,R,HL
1968,-2.911699999999996,0.0452514183969586,4.031435258734531,32.35557967949285,0.0465323780482598,0.0690113392851773,74.9117,53.06074677402528,2,R,HL
1969,-2.911699999999996,0.0626703322921547,6.463831274775758,42.1001749426141,0.0345829286850311,0.0822351139853533,74.9117,54.81776141494588,2,R,HL
1970,-2.906899999999993,0.041446894528741,2.6465889693869245,24.32311395107952,0.0530163547255025,0.0516180839472265,116.9069,57.711890008919504,2,R,HL
1971,-2.906899999999993,0.015845444342829,0.6419420150505581,3.9820185097246137,0.228257352290879,0.0539046331199501,116.9069,61.370963141089845,2,R,HL
1972,,,,,,,150.7575,69.36140391134794,2,R,HL
1973,,,,,,,163.9765,72.5786533227043,2,R,HL
1974,,,,,,,163.9765,75.88162724963004,2,R,HL
1975,,,,,,,163.9765,79.00698614190006,2,R,HL
1976,,,,,,,163.9765,82.45113600200068,2,R,HL
1977,0.0,0.2775232465352509,112.05614873447564,150.3507203660356,0.0082044806703918,0.3382145650481462,0.0,6.694874415497075,0,L,HL
1978,0.0,0.2373609875412785,72.39525511419637,120.10404675441148,0.0100962465426568,0.2688905677472796,0.0,7.482751124788267,0,L,HL
1979,0.0007000000000001,0.1895543959702817,72.90079865948957,141.03840816217487,0.010442139661429,0.280044663898463,11.9993,11.320656751091803,0,L,HL
1980,-2.9110000000000014,0.0388103888793344,5.280670112691179,50.27794573466204,0.0223848207212773,0.0434858713041574,56.911,13.447778371669028,0,L,HL
1981,0.0,0.0916034510071369,2457.3577494499486,825.5286432727711,0.002457890996777,2.221961470292917,0.0,16.290713101306547,0,L,HL
1982,0.0,0.0737518969501425,12.903663753235376,65.25534440933713,0.0180647181817761,0.0857530837215428,0.0,19.211143700905048,0,L,HL
1983,0.0012000000000007,0.1523362468278473,47.96641642578084,119.72579625740327,0.0125416209603806,0.2213076684476616,29.9988,21.220177069448766,1,L,HL
1984,0.0011000000000009,0.1314092599326564,84.10993533180655,188.72095012218108,0.0087649117286483,0.2712066684798184,17.9989,22.562210295898723,1,L,HL
1985,0.0020999999999986,0.1777678689047577,103.18777028275242,173.7192651901269,0.0092153263122106,0.3498198621752385,23.9979,23.479918327017792,1,L,HL
1986,-2.9069000000000003,0.103412988669159,13.521909122804509,49.31321149171481,0.0218361180692564,0.1086222925952814,62.9069,27.1516368019953,1,L,HL
1987,-2.9081999999999937,0.1763375372393703,35.08575277280639,75.0698173333533,0.016667150190062,0.2151283597136256,68.9082,29.611049741337773,1,L,HL
1988,-2.9081999999999937,0.1681665754810457,37.492935889065286,82.42696065822255,0.0179104504546281,0.2470366992889493,68.9082,31.671446363737022,2,L,HL
1989,-2.9107000000000056,0.1468943131967778,57.62199902027004,116.9092655250402,0.0127022939859457,0.2692625775408544,74.9107,33.074905485441946,2,L,HL
1990,-8.158199999999994,0.1030496574344723,30.87789957938833,91.6097679936689,0.0171853457806663,0.1952142620742516,92.1582,33.58363452742758,2,L,HL
1991,-8.158199999999994,0.1360815101860706,20.71279234154249,60.07008329877698,0.0240837252647667,0.1835134219701787,92.1582,35.1828130284542,2,L,HL
1992,-2.909599999999997,0.1413663392163462,22.782276453928944,58.453168950024256,0.0249932123540428,0.2094713901112827,98.9096,37.38868414531338,2,L,HL
1993,-2.909599999999997,0.1249736019694236,15.52196429947014,48.20446756933905,0.0305398734177326,0.17438913799792,98.9096,38.77636441168983,2,L,HL
1994,-2.908299999999997,0.1181461207270326,8.868321335090657,31.00570640896271,0.0539024191138988,0.1758551922159494,110.9083,41.22033031879531,2,L,HL
1995,-2.906899999999993,0.1310280582876115,8.490506952055801,25.403636685322635,0.0556202607527056,0.1737289362905068,116.9069,42.66479817077403,2,L,HL
1996,-2.908299999999997,0.1089903846492866,9.515153217708896,35.68344443222333,0.0480102759409205,0.1680565741269403,110.9083,44.08777792942729,2,L,HL
1997,-2.9047999999999945,0.0828441620585773,2.1748278952721893,11.721658721758743,0.2228433598638624,0.1782912832047462,134.9048,46.46980247054639,2,L,HL
1998,-2.908299999999997,0.1020654194802534,4.348039413798649,20.053562007968345,0.1266533111081069,0.2025888496257695,122.9083,47.666089495730986,2,L,HL
1999,-2.9044000000000096,0.1452718436338041,4.941421906385846,16.469455709401085,0.1755384912499863,0.3191022126533233,128.9044,49.60373800432966,2,L,HL
2000,-2.9044000000000096,0.1012476038842143,3.4843614692070424,16.513742559918665,0.159700092731744,0.2047075634018146,128.9044,51.62966732071079,2,L,HL
2001,,,,,,,140.905,53.56717138633928,2,L,HL
2002,,,,,,,140.905,54.614588501379615,2,L,HL
2003,,,,,,,150.7562,56.389323545336886,2,L,HL
2004,,,,,,,150.7562,59.788020091111065,2,L,HL
2005,,,,,,,150.7562,61.36154772217361,2,L,HL
2006,,,,,,,163.9765,64.58817859697,2,L,HL
2007,,,,,,,163.9765,65.38424321781704,2,L,HL
2008,,,,,,,164.5296,68.52134194583454,2,L,HL
2009,0.0,0.0943836738701982,14.782535070195344,15.225877176141813,0.0220872489927916,0.1201146729605923,0.0,2.008537510967551,0,R,HL
2010,0.0,0.0506933321495014,11.47549511315225,70.33577908596746,0.0115238033606634,0.0486488736251409,0.0,2.872159281709812,0,R,HL
2011,0.0,0.0295367561032188,4.969142641238993,24.60096925255236,0.0233404139659127,0.0426673368036807,0.0,4.118802916076612,0,R,HL
2012,0.0,0.0426964007346534,6.810487700003438,0.4472807627221389,0.0198342539838008,0.0496935017484905,0.0,5.027445577276967,0,R,HL
2013,0.0,0.0364107897439327,6.0886618572067,19.253505107548985,0.0135951365056052,0.030451658182964,0.0,7.070646912810464,0,R,HL
2014,0.0007000000000001,0.0918368757260292,18.129355617356577,72.80771439171683,0.0141884202939864,0.094628494538411,5.9993,10.035371782896387,0,R,HL
2015,0.0,0.0570523731942376,10.584489302972504,61.58975436850528,0.0183432413988634,0.0714252070316696,0.0,12.27200701822006,0,R,HL
2016,0.0,0.0852717389304353,14.550088997552422,64.9520659018459,0.0212265357539354,0.1136188238820588,0.0,11.865975819608115,0,R,HL
2017,0.0,0.077294437767167,18.559007322398852,91.50112317031216,0.0127368774185208,0.0869607407149638,0.0,13.610269816328112,0,R,HL
2018,0.0,0.0719471421449268,13.316385170067791,59.70808462570202,0.0190720136710308,0.0934304446850597,0.0,15.379010757929812,0,R,HL
2019,-8.032600000000002,0.0411827833594751,5.021074500354814,40.03861183797432,0.0335699183931719,0.0620086774881986,44.0326,19.156008187116782,1,R,HL
2020,0.0012000000000007,0.0304364940583752,4.795196791348181,56.17264324321973,0.0216360155280172,0.0381671065712569,29.9988,20.539100920071707,1,R,HL
2021,0.0011000000000009,0.0408513219701104,5.767149152290794,51.13746547096889,0.0294307862931584,0.0624408155345903,17.9989,22.949754155526456,1,R,HL
2022,-8.032600000000002,0.0192509065673607,6.395386953157849,127.69505436873357,0.0105640381687803,0.0248543440823348,44.0326,24.86889814908192,1,R,HL
2023,0.0012000000000007,0.03421628385852,4.025008934329205,42.612686034755214,0.0290795108473457,0.0430585562325011,29.9988,26.051319082826712,1,R,HL
2024,-2.9136000000000024,0.0613962071474998,7.978177226973863,51.62542730427696,0.0255561358887496,0.075007447433313,44.9136,27.91167861269285,1,R,HL
2025,0.0011000000000009,0.0635418577253167,9.280881968736509,56.05120388622697,0.0256192487776629,0.0874704092650961,17.9989,29.539659887523737,1,R,HL
2026,0.0012000000000007,0.0912942239285127,16.077258085261768,75.0094960325267,0.0182380690856468,0.1078689268334621,29.9988,31.85517129256098,1,R,HL
2027,0.0012000000000007,0.0751641556206874,12.95161839172498,69.37977226382591,0.0195558931325996,0.0931766759837285,29.9988,33.8387293257833,1,R,HL
2028,-2.9110000000000014,0.1455077243201777,17.552485025751256,46.90002642862598,0.0266893593726976,0.1723384881698363,56.911,36.27271150525792,1,R,HL
2029,-2.911299999999997,0.0666050818795315,4.085485898093059,27.86842905231166,0.0695325442581295,0.1045050686249693,50.9113,36.66214865397385,1,R,HL
2030,-2.9110000000000014,0.0695728795043713,7.353384256540384,43.15540536296412,0.0370806700214379,0.1003091041932845,56.911,38.30266350411835,1,R,HL
2031,-2.9069000000000003,0.0828788999027666,8.51419789395603,32.11672008331257,0.0371132256694972,0.116245984696987,62.9069,40.20456847591519,1,R,HL
2032,-2.912700000000001,0.0477687767418242,3.525458660807818,31.263530353700443,0.0582846684628169,0.0755919371837298,92.9127,44.21555056202765,2,R,HL
2033,-2.9047000000000054,0.0487036307253063,5.717309830536193,44.98206545074927,0.0306044315140221,0.0643697115292424,104.9047,45.67152772087481,2,R,HL
2034,-2.908299999999997,0.0687120863082605,3.6079875747468058,20.400302551576395,0.067399896822478,0.0894601831674574,122.9083,49.08423538295398,2,R,HL
2035,-2.9047999999999945,0.0586214655526068,1.621904644378404,8.996329207476355,0.1431946357867694,0.08543928094619,134.9048,52.12764825438144,2,R,HL
2036,-2.9047999999999945,0.0390141925143957,1.0133509794206994,8.785232305579232,0.1913542541035473,0.0713351422144742,134.9048,53.512917019140126,2,R,HL
2037,,,,,,,140.905,56.34842260786689,2,R,HL
2038,,,,,,,150.7562,58.85639927479938,2,R,HL
2039,,,,,,,163.9765,61.01406325858605,2,R,HL
2040,,,,,,,150.7562,63.76673582353206,2,R,HL
2041,,,,,,,150.7562,65.50570258683993,2,R,HL
2042,,,,,,,163.9765,69.29026129377291,2,R,HL
2043,-2.915300000000002,0.1165755035057994,20.82901874424453,64.81847686919633,0.023891628394997,0.1830712218504666,92.9153,0.2902064758064502,0,L,HL
2044,-0.0019999999999997,0.0418416418474838,9.293897326187016,91.45742353215265,0.0158959955280032,0.0543489452742063,6.002,2.052272827643185,0,L,HL
2045,0.0,0.017629367960312,,,,,0.0,3.755989398193858,0,L,HL
2046,-9.999999999976694e-05,0.0456689724396795,8.036311663675585,78.26130682813827,0.0223995478076273,0.0662218852448938,12.0001,6.867443655505976,0,L,HL
2047,0.0,0.1435027736822969,51.585258587124535,138.42922069795097,0.0108013260583392,0.2049784507146345,0.0,9.258684340265791,0,L,HL
2048,-2.915399999999998,0.0646508853609673,9.695878064711414,58.6780051740574,0.0216938523718708,0.0773801101671454,44.9154,13.366299121242704,1,L,HL
2049,-2.912400000000005,0.0425002825226482,5.221165761720095,44.561880411016965,0.0246896660844679,0.0474229117374493,74.9124,14.519313796604646,1,L,HL
2050,-2.915399999999998,0.109412471959352,21.013976918424667,81.41230629189212,0.0177010005961695,0.1368395337328915,44.9154,17.53242990052314,1,L,HL
2051,-2.915399999999998,0.1049245210359726,17.925960033305614,73.07774783596905,0.0190490588196125,0.1256207739379396,44.9154,21.904788343152205,1,L,HL
2052,-2.909499999999994,0.0985664901537876,19.807285443202016,74.11226107199829,0.0207778666310112,0.1514019374122537,80.9095,23.384237362696556,1,L,HL
2053,-2.909499999999994,0.0688356211003739,62.58016961589933,145.08936244002538,0.0128438642161577,0.2956909003163886,80.9095,25.79881352875552,1,L,HL
2054,0.0002999999999993,0.1414565257699102,29.010581726115177,87.71080488952457,0.0165229217189191,0.1763391734670273,29.9997,29.249524458602213,1,L,HL
2055,-2.909000000000006,0.0892523325750775,10.08409850103931,44.32008408632415,0.0267404390464817,0.0991998763640423,68.909,29.340460287624666,1,L,HL
2056,-2.915399999999998,0.1229743599091953,16.442870593789895,53.24403991824472,0.0282013527403126,0.1705898147954928,44.9154,32.76487115286834,1,L,HL
2057,-2.915399999999998,0.0877897067016074,12.589022683586006,60.9188583291393,0.0240785633844667,0.111513669208852,44.9154,36.04835127651862,1,L,HL
2058,0.0002999999999993,0.1007397268881678,16.87093189395,71.46379098731258,0.0227555681846654,0.1412317284515189,29.9997,37.07988679990112,1,L,HL
2059,-2.915399999999998,0.1089491138509724,18.728444543192754,74.89399338893115,0.0209560298589036,0.1443830580585736,44.9154,41.93842948201663,1,L,HL
2060,-2.910800000000002,0.1080389354189423,26.278494850602364,94.37178375600068,0.0166890737383535,0.1613385829618936,56.9108,45.48928094320833,1,L,HL
2061,-2.906500000000001,0.0964211016786603,15.62187993339967,69.37684377992349,0.0219765345895124,0.1262984511448502,62.9065,47.11970514724312,2,L,HL
2062,-2.912400000000005,0.0918357487132636,12.836378209951167,55.75506133479321,0.0251015613407782,0.1185355880531255,74.9124,49.14297411185889,2,L,HL
2063,-2.912400000000005,0.0999650228385533,11.021872624222093,50.06144543668625,0.0325315839640314,0.1319064752454321,74.9124,51.55198626264991,2,L,HL
2064,-2.909499999999994,0.0772545120933291,13.630908971804088,60.562722718526615,0.0282428874937387,0.1416248398151912,98.9095,57.08909995386393,2,L,HL
2065,-2.909499999999994,0.0601318914505372,28.270124026265574,95.69226997564482,0.0187387286611842,0.1948827298921103,98.9095,58.5096311178917,2,L,HL
2066,-2.909499999999994,0.0826908085664142,47.08390139219029,99.54888113994684,0.0189508016056218,0.3282506121184199,98.9095,58.71673087582492,2,L,HL
2067,-2.909000000000006,0.0755155818634677,163.4227888383135,117.10477720124833,0.0182903837573759,1.0996157540617555,110.909,61.4366457247403,2,L,HL
2068,-2.907600000000002,0.1348232742567532,67.12910150527686,74.70640998623333,0.0249597124119947,0.616390489943106,116.9076,63.81257689326674,2,L,HL
2069,-2.907600000000002,0.0525891515847551,2.5749775730800777,27.321748329718385,0.1465968037033654,0.1388684123439027,116.9076,67.19363901579757,2,L,HL
2070,,,,,,,140.9058,69.12093970464517,2,L,HL
2071,-2.9051000000000045,0.0732852510048105,2.116662641609487,11.79341003502695,0.1647571287509424,0.1282925323323289,134.9051,71.66959004912206,2,L,HL
2072,,,,,,,163.9773,74.3230123820112,2,L,HL
2073,,,,,,,150.7568,77.69851043498863,2,L,HL
2074,,,,,,,164.5293,80.41369849055141,2,L,HL
2075,0.0,0.0017724358974358,0.2765000000019456,0.7646628973443597,4.400998806752406,0.4476637254222578,0.0,2.0463836155917425,0,R,HL
2076,0.0,0.0025500460164659,,,,,0.0,2.798308421007815,0,R,HL
2077,0.0,0.1069052232535577,20.248024035872557,70.98464733765174,0.0160530331461328,0.1195763432579093,0.0,4.415605547081635,0,R,HL
2078,0.0002999999999993,0.0248981237886928,3.1168546596572515,31.328051270041342,0.0302706107227792,0.0347090920059051,29.9997,6.650527971804675,1,R,HL
2079,-0.0019999999999997,0.0249169433078979,3.0129358467956138,38.82204925635069,0.0354073116527589,0.0392453635235227,6.002,9.264997516239092,1,R,HL
2080,0.0015,0.0185431794920722,2.7929307655595634,45.28625351655105,0.0223519491034863,0.0229657740664578,23.9985,11.654860677163589,1,R,HL
2081,-2.915399999999998,0.0099501785886036,1.0790202865109,12.683476734802776,0.0671595760542112,0.0266589520767409,44.9154,13.97373950309103,1,R,HL
2082,-2.912400000000005,0.0330343369905579,2.792776017590719,28.90095291492552,0.0419761271792392,0.0431264779355028,74.9124,16.37171027525053,1,R,HL
2083,-2.910800000000002,0.0551375311697395,8.736888067087412,66.1125347995317,0.0187253036249987,0.060185400969473,56.9108,22.108375627493366,1,R,HL
2084,-2.915399999999998,0.0577985583542951,10.898942975756292,77.45202779603042,0.015574941726328,0.0624476829255802,44.9154,32.40252022253138,1,R,HL
2085,-2.910800000000002,0.036624603697795,3.610599328100161,40.618732108948585,0.0362528072175357,0.0481533445174745,56.9108,38.08688851326935,1,R,HL
2086,-2.911999999999999,0.0704543895379496,9.729031775443575,55.70658791165502,0.0253884103501899,0.0908679329858237,50.912,39.4644110804754,1,R,HL
2087,-2.906500000000001,0.0829258680523123,14.825451235837283,75.39360697477647,0.0197552317749773,0.1077446136255192,62.9065,42.68920632890472,1,R,HL
2088,-2.9065999999999974,0.050346401982269,4.225387304380932,35.543184579639465,0.0492433183241079,0.0765454449549212,104.9066,44.79742478503964,2,R,HL
2089,-2.915300000000002,0.0518421727958694,6.471989561078934,50.194393904760894,0.0275969729551884,0.0657059613956979,92.9153,46.548255354556645,2,R,HL
2090,-2.907600000000002,0.0445014943657365,2.9637858497230325,25.067726688985964,0.0468294340660447,0.0510588757142082,116.9076,53.198139373676845,2,R,HL
2091,-2.9065999999999974,0.061326345719031,5.550147702443834,37.61013867465773,0.045359024468157,0.0926133864418864,104.9066,54.574945502650834,2,R,HL
2092,-2.907199999999989,0.0650381952171258,2.174953610023184,12.100469589032336,0.1131068272836829,0.0904991159280824,128.9072,56.40442635081752,2,R,HL
2093,-2.9051000000000045,0.0819343727181655,2.134153645734002,9.01242697268857,0.1916120953716503,0.150436811820927,134.9051,59.97119311899583,2,R,HL
2094,,,,,,,140.9058,61.739763518253774,2,R,HL
2095,,,,,,,140.9058,63.38850219950694,2,R,HL
2096,,,,,,,150.7568,68.01654200526826,2,R,HL
2097,,,,,,,164.5293,72.2678176363566,2,R,HL
2098,0.0,0.0373225507537299,5.820379567621231,-0.2971997953495614,0.5857383287369393,1.25418172790631,0.0,20.04515448255668,0,L,HL
2099,0.0,0.3041369155353028,92.46096284643048,123.65549552161008,0.0120867327104708,0.4111240167878768,0.0,20.744470003309747,0,L,HL
2100,0.0,0.0130805829753698,2.0660801372383237,4.547634144571751,0.0527373145729322,0.0400839666401301,0.0,22.36982622481936,0,L,HL
2101,0.0,0.0118573212490415,1.578343380640301,1.804152148018852,0.3661195277910015,0.2125836722160858,0.0,23.408562370501475,0,L,HL
2102,0.0,0.0611375136855299,123.03738491879682,346.9325954054188,0.0049510273103465,0.224097974885817,0.0,26.728179802707967,0,L,HL
2103,0.0,0.0123546281952358,1.827091497856062,-0.5541328064644213,0.4160100700802128,0.2796209186657237,0.0,27.99675579383345,0,L,HL
2104,0.0,0.0134914745837039,2.0695266818290774,-3.624476813154273,0.057861239681324,0.044051863243367,0.0,29.57491566896404,0,L,HL
2105,0.0,0.0943497552815075,81.09548614559023,260.5337936551441,0.0049737776231119,0.1483845089583583,0.0,29.93131162881768,0,L,HL
2106,0.0,0.2005571098216115,57.97376718473664,119.6876169272722,0.0130749372046671,0.2788538544909175,0.0,33.53946141107185,0,L,HL
2107,0.0,0.0905324470575661,20.06085844331935,98.1725495163558,0.017070335977892,0.1259786936171081,0.0,36.067591489945976,0,L,HL
2108,0.0029000000000003,0.0846509438244915,16.186583298121636,75.91273813693276,0.0192964034681092,0.1149045102022319,23.9971,38.98506085149376,1,L,HL
2109,0.0007000000000001,0.119627325784051,64.53197187664605,174.44015432436944,0.0088101761152936,0.2091534554467909,11.9993,39.45429691148915,1,L,HL
2110,0.0007000000000001,0.0597950873244339,11.301113717189263,80.08880888886061,0.0209867607197883,0.0872513537657055,11.9993,41.44928949279023,1,L,HL
2111,-2.9147000000000034,0.076190781943929,24.592776095548988,115.41992168092312,0.0141187116348707,0.1277344793166024,44.9147,43.39220744249165,1,L,HL
2112,0.0029000000000003,0.1310792167616952,23.3250260531649,76.71332619969566,0.0182364821169746,0.1564835610653522,23.9971,45.49617759890505,1,L,HL
2113,-0.0001999999999995,0.1195655999844952,24.177351936690982,83.01087396742811,0.0173761940676066,0.1545499642069576,30.0002,46.8956057323163,1,L,HL
2114,-0.0001999999999995,0.1518565532863785,44.36688194065754,112.8103098273593,0.0143386238739375,0.2340301972908782,30.0002,48.55129589293162,1,L,HL
2115,-2.9147000000000034,0.1492213231731514,35.11703304279869,93.32654147856006,0.0161628330503053,0.2088049650887636,44.9147,50.04398307131161,1,L,HL
2116,-2.9147000000000034,0.1490940191402621,46.80215091049565,113.86040095692128,0.0144385705406273,0.2485967975430102,44.9147,52.53371371724213,1,L,HL
2117,-2.9080000000000013,0.1148753894011928,14.003282050227927,48.46662276904016,0.0355880724877387,0.1833326520643629,98.908,53.87925359189981,1,L,HL
2118,-2.9093000000000018,0.1270747274356235,28.92593595765527,88.29118616371136,0.0172637162337055,0.1837076439018045,56.9093,56.53445563146565,2,L,HL
2119,-2.9073000000000064,0.1091223729816955,20.560459352792225,75.4604115367086,0.0203338834478995,0.1538008236445273,68.9073,58.33178413058344,2,L,HL
2120,-2.904899999999998,0.0822213070907961,15.319348429898843,75.94112170732267,0.0218822055341914,0.1233209623385415,62.9049,59.76448000374886,2,L,HL
2121,-2.908100000000005,0.1422487127026124,27.73630450945541,72.44292026236309,0.0230834956807839,0.235535130552622,80.9081,63.137376707596346,2,L,HL
2122,-2.915999999999997,0.0854513317648096,9.184382658959066,47.14562112753367,0.0376154115410732,0.1270929047350791,92.916,64.7230247898223,2,L,HL
2123,-2.9080000000000013,0.1213588678772673,47.06273679447709,90.39653157967734,0.0189516531884712,0.3281178045967556,98.908,66.10929895461449,2,L,HL
2124,-2.9080000000000013,0.1079146961863358,11.5994630095323,43.9477201417643,0.0376546486321744,0.160680066125978,98.908,68.5601891331859,2,L,HL
2125,-2.906800000000004,0.1309385555920578,12.105809828922336,37.72287798087245,0.0424014463674518,0.1888339320895974,104.9068,70.7368174953015,2,L,HL
2126,-2.906800000000004,0.1158910773979249,9.479637870718326,35.94478598769636,0.0545168876597482,0.1901202250047826,104.9068,73.41675092065191,2,L,HL
2127,-2.9069999999999965,0.1023030645743914,6.516390542160114,27.75162873187256,0.0692764907321212,0.1660727979985607,116.907,75.61480809230855,2,L,HL
2128,-2.9069999999999965,0.0826081203898878,4.256343150350991,27.18936027488669,0.1243721072855876,0.1947444747625089,116.907,77.99191809230855,2,L,HL
2129,-2.909499999999994,0.0832116835447313,3.3209437555981047,22.75930891631273,0.2081808964081981,0.2543360444540593,122.9095,79.30284316433159,2,L,HL
2130,-2.9073999999999955,0.0729334971333748,2.390866097038677,16.817913750096697,0.2194305697773059,0.1930002637849532,128.9074,81.15765531633329,2,L,HL
2131,-2.904500000000013,0.1064433575862405,2.811745691254237,9.40393822034688,0.1888054903070151,0.1952972713490998,134.9045,83.01582442807599,2,L,HL
2132,-2.909499999999994,0.0653508362251154,2.359976093080035,23.685949748073803,0.4689032242708745,0.4070955364752321,122.9095,84.8518913098653,2,L,HL
2133,-2.904500000000013,0.0590128159832097,1.4241406036428053,12.7205206850611,0.4610337548942206,0.2415411393773575,134.9045,86.95360760574538,2,L,HL
2134,,,,,,,140.9039,89.39312760574538,2,L,HL
2135,,,,,,,163.9756,94.7303962455525,2,L,HL
2136,0.0,0.0666946116639996,11.276738986280554,53.95088237546132,0.0181809826074434,0.0754234506634913,0.0,4.531163807812075,0,R,HL
2137,0.0,0.0115746556650991,1.7789179017987389,-0.4911520759062511,0.6248265679330843,0.4089035785688681,0.0,6.819184841485765,0,R,HL
2138,0.0,0.0627352689318927,10.300407101229132,34.23840326781978,0.0202557111799142,0.0767551285866156,0.0,7.0151048414857655,0,R,HL
2139,0.0,0.0614637884634369,12.14472526958386,69.19314556841559,0.0145473761648229,0.0649946907879013,0.0,9.21896569780504,0,R,HL
2140,0.0,0.0067228678602871,0.9875984832812744,-0.3657558219584486,0.319265565443015,0.1159946643112434,0.0,9.16263144090926,0,R,HL
2141,0.0029000000000003,0.0389347377483365,16.756782785074904,140.96922482055845,0.0106026377042684,0.0653597044644878,23.9971,11.55414486232237,1,R,HL
2142,0.0007000000000001,0.0131665242194285,1.9213124510599169,20.191567905800813,0.0507243586008654,0.0358525524217325,11.9993,13.265619077723075,1,R,HL
2143,-2.9093000000000018,0.0164543427982012,1.6392925564202394,15.087463158356265,0.0649710633907661,0.0391815813519113,56.9093,14.568778136165292,1,R,HL
2144,0.0010000000000012,0.0089021455359627,0.935539161005975,12.966588009638745,0.2609816446755904,0.0898209105257387,17.999,16.71638957417151,1,R,HL
2145,0.0029000000000003,0.0584418283725592,8.804974214396799,57.537603673386215,0.0218149677069515,0.070662366991025,23.9971,18.51632251573588,1,R,HL
2146,-0.0001999999999995,0.0107898896739614,1.3524413393373198,13.896992124260622,0.0648639420060589,0.0322721050050584,30.0002,19.697144450430315,1,R,HL
2147,-0.0001999999999995,0.0462067166050369,6.425753071184687,57.72126170999103,0.0262160060275512,0.0619720808497733,30.0002,20.72204193921786,1,R,HL
2148,-2.9093000000000018,0.0308744768039411,5.343704256565099,71.66461113474645,0.019084056259053,0.0375161808449569,56.9093,24.24764996561405,1,R,HL
2149,0.0,0.0400642046986263,75.64212423551137,361.3401874201936,0.004403592092945,0.122539560353789,0.0,7.684724278495393,0,L,HL
2150,0.0,0.1038972213577763,21.53006442658943,68.51788585241582,0.0127218521765358,0.1007630239509182,0.0,9.301910430427196,0,L,HL
2151,0.0,0.0552686927052059,27.14635147886507,183.8118310511384,0.0062941747972167,0.0628573091744207,0.0,10.804497123285351,0,L,HL
2152,-8.3598,0.02975155442936,7.482862961509896,99.37532582480291,0.0137686843223386,0.0379023164065206,44.3598,11.942361950114767,0,L,HL
2153,0.0,0.0899213601615607,13.338084233858847,26.7631149772862,0.0175687826972452,0.0862066254679189,0.0,12.525037159815682,0,L,HL
2154,0.0,0.1849223410281332,126.44859366941006,205.98847680810445,0.0064403179412464,0.2995896665049419,0.0,15.078309442083238,0,L,HL
2155,0.0,0.1542819244249796,50.21247643646249,132.23616033968813,0.009835308426404,0.1816791722755661,0.0,17.485527600498813,0,L,HL
2156,0.0,0.1287932502712902,127.55405962023248,255.79240626143329,0.0061076947506614,0.2866006211025191,0.0,18.876325046472648,0,L,HL
2157,0.0,0.1663865233026334,62.93498656494773,143.38282515253408,0.0092281463271058,0.2136545442181058,0.0,19.95124496434944,0,L,HL
2158,-2.913499999999999,0.0957234584487682,29.89675141692784,92.71442902992348,0.0198763870133302,0.2186084589842004,80.9135,21.521630732409317,1,L,HL
2159,-2.9151000000000025,0.1378324042362454,30.629356578325662,89.82604971104477,0.0170350837192917,0.1919498000969253,44.9151,23.391561258403463,1,L,HL
2160,-2.909499999999994,0.0795900979877062,6.548029517674154,24.570689776273102,0.0519334708404297,0.1251017817424692,68.9095,24.907298330986777,1,L,HL
2161,-2.9151000000000025,0.0541456040352597,10.068761229729471,76.34811207549905,0.0188124183424531,0.0696828954455109,44.9151,26.584530445549827,1,L,HL
2162,-0.0007000000000001,0.1088016340811109,41.724176850192265,141.05489790524933,0.0115351519917402,0.1770584332567368,12.0007,29.23328668423577,1,L,HL
2163,-2.921099999999996,0.0907120845509106,20.13922926829544,72.5057120343114,0.0234171781001763,0.1734933860199859,92.9211,32.245640169811615,1,L,HL
2164,-2.914000000000001,0.106432176101428,33.00341381503276,112.1696957161793,0.0145584965734569,0.1767587458769545,50.914,33.172478702629704,1,L,HL
2165,0.0015,0.1307488137304816,40.70685319676098,120.105219480485,0.0128330049707831,0.192177000909103,23.9985,34.73659890261435,1,L,HL
2166,-0.0035999999999987,0.1296054695346656,35.07630806284376,107.22345112038504,0.013963740324115,0.1801860470059766,30.0036,40.95571721002985,1,L,HL
2167,-0.0035999999999987,0.1494488046227733,33.38409829241379,96.2930823283718,0.0156580111645979,0.1923010992863008,30.0036,42.25767288571187,1,L,HL
2168,-2.914000000000001,0.1286730927727127,37.64756808709381,106.24917939062888,0.0157811912941906,0.2185658115075924,50.914,44.85892246320592,1,L,HL
2169,-2.9151000000000025,0.1794579498868437,56.96111008038802,114.75887883141436,0.0141343870267357,0.2961835549646104,44.9151,45.70408571939251,1,L,HL
2170,-2.9063000000000017,0.1584640704853361,38.137301882169055,93.38416158737918,0.0151896200600219,0.2131092955997507,62.9063,49.44240329379288,1,L,HL
2171,-2.9063000000000017,0.1540999063364144,49.66556881217949,110.5196799779809,0.014247987128398,0.260324142166543,62.9063,50.53047552440796,1,L,HL
2172,-2.913499999999999,0.0863788376447274,22.97682327944122,87.68231707378297,0.0185444713132349,0.1567508695065707,80.9135,51.52428940028495,2,L,HL
2173,-0.0007000000000001,0.1041399653093665,188.9166186479222,233.02005900190545,0.0101964019326137,0.7086350485506848,12.0007,53.98225257879055,2,L,HL
2174,-2.913499999999999,0.0990801407395792,19.617326576147157,73.41484727070495,0.0234666120305493,0.1693541070757911,80.9135,55.49188084391389,2,L,HL
2175,-2.921099999999996,0.0454365996315199,11.53481429852186,77.27910492392994,0.0231646804770797,0.0982974924786153,92.9211,56.18298895458133,2,L,HL
2176,-2.913499999999999,0.1156107882666501,13.722763725125455,50.27618000814507,0.0307538047455721,0.1552551290869532,80.9135,57.05198895458133,2,L,HL
2177,-2.921099999999996,0.1430521014319134,23.016324916374614,59.73421150914454,0.0259033249543844,0.2193294813373062,92.9211,58.63514895458133,2,L,HL
2178,-2.913499999999999,0.138502795006495,657802489587.7228,1658.9189267681231,0.0020271085688192,490544081.6597727,80.9135,60.02577424471821,2,L,HL
2179,-2.908100000000005,0.1182440069478873,13.632931688643128,44.58410638913052,0.0371548777275962,0.1863419402127819,104.9081,62.33336424471822,2,L,HL
2180,-2.908100000000005,0.0778201025508554,13.210988529869605,51.29366594726048,0.0369758940812767,0.1797047338782884,104.9081,64.91241608873906,2,L,HL
2181,-2.908100000000005,0.0947707351013164,9.483115160770575,41.66440623836222,0.0465538062970764,0.1624096153921052,104.9081,66.87066333272956,2,L,HL
2182,-2.910899999999998,0.1131575853542649,5.638320838550226,21.86899590490802,0.0927705190307718,0.1924266811402855,122.9109,67.84753489824654,2,L,HL
2183,-2.9101,0.0569646543068492,3.71699409417788,29.130951882662693,0.0734164297592033,0.1003900452755042,116.9101,69.61080757564315,2,L,HL
2184,-2.9101,0.0761040759169964,3.731004748061945,27.47380447635983,0.1474495813978607,0.2023833888508272,116.9101,71.34290278021511,2,L,HL
2185,-2.910899999999998,0.0906042598708882,3.730001917253304,22.11894813475079,0.1715685249639454,0.2354247894224481,122.9109,73.37273143749633,2,L,HL
2186,-2.910899999999998,0.0587582110740623,2.1223344312052,23.99650560271633,0.475471129039385,0.3712303623706107,122.9109,75.10520143749632,2,L,HL
2187,-2.9093000000000018,0.0420385071023253,1.268872328731632,19.015243245116174,0.4642246204792215,0.2166963591026715,128.9093,77.19217630755548,2,L,HL
2188,-2.906200000000013,0.1739939087704984,4.191530938584205,12.279849414569066,0.4766792783492357,0.73502898855615,134.9062,78.3336509500445,2,L,HL
2189,,,,,,,140.906,80.80200217676526,2,L,HL
2190,,,,,,,140.906,82.44902367547877,2,L,HL
2191,,,,,,,140.906,84.9501312021739,2,L,HL
2192,,,,,,,163.9808,87.90093371754602,2,L,HL
2193,,,,,,,163.9808,89.211951957644,2,L,HL
2194,,,,,,,163.9808,90.04511913128526,2,L,HL
2195,,,,,,,163.9808,92.45332772581708,2,L,HL
2196,0.0,0.033128849051888,4.518382785599974,-0.1092092091050095,0.1241009042243565,0.2062830216698305,0.0,2.882421105193379,0,R,HL
2197,0.0,0.0260541566015251,4.320055511096637,34.27180516294764,0.027826799584745,0.0442240085791276,0.0,4.978472756664475,0,R,HL
2198,0.0,0.0443772847770281,6.438994159221521,0.0546523514314927,0.2458152046071859,0.5822805605152361,0.0,6.475277785692308,0,R,HL
2199,0.0,0.0285782019085031,5.468699404090626,49.87874643843857,0.0178938183839614,0.0359991789330942,0.0,7.897070971931307,0,R,HL
2200,0.0,0.0151965454866338,3.5925414563033544,56.02095656422392,0.0096446846633265,0.0127466288164887,0.0,9.576832230970926,0,R,HL
2201,0.0,0.0432476121782246,6.527387186658127,28.85267039910573,0.0255595927752499,0.0613760341663851,0.0,11.003864305559794,0,R,HL
2202,0.0,0.1150713764338322,21.13997157555331,50.625847488249946,0.0145751858877873,0.1133506511909026,0.0,12.83800166101799,0,R,HL
2203,3.0936999999999983,0.0153109992573294,3.182253367334344,78.75059368608723,0.0132749459669146,0.0155407879573485,62.9063,21.993020314949213,1,R,HL
2204,-2.9063000000000017,0.0282688566283542,3.114981894541664,36.367529094840194,0.0338667427654981,0.0388091806512313,62.9063,24.66152030448849,1,R,HL
2205,-2.913499999999999,0.0033451189151387,0.2599864285835114,5.345589408660164,0.112734107729762,0.0107823029022802,80.9135,32.22150384703638,1,R,HL
2206,-0.0035999999999987,0.0294708368459477,3.618318761647456,39.75437189151243,0.0409738460652444,0.0545404948090953,30.0036,33.53992485661565,1,R,HL
2207,-2.9063000000000017,0.0549832236001193,18.52424035283366,110.62099882029706,0.0145943716721091,0.0994560776672648,62.9063,38.53627819723592,1,R,HL
2208,-2.9151000000000025,0.025835491591797,2.943778641282228,34.700560390943146,0.0462660099867879,0.0501040365243013,44.9151,41.81288572523956,1,R,HL
2209,-2.909499999999994,0.0391273158859035,3.548960397323209,28.41878664836245,0.0451475140498866,0.05894412335143,68.9095,43.005268974241325,1,R,HL
2210,-2.9063000000000017,0.0104155363676525,0.954554097372208,16.199872238766538,0.1474676199400404,0.0517848515079436,62.9063,45.3017107871336,1,R,HL
2211,-2.909499999999994,0.0585006609535816,9.071646366031562,61.63481444828386,0.0237333824025845,0.0792047572006523,68.9095,48.29391483571308,1,R,HL
2212,-2.9133000000000067,0.046760581726394,7.002759022360002,61.3430311984252,0.0265859175532588,0.0684898718244171,74.9133,49.51416369841223,1,R,HL
2213,-2.913499999999999,0.0072627638195913,0.5096724854931816,6.9866012270798095,0.0827135713390849,0.0155086316095145,80.9135,51.79356444437828,2,R,HL
2214,-2.911199999999994,0.0306370621082293,2.575387186619704,30.47819734699251,0.0428410151949949,0.0405889486659725,98.9112,53.71526770998127,2,R,HL
2215,-2.906200000000013,0.030782019129156,0.7166878252707422,5.844291999949091,0.1962216617430127,0.0517347666284227,134.9062,54.98138119720591,2,R,HL
2216,-2.911199999999994,0.0460960604421194,7.354938559666822,57.79911045473793,0.0369373598522123,0.0999425480555607,98.9112,58.58169864403682,2,R,HL
2217,-2.9093000000000018,0.0349489699692804,1.3729188159360344,13.601001053876743,0.0868474126961316,0.0438639017329095,128.9093,62.31187374424808,2,R,HL
2218,,,,,,,140.906,66.04868741962322,2,R,HL
2219,,,,,,,164.5328,69.56456970328591,2,R,HL
2220,,,,,,,0.0,1.1024194794083029,0,L,HL
2221,0.0,0.3331964439434302,679.8773177577327,357.00377006676786,0.0046588673985798,1.1652427785719988,0.0,3.461498750061617,0,L,HL
2222,0.0,0.0248641183624601,3.845624034948053,-0.1962062681875267,1.033813487918083,1.462562842148344,0.0,4.126999219345109,0,L,HL
2223,0.0,0.0277059731854617,4.187039883832019,-0.5019900451576288,0.2227167015266244,0.343056302081864,0.0,4.652134746994877,0,L,HL
2224,0.0,0.0356204189298898,5.422097450498051,-0.411239237586152,0.3919503481561606,0.781814807136493,0.0,5.622371693162093,0,L,HL
2225,0.0,0.0194014686680533,2.802606160141245,-0.8289383628139134,0.2409722133514616,0.2484474576885662,0.0,7.358535948031401,0,L,HL
2226,0.0,0.0075377447236166,1.1652575749612537,-2.0959996133260197,0.0651605369175068,0.0279326479089588,0.0,7.894954674028173,0,L,HL
2227,0.0,0.0202929756570946,2.9049480889729766,-0.5413787828361657,0.0664330217794157,0.0709950225331175,0.0,8.582241166711537,0,L,HL
2228,0.0,0.1541119116137442,411.3311992041283,369.63971685359263,0.0048580393328841,0.735119928940128,0.0,9.876907089559142,0,L,HL
2229,0.0,0.0843617639509526,,,,,0.0,10.132487657091184,0,L,HL
2230,0.0,0.2089958171637793,195.7856956409658,252.34041130135387,0.0059823289837086,0.4308804294558694,0.0,11.655365993299904,0,L,HL
2231,0.0,0.1428703710869021,25.792108992713,48.13312605658509,0.0189720390013869,0.1800140414488097,0.0,13.787918822980638,0,L,HL
2232,0.0,0.0766587315312184,13.007610844155328,64.43395955299928,0.0210177951957314,0.1005750389256782,0.0,14.148831108330766,0,L,HL
2233,0.0,0.2796185899355353,257.77245423241936,246.46851266799533,0.006306562156574,0.5980461583672323,0.0,15.514986885162427,0,L,HL
2234,0.0,0.027399777145797,15.021320919262452,196.50925179053297,0.0064164154303601,0.0354573371758827,0.0,16.37817718906155,0,L,HL
2235,-2.913799999999995,0.0797364815674312,7.523412956349974,38.03278909377619,0.0487533504401982,0.1349350845549325,74.9138,19.875534763853413,1,L,HL
2236,-2.914299999999997,0.0717858047643148,8.073679143543101,42.53720821347662,0.0355200509023861,0.1054995442877805,110.9143,21.72216502354672,1,L,HL
2237,-0.0021999999999984,0.1734274495957815,70.17294452366876,139.6412671061278,0.0113951882499593,0.2941688770198136,30.0022,24.93085840979349,1,L,HL
2238,-2.9133000000000067,0.0673000085083754,9.271036214443212,53.24131350429946,0.0227136092931678,0.0774675723881976,80.9133,27.673000314422406,1,L,HL
2239,-2.9106999999999985,0.184430917217386,84.83298667073771,131.20687440464974,0.0121988150036932,0.3807044213637525,62.9107,29.499126195040294,1,L,HL
2240,-2.915700000000001,0.1258803086144181,56.601237935361965,139.66129348149826,0.0115914878552314,0.2413629651090091,44.9157,31.2936773408357,1,L,HL
2241,-2.915399999999998,0.1307717013580435,,,,,50.9154,33.33744593419486,1,L,HL
2242,-2.911900000000003,0.0779000838933627,21.545945905975103,95.99429808126986,0.0155286663342661,0.1230850316281232,68.9119,34.9274838223635,1,L,HL
2243,-2.913799999999995,0.1377503304299862,25.79894857774908,73.06553935998431,0.0186893151816946,0.1773784735187729,74.9138,36.027288052651635,1,L,HL
2244,-2.9133000000000067,0.0986133145753734,29.762451626878065,93.07655068492416,0.0182948418100855,0.2003101145339029,80.9133,36.36542281868435,1,L,HL
2245,-2.913799999999995,0.1629246352546138,35.17438945900715,79.61554911014701,0.0183581136114494,0.2375527920399198,74.9138,37.93159435814145,2,L,HL
2246,-8.2076,0.1507455025524513,39.59699659636684,84.37903839569056,0.0182476416983124,0.2658119546895565,92.2076,39.79318290823848,2,L,HL
2247,-2.914299999999997,0.093702503206514,11.477196289527106,45.23864492523052,0.0316110942696705,0.1334691385055627,110.9143,42.19253592397008,2,L,HL
2248,-2.9128000000000043,0.1270086043249909,19.9789823652489,57.27554605992196,0.0279751205980743,0.2056131322525443,98.9128,43.09972563996118,2,L,HL
2249,-2.909599999999997,0.1408347310020167,21.878950221948557,54.46573523103986,0.0268434300268239,0.2160578285865877,104.9096,44.36331131580592,2,L,HL
2250,-2.914299999999997,0.0904587772936566,8.957835308738678,38.0999623379514,0.0398830944859025,0.1314308870651971,110.9143,45.620097599360925,2,L,HL
2251,-2.9125999999999976,0.0966863421820186,4.517623338682481,20.328336622556623,0.1005602735951439,0.1671252164442603,122.9126,48.0248667935026,2,L,HL
2252,-2.9087999999999994,0.142975678498876,8.490096242629605,26.93324098107025,0.0792942195556791,0.2476621623496466,116.9088,49.22564321808206,2,L,HL
2253,-2.909099999999995,0.1437951077112599,5.380755175436254,17.42235840723951,0.128243028218423,0.2538531253733441,128.9091,51.83998498881189,2,L,HL
2254,-2.9125999999999976,0.1144292101245576,5.911698255958371,22.03061719088033,0.0781823504232541,0.170030369847959,122.9126,53.22438357234535,2,L,HL
2255,-2.909099999999995,0.1187956010128285,4.233105763757479,16.79699502625407,0.1622361777145925,0.2526459514916966,128.9091,55.103662334935954,2,L,HL
2256,,,,,,,140.9048,56.43289015706617,2,L,HL
2257,,,,,,,140.9048,58.70309155934529,2,L,HL
2258,,,,,,,140.9048,59.2841866180691,2,L,HL
2259,,,,,,,150.7575,62.67683091814628,2,L,HL
2260,,,,,,,150.7575,64.48857504335712,2,L,HL
2261,,,,,,,163.9803,65.95646971934883,2,L,HL
2262,,,,,,,163.9803,67.51918881694623,2,L,HL
2263,,,,,,,164.5353,69.39509555366334,2,L,HL
2264,0.0,0.1373534089795823,21.132321274922944,17.954488920036326,0.0281338970240927,0.2187170382424101,0.0,0.2065030382343076,0,R,HL
2265,0.0,0.0631902676833397,9.766142176064724,16.40769854275285,0.0265072578017856,0.0952342931036667,0.0,2.022510404806745,0,R,HL
2266,0.0,0.0238867014890869,3.642342205741993,-0.2808516587627597,0.462281995608315,0.6194314386133083,0.0,2.8045705047990657,0,R,HL
2267,0.0,0.0576782603413828,11.11248671875939,55.03072370125778,0.0134658753154801,0.0550492443546854,0.0,3.827323839473216,0,R,HL
2268,0.0,0.0840739144842694,7.065138904618621,10.177910396017714,0.0412970937257438,0.1073360754851657,0.0,4.889320681713284,0,R,HL
2269,0.0,0.0331262518093113,5.144389508353313,-0.3272026567985587,0.0245843985426063,0.046526346388246,0.0,5.725805145336219,0,R,HL
2270,0.0,0.1493609260690184,23.018794243433604,18.870146597000105,0.0217273819856725,0.1839905377509013,0.0,8.27742403305432,0,R,HL
2271,0.0,0.0950122269282389,14.104823944149636,11.055758521882185,0.0342281585340557,0.1776056275698911,0.0,11.304717114110073,0,R,HL
2272,0.0,0.0217120652493259,3.544543100372724,19.860072695724728,0.0287745392861332,0.037520978739311,0.0,12.733524647934932,0,R,HL
2273,0.0,0.0473015023060059,6.913926772751376,24.57945530956449,0.0232222862898075,0.0590656881941543,0.0,15.268215402716129,0,R,HL
2274,0.0,0.0218897660037516,3.222249986621753,2.3149204690760987,0.0658796226209506,0.0780936733220716,0.0,15.845953372733677,0,R,HL
2275,0.0,0.0473814979800937,7.710621687732845,55.247539306871175,0.0291041767950545,0.0825563024591803,0.0,16.371169709113268,0,R,HL
2276,0.0,0.0634894463370515,13.12242596318802,76.96245113487414,0.0151211161051367,0.0729967454047658,0.0,18.504823317226048,0,R,HL
2277,-0.0042999999999997,0.0498641113607702,9.015810352386962,69.4590292053855,0.0197654181014741,0.0655565803636876,6.0043,20.34503317371048,1,R,HL
2278,-0.0042999999999997,0.0281669998507555,3.608547830463098,42.073632588290245,0.029450628495147,0.0390960203056585,6.0043,23.46372342735478,1,R,HL
2279,-0.0033999999999991,0.0273470929888097,3.806836439991258,38.6226665166429,0.0311070954888699,0.043564145339723,18.0034,26.001579198864093,1,R,HL
2280,-2.915700000000001,0.074068039669127,9.297968100392003,55.25344885833052,0.0302618631579064,0.103511650394304,44.9157,27.233497001966235,1,R,HL
2281,-0.0021999999999984,0.0417798244029302,7.358499300835079,72.66977139983284,0.0230386802427161,0.0623666430328504,30.0022,28.40057702595773,1,R,HL
2282,-0.0033999999999991,0.0988642192701013,10.68322521527932,37.61134204551705,0.027572642898734,0.1083643170416338,18.0034,29.08137370661944,1,R,HL
2283,-2.915700000000001,0.1094584767201243,16.793784639416888,62.14658945638428,0.0187360515251098,0.1157529771238192,44.9157,30.069110678186263,1,R,HL
2284,-0.0021999999999984,0.0480817232778984,7.721986697011636,62.28100945305375,0.0202291710607192,0.0574662230336136,30.0022,32.909415813305976,1,R,HL
2285,-0.0021999999999984,0.0769346779933648,14.035716088364673,81.32405914508686,0.01980754367597,0.1022752889465475,30.0022,33.566346297299525,1,R,HL
2286,-8.370899999999999,0.0763090905934862,27.294766937399157,126.48938195987162,0.0121251813488205,0.1217511722018054,44.3709,34.90362118596999,1,R,HL
2287,-2.9140999999999977,0.075170622494269,19.33624206985938,95.44834114093058,0.0167498200937057,0.1191482695310117,56.9141,36.281939599182266,1,R,HL
2288,-2.9140999999999977,0.0799517504519583,16.171238460760666,81.88798693934223,0.0192545952555325,0.114546861213121,56.9141,38.44703333376935,1,R,HL
2289,-2.911900000000003,0.0606337275198452,5.290812336121756,32.03972298113373,0.0410182490029084,0.0798371440218645,68.9119,39.61985703867577,1,R,HL
2290,-2.913799999999995,0.0854528559263552,8.3749130066058,32.66219973695562,0.0392889552622776,0.1210476334709308,74.9138,41.370726220572806,2,R,HL
2291,-2.909099999999995,0.0512254217253108,2.084900335931027,16.75021096862827,0.1009600972029951,0.0774355838936238,128.9091,42.68926658170356,2,R,HL
2292,,,,,,,0.0,1.3137389178316492,0,L,HL
2293,0.0,0.0065840235036606,1.026993475237116,1.6377797462841113,0.3401747765252767,0.1285213594389324,0.0,3.3438581430189243,0,L,HL
2294,0.0,0.004051282051282,0.6209657364834471,2.2754110982252698,0.8192442985402884,0.187148600221237,0.0,4.954022151024713,0,L,HL
2295,-2.914000000000001,0.0404900489599152,4.130108401552378,38.138033275733406,0.0307088415796587,0.0466584602384617,98.914,5.635397952473518,0,L,HL
2296,0.0034999999999989,0.0873741558298539,43.23298331592249,158.4408266760839,0.0102168163705493,0.1624936189711416,23.9965,6.719404909323889,0,L,HL
2297,0.0,0.2304901838499714,88.83381391520965,146.58808949729143,0.0081976183169988,0.2678992636068992,0.0,7.706488254685703,0,L,HL
2298,0.0,0.0189100420071341,3.439509094316368,41.33933178819432,0.0199613014916513,0.0252575274925949,0.0,8.92399048153802,0,L,HL
2299,0.0,0.109940126297129,23.553107446143,76.2661869361976,0.0164681389007907,0.1426915490908509,0.0,10.2031275222091,0,L,HL
2300,0.0,0.1060361120540048,42.12548127526075,151.29362342810015,0.0089317619769948,0.1384163952309081,0.0,11.433401970811952,0,L,HL
2301,0.0,0.1560060443881877,58.47067748606038,143.7037794855656,0.0097571263374686,0.2098773502055466,0.0,12.156187868867818,0,L,HL
2302,0.0,0.0731041791876348,16.4742387274619,89.37139285215918,0.0196675565413595,0.1191958899390086,0.0,14.557906330784704,0,L,HL
2303,0.0,0.0667315915973033,12.910157115275926,81.68303986415096,0.0200044369860126,0.0950087006388386,0.0,16.9156567654678,0,L,HL
2304,0.0034999999999989,0.0903456425087308,45.85208011953049,163.01597811872622,0.0093632841994122,0.1579402300374283,23.9965,20.284353122933094,1,L,HL
2305,-2.9154000000000053,0.0283369624346588,2.1231647883073093,25.6165204913244,0.0393184349354265,0.0307103979110116,110.9154,21.46826537977425,1,L,HL
2306,0.0034999999999989,0.130351275153045,43.35289786605465,123.5529413880078,0.0129652103912878,0.2067774709821195,23.9965,21.57349859886404,1,L,HL
2307,-0.0036999999999984,0.0995724725762952,52.90857256560913,170.270502071494,0.0093904711094878,0.1827759053237112,18.0037,22.836297227941536,1,L,HL
2308,-2.9110000000000014,0.1605131246192783,47.71590455849198,70.07180190253631,0.0275230582006388,0.4831315151026809,104.911,23.738248509268043,1,L,HL
2309,-0.0036999999999984,0.1287101455073792,39.66966218950758,120.26739407384464,0.0123872251614004,0.1807748675922574,18.0037,25.450208729382624,1,L,HL
2310,-0.0036999999999984,0.1348551520701541,45.23328856285338,128.0678052478416,0.0120570099387243,0.2006334310348813,18.0037,26.388680849373408,1,L,HL
2311,-0.0036999999999984,0.1769839841253595,66.88619693051064,141.34969171738865,0.0110040640932775,0.2707666255474928,18.0037,27.890293499273216,1,L,HL
2312,-0.0032999999999994,0.1324087840204194,50.18529749881975,133.7338403000169,0.0114422686922729,0.2112487573478251,30.0033,31.392704305667607,1,L,HL
2313,-2.917099999999998,0.1585514619307723,40.97603622507754,100.37853618779306,0.0145940006605392,0.2199934876046539,44.9171,32.88519940084615,1,L,HL
2314,-2.917099999999998,0.1111691023573043,36.16028151267078,116.1044764247934,0.013081238762336,0.1740148027434969,44.9171,33.944332221978605,1,L,HL
2315,-2.916499999999999,0.1478518764521752,41.80168321351611,106.7486107860314,0.0145045282998052,0.2230503440821107,50.9165,35.4748260177782,1,L,HL
2316,-2.914000000000001,0.1024579427844555,31.349707325655785,100.66343381979011,0.0153367974190024,0.1768779474463688,68.914,37.49380781769652,1,L,HL
2317,-2.9172999999999973,0.1590242492923514,41.5509362071064,97.14549358306408,0.0165801793353635,0.253440230756579,56.9173,38.87701907704702,1,L,HL
2318,-2.912799999999997,0.1624276487068872,72.80244834737019,129.009696595475,0.0125351338979286,0.3357225246392686,62.9128,40.16587670999931,1,L,HL
2319,-2.9150000000000063,0.1282033620020331,29.30330311873665,82.27797643800875,0.0202431578398078,0.2182229171566775,74.915,42.69911421964411,2,L,HL
2320,-2.9150000000000063,0.081575017146012,23.245639696119788,92.81759754395796,0.0172284013722394,0.1473302755609571,74.915,43.903764176702985,2,L,HL
2321,-0.0036999999999984,0.0951356671488674,40.400780771771856,142.9866165479592,0.0173473611352638,0.2578271784982102,18.0037,45.17120984428947,2,L,HL
2322,-2.920900000000003,0.1301083737621558,23.189696764796945,64.4233969726102,0.0218836898599044,0.1866900358281566,92.9209,47.32126003084035,2,L,HL
2323,-8.207899999999995,0.0904697753932397,12.542678302053524,54.894412164849456,0.027855728965527,0.1285317231001988,92.2079,48.11758003084035,2,L,HL
2324,-2.920900000000003,0.1182649166643348,20.22256665523411,62.66530413321893,0.0269229944747185,0.2002927160176533,92.9209,49.57450877128532,2,L,HL
2325,-2.920900000000003,0.1082145633746952,10.464605273469836,42.1416879662067,0.0445652808572125,0.1715635473075367,92.9209,50.472731917324495,2,L,HL
2326,-2.914000000000001,0.1126078021775975,15.469518217680807,52.61449427621445,0.0341324492564264,0.1942449602018187,98.914,52.76817632159803,2,L,HL
2327,-2.9154000000000053,0.1430782024465608,232.8926929470264,124.24910680000288,0.0157923732959409,1.3530342241964517,110.9154,54.38316119488879,2,L,HL
2328,-2.9110000000000014,0.0926531083827292,9.464958477629622,42.33976675121495,0.0457843351910286,0.1594193902089323,104.911,56.38719273696319,2,L,HL
2329,-2.9110000000000014,0.0764752706620034,4.106409296418268,27.720618475930515,0.114745130103696,0.1733412864123997,116.911,58.544859438806455,2,L,HL
2330,-2.9110000000000014,0.1096345746521322,5.397133925374009,27.45017389875946,0.1434981458314685,0.2849147954369127,116.911,60.82092463849924,2,L,HL
2331,-2.9088000000000136,0.080220790205238,1.929517242235025,11.76352095092556,0.5005354242500399,0.3552949224501011,134.9088,62.90411576685199,2,L,HL
2332,-2.9146999999999963,0.0841454138267512,3.3935144665810286,22.61944010526621,0.1769343007468584,0.2208855251625021,122.9147,64.78895731150772,2,L,HL
2333,-2.9088000000000136,0.067152214213318,1.6211496311176468,12.069074727659922,0.4307098773668372,0.2568700388244144,134.9088,66.55522517550656,2,L,HL
2334,,,,,,,140.9066,67.0628628522991,2,L,HL
2335,-2.9088000000000136,0.0734741295041205,1.7685021480647072,12.905022191340931,0.5266067363458603,0.3426080160867434,134.9088,69.06828675726395,2,L,HL
2336,,,,,,,140.9066,71.16966871598936,2,L,HL
2337,,,,,,,150.7576,73.9146914527503,2,L,HL
2338,,,,,,,150.7576,74.96080239330195,2,L,HL
2339,,,,,,,163.9824,76.38310593203195,2,L,HL
2340,,,,,,,163.9824,78.67927767842268,2,L,HL
2341,0.0,0.0241392543547138,3.79808359977886,2.226783601282756,0.0290519406428278,0.0405924426753882,0.0,11.306478378294145,0,R,HL
2342,3.082900000000002,0.00910515742789,0.4878581620161599,19.644091077007293,0.0613655358296007,0.0110134560763837,44.9171,11.578518408436771,0,R,HL
2343,0.0,0.04684639794954,5.752405517052439,-0.3075237258750227,0.2793545102026177,0.5911677033922501,0.0,12.344993205592704,0,R,HL
2344,0.0,0.0058672679109634,0.8969436031119037,0.0539719970335843,0.0438739419876033,0.0144769579066759,0.0,12.614979564424765,0,R,HL
2345,0.0,0.0102636790053457,1.6975353399548725,27.338854313470883,0.0178698705929881,0.011159526041203,0.0,13.199558212683492,0,R,HL
2346,-2.207899999999995,0.0056192264880724,0.4409869284915994,27.2731823472794,0.0499116015194152,0.0080971603531709,92.2079,14.323475793654568,0,R,HL
2347,0.0,0.0144509060251261,2.1805726219069554,-0.03303566290489,0.5647112717419737,0.4530045139362412,0.0,15.272786557952198,0,R,HL
2348,0.0,0.0097658451788095,1.5210805979758568,0.1350726238016629,0.1995645264350313,0.1116711762652831,0.0,16.22468816392915,0,R,HL
2349,0.0,0.0306762877251622,5.112026051466221,40.12395889725369,0.0215952497674174,0.0406122272691421,0.0,19.35759074443157,0,R,HL
2350,0.0,0.0377460912158464,6.438390842577168,46.324465758666776,0.0196259261381692,0.0464850192508243,0.0,19.499227852563585,0,R,HL
2351,0.0,0.0217091883348834,3.4876930559508152,35.00159872471087,0.027541731612941,0.0353374345108906,0.0,20.90540632070227,0,R,HL
2352,0.0,0.0159999749346226,3.055532646169806,57.434072113474016,0.0152784492840626,0.0171740104655621,0.0,23.45406984426676,0,R,HL
2353,-2.913799999999995,0.0329118369224787,2.950342940510022,29.51826679691124,0.0397923009527865,0.043189390067496,80.9138,25.093636582568397,0,R,HL
2354,0.0,0.0226447952512978,3.720317095786156,53.52151621400641,0.0348497960265215,0.047696412706267,0.0,26.253320594694525,0,R,HL
2355,0.0034999999999989,0.0312573115505272,3.23416126029981,29.14332958641692,0.0369141475090147,0.0439197674725017,23.9965,28.469180361036425,1,R,HL
2356,-0.0054999999999996,0.017955889784253,3.22203844867115,65.8109797714867,0.0199684954167151,0.0236690910122601,6.0055,30.710506888021097,1,R,HL
2357,-2.914000000000001,0.0204069781258548,1.9890318849616124,35.27635657649888,0.0322273168971781,0.0235814992412274,98.914,32.67673562083985,1,R,HL
2358,-0.0032999999999994,0.0166127520774296,2.1228374724442456,35.437218781128,0.0519154122298874,0.0405432510070049,30.0033,34.27118031263696,1,R,HL
2359,0.0034999999999989,0.0461227029925091,6.7451706269656455,58.88132687637612,0.0220259620590542,0.0546554337213865,23.9965,37.9583049150251,1,R,HL
2360,-0.0032999999999994,0.0420890615573808,5.604837412657751,55.61591102717054,0.0296525686651643,0.0611407634395772,30.0033,40.541793831664776,1,R,HL
2361,-8.371200000000002,0.0168760106996168,2.3917532353926534,55.0817032371606,0.0269970831944974,0.0237541083490993,44.3712,43.03914852701976,1,R,HL
2362,-2.917099999999998,0.0396033414589837,4.683067592172959,40.66766495965001,0.0274693766340684,0.047324359875195,44.9171,44.07596085179218,1,R,HL
2363,-2.9172999999999973,0.0368611464128805,7.256242882697171,79.07261673103717,0.0184902276810188,0.0493582312198666,56.9173,47.01332691021791,1,R,HL
2364,-2.9150000000000063,0.0326278437242872,3.277196410935943,37.665959215300994,0.0362701796314576,0.043727806759315,74.915,48.631446968683626,1,R,HL
2365,-2.920900000000003,0.00710430337743,0.5967195644194652,22.80351520663687,0.033905782010165,0.0074430264222736,92.9209,50.69534516823802,1,R,HL
2366,-2.914000000000001,0.0336769899557247,3.043100391212366,28.37976768682052,0.0486131284197196,0.0544221090555455,68.914,52.25622739014807,1,R,HL
2367,-2.9150000000000063,0.0571242298051106,88.18762608860395,185.17654586338864,0.0103186495193899,0.3347619058584394,74.915,55.51602359339924,2,R,HL
2368,-2.9110000000000014,0.0094778248953169,0.3685583257515169,4.969401460246559,0.2821196993634239,0.0382512081603577,116.911,57.13722284050144,2,R,HL
2369,-2.920900000000003,0.0391825348190466,2.7241613841544967,28.231766569944103,0.0582459038885746,0.0583718878952216,92.9209,58.776822291816856,2,R,HL
2370,-2.9110000000000014,0.0139394152107264,0.6716129251662913,11.410005745729295,0.0723294924892555,0.0178706348686589,116.911,60.1318109239913,2,R,HL
2371,-2.9103000000000065,0.016298935613924,0.4707485661539695,7.409244830014757,0.1484778509609923,0.0257132040959611,128.9103,63.9078306078751,2,R,HL
2372,-2.9088000000000136,0.0202435438217144,0.6176496949292322,10.623884462327348,0.1266130876174505,0.0287691048522729,134.9088,65.67900106288728,2,R,HL
2373,,,,,,,140.9066,66.75252128240938,2,R,HL
2374,-2.9103000000000065,0.0540781400600234,2.377261567352156,17.31830459873778,0.0839962083264981,0.0734585191893385,128.9103,68.8231847268534,2,R,HL
2375,-2.9088000000000136,0.0206900267087244,2.334190793645178,36.70884169812616,0.0357518226458319,0.0307001188773879,134.9088,71.94936133972344,2,R,HL
2376,,,,,,,150.7576,78.20517438936687,2,R,HL
2377,,,,,,,150.7576,80.34120432159881,2,R,HL
2378,0.0,0.0835892274849343,18.58354243918845,82.57986639828336,0.0138651791890757,0.0947893419988787,0.0,5.860047547718549,0,L,HL
2379,0.0,0.0253893147121658,72.91163494845344,449.538750936705,0.0036847955457899,0.0988361342380102,0.0,8.35418716495778,0,L,HL
2380,0.0,0.1241226971190877,,,,,0.0,9.322124762106853,0,L,HL
2381,0.0,0.2064895686753297,111.43338733092456,187.5769529277099,0.0067913425729694,0.278404652346041,0.0,9.93139394644922,0,L,HL
2382,0.0,0.007093557113391,1.0253594554147178,2.480366334202736,0.661961545637266,0.2496976298903063,0.0,10.527942034410284,0,L,HL
2383,0.0,0.0181949467324643,2.725002256367554,-0.4240833882858458,0.468324773030963,0.4694826157689648,0.0,15.412009568255655,0,L,HL
2384,-2.013200000000001,0.0196070705217785,2.1624647670083688,37.76466409814709,0.0273631229697565,0.0217680847945628,20.0132,16.79487001832333,0,L,HL
2385,-0.0073999999999996,0.127684932256111,59.53988584504992,160.97077367421176,0.0102934974798122,0.2254636213500199,6.0074,17.285202341957003,0,L,HL
2386,0.0,0.145486061276791,62.05337163453014,156.9881222198103,0.0090941531100718,0.2076027793484954,0.0,19.31004146079986,0,L,HL
2387,0.0,0.0503675746597958,8.645047893102001,48.64899515184631,0.019039077539817,0.0605506520512286,0.0,19.78111601647019,0,L,HL
2388,-8.210999999999999,0.0527843018243813,12.736950692497956,80.41427790079992,0.0201148724915903,0.0942514997631819,92.211,21.282678483066867,0,L,HL
2389,0.0,0.1084616232773619,28.569711119088343,105.49100775027686,0.0147366989258419,0.1548857909994401,0.0,21.91361560356406,0,L,HL
2390,-0.0057000000000009,0.0927741047976026,16.17521024954441,77.93217651232844,0.0207712284651019,0.1235997621905186,30.0057,23.47063934651316,0,L,HL
2391,-2.9121999999999986,0.0672634000735138,6.087471895850643,33.854576936017914,0.0359520020297545,0.0805129180000305,62.9122,23.945575887958437,0,L,HL
2392,0.0024000000000015,0.041704268506121,5.592104130294456,37.05671940342993,0.0732514281848786,0.1506943135233482,23.9976,25.4420729198562,0,L,HL
2393,0.0,0.1422311815830435,71.58391266280321,172.06780379090657,0.0096574315729179,0.2543212153445672,0.0,26.58100005892173,0,L,HL
2394,-0.0073999999999996,0.1079961099480823,485.64019029938873,417.6595514328332,0.0045995804674328,0.821747439914178,6.0074,28.165594339360737,1,L,HL
2395,-2.914900000000003,0.0866468378319034,8.45561999683366,31.318550923537444,0.0390376767290926,0.1214325006791388,68.9149,29.30452147842627,1,L,HL
2396,-0.0045999999999999,0.1440695610092236,96.2041509620004,193.7650860530404,0.0087900902622854,0.3110947370169848,12.0046,30.288251353544435,1,L,HL
2397,-0.0045999999999999,0.1915629215010917,74.29199686531874,142.76295869877035,0.0111846492152584,0.3056820362554947,12.0046,31.432958718255783,1,L,HL
2398,,,,,,,140.9077,32.17555871825578,1,L,HL
2399,-0.0045999999999999,0.199955407520203,67.49541481232042,130.61081898933804,0.012290812997947,0.3051830435651949,12.0046,33.48390597072641,1,L,HL
2400,0.0024000000000015,0.1902238188333453,83.40316365067429,149.07262856533137,0.0101464175483409,0.3113155208531392,23.9976,34.90066554392437,1,L,HL
2401,0.0024000000000015,0.0522556115670325,,,,,23.9976,35.99277721108681,1,L,HL
2402,-0.0057000000000009,0.1326045923483506,34.41262883875484,103.78461620798308,0.0129619646476235,0.1640945665639809,30.0057,37.06051153014751,1,L,HL
2403,-0.0057000000000009,0.1656324340181448,43.99779315417919,107.0706454790737,0.0147098615188679,0.2380921057036456,30.0057,37.96397903089117,1,L,HL
2404,-2.9185000000000016,0.0621029594160658,5.646713943629096,21.84750591507672,0.052041816007375,0.108106983250965,56.9185,36.32131084772087,1,L,HL
2405,-2.920099999999998,0.1825484779486321,43.72397564992416,95.6573925753761,0.016440124894181,0.2644419033483282,44.9201,40.53286901173904,1,L,HL
2406,-2.914900000000003,0.1781276131029123,33.73985862253198,72.2568885062296,0.0176859928801182,0.2195220867560194,68.9149,40.711625606023,1,L,HL
2407,-2.9166000000000025,0.0813284814147698,8.694853428939382,29.40784942664702,0.0449298530640209,0.143715225877408,50.9166,42.42452313902862,1,L,HL
2408,-2.914900000000003,0.1220994093688644,24.929218419475006,78.00583055140616,0.0187480853193143,0.1719376957087217,68.9149,43.26021021730613,1,L,HL
2409,-2.9185000000000016,0.1656504858648725,42.01820155385155,95.04783746417117,0.0170009708868715,0.2627947602256846,56.9185,44.99640842887948,1,L,HL
2410,-2.914900000000003,0.1216019208386112,14.515522235377867,50.25125814035453,0.0292161367551923,0.1560130661441547,68.9149,47.51111655822203,2,L,HL
2411,-2.914900000000003,0.1544119055137325,39.57818471642143,91.57908377778833,0.0167308017211684,0.2436004810250322,68.9149,48.9061490047952,2,L,HL
2412,-2.9166000000000025,0.1175310230099576,54.60899570626968,113.86868089769038,0.0152420192638124,0.3062049548424714,80.9166,50.08705552722892,2,L,HL
2413,-2.914199999999994,0.1654602440070384,37.269074117073096,81.64015672055216,0.0209679429080274,0.2874815297444073,74.9142,51.86067579652656,2,L,HL
2414,-2.9166000000000025,0.1573470952431161,38.866571334347256,82.81535500699496,0.0214701458788924,0.3069847090998157,80.9166,54.151162429219376,2,L,HL
2415,-2.914100000000005,0.0835140957160795,9.61360181868282,46.80083633568197,0.0396671076757215,0.1402885361262861,98.9141,55.47130353327499,2,L,HL
2416,-2.922399999999996,0.1713484656008968,28.177489156974563,61.26955724273567,0.0302355922648624,0.3134196992667357,92.9224,57.11760632794804,2,L,HL
2417,-2.914100000000005,0.1257715431295129,15.214128160659977,48.76942511811654,0.0378869327167708,0.2120518350718677,98.9141,60.11720007312553,2,L,HL
2418,-2.913200000000004,0.133009216893929,12.847809942643416,41.17162293081567,0.0497494893745217,0.2351382323700229,104.9132,61.69359913544689,2,L,HL
2419,-2.913200000000004,0.1093732538012768,11.21954728141473,43.32308364451032,0.0505763762656322,0.2087509981099197,104.9132,63.93719306836728,2,L,HL
2420,-2.914000000000001,0.1197126163397524,6.95943067842975,27.454143798247003,0.0886395337549452,0.2269377237037913,116.914,65.43575093523434,2,L,HL
2421,-2.914000000000001,0.1200538261170523,114.12027579099764,79.52948239100009,0.0272217900147567,1.1428388886996803,116.914,67.26607780419815,2,L,HL
2422,-2.909699999999986,0.1301458800393292,3.441797330590306,10.564239843096786,0.2250629744964775,0.2849671938821046,134.9097,68.40291460226742,2,L,HL
2423,-2.916700000000006,0.1015070390120001,4.030962640301308,23.098965822736783,0.2172510884220195,0.3221634386197534,122.9167,70.12426779213109,2,L,HL
2424,,,,,,,140.9077,71.30689779213111,2,L,HL
2425,-2.911900000000003,0.1233281399058437,3.70881240200236,17.733226211280083,0.4911094664714158,0.6700677100219934,128.9119,72.2612177921311,2,L,HL
2426,-2.909699999999986,0.1148437444003681,2.7644143873200355,12.51621365482631,0.5070894958618833,0.5156954232424521,134.9097,73.52044206145766,2,L,HL
2427,,,,,,,140.9077,75.69148685363946,2,L,HL
2428,,,,,,,140.9077,77.39018246271914,2,L,HL
2429,,,,,,,140.9077,78.59045171010811,2,L,HL
2430,,,,,,,150.7613,80.19773607923725,2,L,HL
2431,,,,,,,140.9077,81.29833231283118,2,L,HL
2432,,,,,,,150.7613,83.33488555360198,2,L,HL
2433,,,,,,,163.9816,84.90160531500787,2,L,HL
2434,,,,,,,163.9816,86.82088086343649,2,L,HL
2435,,,,,,,163.9816,89.67450190675517,2,L,HL
2436,0.0,0.0226216224597544,3.5558951580752747,4.338368540473614,0.0294949426660533,0.0385835356422121,0.0,3.2787680856915884,0,R,HL
2437,0.0,0.0260281290238487,4.855980579178988,36.91300485695534,0.0167843073819598,0.0299837455514945,0.0,5.360848542605538,0,R,HL
2438,0.0,0.0087039324353886,1.3226486891308926,-0.7023180003384042,0.2058946059217836,0.100183221537388,0.0,5.937153407238832,0,R,HL
2439,0.0,0.0633259503316028,9.891786042972358,24.327021590784906,0.0239947559561568,0.0873165503248022,0.0,7.252736015018149,0,R,HL
2440,0.0,0.0445034818500083,7.433988409543557,36.74579839483151,0.0258303184231771,0.0706410519182895,0.0,9.334537417972836,0,R,HL
2441,0.0,0.0554104226420452,9.007843118478648,38.89381607319558,0.0239210439108154,0.0792695623106213,0.0,9.597966062805789,0,R,HL
2442,0.0,0.0434229657014905,7.1702136734715936,32.66696704873544,0.024523927013217,0.0646885819404055,0.0,12.032593292554257,0,R,HL
2443,0.0,0.0426267014119876,7.475124944369957,51.10048787752744,0.0191220791035436,0.0525846617516276,0.0,14.1643285112867,0,R,HL
2444,-2.9166000000000025,0.0035808612637011,2.3927049178718685,226.8414976569053,0.0051769449529031,0.0045568864562454,80.9166,15.410620659412102,1,R,HL
2445,-0.0045999999999999,0.0476117538362421,6.459523904192774,42.63709817066816,0.0309492325646559,0.0735454673885477,12.0046,16.304015751091608,1,R,HL
2446,-2.914199999999994,0.0072061897042059,0.6056240950040449,4.872784091775242,0.3808649054296504,0.084855426414851,74.9142,18.638334710154574,1,R,HL
2447,-0.0057000000000009,0.0137394384835702,1.6899231769049776,16.56852456769946,0.0704191693120392,0.0437787521046969,30.0057,20.28906763513012,1,R,HL
2448,-2.9185000000000016,0.0096731370985001,1.0112895487454518,14.701077560583876,0.0645699519578784,0.0240221293076941,56.9185,20.21796763513012,1,R,HL
2449,,,,,,,150.7613,22.42552089011054,1,R,HL
2450,0.0024000000000015,0.0226342473386428,2.998166282193853,35.921167367180935,0.042282335176871,0.0466358823917745,23.9976,24.020923494094877,1,R,HL
2451,-2.914900000000003,0.0265779531744407,3.4935430752836987,50.89048976717834,0.0234597147064338,0.0301504880777037,68.9149,26.814795826609195,1,R,HL
2452,-2.9185000000000016,0.0520444379249985,5.369155067131714,38.41192862518757,0.0359735391991572,0.071054998143187,56.9185,28.357522827615664,1,R,HL
2453,-2.9121999999999986,0.0288286064826764,2.699349643422273,23.504730251310303,0.0457839736171266,0.0454650991534256,62.9122,29.582328595890782,1,R,HL
2454,-2.914199999999994,0.0300158189720313,2.6547834712039773,28.075048173524586,0.0455663784210823,0.0445019596601175,74.9142,32.859755282984736,1,R,HL
2455,-2.914199999999994,0.0412121933013051,4.235486201043222,44.47881160959164,0.0380321415618259,0.0592597165955205,74.9142,34.01304307596741,2,R,HL
2456,-2.913200000000004,0.0282549347291287,1.747610287375306,21.17245168609564,0.0610523298440189,0.0392511470247815,104.9132,38.35462049226047,2,R,HL
2457,-2.922399999999996,0.0473597964983717,167795.3356660568,488.2272685218755,0.0055955891138378,345.40706698466414,92.9224,40.42158817993224,2,R,HL
2458,-2.914000000000001,0.0400285873913153,3.806856674741753,35.734010268430765,0.0377095086949212,0.0528108209287011,116.914,42.846051604436525,2,R,HL
2459,,,,,,,140.9077,47.00723750639066,2,R,HL
2460,-2.909699999999986,0.0288690227033962,0.8262104008111733,10.96802495359004,0.1349330139488604,0.041012325642682,134.9097,48.73323653771208,2,R,HL
2461,,,,,,,140.9077,50.5415485643679,2,R,HL
2462,0.0,0.1817291729145193,279.6300209811416,310.5659450934196,0.0053816956685351,0.5536157645433288,0.0,2.1237974314414227,0,L,HL
2463,-0.0076999999999998,0.1509377912705312,324.6055518550851,274.7594405737467,0.006968142658281,0.8321056960743929,30.0077,2.976181100727126,0,L,HL
2464,0.0,0.0208683543250404,4.351812405463718,67.57468838820041,0.0139468562105295,0.0223281122798836,0.0,3.874383307860911,0,L,HL
2465,0.0,0.1339350369385272,59.72843366397714,165.58380167742897,0.0092555640645879,0.2033712393125251,0.0,4.882122369523205,0,L,HL
2466,0.0,0.1587612862785189,92.3313208677056,190.8980222125669,0.0072542168199411,0.2464024936022143,0.0,6.632467507958135,0,L,HL
2467,-0.0077999999999995,0.123929742352924,72.55476832007142,182.9839658608114,0.0093106233934026,0.248513644226035,6.0078,7.571002907204733,0,L,HL
2468,-2.921199999999999,0.0687055210633079,127761.04529438035,1001.8321434404062,0.002556046183617,120.13586259550904,44.9212,9.916937199019312,0,L,HL
2469,-8.213300000000004,0.0421314185118623,11.38374733485957,86.5983732657729,0.0182344546980985,0.0763630992558889,92.2133,10.1056876917339,0,L,HL
2470,-0.0077999999999995,0.0783763978117558,30.35501928767928,148.4385330947804,0.0112615934957562,0.1257580741609387,6.0078,11.64480906075148,0,L,HL
2471,0.0,0.0803525916544958,10.928042330974684,23.76825339368069,0.0322763175095827,0.1297573196200374,0.0,13.700899186347568,0,L,HL
2472,-0.0077999999999995,0.102854604253546,101.15532325187608,236.0988472243965,0.0073423776166269,0.2732316323757615,6.0078,17.973946170669624,1,L,HL
2473,-2.921199999999999,0.2394529397593045,56.1469536170098,92.46408637624012,0.0147401258390421,0.3044618674667554,44.9212,18.6150904276066,1,L,HL
2474,0.0012000000000007,0.0639814275287203,8.927911264799896,44.91972758640431,0.0368946414802042,0.1211765762597899,23.9988,20.59435673312523,1,L,HL
2475,-2.913499999999999,0.0609051085653549,8473.448654646936,321.66141381597384,0.0075978295526798,23.684011689798737,104.9135,21.591670152975983,1,L,HL
2476,-2.9133,0.1223637996479752,12678.7387266276,574.4352048470181,0.0040461673818073,18.872325356793485,62.9133,23.17321611619967,1,L,HL
2477,-2.014299999999998,0.076169778822922,9.810020185234418,41.340708961990686,0.0370971677531801,0.1338801446794897,20.0143,25.4786426765134,1,L,HL
2478,-0.0076999999999998,0.1861210020322853,114.77558915432614,173.54353418740018,0.0096007367886002,0.4053774739949877,30.0077,26.892614228198795,1,L,HL
2479,0.0012000000000007,0.1353811120299149,93.01403624129854,199.4769105971752,0.0076303939064925,0.2610964499425079,23.9988,28.768991289159622,1,L,HL
2480,0.0012000000000007,0.2357475617709384,121.9873764886938,162.68145315914205,0.0100161872853959,0.4494929100333628,23.9988,31.022992827621792,1,L,HL
2481,0.0012000000000007,0.1386891907330567,27.93919310320514,82.62813836593531,0.0190219420718481,0.1955123663702751,23.9988,33.0207795896276,1,L,HL
2482,-2.921199999999999,0.2230187022876151,57.98450844594033,103.61467520033064,0.0150980152535127,0.3220604220720295,44.9212,36.19750248172494,1,L,HL
2483,-0.0076999999999998,0.2822046601266071,123.07503245627638,142.45992645503438,0.0123416265401885,0.558789037653984,30.0077,37.36359759055384,1,L,HL
2484,-2.919600000000002,0.182103480071311,57.35893801344563,108.58608437312904,0.0149542822826914,0.3155529134279357,56.9196,39.991084040891735,1,L,HL
2485,-2.919600000000002,0.2417361020773858,220.52983707630008,187.6998498320665,0.0090422913007719,0.7335865643063648,56.9196,40.85873640503305,1,L,HL
2486,-2.919600000000002,0.2041268448728299,106.38743194704968,139.6412709398303,0.0124762373658902,0.4882918466446598,56.9196,41.34524550843103,1,L,HL
2487,-2.923500000000004,0.1726774042141891,17.519145783599516,43.11202494440823,0.0299230375975259,0.1928519892495336,92.9235,43.03505168352536,2,L,HL
2488,-2.910899999999998,0.0851232552332812,2.405811205353546,11.348935416400415,0.1680512687757751,0.1487335202927917,134.9109,49.89593135384916,2,L,HL
2489,0.0,0.0087403465512615,1.351464480123647,4.938580754172207,0.1055690060786404,0.0524863759245004,0.0,3.484511045333801,0,R,HL
2490,0.0,0.0046425381788343,,,,,0.0,5.42957681574161,0,R,HL
2491,0.0,0.0068570129078952,1.0904312941353047,-14.618886157919428,0.0263973158822432,0.0105892108087594,0.0,6.508819753731013,0,R,HL
2492,0.0,0.0319304154421497,4.794059670805259,2.794089617521014,0.0995548164544169,0.1755784575395181,0.0,9.918953575690828,0,R,HL
2493,-0.0076999999999998,0.0026600683673208,,,,,30.0077,12.128271200827218,0,R,HL
2494,0.0,0.0142252011141845,2.291997403614548,47.20800931280536,0.0289904478151383,0.0244441287971922,0.0,16.46485761314798,0,R,HL
2495,,,,,,,134.9109,18.16849442770502,1,R,HL
2496,-2.9168999999999983,0.0401783318525484,1.5614634181691776,10.398683340028734,0.0995125796766409,0.0571630399710268,122.9169,20.575517298468117,1,R,HL
2497,-2.921199999999999,0.0517603001180238,6.00587687403876,41.74181619574651,0.044673109148011,0.0987024929918855,44.9212,33.3331126432059,1,R,HL
2498,-2.9188999999999936,0.0014323445054803,0.1479933151563944,38.309352342714725,0.0299417234067213,0.0016301381490558,80.9189,35.4141850066251,1,R,HL
2499,-2.9162000000000035,0.0198618438093289,1.930426834613176,31.21852881880709,0.0534966961369559,0.0379914461792469,68.9162,35.91217878558781,1,R,HL
2500,-2.923500000000004,0.0292194194669022,2.0499100583454744,22.13107284133321,0.0689718972406987,0.0520130710571054,92.9235,38.37001789514142,2,R,HL
2501,,,,,,,140.9079,43.9435614925961,2,R,HL
2502,0.0,0.2516795669617545,114.74023400978088,166.00824672492084,0.007715783352709,0.3256876377533226,0.0,5.92207069022504,0,L,HL
2503,-2.914200000000001,0.0679760950745222,10.846246435365616,64.10332796125778,0.021875480959666,0.0872855989017112,62.9142,6.867026004480522,0,L,HL
2504,0.0,0.1299375898996834,54.03773345522545,154.029016343764,0.0093570878739469,0.1860130230632136,0.0,12.016537989081886,0,L,HL
2505,-2.918700000000001,0.1352212891200449,44.37247728653425,115.2985045054138,0.0124119849586643,0.2026097937649655,56.9187,13.550205239230827,1,L,HL
2506,-0.0076,0.1510833031980785,65.91290418798413,142.0831543176555,0.0122609229922104,0.2973028896344973,30.0076,18.153034010360017,1,L,HL
2507,-2.922300000000007,0.096989090574523,15.142396004489449,59.21335654935652,0.0299381732485892,0.1667728747751445,92.9223,20.99135192659693,1,L,HL
2508,-0.0056999999999991,0.1250824399448868,53.91277060624108,150.6642095706654,0.0113535212431463,0.2251789273453752,12.0057,22.90964103052655,1,L,HL
2509,-0.0076,0.2050024383345038,103.99868851931308,158.6332798735397,0.0103350776514359,0.395409523119208,30.0076,28.11697710313509,1,L,HL
2510,-2.918700000000001,0.1564796091557038,73.1087595608892,136.4653712255849,0.0121077936282968,0.3256416475718496,56.9187,31.70394666868433,1,L,HL
2511,-2.9213999999999984,0.067302830172027,5.416410146413298,35.372749790652335,0.0539680993366969,0.1075360758290593,44.9214,33.296791209121345,1,L,HL
2512,-0.0076,0.1648545054882916,53.16246808546994,120.83290156635633,0.0140816624231099,0.2754004096710327,30.0076,34.41178238742726,1,L,HL
2513,-2.914200000000001,0.0655974031910533,17.791861260816205,98.08752384252232,0.0155716238156538,0.1019203261535206,62.9142,36.53512292821524,1,L,HL
2514,-2.922300000000007,0.1289664811686193,12.45972890641755,36.667579743418045,0.0344391645534376,0.157858044595247,92.9223,36.665472928215245,1,L,HL
2515,-2.915999999999997,0.1174460018325267,28.135168793481608,93.80706173691388,0.0171383547201011,0.1773879727423093,50.916,38.62876989349414,1,L,HL
2516,-2.9161,0.1087605746140409,29.12205576667481,94.33114686887,0.0155054104956733,0.1661157516533744,68.9161,39.61096617668474,2,L,HL
2517,-2.9161,0.1079834776918648,27.224085378021822,90.06273683878356,0.0186276131528045,0.1865589231960518,68.9161,42.2449507406663,2,L,HL
2518,-2.914100000000005,0.1336280837282485,28.932207544905182,79.62962220109199,0.0201051705323956,0.2139906761981085,74.9141,43.2841692780035,2,L,HL
2519,-2.914100000000005,0.1414158622505169,31.46917440045501,81.12552112917895,0.0212247689922635,0.2457162278149605,74.9141,45.06030687164471,2,L,HL
2520,-2.920599999999993,0.1198532537376966,23.53696379980357,72.97792740876982,0.0244380331715487,0.2116031884829298,80.9206,46.40317897475924,2,L,HL
2521,-2.916499999999999,0.0822149488117284,22.96920655717105,78.65424878265299,0.0209757108916695,0.1772426358113809,98.9165,48.52205201301962,2,L,HL
2522,-2.922300000000007,0.1077845488141664,14.153744009966111,52.326343755607006,0.0315160532787912,0.1641000376202108,92.9223,49.659163095456165,2,L,HL
2523,-2.922300000000007,0.1044138363984504,13.457032201965283,52.00328840114344,0.0331928020590149,0.164323140266452,92.9223,51.16234590672786,2,L,HL
2524,-2.9136000000000024,0.1013464331813039,23.035714596517145,65.8423600057267,0.0255026058396107,0.2161184110632756,104.9136,53.74665249244423,2,L,HL
2525,-2.9136000000000024,0.13090468825456,12.73423719480149,41.59278603441128,0.0498094226831357,0.2333404124408775,104.9136,55.64990458696288,2,L,HL
2526,-2.914299999999997,0.0960949405534222,6.166125128490367,28.413977117986043,0.0713733646562731,0.1619026742202947,116.9143,58.47498247204986,2,L,HL
2527,-2.914299999999997,0.0751003715723552,3.605247479990533,27.004625720094914,0.1580030874674954,0.209558930556451,116.9143,60.22094280270284,2,L,HL
2528,-2.9176999999999964,0.0928377961771906,3.743241155198625,22.14119471621914,0.1836917014264822,0.2529547633542686,122.9177,62.77188084122807,2,L,HL
2529,-2.913800000000009,0.0956094978497841,2.873592286294318,17.870826604381513,0.5188575757307242,0.5485027754279611,128.9138,65.86115327056953,2,L,HL
2530,-2.909699999999986,0.0725309300091969,1.7464230891931531,12.776842597395376,0.5102494427070091,0.3278215667933953,134.9097,67.58985212218782,2,L,HL
2531,,,,,,,150.7631,69.59498179795433,2,L,HL
2532,,,,,,,140.9087,72.37224812952658,2,L,HL
2533,,,,,,,150.7631,73.9682005811194,2,L,HL
2534,,,,,,,163.9847,76.87139928345367,2,L,HL
2535,,,,,,,164.5413,82.55686112459452,2,L,HL
2536,0.0,0.0361466466067319,6.3204120703275,42.96596215436998,0.0223067112065443,0.0518664419866561,0.0,3.172255522036522,0,R,HL
2537,0.0,0.0402779676033162,6.742967082026196,52.271211191851286,0.022367721494517,0.0554853467210051,0.0,4.02089970223258,0,R,HL
2538,0.0,0.0467276327721497,9.838955334505489,68.01515998698495,0.0136132844516921,0.0492739554353146,0.0,5.6511976875773104,0,R,HL
2539,0.0,0.0552443416390203,10.219407487584656,65.1267309054517,0.0182121545648203,0.0684687756715356,0.0,6.7403101490201545,0,R,HL
2540,0.0,0.0591772164572558,10.786013169088298,52.71666666321396,0.0130228611059942,0.051674094245073,0.0,8.717205154509735,0,R,HL
2541,0.0,0.0058829655562984,0.9221410629258638,9.751965277783173,0.0685713551236372,0.0232619228948101,0.0,9.65455317427336,0,R,HL
2542,0.0,0.0068162632162797,0.9761494720332348,3.593470535074188,0.0744260775203747,0.0267268005533492,0.0,12.57220997643395,0,R,HL
2543,0.0,0.011872448973793,3.3856638235345446,96.28080162904592,0.008741789836253,0.0108880401184603,0.0,14.820615711588164,0,R,HL
2544,-2.9213999999999984,0.0095287466694351,1.1111179288814976,18.22818926939652,0.0258248274924827,0.0105560904453515,44.9214,16.76284159862355,0,R,HL
2545,0.0,0.0057344809494716,0.9282739211250666,21.113173775422,0.0239645556876924,0.0081837254118882,0.0,19.235461609495164,0,R,HL
2546,-2.918700000000001,0.0296613974639439,3.108643214710407,28.10059469359148,0.0427170953169988,0.0488515234583325,56.9187,22.030787947484583,1,R,HL
2547,-8.215999999999994,0.0131135234739911,1.4872122599537174,43.012137240700994,0.0285825391004329,0.0156379305948816,92.216,24.111776059829577,1,R,HL
2548,-2.915999999999997,0.0307948248416652,6.083551567263294,77.73623266954067,0.0190058698339875,0.0425353942351527,50.916,26.080106936599663,1,R,HL
2549,-2.922300000000007,0.026036800555529,2.001018597996254,22.24529345896185,0.0526798186540243,0.0387793847430198,92.9223,26.838826161082604,1,R,HL
2550,-2.914100000000005,0.0112651396903158,1.0174811422259376,28.847680286072386,0.0315513467675824,0.0118099970399482,74.9141,28.35626461004849,1,R,HL
2551,-2.922300000000007,0.0129478687545322,1.141022273298738,28.87872624335537,0.0375826006854314,0.0157756212110203,92.9223,28.952401143570807,1,R,HL
2552,-2.916499999999999,0.0165241281207583,1.041890298401788,16.51755673182804,0.0587659048208428,0.022524384877468,98.9165,30.662392400917323,1,R,HL
2553,-2.914200000000001,0.0164906473324998,2.1288051166544624,49.42844121142404,0.0311062636609012,0.0243606724468551,62.9142,30.97146721774975,1,R,HL
2554,-2.915999999999997,0.0547032624266501,7.79247416411456,58.80828141401882,0.0218331043995362,0.0625887647758175,50.916,34.51368464557375,1,R,HL
2555,-2.915999999999997,0.0523084459512703,5.647207689063045,34.624648012259726,0.0371771322138503,0.0772351802146965,50.916,36.28584746834144,1,R,HL
2556,-2.918700000000001,0.0490040929620633,5.152531306886139,37.93947115564523,0.0380330696258855,0.0720920766539672,56.9187,38.38910378696203,1,R,HL
2557,-2.914200000000001,0.0553924836352002,5.551803393381609,36.82906690471336,0.035957210262992,0.073438802358393,62.9142,41.89335847011698,1,R,HL
2558,-2.914100000000005,0.059080760115533,6.337093742571675,43.5029699138883,0.0336097154980676,0.0783538761663865,74.9141,44.784359882260325,2,R,HL
2559,-2.9136000000000024,0.0281252559579409,73.22727427384905,204.3372715922695,0.0089058242923274,0.2399122972685532,104.9136,46.02925550840735,2,R,HL
2560,-2.922300000000007,0.0758561045216555,6.570428400022073,35.219446285800856,0.0403147286258852,0.0974457597183212,92.9223,48.93658959517745,2,R,HL
2561,-2.914299999999997,0.057437035029582,4.003468850717368,28.263312086148822,0.0503617117198048,0.0741724209859956,116.9143,49.70852125336746,2,R,HL
2562,-2.9176999999999964,0.0457257422886031,2.387950022219067,21.451342065566077,0.077787864344314,0.0683349056910259,122.9177,55.49622072662138,2,R,HL
2563,-2.909699999999986,0.0461961903538849,1.324477442565701,10.990985812549985,0.1544107437084506,0.0752363293572,134.9097,57.33759099794557,2,R,HL
2564,,,,,,,140.9087,60.2226264617743,2,R,HL
2565,,,,,,,150.7631,62.51474411673279,2,R,HL
2566,,,,,,,164.5413,70.88010564001522,2,R,HL
2567,0.0,0.0086701738622633,1.3330137389216157,-4.0474167247606445,0.0260743573775867,0.0127865610747134,0.0,8.108209234033037,0,L,HL
2568,0.0,0.0186724512501243,18.18882393414601,258.9838161350364,0.006122333489097,0.0409663356953827,0.0,9.333792205452834,0,L,HL
2569,-2.9151999999999987,0.0257570413315231,3.727330756564617,49.38964793746251,0.0269278169534182,0.0369236476096062,116.9152,9.985542205452834,0,L,HL
2570,0.0,0.1486747034902979,51.450506846507935,132.51956205551738,0.0091540816171311,0.1732646460660383,0.0,11.614810502295956,0,L,HL
2571,0.0,0.0892017975284796,82.95148711489183,260.3246031075389,0.0057092564844016,0.1742245085638984,0.0,12.634083891147371,0,L,HL
2572,0.0,0.0123298233108246,1.6649693035298174,-10.265145196030304,0.0324415881741871,0.0198707315416214,0.0,13.853756610367055,0,L,HL
2573,0.0014000000000002,0.139950559402313,,,,,23.9986,17.92214308465553,0,L,HL
2574,0.0,0.203439259876541,77.57700170718797,145.6896371519209,0.0089294884125159,0.2548385272526212,0.0,19.929716594559878,0,L,HL
2575,-8.2179,0.0222242779367248,2.204624127154677,33.001975543391495,0.0259891639946037,0.0210781447998581,92.2179,21.459038351350685,0,L,HL
2576,0.0,0.1315204649606882,78.53118122857789,191.0638893284301,0.0088046105225414,0.254365260199938,0.0,23.90167790692928,0,L,HL
2577,-0.008700000000001,0.1622027862603977,93.0157694926622,167.11010452816308,0.0098533740214186,0.3371685588689764,30.0087,29.00376370076971,1,L,HL
2578,-2.9243000000000023,0.0941724522226063,18.730143319190685,82.60795208544916,0.0171962090540139,0.1184893548403815,44.9243,33.74246911139265,1,L,HL
2579,-2.919600000000002,0.1416335933105125,68.14263161428933,140.3064249240411,0.0113611433447235,0.2848042456640722,56.9196,31.992066405829547,1,L,HL
2580,-8.369599999999998,0.1318216259126551,35.02384960489887,103.17765527615896,0.0136178109799254,0.1754594239329576,44.3696,35.37859245138308,1,L,HL
2581,-2.917100000000005,0.0537739686615922,4.861897037864585,19.061881108543144,0.0507538205785149,0.0907778756961624,68.9171,40.85152771654465,1,L,HL
2582,-2.9243000000000023,0.1117986863805884,106.46005775871264,212.3195756463761,0.0077090331930467,0.3019201726631992,44.9243,41.01367028498367,1,L,HL
2583,-2.915099999999996,0.1742823818198221,52.37724303087232,100.9929427086437,0.0129225050905039,0.2489974301438432,74.9151,44.22837983863472,1,L,HL
2584,-2.917100000000005,0.1757356559275638,43.24729630125463,89.80384806389374,0.0164309828113804,0.2614135056656054,68.9171,47.223811834233096,1,L,HL
2585,-2.915099999999996,0.1070865506936238,18.33564566149473,66.00316968046958,0.0206113182133261,0.1390296706615219,74.9151,47.88079468623533,2,L,HL
2586,-2.9217000000000013,0.1396790870841966,82.84247096214591,133.18583344611736,0.0124827459935499,0.3804246902112862,80.9217,49.90339135709913,2,L,HL
2587,-2.9217000000000013,0.0872067112298739,9.14733859773838,40.16489570473939,0.0324005454766151,0.1090316526870327,80.9217,51.29977802156594,2,L,HL
2588,-2.9243000000000023,0.110622793345011,35.26236252857051,91.81400028439003,0.016842496578278,0.2184858884062535,92.9243,52.26135104639826,2,L,HL
2589,-8.2179,0.1076773074276992,33.7606685870834,92.06899453502557,0.0178935470090397,0.2222352752738819,92.2179,53.70638962378793,2,L,HL
2590,-8.2179,0.101313921355927,26.98889415292388,83.61826507649573,0.0203451062601863,0.2019996284555342,92.2179,55.03395627444826,2,L,HL
2591,-2.916399999999996,0.1001312971131434,8.811359019621099,34.957283060469386,0.0432506051716703,0.1401976079130494,98.9164,56.30935975823148,2,L,HL
2592,-2.9221000000000004,0.1373447186691934,52.53905299719674,78.68477646114899,0.0227988763106136,0.4406575352927617,110.9221,57.163935714067705,2,L,HL
2593,-2.916399999999996,0.0864410849181963,46.65018277768446,107.094317600095,0.0161758285660709,0.2776037978429463,98.9164,58.99737198715656,2,L,HL
2594,-2.9151999999999987,0.0786868283637338,6.171588694549033,30.698995911649547,0.0474010340980958,0.1076193362612361,116.9152,62.23440609774916,2,L,HL
2595,-2.9151999999999987,0.1180721497841306,9.310446336983096,31.42550243081156,0.0527050719571513,0.1805212906941534,116.9152,63.32527062540238,2,L,HL
2596,-2.918700000000001,0.1001211024910004,6.102623599400871,24.705776277451072,0.0648154296511814,0.1455125684369655,122.9187,64.64894138804783,2,L,HL
2597,-2.918700000000001,0.0838653805703804,3.2994827138536493,21.049350049548,0.1806276541216274,0.2192479882617972,122.9187,66.69414360478785,2,L,HL
2598,-2.918700000000001,0.0873994738091515,4.148688321095129,21.636396472692283,0.0971428612474842,0.1482610999771374,122.9187,68.4154542689474,2,L,HL
2599,-2.9095000000000084,0.0705185081757811,1.743744084435591,12.94344457596062,0.3179382957504262,0.2039534740754317,134.9095,73.00503781726849,2,L,HL
2600,,,,,,,140.9096,74.86063262666131,2,L,HL
2601,,,,,,,150.7639,77.84292423873345,2,L,HL
2602,,,,,,,150.7639,81.50052582683566,2,L,HL
2603,0.0,0.0092104556190964,1.436833813294321,-0.1290288366040788,1.6162018202967257,0.8542945768896216,0.0,0.447241181131612,0,R,HL
2604,0.0,0.034322296434321,14.43072051920807,-34.28858565274435,0.0165912704608483,0.0880791625696962,0.0,1.1312571052152538,0,R,HL
2605,0.0,0.0269837857789812,5.067068206912878,54.72888973424169,0.017572110081033,0.0327556471105318,0.0,2.323155538898208,0,R,HL
2606,0.0,0.0999796776538375,69.81505026839048,163.72849860720112,0.0042531566832355,0.1092360418742015,0.0,4.885922629135875,0,R,HL
2607,0.0,0.088853005351321,14.078719515663122,19.5512333922724,0.0233989653386144,0.1211895935550671,0.0,5.509196011087526,0,R,HL
2608,0.0,0.123029284434933,16.385018704484416,8.308620008674264,0.0455551969694859,0.2745935857779085,0.0,7.807074061695367,0,R,HL
2609,0.0,0.0839664940189618,12.6282291208178,18.836271566465346,0.0284368219459453,0.1321079732210365,0.0,11.512143289316676,0,R,HL
2610,0.0,0.0177462943597991,2.851651860847309,22.016447623148167,0.0352495910954482,0.0369790803106037,0.0,13.689645037061958,0,R,HL
2611,0.0,0.0216084113619965,3.2291570546676187,6.825202916282414,0.0416889685614478,0.0495240138541227,0.0,15.513644180510225,0,R,HL
2612,-2.917100000000005,0.0291983594767303,3.2986986135087446,42.74694346109838,0.0288069461808547,0.0349579033459069,68.9171,16.85932785470487,0,R,HL
2613,0.0,0.0116608545390606,1.7283074683253845,6.418572244823814,0.0659505882571235,0.0419319634306845,0.0,17.795649751877413,0,R,HL
2614,0.0,0.0274322677898409,,,,,0.0,21.26212219413313,0,R,HL
2615,-2.915999999999997,0.0130133835044213,1.2833863935077237,17.32394739710042,0.073200560106831,0.0345602879932089,62.916,22.49519664721925,1,R,HL
2616,-0.0086000000000003,0.0141327648402895,2.1509225575914,22.199817832976027,0.0598878951981854,0.0473881050006759,6.0086,24.92571966417347,1,R,HL
2617,-2.919600000000002,0.0178681525319375,2.007451695229229,32.33204422227199,0.0370069621263533,0.0273296492210837,56.9196,28.397366132765185,1,R,HL
2618,-2.915999999999997,0.016649935112927,2764.235318632718,807.5799544739418,0.0028297979209102,2.877636629020142,62.916,29.97865257372036,1,R,HL
2619,-2.917100000000005,0.0236816608251446,1.923461249750778,16.277275845729104,0.0452048407068513,0.0319870288983521,68.9171,31.830924248525385,1,R,HL
2620,-2.9217000000000013,0.0206319554103286,2.2634480159826684,37.30939104120246,0.0311741371050684,0.0259579555150243,80.9217,33.88670162925246,1,R,HL
2621,-2.9151999999999987,0.0297904025907047,1.208618793589792,6.439680463483542,0.1257145861033916,0.0558959743622516,116.9152,35.88093011483922,1,R,HL
2622,-0.008700000000001,0.0614020744030594,9.483374810683095,59.9985735085256,0.0215827879736658,0.0752967060556061,30.0087,37.31769879121499,1,R,HL
2623,-2.9187999999999974,0.0732941453393478,11.787367734743077,65.42624160419474,0.0215657068011657,0.0935160268753644,50.9188,41.37085202664345,1,R,HL
2624,-2.915099999999996,0.0395735869524298,3.195738665607334,20.938685881946103,0.0582479051643652,0.0684789490094609,74.9151,44.441073154732806,1,R,HL
2625,-2.919600000000002,0.039859187321413,3.947045597866622,35.23322701810907,0.0406125913950967,0.0589709824808136,56.9196,45.70484043683737,1,R,HL
2626,-2.915099999999996,0.0680649362358735,24.746388247041704,108.73716493979352,0.0145566416161257,0.1325191160218656,74.9151,47.55217061413393,2,R,HL
2627,-2.9095000000000084,0.0251193757598239,0.6259559301595702,6.522309572708037,0.1865035397193655,0.0429473483804538,134.9095,48.62286837054475,2,R,HL
2628,-2.9217000000000013,0.0739843176722822,11.675564564813367,62.70155549007146,0.0249187919905044,0.1070311995306311,80.9217,50.65500128015704,2,R,HL
2629,-8.2179,0.0445138051604534,3.1240556395576005,19.050698935410256,0.0843146755989406,0.096900819865194,92.2179,51.62402623661488,2,R,HL
2630,-2.9095000000000084,0.0360374358338572,0.983358888156496,11.771546561164357,0.1750528847936209,0.0633266971647402,134.9095,54.42281602788984,2,R,HL
2631,-2.916399999999996,0.0539003333509427,7.282578952254062,52.90984111772903,0.0357012710746748,0.095647670736383,98.9164,57.40322997221125,2,R,HL
2632,-2.9151999999999987,0.0599127653401575,5.749901216058091,36.92254428506124,0.035822125099232,0.0757734825408529,116.9152,60.05282699354084,2,R,HL
2633,-2.9095000000000084,0.0313584117810841,0.8620449682840886,9.874295359011104,0.1372815575735693,0.0435359110690832,134.9095,62.366786175591,2,R,HL
2634,-2.9095000000000084,0.0582342120909208,1.689853350358255,11.394583530764104,0.1401469623666732,0.0871240838305972,134.9095,67.81872970821523,2,R,HL
2635,-2.9095000000000084,0.0380423350113222,1.6423563982853688,17.133075789289215,0.0818267949240018,0.0494388620001195,134.9095,71.32786491920886,2,R,HL
2636,0.0,0.0104982731994106,1.6377306254649997,0.1517631409354976,2.865577686630614,1.7264745281045866,0.0,0.6725716859933953,0,L,HH
2637,0.0,0.115605803883566,,,,,0.0,1.824021884320326,0,L,HH
2638,0.0,0.0595082559738659,28.23746322592937,177.55969349918448,0.0074772571620548,0.0776736142418438,0.0,2.1366104196187274,0,L,HH
2639,0.0,0.0308068969962273,4.274049897693256,-5.277864290332002,0.0334463763852512,0.0525889111537159,0.0,2.839934624040131,0,L,HH
2640,0.0,0.1761721819228056,96.7477914569554,153.40323230068077,0.0057656814890062,0.2052093879543854,0.0,4.759445663571014,0,L,HH
2641,0.0023000000000017,0.0224289235075578,4.158905163702955,60.20948345576178,0.014775939175163,0.0226068279936163,23.9977,4.965609933996324,0,L,HH
2642,0.0,0.2218771779402327,45.04217458578733,64.28271172241824,0.0123957555964138,0.2053987860460125,0.0,5.274856339634288,0,L,HH
2643,0.0,0.0030516759432289,5.052088446916859,21.77596816198115,0.001642176912631,0.0030520834599406,0.0,6.408759826973489,0,L,HH
2644,0.0,0.0137698333163389,2.148373664838125,-0.1648170065275982,0.4663294725488121,0.3685600026725909,0.0,7.594204381919016,0,L,HH
2645,0.0,0.0126295436306124,1.9386062995144808,0.1712264079900835,0.5983867947866948,0.4267535462198095,0.0,8.367320396013925,0,L,HH
2646,0.0,0.0953540647791281,47.44612171161299,183.99346151762128,0.006744735943946,0.1177256747842687,0.0,10.589341287945786,0,L,HH
2647,0.0,0.1426288638956249,49.16599576268576,132.0695369264978,0.0096931827042027,0.1753221372310523,0.0,11.980913448682646,0,L,HH
2648,0.0,0.1446840121437728,39.10217067170562,102.95675352387042,0.0104287320603833,0.150016108206766,0.0,13.180137612048275,0,L,HH
2649,-2.9091999999999985,0.0828592547695327,,,,,92.9092,14.73954328179562,0,L,HH
2650,0.0,0.0416226104573549,6.462066669117924,35.11002316253948,0.0273414107554596,0.0649976824624091,0.0,15.240072940681989,0,L,HH
2651,0.0012000000000007,0.0582866669938675,10.26189809361674,77.49087794508034,0.0184235781807708,0.0695516115479562,17.9988,17.362017205383587,0,L,HH
2652,0.0,0.0762000623709156,14.746499532541751,78.58309476484904,0.0183011914461291,0.0992827558495986,0.0,18.75092617864281,0,L,HH
2653,0.0,0.1529892078659125,54.45803502960635,138.7722504264245,0.0100389206803336,0.201119651518609,0.0,20.70336683341733,0,L,HH
2654,0.0,0.0661219025532313,19.89268879790087,115.0315456391748,0.0100092009742074,0.0732484461364434,0.0,23.72270518596232,0,L,HH
2655,0.0016999999999995,0.179397245802373,47.5406435276372,106.98493251195846,0.0128807493937448,0.2252743291316444,29.9983,26.172103339080756,1,L,HH
2656,0.0,0.1104294794147652,39.45694646875688,137.53218131113232,0.0109724979961805,0.1592701910196208,6.0,27.339719407133934,1,L,HH
2657,0.0016999999999995,0.0591935606004453,8.804383666545588,56.010166356778,0.0190934189583033,0.0618426626168834,29.9983,29.6460088272169,1,L,HH
2658,-2.9110000000000014,0.1087587720511117,21.693351773793296,79.62637843830511,0.0171191411178526,0.1366199584041338,44.911,31.581981570593545,1,L,HH
2659,0.0012000000000007,0.1142129121544276,19.49106967320769,72.52418629153084,0.0206598128815966,0.1481383747979176,17.9988,32.40449570730967,1,L,HH
2660,-2.907899999999998,0.1159272408440899,20.574290800776424,73.80661883162706,0.0196284700225258,0.1485651141797545,50.9079,38.79351621877564,1,L,HH
2661,-2.9093000000000018,0.0748117049487677,18.794024942627512,94.98522720466792,0.016080251276167,0.1111778184307407,56.9093,39.84929735376527,1,L,HH
2662,-2.9093000000000018,0.1451059647138518,41.63137712068707,104.6674142553784,0.0154767926337456,0.2370321517101084,56.9093,42.59432830473832,1,L,HH
2663,-2.9080000000000013,0.1065230621126004,17.142784820792116,66.56574964452915,0.0236047791086443,0.1488630225038916,68.908,45.869312726540485,2,L,HH
2664,-2.9071,0.0754854776809521,21.71859535240729,92.01964629546744,0.0177415909600444,0.141752202047264,80.9071,47.2510861860848,2,L,HH
2665,-2.9069999999999965,0.0808090049070178,335.538586121629,204.41625773081228,0.0098132613291889,1.2113268746326875,98.907,48.34502102822924,2,L,HH
2666,-2.9093000000000018,0.0857349112034562,19.72121447630892,82.86466121254725,0.02275237408632,0.1650691420233989,74.9093,49.23619215264922,2,L,HH
2667,-2.9069999999999965,0.1160794677369502,13.163460763744666,44.75405167702051,0.032760771652261,0.1586462182543462,98.907,51.71040864661331,2,L,HH
2668,-2.9091999999999985,0.095388228798655,22.345352541576137,74.745854851789,0.024154833227537,0.1985622897528131,92.9092,53.24988738501797,2,L,HH
2669,-2.9061999999999983,0.1034197028185031,16.467479131181893,56.0633154517797,0.0300688892808214,0.182158745110857,104.9062,55.496891552668686,2,L,HH
2670,-2.9061999999999983,0.1052462988612627,12.48987248893884,46.28464149508127,0.0394544306239348,0.181283928126018,104.9062,57.16350370420434,2,L,HH
2671,-2.9063000000000017,0.0626062907429781,7.552406234481901,42.21986580078233,0.0349373610628384,0.097069090020333,116.9063,59.06494416696761,2,L,HH
2672,-2.9087999999999994,0.1111378794992936,13.550051746201676,44.75931879845543,0.0402044368146295,0.2004104922313919,110.9088,60.1329981356719,2,L,HH
2673,-2.9069999999999965,0.0547559918490153,2.3495495722545976,23.86402172254816,0.1634719797260999,0.1412971664747517,122.907,61.54305961748749,2,L,HH
2674,-2.9069999999999965,0.0988773361177805,4.50832985827764,22.945761142369125,0.1258472712923452,0.2087204515771918,122.907,65.19270387807666,2,L,HH
2675,,,,,,,140.906,67.4663822170946,2,L,HH
2676,-2.9054999999999893,0.0854905915801201,2.5749336992954843,18.72632197501416,0.490313952887632,0.4644573301072501,128.9055,69.0304784762807,2,L,HH
2677,-2.9065999999999974,0.0927856534084718,2.243850999390105,13.164828326883866,0.4503123770586552,0.3717178501221111,134.9066,70.87850249497764,2,L,HH
2678,,,,,,,140.906,73.62817096044795,2,L,HH
2679,,,,,,,147.9222,77.48715596626398,2,L,HH
2680,,,,,,,164.5271,82.24560049919847,2,L,HH
2681,0.0,0.2089390562706137,53.37017127976597,90.22974493648611,0.0095670997087155,0.1878384149719305,0.0,3.090056325024567,0,R,HH
2682,0.0023000000000017,0.0374502196291881,5.790663642797521,52.34946444266228,0.0214426203105959,0.0456784872484205,23.9977,6.617804307983926,0,R,HH
2683,0.0,0.0130779075450774,1.9946086157945595,-0.4063617124485279,0.485454718664086,0.3562147803395429,0.0,6.67926204305446,0,R,HH
2684,-2.9093000000000018,0.0176777500500542,1.3410061945077254,7.202169101821116,0.0705939043406893,0.0348259926635405,74.9093,7.3552971288303395,0,R,HH
2685,0.0,0.1762150946726054,41.97845341465706,88.50443810851452,0.0130149433292358,0.2009898997671066,0.0,7.877687876929882,0,R,HH
2686,0.0,0.0100353248952313,1.5444126710791932,0.0810374734872325,0.398605866751164,0.2264709806510327,0.0,7.969874479535683,0,R,HH
2687,0.0012000000000007,0.0157297389629023,5.878316282626988,146.43916885946183,0.0075146061284956,0.0162504237420098,11.9988,8.814774165832379,0,R,HH
2688,0.0,0.032649463425673,4.5671004566018,5.8633161327996834,0.050639739726784,0.0850819720041681,0.0,9.281775768399225,0,R,HH
2689,0.0,0.2440602268684261,53.41232241932092,82.62249021704727,0.0134476591133315,0.2642370253247654,0.0,9.502987053825624,0,R,HH
2690,-2.9080000000000013,0.0163354978090226,2.030432800339317,39.32190515947238,0.0217389971276823,0.0162380413805549,68.908,9.781029897957424,0,R,HH
2691,0.0,0.1457962035725603,37.7914255669337,105.75544297960946,0.0123491052366001,0.1716857635883055,6.0,10.925600907198596,0,R,HH
2692,0.0,0.1759486676873969,52.22884353200229,116.27794038690774,0.0104931850193306,0.2016151941234325,0.0,12.038831457903507,0,R,HH
2693,0.0,0.1618153404569458,194.5469850067776,302.3907885155512,0.0050307205375062,0.3600478444644294,0.0,13.352692425890607,0,R,HH
2694,0.0023000000000017,0.0378613181354494,6.16177946711599,58.07084292257461,0.0172091934504691,0.0390096618159861,23.9977,14.604311683308314,0,R,HH
2695,-2.907899999999998,0.1079720876224825,28.009167000924656,98.68437956906338,0.0146967502174806,0.1514352658001056,50.9079,16.79686866884147,0,R,HH
2696,0.0,0.0707231005006491,854.3921913619452,553.1128316920154,0.0036943767104816,1.1611918162195614,0.0,18.075117558396794,0,R,HH
2697,0.0012000000000007,0.0503388746235998,7.222638640448653,44.97540837827809,0.0264196268702524,0.0701985408214619,17.9988,20.27352167678652,0,R,HH
2698,0.0,0.0773698026692667,19.377698924776656,108.5095199815734,0.0162698238414755,0.1159819944563987,6.0,21.937034767841293,0,R,HH
2699,0.0,0.0585123699008756,26.914057360424632,165.72176168086952,0.0077855226325441,0.0770854591011864,0.0,23.870419208405217,0,R,HH
2700,-8.016199999999998,0.144755381281937,47.11487467948803,120.0745395453026,0.0124946411767449,0.2165645397928527,44.0162,26.997691892884088,1,R,HH
2701,0.0023000000000017,0.1445876450414772,60.31104010678733,145.8068208882568,0.01044465553565,0.2317375749332318,23.9977,28.01818721203078,1,R,HH
2702,0.0012000000000007,0.1038163897882631,34.3381957180519,125.33750804299598,0.0121970677752929,0.1540772174796091,17.9988,29.97115146286479,1,R,HH
2703,0.0012000000000007,0.1206549919275888,46.84695935812906,140.52702891261524,0.0122960260102397,0.2119101208481921,17.9988,32.56354878320812,1,R,HH
2704,-2.9110000000000014,0.1909648513496049,14346.238049201442,643.3759475858722,0.0035365490485378,18.66479553069809,44.911,35.92243187655215,1,R,HH
2705,-2.9110000000000014,0.1432369539272447,32.0198335018836,90.7452565239706,0.0165414196830822,0.1948486351164433,44.911,37.45156540411876,1,R,HH
2706,-2.9093000000000018,0.1049199499318151,60.341794705702725,154.08596449306145,0.0107994017941902,0.2397305824535637,56.9093,39.81304291489438,1,R,HH
2707,-2.9093000000000018,0.153316306938259,24.582531322644048,63.57590323140734,0.0230524904637158,0.2084730740412212,56.9093,40.40532009299599,1,R,HH
2708,-2.9080000000000013,0.1474535772487243,96.4912668189912,156.4777739928917,0.0103820855178508,0.3685344813596539,68.908,43.00342069334894,1,R,HH
2709,-2.9071,0.1312288529445136,53.90684249769762,113.0835775292354,0.0140203981345389,0.2780415871823171,80.9071,45.018204145620565,2,R,HH
2710,-2.9093000000000018,0.1422157587819188,44.52054988804662,99.57978790812872,0.0163732338070015,0.2681640162920465,74.9093,47.51014023835443,2,R,HH
2711,-2.9071,0.1112713266890233,34.36642293895743,92.92912148905776,0.0195772054215958,0.2475087441035544,80.9071,49.752293491736616,2,R,HH
2712,-2.9091999999999985,0.1363716459555507,33.077486787925416,78.37927694697939,0.0209856137984545,0.2553640155658139,92.9092,51.55891018379761,2,R,HH
2713,-2.9069999999999965,0.0780253058101832,4506.703267951627,297.97080855002423,0.0079784374663213,13.227638807047994,98.907,53.38602956286279,2,R,HH
2714,-2.9091999999999985,0.1010741625202087,17.14727010156072,62.541117297488015,0.0294961223874852,0.1860653197294192,92.9092,54.85359936832269,2,R,HH
2715,-2.9061999999999983,0.0958420931657735,578.1971518186867,168.14542966179843,0.0131445035303377,2.795925876317372,104.9062,58.61388798754283,2,R,HH
2716,-2.9063000000000017,0.1248515372554304,8.280766307227927,30.137730920883065,0.0769695862829525,0.2344742734547361,116.9063,61.17322926259885,2,R,HH
2717,-2.9063000000000017,0.1143829209437457,8.603372044831184,31.81252427689729,0.0621842265265293,0.1968133070407466,116.9063,62.735768620833134,2,R,HH
2718,-2.9069999999999965,0.112594222611159,4.867683806439317,23.16920307305722,0.1558283305613461,0.279045032533633,122.907,65.62970484888952,2,R,HH
2719,-2.9054999999999893,0.1150286790966625,3.458301570726224,18.21007439939029,0.5208195888105518,0.6626064976748801,128.9055,69.08913107220206,2,R,HH
2720,,,,,,,140.906,72.32457175993275,2,R,HH
2721,-2.9065999999999974,0.0478132415504039,1.3932733242524673,10.69303869014274,0.134741639704487,0.069062718332161,134.9066,73.55589373062453,2,R,HH
2722,,,,,,,163.9761,74.76713126594032,2,R,HH
2723,,,,,,,140.906,76.47425674135212,2,R,HH
2724,,,,,,,147.9222,78.50663771151004,2,R,HH
2725,,,,,,,147.9222,80.24811623249165,2,R,HH
2726,,,,,,,163.9761,83.41173733247886,2,R,HH
2727,0.0,0.1274204795090093,43.07016394273125,128.86603639170687,0.0071459690128118,0.1132252195814296,0.0,0.6459337064474966,0,L,HH
2728,0.0,0.0063774201485472,0.991741984003874,2.2183619059991355,0.8677349747815757,0.3165857184011253,0.0,5.489543377775114,0,L,HH
2729,0.0,0.0136160912386924,,,,,0.0,6.674211531310104,0,L,HH
2730,0.0,0.1082744238129754,103.24383801660548,234.80378664586897,0.0075073264929869,0.2851379103759451,0.0,10.753332935231729,0,L,HH
2731,0.0028000000000005,0.097833341749337,30.368492215869097,123.67225223793356,0.0129592288961492,0.1447797788058917,17.9972,12.941141352610352,0,L,HH
2732,-2.9091999999999985,0.0745881773201362,22.135015283442154,106.37812633731969,0.0153802849475918,0.1252419226050715,50.9092,17.93880623106956,0,L,HH
2733,-2.9091999999999985,0.037818327740663,4.624783599787785,45.33398258035327,0.0313401811941351,0.0533210186241723,50.9092,19.661245723144265,0,L,HH
2734,-2.907499999999999,0.0459843210247254,5.016722893598584,45.28584651958901,0.038043168921292,0.0702105405239291,98.9075,20.23777958277438,0,L,HH
2735,-2.9117000000000037,0.0719647659179612,12.42190217774764,70.13264527495969,0.0196525432168528,0.0898074536745489,44.9117,22.78690102393159,0,L,HH
2736,0.0,0.11370827764483,31.09870921702317,118.02618115197484,0.013317751475383,0.1523627448123367,0.0,24.735577467907497,0,L,HH
2737,-2.9117000000000037,0.0739440451307756,11.492362054172911,63.66800231224525,0.0229676623088617,0.0971027683840461,44.9117,28.84058897847752,1,L,HH
2738,0.0029000000000003,0.0639353941822056,15.0831084530489,99.52333635710076,0.0156032176771691,0.0865785960739344,23.9971,30.3055652743576,1,L,HH
2739,0.0028000000000005,0.0911085388790227,18.01795994749034,85.06835782895965,0.0196845802427368,0.1304780007295465,17.9972,32.11160245724899,1,L,HH
2740,0.0001999999999995,0.0611804266114047,9.127985136181202,55.69910226472773,0.0247086293312033,0.0829715296292475,29.9998,34.507942256679776,1,L,HH
2741,0.0001999999999995,0.1128599711013234,19.96126537637802,75.64077446561267,0.0186287144287677,0.1367969680112948,29.9998,35.300370605891665,1,L,HH
2742,-2.9117000000000037,0.1204874599012412,20.677633637996927,74.2018744695394,0.019887243119561,0.1512797985075646,44.9117,39.50439826639825,1,L,HH
2743,-2.907499999999999,0.0388671103174362,2.9886381288144395,32.93383669748049,0.053545300802602,0.0588708374246139,98.9075,41.49737063986088,1,L,HH
2744,-2.9099000000000004,0.1184119703082078,20.1103028784502,69.96250939592875,0.0217310375401336,0.160769844472969,56.9099,45.483044313602086,1,L,HH
2745,-2.911600000000007,0.1066521766961467,18.36793372261813,68.54720873393335,0.02182374473218,0.1474670847677554,74.9116,48.50928570477489,2,L,HH
2746,-2.9084000000000003,0.0777607145995391,11.55868142992544,62.1660495284906,0.0266044414268578,0.1131274394930879,68.9084,49.91121563650395,2,L,HH
2747,-2.911600000000007,0.0809992675233164,15.946787314096694,68.61088989967156,0.0226782611595001,0.1330419103633198,92.9116,52.03410889089072,2,L,HH
2748,-2.908500000000004,0.0810001716024328,22.7120846132864,88.42748158070472,0.0198348407003675,0.1657262229255975,80.9085,53.3797450213218,2,L,HH
2749,-2.907499999999999,0.0707983164807649,9.068731334671869,50.15042707504959,0.0296115964563308,0.0987902026352497,98.9075,56.686718581596864,2,L,HH
2750,-2.907499999999999,0.0885505363444652,9.418398345854026,45.22023771115393,0.0383545591934978,0.1328922237135291,98.9075,59.20365858159686,2,L,HH
2751,-2.905699999999996,0.0897037158801341,8.511396717247749,39.84713842655519,0.0470799018647258,0.1474150759441059,104.9057,61.96883015312572,2,L,HH
2752,-2.9047999999999945,0.0808924819823696,2.284982646546569,10.679509131616433,0.1442691830883479,0.1212724068332532,134.9048,66.39037287410426,2,L,HH
2753,-2.9047999999999945,0.0884617182776687,2.3996207615050023,10.987090272786508,0.1908643935192735,0.168489579162049,134.9048,68.25725503887128,2,L,HH
2754,,,,,,,140.9043,73.91051932007358,2,L,HH
2755,,,,,,,150.7564,75.47238847992661,2,L,HH
2756,,,,,,,163.9754,79.08228681509615,2,L,HH
2757,,,,,,,163.9754,83.12869285462344,2,L,HH
2758,0.0,0.0349076844940363,5.969521925124166,52.00302727396179,0.0193463378363949,0.042485803597005,0.0,6.202928194857535,0,R,HH
2759,-2.911600000000007,0.0287468429154757,2.52657095959257,21.26099467969744,0.0493556053435003,0.0458747278698068,74.9116,9.760207199704237,1,R,HH
2760,0.0017999999999993,0.0220671745799108,3.689322642525687,48.229082924118,0.020003836563288,0.0271497261239311,11.9982,11.947421965360997,1,R,HH
2761,0.0001999999999995,0.0418677807342767,5.080065587133856,48.414356665194646,0.0308182357011514,0.0575947118516221,29.9998,17.72109175180296,1,R,HH
2762,0.0007999999999999,0.077839895944059,16.80585681510623,93.07076497395111,0.016981722893193,0.1049899978835525,5.9992,20.82676890913035,1,R,HH
2763,0.0028000000000005,0.0600721082134982,15.452334156896192,108.09777881130152,0.0141057389554006,0.0801854280107373,17.9972,24.38662394147175,1,R,HH
2764,-2.9047999999999945,0.0517330642403803,1.2577098911736129,6.806548393001127,0.2680447012909749,0.1240204266389278,134.9048,26.252446068578195,1,R,HH
2765,-2.911600000000007,0.0574623227564749,5.3647841665577225,38.82188950424997,0.0344357865824561,0.0679622549385352,92.9116,30.782823904456485,1,R,HH
2766,-2.9117000000000037,0.071867070244279,16.243365272347507,91.6279384795361,0.0154168777330818,0.0921250967268283,44.9117,32.478120557276775,1,R,HH
2767,-2.9099000000000004,0.1007869700986427,15.098918304919003,64.65470540877146,0.0232222631742567,0.1289899563954335,56.9099,38.67211891893914,1,R,HH
2768,-2.911600000000007,0.0736461790458503,12.554793124828366,67.12497925827343,0.0206969383151095,0.0955919199190752,74.9116,41.0621372639953,2,R,HH
2769,-2.905699999999996,0.066577440479983,4.933175736114969,27.475167525040497,0.0454928947875267,0.0825611393130199,104.9057,44.342329308537,2,R,HH
2770,-2.907499999999999,0.0799066320909546,8.219515190249329,42.40595627698958,0.034422717810498,0.1040870924312688,98.9075,47.426971791713626,2,R,HH
2771,-2.905699999999996,0.0864062936444618,14.061028574688038,55.47825580819024,0.0288754347124233,0.149365789943896,104.9057,50.58795913746496,2,R,HH
2772,-2.909000000000006,0.0798218684322737,6.002372644747569,33.478964621414484,0.0621991513889238,0.1373450246823862,110.909,52.43919383682406,2,R,HH
2773,-2.904599999999988,0.070366317274962,3.2864193518948266,17.55396239694205,0.0702863627549755,0.0849766423458735,128.9046,55.75258521672981,2,R,HH
2774,-2.904599999999988,0.0632427362510644,2.910662999755837,18.30938135922878,0.0830402402989952,0.0889172536852576,128.9046,57.31295736745631,2,R,HH
2775,-2.9047999999999945,0.0530338340643137,1.3908950352023413,9.543858197898643,0.2116908328505011,0.1083183227459988,134.9048,60.33798319842787,2,R,HH
2776,,,,,,,150.7564,63.07284226846714,2,R,HH
2777,,,,,,,163.9754,64.66287798925063,2,R,HH
2778,,,,,,,163.9754,65.67786911992299,2,R,HH
2779,,,,,,,163.9754,67.36116204854152,2,R,HH
2780,,,,,,,163.9754,75.24868266573166,2,R,HH
2781,0.0,0.0591758552804615,64.20987403408724,452.80288212542354,0.002385514572096,0.0563494147579238,0.0,8.35124154186137,0,L,HH
2782,0.0,0.0579682074062995,8.845687811632176,3.8421911955883377,0.0979410333157937,0.3187144892740215,0.0,12.254636887787814,0,L,HH
2783,0.0,0.0980627761642962,17.386808745247865,47.39002259717426,0.0146746471715794,0.093862704413134,0.0,13.787563440627189,0,L,HH
2784,0.0,0.1454904427773106,22.426701624220435,33.54666004047115,0.0203713639560496,0.1680703216044791,0.0,14.511445423912445,0,L,HH
2785,0.0,0.0317095033224139,5.701399333476373,59.87478387778702,0.0175563302007544,0.0368231315299691,0.0,16.29985973555838,0,L,HH
2786,0.0,0.1080933852746941,16.81292118040272,37.0528030682304,0.0184262566338672,0.1139687567314177,0.0,17.38122299259781,0,L,HH
2787,0.0,0.0236925270909393,3.449702537291343,23.189792607198093,0.0309541784487597,0.0392831629217008,0.0,19.124623409168827,0,L,HH
2788,0.0,0.063907140090513,11.472767451466554,55.32148693478465,0.0150890377999841,0.0636847216992733,0.0,20.256591691409987,0,L,HH
2789,0.0,0.1042939236405511,21.76815055569803,77.45706583034138,0.0135822260302302,0.1087672139114352,0.0,21.9928166206903,0,L,HH
2790,0.0012000000000007,0.0429131249845419,5.560203739943828,22.641999719321625,0.0617901844724379,0.1263908735284565,29.9988,24.07130453934245,0,L,HH
2791,-0.0011000000000001,0.0760374877604628,64.03196888661552,234.6197648423932,0.0064698458210717,0.1524039788585558,6.0011,25.325398591886124,0,L,HH
2792,0.0,0.0974887131646625,33.21646738403426,133.76051559619097,0.0104664088412272,0.1278959099320738,0.0,27.52832084132441,0,L,HH
2793,0.0,0.1043789742446077,27.47414515850808,107.70323194362716,0.0121931239193194,0.1232380149062625,0.0,29.01822870922266,0,L,HH
2794,-8.032400000000003,0.0801996839633008,15.898685246414576,79.65512302010545,0.0162015843276626,0.0947598174045009,44.0324,32.59415263975535,1,L,HH
2795,0.0002999999999993,0.113299773006054,33.9346616718725,117.06351767731245,0.011131611325476,0.1389655260311822,17.9997,33.27256470640354,1,L,HH
2796,-8.032400000000003,0.0318741701459572,4.770879374671419,39.12496957782479,0.0208233744568051,0.0365472802219882,44.0324,35.28558422906099,1,L,HH
2797,0.0012000000000007,0.0921322886116204,101.84629973833005,262.73493792014926,0.0058769364487664,0.2201921172549969,29.9988,35.762352010743015,1,L,HH
2798,-8.032400000000003,0.1444526433180906,30.90443969427002,84.96351212069203,0.0156434556146571,0.1778521364457728,44.0324,37.56347474154178,1,L,HH
2799,-2.910800000000002,0.0257261548180762,2.770696497342633,20.77598779698713,0.0410927918520143,0.0418851545334242,56.9108,41.18934844125225,1,L,HH
2800,-2.911299999999997,0.1501747638169492,34.39203137612184,88.79471967251696,0.0139269044371245,0.1762048840407995,50.9113,42.26907551200193,1,L,HH
2801,-2.911500000000004,0.0434475410473089,13.42168530249929,100.55499452070416,0.0148801969706829,0.0734718964342729,74.9115,45.20359878868555,1,L,HH
2802,-2.9065999999999974,0.1424308966789951,27.368909798100614,74.40455141731725,0.0177880073300917,0.1790978267993703,62.9066,46.72914467150247,2,L,HH
2803,-8.159199999999998,0.0825709753242463,11.465455980371544,54.38051921996263,0.0247521800386197,0.1044023572831317,92.1592,50.807334866934326,2,L,HH
2804,-2.913499999999999,0.0755981318312614,9.39293861672618,48.5847377862647,0.0277483653911898,0.0958836166674032,92.9135,53.65968390507261,2,L,HH
2805,-2.909400000000005,0.0741960348897237,10.66706216389751,53.99179735415781,0.0247449844618318,0.0971040915388346,98.9094,55.24478565446582,2,L,HH
2806,-2.909099999999995,0.1079722182065076,7.508396061619536,24.071329916649876,0.0439746787444295,0.1214661780978144,110.9091,58.02543024160424,2,L,HH
2807,-2.909099999999995,0.1070267633627442,8.867208354657235,33.110930890828875,0.0443092083197601,0.1445394580090151,110.9091,60.44779617321672,2,L,HH
2808,-2.904500000000013,0.1295123979380535,3.4190820654213274,8.517470510918132,0.1665515558869991,0.209490212434695,134.9045,64.87251309208101,2,L,HH
2809,-2.904500000000013,0.1089815199779706,2.832872809500377,8.205164463114045,0.1849616371915745,0.1927588182045559,134.9045,66.27567309933713,2,L,HH
2810,-2.904500000000013,0.085825093169874,2.183737456995496,8.961154934586487,0.1817624646655504,0.146019260479327,134.9045,68.43053429087668,2,L,HH
2811,,,,,,,150.756,70.79294705698811,2,L,HH
2812,,,,,,,140.9048,72.93481345398256,2,L,HH
2813,,,,,,,150.756,75.58982408858576,2,L,HH
2814,,,,,,,150.756,79.41197625544524,2,L,HH
2815,0.0,0.1717509174990829,80.57501034741567,120.89957954359738,0.0066035451979856,0.1957415589092724,0.0,4.448915895772313,0,R,HH
2816,0.0,0.0094808331597505,1.4790099729210884,0.6186635937833169,5.592343083578573,3.0427791209926776,0.0,8.10460367212425,0,R,HH
2817,0.0,0.0106208729135413,1.5943315044978583,0.0139498123535994,0.293233594519695,0.1719878906687633,0.0,9.201939389802533,0,R,HH
2818,0.0,0.16302893580896,33.00354781936954,66.41129666119484,0.0133211420639315,0.1617363381944866,0.0,13.764242656200915,0,R,HH
2819,0.0,0.1220804792526158,22.702632363217276,62.83317281840426,0.0162644931062376,0.1358383092213494,0.0,14.449103874181136,0,R,HH
2820,0.0,0.0221905001237023,4.49811129924991,60.287955984813,0.0139450048792179,0.0230756735223675,0.0,16.39176309347416,0,R,HH
2821,0.0,0.026591966941736,4.959169030190564,75.21673086591595,0.0216393784160501,0.0394783698106403,0.0,16.900059747470426,0,R,HH
2822,0.0,0.0532381327659754,10.064589319777552,65.51741188659888,0.0165552262040298,0.0612966437457428,0.0,18.02796286387715,0,R,HH
2823,0.0013000000000005,0.0607181593170037,8.986247234955117,52.304470925678096,0.0253857521596129,0.0839216312169135,23.9987,18.977201103374345,0,R,HH
2824,0.0013000000000005,0.0696323362609975,11.02670892249478,59.956175451803176,0.0209199629504638,0.0848618195909834,23.9987,19.708848962922204,0,R,HH
2825,0.0,0.0722294997054232,14.827985391567772,88.74311128054511,0.0163162457384815,0.0890036680238507,0.0,21.38826479480706,0,R,HH
2826,0.0,0.0560426558475083,8.950307563790217,48.3477945626172,0.0237272420764533,0.0781251274247559,0.0,23.125919575945037,0,R,HH
2827,-2.909400000000005,0.0651508149647401,4.719645708220464,22.087262505978416,0.0504745740957357,0.0876370155997547,98.9094,24.198890393943653,1,R,HH
2828,-0.0011000000000001,0.0901824050326301,16.235777785229242,75.22763015256385,0.0189819659124537,0.1133756541558097,6.0011,25.501255607263666,1,R,HH
2829,-0.0011000000000001,0.0967799286265325,17.904978860730164,72.49574603873498,0.0196723283328297,0.1295791404897609,6.0011,28.09025071771962,1,R,HH
2830,0.0002999999999993,0.089585627722866,14.909067485073194,65.08296294589809,0.0226356396513947,0.1241505849751251,17.9997,29.114718984196443,1,R,HH
2831,-2.913499999999999,0.1245614771210825,10.90067797548405,33.12467825009912,0.0340617309228691,0.1365921503026293,92.9135,35.59447468947228,1,R,HH
2832,-2.909099999999995,0.1353775263054233,11.385039705760814,33.884822311469286,0.0414160142475255,0.1734636054752766,110.9091,38.91128355881171,1,R,HH
2833,-2.911299999999997,0.1074510175350645,16.01053804256509,63.65774775948007,0.0219885175321769,0.1295112201990108,50.9113,41.8105585557788,1,R,HH
2834,-2.909499999999994,0.048122335516629,6.278769819939346,56.09705214534564,0.0293429306731097,0.0677771913162278,80.9095,43.363113266778406,1,R,HH
2835,-2.910800000000002,0.0922044065796713,13.718612402050528,63.81703961416613,0.0219980560241892,0.111019689362203,56.9108,44.37543838719232,1,R,HH
2836,-2.9065999999999974,0.0883064914487994,13.74720655725294,63.30817604466544,0.0221532380214138,0.1120358955439908,62.9066,46.26167407030337,2,R,HH
2837,-2.911500000000004,0.0678036584212169,7.031074951195434,39.41776005978437,0.0338085970760728,0.0874489089203048,74.9115,49.53864173191127,2,R,HH
2838,-2.911500000000004,0.087261200093017,21.338041857099025,87.6669374471733,0.0174497228663834,0.1369773041998165,74.9115,51.14978812281982,2,R,HH
2839,-2.911500000000004,0.0773362330810562,11.096872582357348,58.88174205348764,0.0258770505831378,0.1056381756011958,74.9115,52.94891343852906,2,R,HH
2840,-2.909400000000005,0.0667287108368631,7.962438581675876,47.36817809957308,0.0299710718911974,0.0877917869523982,98.9094,54.01902258710005,2,R,HH
2841,-2.909400000000005,0.0645808602302921,5.152323790400808,30.97103825811816,0.0453735138525159,0.0860025007079286,98.9094,56.34902003697734,2,R,HH
2842,-2.909499999999994,0.0771039249330416,12.750966668338014,66.68716640832842,0.0279037430429336,0.1308913938714048,80.9095,57.47733332151898,2,R,HH
2843,-2.9055000000000035,0.0736139106475502,7.13162866874446,39.546852093691015,0.0381044339998585,0.0999700145417672,104.9055,59.121269613445975,2,R,HH
2844,-2.909400000000005,0.0754081391707467,7.300540089591322,39.90899340861477,0.0397214309436462,0.1066805862379665,98.9094,60.86851481390731,2,R,HH
2845,-2.9055000000000035,0.0966844755671085,8.32502481851204,37.643612341974986,0.0530191903057286,0.1623768626679962,104.9055,63.9654149466348,2,R,HH
2846,-2.909099999999995,0.0939041932019827,29.238043262652653,67.414686937304,0.027339222254635,0.2940627254611912,110.9091,66.14736792096012,2,R,HH
2847,-2.904500000000013,0.05215204424777,1.5242139103908343,10.221631829999213,0.1218232419567326,0.0683095763122627,134.9045,67.68873750396772,2,R,HH
2848,-2.909099999999995,0.096729187548684,4.4106176694707,20.87843381227557,0.1109558097001801,0.1800341854440706,122.9091,69.84463041930351,2,R,HH
2849,-2.9051000000000045,0.056577907618828,1.911410664836757,16.619370147187695,0.1831628910431779,0.1287944096439513,128.9051,72.0945919005573,2,R,HH
2850,-2.904500000000013,0.0781545723231709,2.201117384530781,9.701706287206012,0.1380860937871783,0.1118146390910495,134.9045,73.65352847180982,2,R,HH
2851,-2.904500000000013,0.0789948514063482,1.9078924739332808,12.715792197817878,0.4488007539775125,0.3150017676035754,134.9045,76.21618668128637,2,R,HH
2852,,,,,,,150.756,78.17982077412363,2,R,HH
2853,,,,,,,150.756,79.84096094055205,2,R,HH
2854,,,,,,,163.9773,83.14576993493306,2,R,HH
2855,,,,,,,150.756,85.63419861991349,2,R,HH
2856,,,,,,,164.5294,88.98488319971926,2,R,HH
2857,-0.0022000000000002,0.0956556817775621,28.562149731735182,121.29984331906296,0.0136527284446326,0.1434550567934951,6.0022,3.8185446092224966,1,L,HH
2858,-0.0022000000000002,0.0987501325429826,24.89001809166101,110.3851295507705,0.0154285876850707,0.1412722634532286,6.0022,6.511815152573544,1,L,HH
2859,0.0001999999999995,0.0991332668319469,22.30054956866089,99.82781968112027,0.0156774592456946,0.1286165228928697,17.9998,9.33955306065288,1,L,HH
2860,0.0001999999999995,0.1747344288469558,78.84414745186118,152.70153248084748,0.0106600539206251,0.3091963660144169,17.9998,12.80983624212912,1,L,HH
2861,-0.0009000000000014,0.2149708779448474,60.7515362936398,110.7830319463242,0.0143821309987304,0.3214297149771868,30.0009,21.631478504702176,1,L,HH
2862,-2.909099999999995,0.1440506426867039,22.432395481765177,65.16333362746842,0.0233220421859753,0.1924632200682397,68.9091,23.61157862401153,1,L,HH
2863,-0.0009000000000014,0.2541136047740451,72.92010486344842,111.76908067490878,0.0140580494827449,0.3771185282279705,30.0009,26.08281429265991,1,L,HH
2864,-2.909099999999995,0.0870250095621292,16.164893849631106,73.19628370277817,0.0191496339395593,0.1138777431579824,68.9091,26.753578259864472,1,L,HH
2865,-2.906500000000001,0.0867617395949999,12.048900988530177,57.50271647566191,0.0234136923588919,0.1037821972889833,62.9065,29.248196098716512,1,L,HH
2866,-2.9133,0.1460305359089606,24.904905343066883,70.17823888684673,0.0210811387195591,0.1931454490251697,50.9133,29.779144278862184,1,L,HH
2867,-2.9133,0.1845618168926855,40.7813455610234,87.87972835920294,0.0167404182822033,0.2511501109469646,50.9133,30.89413545716809,1,L,HH
2868,-2.909099999999995,0.0993837609865075,15.085334495489814,63.47133796957925,0.0252974781130473,0.1403904905048005,68.9091,32.22150590753227,1,L,HH
2869,-2.906500000000001,0.1720701752427255,26.50862318073855,62.17948418349554,0.0226100154668636,0.2204923616994962,62.9065,33.170790361575975,1,L,HH
2870,-2.9124999999999943,0.1195359565944196,20.76467994072756,67.28159419090558,0.021766860001272,0.1662748418905708,74.9125,35.20457333601347,2,L,HH
2871,-2.9098999999999933,0.1495652975172597,310.0057084870611,202.87312686862333,0.009412402429445,1.073434863580564,80.9099,36.49422870290741,2,L,HH
2872,-2.9124999999999943,0.1453328243161255,28.297418968909973,75.16531090117736,0.0218529873778656,0.2274904438088814,74.9125,37.75639284155975,2,L,HH
2873,-2.9098999999999933,0.1155489479879347,17.09034898218259,61.580897966333545,0.0299001890297044,0.1879881106517045,80.9099,39.20789334846245,2,L,HH
2874,-2.917599999999993,0.1084722788573465,11.881117441455077,46.13866605989175,0.0335558033046011,0.1466663374379908,92.9176,40.704704916666174,2,L,HH
2875,-2.917599999999993,0.1037945291773909,11.144522213819876,45.440520050299256,0.0385085605739399,0.157878960248131,92.9176,42.493635002452734,2,L,HH
2876,-2.9067000000000007,0.1159863867954166,10.538229374666342,37.80909249757564,0.0444828891959363,0.1724511729015177,104.9067,44.60887269096257,2,L,HH
2877,-2.9101,0.1308275898032554,10.161050377189367,31.521935950634727,0.0503071122508485,0.188050075073183,110.9101,46.83892077273658,2,L,HH
2878,-2.9077999999999946,0.0935589518040714,6.797383977129934,29.60297663275793,0.0574200012658076,0.1435854783285072,116.9078,48.135366794212096,2,L,HH
2879,-2.9077999999999946,0.1125992659554787,6.325937017417239,27.24780283838148,0.0956906113747597,0.2226894850921453,116.9078,49.77604516699908,2,L,HH
2880,-2.9101,0.10524420343607,7.203912239869785,32.93989937330506,0.0790373037961045,0.2094623869614861,110.9101,51.92925788872214,2,L,HH
2881,-2.9081999999999937,0.0997855723125092,3.2897843574711154,16.716326224870123,0.2162379318509381,0.2617006662986046,128.9082,54.39632407177257,2,L,HH
2882,-2.9081999999999937,0.0953042717943505,3.230204957194786,16.778055974831595,0.1846312911676858,0.2194021626967288,128.9082,55.98142359151961,2,L,HH
2883,-2.9062999999999874,0.1189745206691439,2.8773058226432324,12.422411800105436,0.4209890479046409,0.4456176052546143,134.9063,58.40418430828244,2,L,HH
2884,,,,,,,140.9058,61.08235784485092,2,L,HH
2885,,,,,,,140.9058,63.94201489928943,2,L,HH
2886,,,,,,,150.7568,66.06322062830152,2,L,HH
2887,,,,,,,150.7568,68.00616897553084,2,L,HH
2888,,,,,,,163.9774,69.75104211276089,2,L,HH
2889,,,,,,,163.9774,72.1905557581535,2,L,HH
2890,0.0,0.0624042079265997,14.034218407307826,76.66450269807378,0.0131625245314445,0.0679568034969201,0.0,1.3432672032536417,0,R,HH
2891,0.0,0.0653326654665342,12.600959218708622,63.64786524688832,0.016837189697817,0.0780510462596614,0.0,2.0037569582788186,0,R,HH
2892,-8.0334,0.0394577164258295,7.095624053554994,63.96882177740201,0.0139280460654448,0.036356855145155,44.0334,3.791080375245115,0,R,HH
2893,0.0,0.0464487596224692,6.431867933351611,18.130267767293976,0.0611234790678802,0.1446274410826826,0.0,7.018417076178778,0,R,HH
2894,-2.9133,0.031745105444065,4.096256201705234,32.86301422684087,0.019657611340953,0.0296226136389019,50.9133,9.963982608741018,0,R,HH
2895,-2.9101,0.029172959539495,1.310334892039084,15.803469180878828,0.0795902658627841,0.0383661110245488,122.9101,11.776110073303558,0,R,HH
2896,0.0,0.069586257518126,13.287636288076529,76.44179692517385,0.0191891808171318,0.0938014788219099,0.0,12.437684016109651,0,R,HH
2897,-2.915700000000001,0.0601137249084744,7.293570431395624,42.53928750319699,0.0266723491362933,0.0715660366631703,44.9157,13.836556197884894,1,R,HH
2898,-0.0009000000000014,0.2546010188697495,43.59026010080402,68.99975038286553,0.0198878125059705,0.3189201763022202,30.0009,14.18616132370544,1,R,HH
2899,-2.9081999999999937,0.0321704815964856,1.2885285484407885,15.357024914426017,0.0920672275637286,0.0436419983570685,128.9082,14.71056901243626,1,R,HH
2900,-2.9124999999999943,0.0262006191036997,2.2869465674041267,25.94544359701545,0.0394188580994969,0.0331638983411587,74.9125,16.06354585680625,1,R,HH
2901,-0.0009000000000014,0.045866857688862,4.792792450662446,42.53436790766863,0.0444817684630007,0.0784289111782202,30.0009,17.982271002712352,1,R,HH
2902,-2.9133,0.0394985261668428,5.957896013719834,47.00808306336205,0.0218463638726649,0.0478825862971716,50.9133,23.183597077062743,1,R,HH
2903,-2.906500000000001,0.0246650130464572,3.021772608145976,39.094360569981006,0.0247033583147558,0.0274614393192118,62.9065,24.767301370420068,1,R,HH
2904,-0.0009000000000014,0.0454957888079573,6.886991532162854,62.69496475787501,0.0235867671852761,0.0597590228413436,30.0009,25.861612172095192,1,R,HH
2905,-0.0009000000000014,0.0743515745265255,5.9931110008348565,33.18220910218493,0.0504992003656051,0.1113377244684146,30.0009,27.85502731326785,1,R,HH
2906,-2.915700000000001,0.0658962629456369,9.018071215255365,56.50973556184253,0.0246931001334049,0.081920915335962,44.9157,28.839240407171587,1,R,HH
2907,-2.9133,0.0800225091912827,12.117792865734124,63.12935467344384,0.020805431783545,0.0927482611242267,50.9133,32.21114756102577,1,R,HH
2908,-2.917599999999993,0.1137185687828377,11.979642202326511,43.1609902277995,0.0305037461625951,0.1344319639827906,92.9176,32.140487812936776,1,R,HH
2909,-2.9110999999999976,0.0390747693805982,4.3415304215806,39.13611476478394,0.0322740963132955,0.0515468887391365,56.9111,32.85763071363341,1,R,HH
2910,-2.9110999999999976,0.1050814983784723,16.82126540531839,69.21397510677593,0.0210401655050125,0.1302007041456307,56.9111,34.70055656737297,2,R,HH
2911,-2.909099999999995,0.0790335030615362,10.024050990742202,52.251330258735976,0.0249618413481019,0.0920503414607442,68.9091,35.78274037973372,2,R,HH
2912,-2.9124999999999943,0.0368113945999105,2.795532101659612,27.30410711065266,0.0523895171155575,0.0538783636610671,74.9125,37.29682462289862,2,R,HH
2913,-2.9124999999999943,0.1032951678299589,15.34292483045096,63.105377855786095,0.02780473606261,0.1569395678081666,74.9125,39.774283214139686,2,R,HH
2914,-2.917599999999993,0.0926015952096788,7.875336664474162,35.38892897728816,0.0406299107394747,0.1177119393474689,92.9176,43.40380932516016,2,R,HH
2915,-2.917599999999993,0.1022218422336033,11.657756537532627,48.172905700393954,0.0357842725462531,0.15346618325202,92.9176,46.36323935925655,2,R,HH
2916,-2.9067000000000007,0.0875390275390363,7.499079913206965,36.68656008765763,0.0465586990493243,0.128444152173788,104.9067,48.59264074272073,2,R,HH
2917,-2.9101,0.0938884115896036,18.52328546352417,55.6199573594112,0.0320171579935233,0.2181756692906952,110.9101,51.9676931727309,2,R,HH
2918,,,,,,,140.9058,54.41693962040402,2,R,HH
2919,-2.9062999999999874,0.0820661166900505,2.2358212655020338,10.035726282241406,0.1558868641576088,0.1282189220584196,134.9063,56.47750820033964,2,R,HH
2920,,,,,,,140.9058,58.83701987884864,2,R,HH
2921,-2.9081999999999937,0.0724712496659474,2.1831801726353595,17.53709305918838,0.4429983294071087,0.3557928244035123,128.9082,60.250328982098864,2,R,HH
2922,,,,,,,140.9058,63.23262979952912,2,R,HH
2923,,,,,,,150.7568,65.22314570306386,2,R,HH
2924,,,,,,,163.9774,67.95701306064556,2,R,HH
2925,,,,,,,150.7568,69.42178073021955,2,R,HH
2926,,,,,,,163.9774,70.65908487125044,2,R,HH
2927,,,,,,,163.9774,72.6059067844494,2,R,HH
2928,0.0,0.0810402016789651,127.8540586342743,381.6748732208365,0.0037462175741902,0.1762028927143247,0.0,1.9360521151301688,0,L,HH
2929,0.0,0.023639788470725,3.6348382717387593,0.569202805425876,0.1988579528959012,0.2659093292895975,0.0,3.4848938072343043,0,L,HH
2930,0.0,0.0780027877703023,19.467191519958277,84.98479759810326,0.0096080539495797,0.0688088425608875,0.0,4.904665358329761,0,L,HH
2931,0.0,0.086153730829397,24.81339470055408,110.60343073855444,0.0102381503675479,0.0934572947565206,0.0,5.679086204381829,0,L,HH
2932,0.0,0.0201218193336502,3.174811914481564,2.8127291161131143,0.0217120359302341,0.0253585296554902,0.0,8.847491574002014,0,L,HH
2933,0.0,0.1550530000053072,33.01822541361688,71.50388861215325,0.0123781412363721,0.1503538938697207,0.0,13.208335036191992,0,L,HH
2934,0.0,0.0167038053483221,2.5576235505951925,30.824672398051938,0.0163769812127227,0.0154090544986129,0.0,15.277390497801148,0,L,HH
2935,0.0,0.0893731399180302,20.70737656665357,88.75557283450037,0.0132702840090553,0.1010906099746566,0.0,16.32126721465999,0,L,HH
2936,0.0,0.0655789975032981,13.536134164768852,84.5876923588681,0.015634997042297,0.0778570549288006,0.0,19.34137636637096,0,L,HH
2937,-0.0004999999999988,0.067690468582314,23.096277666929996,132.25549054136656,0.0118063466254329,0.1003143445385868,18.0005,22.33943359159019,0,L,HH
2938,0.0,0.1044503353729072,20.7500961440898,84.70470811272332,0.0166187350086783,0.1268596749656053,0.0,27.68334911589956,0,L,HH
2939,,,,,,,150.7561,29.40500563335593,1,L,HH
2940,-2.909400000000005,0.0619431413042108,11.992130713944778,75.56527493422841,0.0192762333651116,0.0850401557950177,68.9094,30.5096601895438,1,L,HH
2941,-0.0032999999999994,0.0563064926727944,6.568560537588479,35.885240679943685,0.0389727629209503,0.0941752800917137,30.0033,33.34518918833087,1,L,HH
2942,-0.0032999999999994,0.0773979186256607,12.64005888480966,66.13875578422507,0.0212917692608839,0.0990071060335636,30.0033,37.34325919387601,1,L,HH
2943,-2.9147000000000034,0.0833319051022232,17.16760626240049,82.88108496232054,0.0175150107089435,0.1106179662405825,44.9147,41.9731520010644,1,L,HH
2944,-2.908999999999992,0.0842073661933794,2.68571955428566,14.072129826848393,0.1989264415159368,0.1965435034183629,128.909,43.95098562160541,1,L,HH
2945,-2.911299999999997,0.0699902358199115,17.227655261273124,85.35178840901021,0.0179091485692407,0.1135028142938013,80.9113,46.97654728314886,1,L,HH
2946,-2.9095000000000013,0.0984469262605204,25.127860964770207,95.427007052061,0.0174381092226696,0.1611982905702314,56.9095,47.8519410402164,1,L,HH
2947,-2.913399999999996,0.0810048285499847,17.61184476826545,79.7339722947491,0.0202142332741416,0.1309687372392529,74.9134,51.2431140019503,2,L,HH
2948,-2.911299999999997,0.0817340539923162,28.71430122156117,98.51224186296308,0.0179611739170591,0.1897310840795534,80.9113,53.33362274239527,2,L,HH
2949,-2.911299999999997,0.077907985820919,22.08862075972415,88.83860495339962,0.0199557702465594,0.1621595804855597,80.9113,55.65400841481436,2,L,HH
2950,-2.9080000000000013,0.0741550323338594,5.589886463955351,28.64979882895572,0.0428426912836212,0.088101894946446,116.908,57.52481042253019,2,L,HH
2951,-2.9080000000000013,0.0758047798426414,26.607994609490586,80.04993314912768,0.0217849951822369,0.2132431701187275,104.908,59.99531011520162,2,L,HH
2952,-2.9200000000000017,0.0745437194414128,8.746915903048908,51.03289216153125,0.0419995018874529,0.1351464396124625,92.92,61.01441011520163,2,L,HH
2953,-2.9103000000000065,0.0922143071478478,17.299803198378488,54.254079328182215,0.0329750793628647,0.2098613828249955,110.9103,63.44559401542918,2,L,HH
2954,-2.908999999999992,0.0634546107265512,2.2975278924057982,13.734044321214428,0.1226942158197046,0.1037027802383646,128.909,65.61279778130128,2,L,HH
2955,-2.908999999999992,0.0661152513665215,2.3397093827491537,13.72958752299797,0.1331414927587824,0.1145990075714642,128.909,67.33159933433112,2,L,HH
2956,-2.905300000000011,0.0639784996901965,1.6416517412161025,8.156130601382449,0.2118868102123484,0.1279647854332365,134.9053,69.4181494221024,2,L,HH
2957,,,,,,,140.9049,71.98144249000144,2,L,HH
2958,,,,,,,150.7561,73.61984456509879,2,L,HH
2959,,,,,,,150.7561,75.85332125045736,2,L,HH
2960,,,,,,,163.9796,77.84763099854634,2,L,HH
2961,,,,,,,150.7561,79.3745813699238,2,L,HH
2962,0.0,0.0134071723232821,1.9373463747030053,11.002360540892203,0.0303838242325889,0.0216548523815091,0.0,1.8191399649312276,0,R,HH
2963,-0.0006000000000003,0.1300378444219216,67.33443835029892,168.47581399544518,0.0098359681180458,0.2436463290620275,12.0006,2.669157429149966,0,R,HH
2964,0.0,0.0101230436581344,1.5645255046189588,-3.678816531677412,0.0175259414551553,0.0100871742260047,0.0,4.082806954456824,0,R,HH
2965,0.0,0.0063257342163925,1.1496860664518165,30.168373931020565,0.0184983423614625,0.0078237974601349,0.0,7.2312163840516765,0,R,HH
2966,0.0,0.0132729315062354,349.19071531466767,1429.9823984080244,0.0012838717185085,0.1649262703611644,0.0,8.527201692610381,0,R,HH
2967,0.0,0.0138743677812274,2.0083106399357797,20.31387327973715,0.0218098490163389,0.0161134696838026,0.0,10.860060640768658,0,R,HH
2968,0.0016999999999995,0.0729352358946161,777.9969668821773,434.5751917473965,0.0048488955828755,1.3877979894174943,23.9983,11.79530367494909,0,R,HH
2969,0.0016999999999995,0.0326872639783234,5.9336302043859614,73.44017381532112,0.0178716509345826,0.0390113220334467,23.9983,14.058316915611076,0,R,HH
2970,-0.0026999999999999,0.0569854276654467,11.191843607523962,89.46460752386365,0.0180358881310126,0.0742582454739505,6.0027,14.99919199105946,0,R,HH
2971,0.0016999999999995,0.0255786413722224,6.235134521960594,99.72614836904944,0.0137212806823571,0.0314735690657121,23.9983,15.90523043435588,0,R,HH
2972,-2.911299999999997,0.0326093508337389,,,,,80.9113,18.526068507627627,0,R,HH
2973,0.0,0.0374797948257231,7.036375660313751,64.84852894486706,0.0193751627473599,0.05015334397737,0.0,19.50537352356588,0,R,HH
2974,-2.9147000000000034,0.058977610992362,8.65693479290733,57.242506873659714,0.0220758839501518,0.0703052515936477,44.9147,20.677802078265305,0,R,HH
2975,-0.0006000000000003,0.0151536397403482,2.400462029038531,46.542086532859976,0.0259844459738144,0.0229463609154551,12.0006,24.003059209695685,0,R,HH
2976,0.0,0.0881887930913649,18.31841375412295,93.24054638282765,0.0173232188930339,0.1167406145725983,0.0,25.76778562956751,0,R,HH
2977,-2.9095000000000013,0.0265481678915352,2.5888504610545944,19.805714189651592,0.0413348453929354,0.0393666809794272,56.9095,27.30579640608243,1,R,HH
2978,-0.0026999999999999,0.0925315663325926,18.972815961349426,90.83695918389716,0.0165225158780646,0.1153223516748814,6.0027,28.89876604036327,1,R,HH
2979,-0.0032999999999994,0.0896453176876736,25.964795955427896,112.50841013235552,0.0133323628667573,0.1273495918689633,30.0033,32.33448231892292,1,R,HH
2980,-0.0026999999999999,0.1244354569608647,41.97317703453786,133.08333041985497,0.0115405276175972,0.1781980822201862,6.0027,32.48616231892292,1,R,HH
2981,-0.0006000000000003,0.1316248189839822,37.94743343739989,116.99151322532936,0.0126855975226992,0.1770919639628255,12.0006,34.27453370753631,1,R,HH
2982,-0.0004999999999988,0.1445548615894936,54.3113369093522,141.3490142848864,0.0103726398585153,0.207245596132525,18.0005,37.08954729452418,1,R,HH
2983,-0.0032999999999994,0.06337065165286,11.756137613655913,77.97680751790264,0.0194806558947445,0.0842507458590932,30.0033,40.07494057549364,1,R,HH
2984,-2.9147000000000034,0.0955612645479481,19.130967233496627,81.81526679334331,0.017165917982402,0.1208118345257781,44.9147,41.01282218193811,1,R,HH
2985,-0.0032999999999994,0.1134121502932884,18.43366988559901,74.64202212676197,0.0226030495014438,0.1532796005753624,30.0033,44.42270964283767,1,R,HH
2986,-2.913699999999998,0.1495750739281481,33.52634831598887,91.15807109839712,0.017151042020982,0.2115350228800857,50.9137,47.66228125008752,1,R,HH
2987,-2.913399999999996,0.1271442796022077,20.13938884649354,62.71684173012808,0.0238049303169735,0.1763675653855904,74.9134,50.32975273582244,2,R,HH
2988,-2.9080000000000013,0.0382297601778053,3.270131409034148,33.4825172020063,0.0418162337220644,0.0503055194168569,116.908,51.97681779339655,2,R,HH
2989,-2.913399999999996,0.0916375516227438,12.38040391516634,56.67934534056713,0.0275607245408917,0.1255252117122474,74.9134,53.40837317376735,2,R,HH
2990,-2.9200000000000017,0.0656601284970132,6.506160286999568,42.16739650845205,0.0381048923322317,0.0912033971741999,92.92,55.610526821387126,2,R,HH
2991,-2.9200000000000017,0.1031264757291904,15.179205792225996,56.33699740774457,0.0273464692723172,0.1527059043066927,92.92,57.07394098503929,2,R,HH
2992,-2.9103000000000065,0.086192138092343,8.882579489020202,39.29314448897821,0.0374382689681956,0.1223377195696566,110.9103,58.480169744398246,2,R,HH
2993,-2.9106000000000023,0.0606557811380217,2.831133692188301,21.80673017642342,0.1052099268401337,0.1095778095969626,122.9106,60.60027367888286,2,R,HH
2994,-2.9080000000000013,0.1096606631364695,9.03530910686666,31.94928858693121,0.0462416409828759,0.1537027969340053,116.908,63.7557924483617,2,R,HH
2995,-2.9103000000000065,0.0970831283092549,8.310140066881676,34.968664309523106,0.0486358762544566,0.148686180998082,110.9103,65.41903050463745,2,R,HH
2996,-2.9106000000000023,0.089062224914014,4.583418311357695,19.38548342871119,0.0711989637784814,0.1200518029129376,122.9106,67.66814804860311,2,R,HH
2997,-2.908999999999992,0.0865750357043144,3.532425877509255,15.45489715323123,0.0931319028106606,0.1210255463821974,128.909,69.8632517451411,2,R,HH
2998,-2.908999999999992,0.0489852365705526,2.086248486534327,18.311770056705203,0.1037675721298306,0.079640358862246,128.909,71.93863404874863,2,R,HH
2999,,,,,,,140.9049,74.86905554726904,2,R,HH
3000,,,,,,,140.9049,76.5211520567368,2,R,HH
3001,,,,,,,150.7561,79.3772695165049,2,R,HH
3002,,,,,,,163.9796,81.13850888534898,2,R,HH
3003,,,,,,,163.9796,82.28073602876177,2,R,HH
3004,,,,,,,163.9796,85.15284902052704,2,R,HH
3005,0.0,0.0153201585189115,2.456034512631489,50.20172350188071,0.0246935643608519,0.022311242960602,0.0,2.0436272283105503,0,L,HH
3006,0.0,0.1319874074405905,26.96888950954318,52.360528608642014,0.0128613418852499,0.127601231269089,0.0,4.069195108863633,0,L,HH
3007,0.0,0.0583332316342404,16.304894512046125,112.8987782473322,0.0117839865249,0.0706831260865938,0.0,5.433957550462901,0,L,HH
3008,0.0,0.1955516413883787,37.85013396649423,63.92560297045144,0.012890255984203,0.1794876126369397,0.0,7.047892259917681,0,L,HH
3009,0.0,0.0642886882322288,3842639718426.005,8046.55533463065,0.0004151432408812,586858172.5209663,0.0,8.122418902655083,0,L,HH
3010,0.0,0.0622180228632141,,,,,0.0,9.796713710895258,0,L,HH
3011,-2.9117000000000037,0.0378189217917128,3.853636554364714,31.702557888815843,0.0443923501228564,0.0629338655677858,56.9117,10.882742775699697,0,L,HH
3012,-8.206999999999994,0.0351403206324291,3.741147475417116,40.851426571239806,0.0301889512059049,0.041548789167857,92.207,11.684891033503266,0,L,HH
3013,0.0,0.0594877617440156,6.661140275680159,32.66677007370362,0.0243948530184108,0.0597795034565462,0.0,12.260250262594102,0,L,HH
3014,0.0,0.0818545998215588,17.40235559268475,82.62853362004643,0.0125171107830639,0.0801341533314779,0.0,13.18082502913944,0,L,HH
3015,0.0,0.1463960761800956,32.449795693298945,77.00582152738635,0.0123002929669228,0.1468361336067331,0.0,14.385291693561037,0,L,HH
3016,0.0,0.0783455884676019,18.480545704345708,87.68529508659611,0.012785125585365,0.0869211187899819,0.0,16.186983124328247,0,L,HH
3017,-2.9106000000000023,0.068701680627286,13.035122079367795,73.83051042315692,0.0197044097378748,0.0944896087469656,68.9106,16.85737993577651,0,L,HH
3018,0.0,0.1257011194380624,40.92604932180631,126.3387523848039,0.0096654231905557,0.1455211825615064,0.0,18.870066956851453,0,L,HH
3019,0.0,0.0739480590654753,18.02979833017164,106.38583729469032,0.0136344452925809,0.0904344414899569,0.0,20.96477252497537,0,L,HH
3020,0.0,0.0881205518498913,47.97478957724371,179.5774744098363,0.0095319140951595,0.1682281683216329,0.0,22.220220074734925,0,L,HH
3021,-2.907400000000002,0.0674020478956558,8.35582249284811,50.045900796562826,0.025130247275513,0.0772487544290445,62.9074,24.58139474453301,1,L,HH
3022,-0.0029000000000003,0.0620115078189821,12.593434073708975,82.12541320701042,0.0167564482285968,0.0776303707242809,6.0029,27.12503184360725,1,L,HH
3023,0.0014000000000002,0.1110875683742558,22.75492058295669,85.80482812688007,0.0177427014873269,0.148525351214264,23.9986,30.174443258867058,1,L,HH
3024,0.0014000000000002,0.0936796080144672,20.80300888735805,91.476320193609,0.0158197544086705,0.1210685691652349,23.9986,31.41195276749762,1,L,HH
3025,-0.0027000000000008,0.1513220684057701,44.47531698454996,115.42495095815472,0.0126816180920881,0.207490988836268,18.0027,33.64400778919452,1,L,HH
3026,-2.9151999999999987,0.1341207648465351,24.511477482391825,76.13910038224685,0.0202041751248665,0.1821864747203963,44.9152,40.015709807040565,1,L,HH
3027,-2.913499999999999,0.0939869107744273,29.440751827191423,103.65029336258434,0.014023346701137,0.1518819225042909,74.9135,41.64428645120382,1,L,HH
3028,-2.9117000000000037,0.0921496174234701,22.82595547047108,95.1609530268404,0.0166784639635858,0.1400523933033392,56.9117,43.71604229776638,1,L,HH
3029,-2.9136000000000024,0.0741863815610003,11.30668963871891,61.26207062749816,0.022477834163366,0.093496521212389,80.9136,46.19581736430565,2,L,HH
3030,-2.9136000000000024,0.126140072638113,37.1439843126738,92.9653237284327,0.0175532000033713,0.2398558452388497,80.9136,49.61271538986031,2,L,HH
3031,-2.9213000000000022,0.100305540249119,14.69822112068646,56.13712432855393,0.0289614241111238,0.1565994412715443,92.9213,52.671363831967774,2,L,HH
3032,-2.911699999999996,0.0714913372349085,3.602939019796605,16.983817600871767,0.0820536837345837,0.1087578247958832,110.9117,55.97622054228813,2,L,HH
3033,3.0918000000000063,0.0776873963283679,8.006742285484606,39.16543323201945,0.037185929783153,0.1095317465991436,104.9082,57.61325144181079,2,L,HH
3034,-2.9102000000000032,0.1010600454944834,6.610324091845742,27.162846791469725,0.0640168265428798,0.1556762681299307,116.9102,60.10247283190815,2,L,HH
3035,-2.9093000000000018,0.0388298605094234,1.522040751338941,14.81094402586286,0.0873927525092157,0.0489336055217311,128.9093,61.61700624343224,2,L,HH
3036,-2.9093000000000018,0.0632537890557619,2.3632064949293623,16.424177287202884,0.1159646856727606,0.1008168084321353,128.9093,63.25384010367839,2,L,HH
3037,-2.9062999999999874,0.11737262310916,3.2062249826445792,10.826234388164144,0.1887620510257944,0.2226456423457828,134.9063,64.74921784213556,2,L,HH
3038,,,,,,,140.9059,68.63540340803983,2,L,HH
3039,,,,,,,140.9059,71.83899068436227,2,L,HH
3040,,,,,,,150.7583,73.92504942283551,2,L,HH
3041,,,,,,,163.9819,77.28609730098376,2,L,HH
3042,,,,,,,150.7583,79.74958514637243,2,L,HH
3043,0.0,0.0323788373658508,,,,,0.0,0.7726168301336898,0,R,HH
3044,0.0,0.1105840048557406,67.35617216130004,192.83232846804668,0.007985394964299,0.1978697103295615,0.0,4.841678677136399,0,R,HH
3045,0.0,0.0510684440059232,8.020334790987409,27.21174208367371,0.0214464295546372,0.0632780395684823,0.0,6.3932386771364005,0,R,HH
3046,0.0,0.0153399117020499,3.1325211484985,49.44873099415308,0.0129398577646744,0.0149117643660163,0.0,8.7190785745833,0,R,HH
3047,0.0,0.1124807849561483,73.0058985583611,198.03197093801583,0.0082242427333285,0.22088152318227,0.0,10.767218394463868,0,R,HH
3048,-2.9093000000000018,0.0447853699014497,1.4638590810477594,12.445307169983236,0.1607190075067191,0.0865509882649162,128.9093,12.281339701092412,1,R,HH
3049,-2.9093000000000018,0.0501831952045951,1.920044983255063,13.88310194680106,0.0996069272882198,0.0703568625721252,128.9093,13.258782043543684,1,R,HH
3050,-2.912000000000006,0.0422263620947871,1.8127137029851847,16.603201565925545,0.0869561385134053,0.0579875795775318,122.912,15.51101338455662,1,R,HH
3051,-0.0017999999999993,0.079121885750547,31.9250742480662,148.46289736148856,0.0110405612578777,0.1296667380872282,12.0018,16.861742900114784,1,R,HH
3052,0.0014000000000002,0.0859317985258018,27.826275741169542,123.38493805918004,0.0132850024259539,0.1359947805471895,23.9986,20.656679871829077,1,R,HH
3053,-0.0037999999999982,0.1158570386874022,35.24130511836844,115.28121965291062,0.0135998667584652,0.1763161747933718,30.0038,22.27378850334848,1,R,HH
3054,-2.9117000000000037,0.0768747329333334,8.029177110291714,40.35969449549518,0.038213474524744,0.1128737836329222,56.9117,23.706433795651485,1,R,HH
3055,-2.9151999999999987,0.1102814740478066,27.488883940245216,98.64311171450882,0.0168149436214434,0.1700427192031277,44.9152,26.18005524305958,1,R,HH
3056,-2.9106000000000023,0.111568158022877,25.734471788126665,86.34627430871946,0.0161467299120159,0.1528640485474719,68.9106,28.74297791360585,1,R,HH
3057,-2.9117000000000037,0.1034406024348382,17.366167352368134,70.48824939050697,0.0234537097181067,0.149837681926233,56.9117,29.76510673440208,1,R,HH
3058,-2.9106000000000023,0.1184429122673451,22.81937272461137,76.54465178036494,0.0210780892993163,0.1769458821407075,68.9106,31.895214619875723,2,R,HH
3059,-2.9213000000000022,0.1117963250230671,22.08046469874039,68.32718835298812,0.0235562382726412,0.1913461224545022,92.9213,34.95228787047692,2,R,HH
3060,-2.9213000000000022,0.1037806840063709,12.10090081576932,49.332480943400505,0.0351256356010335,0.156367830608616,92.9213,38.31279639877295,2,R,HH
3061,-2.911500000000004,0.0871679839316375,10.205335985012637,48.72419108060684,0.0420723678739572,0.157953691682582,98.9115,41.58626115389637,2,R,HH
3062,-2.9081999999999937,0.1044683075064837,34.73707578768968,75.74152520808889,0.0239410737020323,0.3059443222256355,104.9082,42.857513664431394,2,R,HH
3063,-2.9102000000000032,0.102834985028928,6.344087918858102,27.22907980835137,0.0731121336062768,0.1706334489225713,116.9102,44.81549675809704,2,R,HH
3064,-2.912000000000006,0.1421040224683665,39.58218352174706,54.6295243324209,0.032524432590835,0.4736035999920313,122.912,46.60849123917596,2,R,HH
3065,-2.9102000000000032,0.0957784887981358,4.954551660853786,27.217366626671534,0.1238194129097175,0.2256828822733031,116.9102,49.105368683817495,2,R,HH
3066,-2.9093000000000018,0.0443320401719692,1.343302734795783,18.21385799034081,0.3920136215501041,0.1937227274936285,128.9093,51.03389726964582,2,R,HH
3067,-2.9093000000000018,0.0750853941517946,2.25538670953246,18.15218910488441,0.5639845671032023,0.4679438620781498,128.9093,52.45984726964582,2,R,HH
3068,-2.9062999999999874,0.0797621899005062,1.9211517645677656,12.26361999686703,0.4799869421845881,0.3392318453860057,134.9063,54.66903351577482,2,R,HH
3069,,,,,,,140.9059,56.08361294681298,2,R,HH
3070,,,,,,,150.7583,59.776306235429,2,R,HH
3071,,,,,,,150.7583,61.61432187973936,2,R,HH
3072,,,,,,,163.9819,66.17442601804689,2,R,HH
3073,0.0,0.1246309949694725,23.538310057737096,40.72037080201181,0.0129793648309587,0.112391699250988,0.0,0.2507752312829154,0,L,HH
3074,0.0,0.1589494411678637,31.10176186144025,50.572215614626224,0.0128052653819728,0.1465139892092919,0.0,1.127774820013078,0,L,HH
3075,0.0,0.0898791035969548,17.17941444581038,40.45259016818093,0.0128388907940617,0.0811411913461236,0.0,1.8188213242956768,0,L,HH
3076,-2.907600000000002,0.019007523044554,1.849443584922432,28.176887845239857,0.0350253363184683,0.0238302676660511,62.9076,8.152407615344675,1,L,HH
3077,0.0021999999999984,0.0286533594775873,6.716986111281934,88.77048392755277,0.0134482677870137,0.0332312223848325,23.9978,9.995350459222369,1,L,HH
3078,-2.909700000000001,0.0261714763670305,1.7717870522640526,26.691754445563653,0.0486653455581787,0.0317202683883652,116.9097,13.962409040458638,1,L,HH
3079,-2.9093000000000018,0.0204197821882603,0.6676989883193272,7.232063552034063,0.1210287677586773,0.0297286267170516,128.9093,16.224024946018773,1,L,HH
3080,-2.9129000000000005,0.0693490220364221,14.004396679215644,81.48481148805521,0.0165296841839752,0.0851597696276302,56.9129,29.73344058493693,1,L,HH
3081,-2.907600000000002,0.0466241294409132,5.991178441269362,51.80058214813642,0.0255559952117915,0.0563262153155269,62.9076,36.01265444963721,1,L,HH
3082,-2.914100000000005,0.0530956709803432,18.631868989594786,104.42400073085555,0.0145070777466242,0.0994355953702545,80.9141,38.809994677687946,1,L,HH
3083,-2.9107000000000056,0.0558025469886983,5.622467347466771,41.38341980213808,0.0388913189193173,0.0804424208095217,98.9107,42.75591117964864,2,L,HH
3084,-2.909400000000005,0.0519066631098363,5.114136808565617,40.48011212090236,0.043050628277345,0.0809948403436356,104.9094,47.42655239262908,2,L,HH
3085,-2.909700000000001,0.0433256558485796,2.934026941413678,26.74518122461818,0.054165261532552,0.0584642603873478,116.9097,49.03476849883204,2,L,HH
3086,-2.9121999999999986,0.0695049396848512,3.6299791029431305,20.1107982687948,0.0666479441592015,0.0890013103200448,122.9122,50.5197983150436,2,L,HH
3087,-2.9093000000000018,0.0431795070239166,1.4269848851726925,10.402849955988502,0.1376573896215538,0.0722644032953867,128.9093,53.26742592219671,2,L,HH
3088,,,,,,,164.5361,54.639181464469296,2,L,HH
3089,,,,,,,140.9069,58.25476995118236,2,L,HH
3090,,,,,,,150.7586,60.195707154612194,2,L,HH
3091,0.0,0.0062058644137693,0.9451043487755916,-0.5019632073982753,0.4008157174436387,0.1393573961491458,0.0,3.340869045176988,0,R,HH
3092,0.0,0.0365588456515434,,,,,0.0,4.677587502299406,0,R,HH
3093,0.0,0.1242911120775554,24.387095043097165,70.1777622104687,0.013539338309218,0.1214683211691571,0.0,6.006042823224081,0,R,HH
3094,0.0,0.0314222032629807,5.585705858766126,29.53238600441741,0.0141660961760996,0.0291094343413025,0.0,8.042260938754804,0,R,HH
3095,-0.0041000000000002,0.1065250417670189,32.57910057524971,127.35032907429544,0.0120325817815564,0.1442126743213635,6.0041,11.373828598617385,1,R,HH
3096,-2.915399999999998,0.0503507824381749,6.598665730832476,52.40860119032669,0.0269412724736302,0.0654003016006414,50.9154,13.591609813508994,1,R,HH
3097,-0.0032999999999994,0.101455520531152,30.19922109505263,120.07994892406134,0.012516508798143,0.1390543145953231,18.0033,21.245182715885875,1,R,HH
3098,-2.915500000000001,0.1288019127466506,26.388463188863444,84.88499286138548,0.0160885684699687,0.1561841720701755,44.9155,22.45509550613152,1,R,HH
3099,-2.9107999999999947,0.0645453670757655,5.774332795372158,14.893825662450858,0.050125791700701,0.1064801301620122,68.9108,24.32521334468649,1,R,HH
3100,-2.907600000000002,0.1019751898058376,28.704273940467363,98.37586407361891,0.016019112996031,0.1691572238416651,62.9076,25.46679067999934,1,R,HH
3101,-2.907600000000002,0.0726525590484835,8.427611723016856,46.50503835976958,0.0266885562558769,0.0827437343757426,62.9076,27.978260817687627,1,R,HH
3102,-2.9107999999999947,0.0911484857739833,10.08784273579326,36.62551238179935,0.0318272742107729,0.1181145139498855,68.9108,30.111426831211197,1,R,HH
3103,-2.907600000000002,0.126679984387567,43.45479298687248,112.83777718973997,0.0137924455815832,0.2204877585743803,62.9076,31.206384056000303,2,R,HH
3104,-2.914100000000005,0.084318702625207,22.88255512226109,88.97177294343173,0.0177660881087707,0.1495553132863901,80.9141,33.45583253451108,2,R,HH
3105,-2.9146999999999963,0.1143395288085699,28.04995263694236,85.54353208510844,0.0202186768717937,0.2086365448563355,74.9147,35.75571381096901,2,R,HH
3106,-2.9146999999999963,0.1079331313182601,21.17040673740134,74.99473573208581,0.0227728025808964,0.1773581709374928,74.9147,37.3744209737742,2,R,HH
3107,-2.920500000000004,0.1025410643672621,13.383931521357049,52.93882447973186,0.0338469033092683,0.1666510923769971,92.9205,40.821964608165615,2,R,HH
3108,-2.920500000000004,0.090875395064404,12.038158797059896,54.636441266846354,0.0381286082789669,0.1688560164614338,92.9205,42.67113278957929,2,R,HH
3109,-2.9107000000000056,0.1035436993758547,51.86139322277878,90.96451869839024,0.0217603977405674,0.4151609785609984,98.9107,44.42645604143316,2,R,HH
3110,-2.9128999999999934,0.0821440637441667,44.988646104832334,81.29094648720583,0.0240257790142857,0.3976362046607019,110.9129,46.53904127188213,2,R,HH
3111,-2.9121999999999986,0.071094324981351,2.865738848880992,21.824580879108836,0.1828872969108016,0.1928082755205797,122.9122,49.77379390885356,2,R,HH
3112,-2.9121999999999986,0.0779876702394952,3.158446262297089,21.495087415206147,0.1745332665483975,0.2027949926328227,122.9122,51.03779390885356,2,R,HH
3113,-2.9093000000000018,0.0505217961670304,1.9756635209068063,16.565461857576043,0.1069802147197387,0.0777538610852504,128.9093,52.90519650061373,2,R,HH
3114,-2.9093000000000018,0.0867906462721568,2.61861776436968,18.03376872638196,0.4319725109713555,0.4161345152317088,128.9093,57.05572454405876,2,R,HH
3115,,,,,,,150.7586,60.22751471788413,2,R,HH
3116,,,,,,,150.7586,61.42931219832749,2,R,HH
3117,,,,,,,150.7586,64.06663677278095,2,R,HH
3118,,,,,,,163.9811,65.94569514190492,2,R,HH
3119,,,,,,,163.9811,68.32903802588345,2,R,HH
3120,0.0,0.0273461798834886,4.266379194579646,5.128295881934835,0.0644575913687231,0.1011670401019936,0.0,2.010701533803597,0,L,HH
3121,0.0,0.0213967245240449,3.33788903373204,-0.0788436902104096,2.728800545389656,3.350805394914324,0.0,4.969375856015794,0,L,HH
3122,0.0029000000000003,0.1154084765040035,32.26926782538089,109.43757176292826,0.0112564686996138,0.1336277936426377,23.9971,5.186021743352711,0,L,HH
3123,0.0,0.2033359429789849,73.96599074028141,138.6367934642692,0.0089463664433115,0.2434357065471282,0.0,7.200301389290053,0,L,HH
3124,0.0,0.0324607708679274,5.052165504266369,15.439785364244669,0.0347890440064332,0.0646584935438215,0.0,9.23711874966488,0,L,HH
3125,-0.0022999999999999,0.0690810630978095,11.831626045143052,63.52118092759957,0.0229724193324927,0.0999900275419008,12.0023,11.420802547873926,1,L,HH
3126,-2.9166999999999987,0.0322038627243183,4.87977115226071,47.89057880903311,0.0143842964155987,0.0258222212132421,44.9167,12.256029837717836,1,L,HH
3127,-2.9133000000000067,0.0681398962535711,4.000412481180915,17.440536484322262,0.0553265636971824,0.081422416777339,110.9133,13.381770967507451,1,L,HH
3128,-0.0033999999999991,0.0780548652908884,35.17035772886197,157.887466832627,0.0095622517839185,0.1237207313873384,18.0034,13.781227497432798,1,L,HH
3129,-0.0022999999999999,0.0708291570005433,17.498819512815547,106.1024515501035,0.0140381717293024,0.0903701120351562,12.0023,15.593166787668707,1,L,HH
3130,-0.0033999999999991,0.0882381454407841,25.738420900161305,114.35202974815152,0.0122860470942758,0.1163321065538443,18.0034,16.813067229713056,1,L,HH
3131,-2.911900000000003,0.0649954204670783,4.465080907233084,25.42485003704147,0.0568223354864591,0.0933370199619109,98.9119,19.13677521403377,1,L,HH
3132,-2.9151000000000025,0.0919055310299572,13.327038154463104,57.48604976101432,0.0215631407631222,0.1057185449542209,56.9151,20.87548319710626,1,L,HH
3133,-2.9166999999999987,0.1009190146514149,9.8741853723312,38.75782243670371,0.0368737755364345,0.1339443508809712,44.9167,23.59428891187305,1,L,HH
3134,-0.0031999999999996,0.1550853600146213,69.1375218905497,146.15257116440296,0.0118992294750255,0.3026482499706879,30.0032,26.689195225000734,1,L,HH
3135,-2.916400000000003,0.1480075698638579,29.548331679191595,81.50906705853669,0.0181914321021553,0.1977449372049455,50.9164,27.64457276817412,1,L,HH
3136,-2.909799999999997,0.0836319828609816,30.90690121284706,115.60636223712092,0.0147758766771306,0.1680019179807313,62.9098,30.305459773211364,1,L,HH
3137,-2.9133000000000067,0.1761406670193686,13.500544649344912,30.7067009693626,0.0490381696644371,0.2435516406524291,110.9133,30.47742773098257,1,L,HH
3138,-2.909799999999997,0.1262736656757783,33.87263183778702,97.60674211173946,0.0152396099177875,0.1899014630095709,62.9098,30.872317115494237,1,L,HH
3139,-2.9148,0.1109857953830138,68.7833197746831,136.66124168221577,0.0128376755381891,0.3248441469394883,74.9148,33.68335954284407,2,L,HH
3140,-2.913399999999996,0.1380264462103668,22.30215757486354,63.33746024423945,0.0234418944679776,0.1923291465971837,80.9134,34.703051586372304,2,L,HH
3141,-2.913399999999996,0.1212443694765265,27.081577423871504,78.8243626971411,0.021307932509458,0.212285723266833,80.9134,36.98388152352194,2,L,HH
3142,-2.909700000000001,0.068274463832024,7.92750868215431,45.82310518077723,0.0415950032270117,0.1213063140709363,104.9097,38.416528541780494,2,L,HH
3143,-2.911900000000003,0.0939713269388785,19.790108262647752,65.8650480642198,0.0265847618315102,0.1935470079938472,98.9119,40.22720854178049,2,L,HH
3144,-2.9133000000000067,0.0982153079360041,8.535812124630509,35.461964496121105,0.0488310737283969,0.1533368861262859,110.9133,42.16265239054066,2,L,HH
3145,-2.909700000000001,0.117919168038952,93.6001789777558,102.0340936579664,0.0191955944965989,0.6609730682284031,104.9097,42.84758943225872,2,L,HH
3146,-2.9133000000000067,0.1030506067612334,6.983993401596536,33.59532123812511,0.0849378031520222,0.2182279447808796,110.9133,45.43958439229726,2,L,HH
3147,-2.9098999999999933,0.1163216306667884,6.097563072478432,27.217565064127957,0.11927594190642,0.2675559874584312,116.9099,47.85880531618832,2,L,HH
3148,-2.9098999999999933,0.1060475243567983,5.098374122308746,27.807799580061104,0.1647126437362773,0.3089328971154355,116.9099,49.7471064876057,2,L,HH
3149,-2.913399999999996,0.0868092218950449,3.4527596487177843,23.327016345621164,0.2263849099099857,0.2875539518501351,122.9134,51.91087114807935,2,L,HH
3150,-2.906800000000004,0.1006415622694617,2.8888191377739005,12.236542066703135,0.1715046305043175,0.1822643456725659,134.9068,54.02172447860863,2,L,HH
3151,,,,,,,140.9059,55.259729776587726,2,L,HH
3152,,,,,,,163.9803,56.76528590770582,2,L,HH
3153,,,,,,,140.9059,58.244979479885465,2,L,HH
3154,,,,,,,150.7586,59.98626818555996,2,L,HH
3155,,,,,,,163.9803,62.15980713153824,2,L,HH
3156,,,,,,,163.9803,64.01791134574218,2,L,HH
3157,,,,,,,163.9803,65.9369310215087,2,L,HH
3158,0.0,0.0548716177460742,7.31192973501365,-5.357864505057612,0.0364854549882392,0.098142540052678,0.0,1.049855607004881,0,R,HH
3159,0.0,0.0100191192394037,1.5466290414434694,0.3467421996738454,0.2761573902095254,0.1571261063645533,0.0,4.292730828878208,0,R,HH
3160,0.0,0.0154696812784087,9.310644758128277,240.47162551899575,0.0039322626486101,0.013468765539157,0.0,4.671846058986416,0,R,HH
3161,0.0,0.0369975085355999,19.382877542678767,223.43774855671063,0.0038974456227484,0.0277909782731419,0.0,6.720331742579116,0,R,HH
3162,,,,,,,30.0032,8.414278817996037,0,R,HH
3163,0.0,0.0077508943272433,1.2091395193106826,0.1793114923322245,2.8956374448143527,1.288030413721169,0.0,9.423994784523195,0,R,HH
3164,0.0,0.0141422544110143,2.1999692063555174,-0.623316340386761,0.6244281788714895,0.5053643631487157,0.0,11.57735810754758,0,R,HH
3165,0.0,0.0367854584432484,15.683421811148666,159.38837509188218,0.0063578150894273,0.0366821036732971,0.0,11.841086104559912,0,R,HH
3166,0.0,0.0245627040217769,3.831781842750992,-0.0239117339742019,2.7766732341411737,3.9140923396696734,0.0,14.368749585817476,0,R,HH
3167,-0.0031999999999996,0.0581866111288311,9.0362910262046,64.12640345987673,0.021363000673291,0.0710162902373871,30.0032,16.177858175393343,0,R,HH
3168,0.0,0.021515353437532,2.8824398876014308,1.3702914885578694,0.1399188575835695,0.1483686098711604,0.0,17.965020124618817,0,R,HH
3169,0.0,0.0692627934502364,21.950262428498093,129.94291279223472,0.0089255191949745,0.0720740162367013,0.0,18.87526855533294,0,R,HH
3170,0.0,0.012897502391486,,,,,0.0,19.800402940200375,0,R,HH
3171,0.0,0.0133855037981002,2.0808211819009075,0.4849588603514027,0.2781946551563005,0.2129555975691466,0.0,20.877135983266285,0,R,HH
3172,0.0,0.0108228131710229,1.692534220441633,15.520817724001388,0.0440235670529529,0.027411209891091,0.0,22.4729489337188,0,R,HH
3173,-0.0034,0.0438571102423207,6.972795071743128,54.75065488505992,0.0216638259290354,0.055570918766253,6.0034,22.526575912003985,0,R,HH
3174,-0.0031999999999996,0.0961537272913823,14.51778171996243,48.35768949660432,0.0204493217305327,0.1092156030684484,30.0032,23.231559328639044,0,R,HH
3175,0.0,0.0765952601451334,18.487841174043503,98.69794546069576,0.0149579925220678,0.1017337448734256,0.0,24.675195597131783,0,R,HH
3176,0.0,0.0896455348243832,15.54836527624096,61.091878852024266,0.0219382926093795,0.1254853648567625,0.0,26.827798252618024,0,R,HH
3177,-0.0034,0.1027009949692259,29.44453564866004,115.0610423624914,0.0129144791938222,0.139890146424568,6.0034,29.29308153784559,1,R,HH
3178,3.090299999999999,0.1126096950473192,8.217484708407413,30.05810847374581,0.0539194321560205,0.1630007987359009,104.9097,31.72011561409875,1,R,HH
3179,-0.0031999999999996,0.0620420841819259,8.678970777933193,46.08022951963991,0.0292445426802074,0.0933724121900278,30.0032,34.27927823171808,1,R,HH
3180,-8.371899999999997,0.0912618018075214,18.868233017584902,81.69643004673868,0.0182995900142813,0.1270217550295233,44.3719,36.15918576476351,1,R,HH
3181,-8.371899999999997,0.115400762100283,25.960212799661694,90.54908299493071,0.016570415277627,0.1582512535242978,44.3719,37.02881494645819,1,R,HH
3182,-2.9151000000000025,0.1025756637518224,15.877938305742733,62.95298197025528,0.0224169444990446,0.1309411180373683,56.9151,39.24673188229755,1,R,HH
3183,-2.909799999999997,0.0551308590217925,7.206385112151138,48.93703642011209,0.0250228801974366,0.0663376804531604,62.9098,41.154980626289294,1,R,HH
3184,-2.9151000000000025,0.0704549064072081,11.548990076825897,62.99773664120695,0.0189803005822145,0.0806403886396988,56.9151,43.35041573231824,1,R,HH
3185,,,,,,,150.7586,44.8530514699483,1,R,HH
3186,-2.909799999999997,0.1048046215054539,21.90552011230229,81.82247309499967,0.0166861844258258,0.1344671272532182,62.9098,45.72883622021517,1,R,HH
3187,-2.919700000000006,0.0482088993826963,4.017060853726767,32.01911296429028,0.0379185941952076,0.0560358748585934,92.9197,47.60200116255309,2,R,HH
3188,-2.9148,0.078454420772268,14.593222705553764,71.34660925329638,0.0189675924073578,0.1018284039906401,74.9148,50.068137437749066,2,R,HH
3189,-2.913399999999996,0.1201479547991837,13.729900644025571,44.13306718653482,0.0299372435757214,0.1512114658411478,80.9134,50.60904997553353,2,R,HH
3190,-2.919700000000006,0.0846860084166465,7.375348951999625,31.821909956814377,0.0411636095564676,0.1116867211575775,92.9197,53.89316707278526,2,R,HH
3191,-2.911900000000003,0.0857041230767308,14.386296494968496,59.96523706692587,0.0245221545533479,0.1297816077812257,98.9119,55.09787891154708,2,R,HH
3192,-2.9098999999999933,0.0353555124066423,2.322082706103326,24.75299096664965,0.0471547864120326,0.0402818106978442,116.9099,56.38838781762297,2,R,HH
3193,-2.9133000000000067,0.1473663153740614,10.112718510053131,28.68740007088546,0.0604038345924159,0.2247180442313417,110.9133,58.81121385084396,2,R,HH
3194,-2.9133000000000067,0.0975979055326476,8.856114282027933,36.71559331423885,0.0446059086618134,0.145325264152856,110.9133,61.1271683161272,2,R,HH
3195,-2.9098999999999933,0.1372397535076101,7.733517556841197,24.467292762222176,0.0792175720003157,0.2253741600524419,116.9099,63.258099530966085,2,R,HH
3196,-2.913399999999996,0.113134616637607,6.181076805222977,23.346894451880573,0.0780864127868723,0.1775599975789175,122.9134,65.055147405138,2,R,HH
3197,-2.91040000000001,0.0984956435108396,3.592319715915989,16.053441659056322,0.1337792507055599,0.1767947071781308,128.9104,67.69654768193544,2,R,HH
3198,-2.91040000000001,0.1165356663921494,4.69887095560929,17.2066118459603,0.1061538333906575,0.1834994294277104,128.9104,69.22579272509017,2,R,HH
3199,-2.91040000000001,0.0433635044423984,1.7844519286109937,19.173672412351195,0.1131152078444659,0.0742559688550453,128.9104,70.74503620379588,2,R,HH
3200,,,,,,,140.9059,73.86898525583563,2,R,HH
3201,,,,,,,150.7586,74.50700844796896,2,R,HH
3202,,,,,,,150.7586,76.6745407938987,2,R,HH
3203,,,,,,,163.9803,78.64776183122535,2,R,HH
3204,,,,,,,163.9803,80.67878221652376,2,R,HH
3205,,,,,,,163.9803,82.12944754879538,2,R,HH
3206,0.0,0.2141024013546428,36.38961354849109,36.657900214244165,0.0166977477502729,0.22353259378814,0.0,1.717790139274328,0,L,HH
3207,0.0,0.0186436225353121,3.399121391005694,29.11540637878314,0.0163478865375325,0.020442490637169,0.0,3.3304155448970194,0,L,HH
3208,0.0,0.0165288382073343,2.394022873103915,-0.1494366297156934,0.4073860063257586,0.3587896615853115,0.0,5.900316896311214,0,L,HH
3209,-2.9128999999999934,0.0433171274678792,4.155598046905728,37.4534340439434,0.0477075274594966,0.0729333161329237,68.9129,6.514368770115731,0,L,HH
3210,0.0,0.0110845924754302,1.5282691678282452,0.1369435430256606,0.5153193356076693,0.2897222223059136,0.0,7.191517213664119,0,L,HH
3211,0.0,0.2126648117380292,18.159975167733133,19.78260857287255,0.0327576783968162,0.2188436165855546,0.0,8.267595250840888,0,L,HH
3212,,,,,,,150.7576,9.252288195704994,0,L,HH
3213,0.0,0.0082387887638744,1.2564284102330967,-10.279360788569308,0.0392616340416331,0.0181472840400978,0.0,9.973095555545331,0,L,HH
3214,0.0,0.1698680632652887,29.191115019744952,48.48977139933124,0.0184466912403034,0.1980955322924246,0.0,10.501687619428246,0,L,HH
3215,-0.0035999999999987,0.0368998959135289,38.84789006125397,238.60823312785536,0.0070020828934888,0.1000691479441792,18.0036,11.291781749014584,0,L,HH
3216,0.0,0.0331328450952431,4.955768343641351,-0.178054700053645,0.5151374687383188,0.9391601464827138,0.0,12.038291202939982,0,L,HH
3217,0.0,0.0222656036359658,3.4154836366103027,-0.5678993719286705,0.3572670764037447,0.4489011553479461,0.0,12.9943851059018,0,L,HH
3218,0.0,0.0050104975769756,0.780094469033033,2.293094466178799,0.8065225396371164,0.2314564169669094,0.0,13.095298136279446,0,L,HH
3219,0.0,0.0044604668299968,0.6478150743100592,5.690952234415626,0.1603922850386815,0.038224344129172,0.0,14.246444413772396,0,L,HH
3220,0.0,0.015641347381218,2.431235462369968,-0.0987208384674679,0.641665629834601,0.5739067295763836,0.0,14.74919733519603,0,L,HH
3221,0.0,0.2045714239350471,40.71713170492637,68.85048581944328,0.0156148489401142,0.233894754469806,0.0,14.889968153194648,0,L,HH
3222,0.0,0.0183536915290088,2.7912042629250604,-0.5551643963186065,0.3138174456159708,0.3222361209249971,0.0,16.617059283900826,0,L,HH
3223,0.0,0.1838464991278255,5.360445222913335,1.5745992123643808,0.1725465331199976,0.340261347999253,0.0,18.16320408429678,0,L,HH
3224,0.0,0.0063030883391293,0.9867319611621744,5.781190169340864,0.1438096936296837,0.0522026890455988,0.0,18.32262952925461,0,L,HH
3225,0.0,0.0122136300680974,1.868529497174135,2.0214227174744925,0.0980345963032829,0.0673883528258308,0.0,19.17064551215713,0,L,HH
3226,0.0,0.0129138480908167,2.1587959196213866,42.7048207231956,0.0276616218494995,0.021968213800944,0.0,20.477266070901557,0,L,HH
3227,0.0,0.0135103114891279,2.060270337307426,5.633762172427145,0.1041280814235444,0.07892191133076,0.0,20.902669969833656,0,L,HH
3228,0.0,0.0131533330065276,2.009855880394194,11.212171199123391,0.0556660057819791,0.0411585906537114,0.0,21.80111645752404,0,L,HH
3229,0.0,0.1214353929746554,29.275373218042205,97.8827643401032,0.0135416615968268,0.1458410945800531,0.0,22.822478207038905,0,L,HH
3230,0.0,0.045937252555684,7.053185870823106,33.98505449714207,0.0323440808999908,0.0839239007597302,0.0,23.016159560426367,0,L,HH
3231,0.0,0.1157823592656724,28.462374283298782,101.5935418215007,0.0154362192622773,0.1616283659634604,0.0,24.40111700674202,0,L,HH
3232,0.0,0.0995839456606012,18.345493550705196,72.6834952359669,0.021717280618223,0.1465684048464986,0.0,25.18106141883788,0,L,HH
3233,-0.0053999999999998,0.0795324915132147,13.881511233617593,68.49655964709737,0.02468070878332,0.1260375332102777,6.0054,25.446878362641108,1,L,HH
3234,-0.0053999999999998,0.1365065081057229,30.12744815321429,93.86699862412884,0.0152602206799657,0.169133127598805,6.0054,27.2906783880061,1,L,HH
3235,-0.0035999999999987,0.1546117616182434,31.15043639680133,79.08535924788457,0.0167606838474148,0.1920708186655411,18.0036,28.53695964605908,1,L,HH
3236,0.0035999999999987,0.1572974014915418,36.06336332240238,90.86941251823689,0.0145733690026886,0.1933444485678409,23.9964,29.732799702163497,1,L,HH
3237,-0.0035999999999987,0.1141729653734006,24.69270966327469,82.9363250073408,0.0146510548632661,0.1330893067126981,18.0036,30.833576066527957,1,L,HH
3238,0.0035999999999987,0.0736988483371338,9.77198034537646,30.46379974514838,0.0390787187019136,0.1404845027765484,23.9964,31.507577055569637,1,L,HH
3239,-0.0021999999999984,0.1713060508390216,33.13408494208849,77.38752281595697,0.0171358305840121,0.2088746134339431,30.0022,32.72297504478476,1,L,HH
3240,-2.916400000000003,0.0722193492561707,7.806351611008979,16.72384084584851,0.0550316003313485,0.1580395444671595,50.9164,32.9268287241727,1,L,HH
3241,-8.371099999999998,0.1675997731057739,38.86358880204868,92.93547568592956,0.0149521306853633,0.213772336844068,44.3711,36.05335174578782,1,L,HH
3242,-2.916800000000002,0.110301435408954,20.39668907475608,75.96816701591052,0.0188759744387004,0.1416363003932786,44.9168,37.5810523199157,1,L,HH
3243,-2.916400000000003,0.1383353754056439,21.528665730986454,64.01745454836065,0.0228426125373886,0.1809124295322454,50.9164,38.772484573729365,1,L,HH
3244,-2.9128999999999934,0.1152565763909544,18.04808682955773,63.68494238572752,0.0206030206041729,0.1367941693617818,68.9129,40.63488980900105,1,L,HH
3245,-2.9128999999999934,0.1028233224015874,19.84712041336143,76.02807732217553,0.0175052709589429,0.1278120675175219,68.9129,41.722066656111885,1,L,HH
3246,-2.9128999999999934,0.1193574083432748,20.98344841284315,70.71564913269933,0.0189627571124454,0.1463807142689983,68.9129,42.19020165226684,1,L,HH
3247,-2.9161,0.1469222021139093,23.29424205700451,66.86749204167745,0.0235413749694678,0.201737171308819,56.9161,44.00208146672614,2,L,HH
3248,-2.9136000000000024,0.0971791039581505,23.369364835232847,83.5817849893933,0.0182091426777269,0.1565459821411676,80.9136,46.80749224192032,2,L,HH
3249,-2.9136000000000024,0.1477186854561638,19.237791870421503,52.59287877275841,0.0294828961675067,0.2086560025783908,80.9136,48.4664508236512,2,L,HH
3250,-2.914000000000001,0.1054207026432872,18.77678796174799,70.25374882853245,0.0225321592092468,0.1556430136724319,74.914,49.95375981280826,2,L,HH
3251,-2.9136000000000024,0.1485943155380613,25.35691067033945,65.93370885472346,0.0236532458967904,0.2206442455631955,80.9136,51.200772393828416,2,L,HH
3252,-8.207700000000003,0.0851263334427609,11.198112701689071,54.551786744617786,0.0322749462237959,0.1329584303846462,92.2077,54.95850003600911,2,L,HH
3253,-2.9129999999999967,0.1619149955794345,19.785168743642974,48.025613095584816,0.0335356335087991,0.2440910140184735,98.913,57.762832279201525,2,L,HH
3254,-2.9129999999999967,0.11467936521052,13.133515476058829,46.60311191771604,0.0383582727156401,0.1853299253489585,98.913,60.01909003516211,2,L,HH
3255,-2.9107999999999947,0.1461765342342256,14.890710869029412,41.79092181687033,0.0446185494710811,0.2444198068844076,104.9108,62.09138315630922,2,L,HH
3256,-2.9144000000000005,0.1479348265044681,13.110982648917702,35.87483602885656,0.0472999088838654,0.2281398044084714,110.9144,64.14293825765425,2,L,HH
3257,-2.9107999999999947,0.1226033078814265,12.156209677123982,41.81642577912749,0.0486156447023455,0.2174101170831476,104.9108,65.46325966632543,2,L,HH
3258,-2.912700000000001,0.1577788898321805,7.385462085281419,21.437496220332232,0.1035250321977879,0.2812733367708712,122.9127,68.72158084145896,2,L,HH
3259,-2.9093000000000018,0.0925572620320629,3.683284623026619,17.574560369049678,0.1097941657804639,0.1487716094347982,128.9093,71.44458238568565,2,L,HH
3260,-2.9093000000000018,0.125702089326927,4.276333383330983,15.612059152257276,0.1700711374189152,0.2675516846234679,128.9093,72.21136755163911,2,L,HH
3261,-2.907800000000009,0.2164131480886917,5.210334030882407,11.56322421255061,0.4636997749399023,0.8888080302002751,134.9078,74.83405269631992,2,L,HH
3262,,,,,,,140.9058,77.48622818828892,2,L,HH
3263,,,,,,,150.7576,79.2354782194787,2,L,HH
3264,,,,,,,163.9814,81.63308651091077,2,L,HH
3265,,,,,,,163.9814,82.80273774968668,2,L,HH
3266,,,,,,,150.7576,84.75866431102298,2,L,HH
3267,,,,,,,150.7576,86.43333870151369,2,L,HH
3268,,,,,,,163.9814,91.58394861950627,2,L,HH
3269,0.0,0.0087172258602383,1.3612328575320178,-0.0686416225380259,0.294588478212887,0.1475209493715594,0.0,3.827841952319458,0,R,HH
3270,0.0,0.0085590878045326,1.1828980598611778,1.520193309226432,0.5130480848680989,0.2232599938138131,0.0,6.640428454662718,0,R,HH
3271,0.0,0.0117602989250697,1.7810807099038275,1.1232700274116731,0.6052948410607291,0.3966030872629256,0.0,7.603148172757762,0,R,HH
3272,0.0035999999999987,0.0586265632654363,12.30923018174006,87.6087586014441,0.0174109741286649,0.0788423356232898,23.9964,8.473109329099222,0,R,HH
3273,0.0,0.0524512979645071,8.091050796811263,-0.9057923187714187,0.3387543993432617,1.0083130542366845,0.0,10.12929575739592,0,R,HH
3274,0.0,0.3196951478709081,68.55358798812114,77.58583399181421,0.0133871962557154,0.3376178021065191,0.0,11.517798518636496,0,R,HH
3275,0.0,0.0131569403513714,2.1387452250542616,20.51107217838451,0.0366879688284763,0.0288661084834329,0.0,11.819450271490677,0,R,HH
3276,0.0,0.2502106548266474,62.846242119843,98.00933413879793,0.0120992142210745,0.2797319021289841,0.0,13.368376579398808,0,R,HH
3277,0.0,0.0274173068066308,4.046612620700345,1.9637517101631772,0.0657633418626949,0.0978996240841854,0.0,14.179484625962274,0,R,HH
3278,0.0,0.1314949954111104,65.4054229772103,182.2818712819867,0.0070542643804439,0.1697348452855459,0.0,15.78744355738514,0,R,HH
3279,0.0,0.0472626322849112,,,,,0.0,16.44019217166756,0,R,HH
3280,0.0,0.2084952674178253,45.94444041278296,84.51948578898295,0.0141152629573304,0.2385763871369682,0.0,17.871103422322378,0,R,HH
3281,0.0,0.0461192361950027,10.356790193645844,92.39806043367078,0.0118195954348714,0.045033251817797,0.0,18.87734141138012,0,R,HH
3282,0.0,0.0073431242656632,1.0086601253800644,3.9360819463054906,0.2169287936363403,0.0804947529343622,0.0,19.79093021587589,0,R,HH
3283,0.0,0.0108037616680824,1.4480317280423265,4.866521043289303,0.0929293987027051,0.0495035931817619,0.0,21.45535203725355,0,R,HH
3284,-0.0053999999999998,0.1425342948540688,30.69282369407771,94.58111492991176,0.0178720181441464,0.2017975826541161,6.0054,23.232035097514384,0,R,HH
3285,0.0,0.1125332736245742,28.66384053770368,108.02716786568874,0.0141254589394915,0.1489506710910081,0.0,25.337811999251237,0,R,HH
3286,-0.0053999999999998,0.0719141286722501,12.044000791176677,67.17627691988777,0.0236798412022156,0.1049192262511277,6.0054,26.57435759080862,1,R,HH
3287,-0.0053999999999998,0.1142235669382879,29.253866027563127,102.32377351764168,0.0144781811960762,0.1558126786555087,6.0054,28.04773729339727,1,R,HH
3288,-0.0021999999999984,0.0695020720485215,8.662270954367239,23.09166582488817,0.0390853659339477,0.1245522177008332,30.0022,31.34450770178613,1,R,HH
3289,-0.0021999999999984,0.0430095952512,5.551827354109034,27.706508229566047,0.050577545215524,0.103299737389781,30.0022,31.962586064364597,1,R,HH
3290,-0.0021999999999984,0.1086137890461432,20.60385537477999,77.58894891716386,0.0174857865743191,0.1325376250246192,30.0022,33.3807263975245,1,R,HH
3291,-0.0021999999999984,0.1041686619037798,18.3841318119877,70.57815486449869,0.019004205910324,0.1285281837886579,30.0022,34.53954626618399,1,R,HH
3292,-0.0021999999999984,0.1146570794331758,13.674443785247668,39.99648632009035,0.040318997506184,0.2028266013860677,30.0022,35.670102235607885,1,R,HH
3293,-2.916800000000002,0.1530533874920266,35.627185968811965,92.99348455964208,0.016148534349514,0.2116509150635168,44.9168,37.52138763553951,1,R,HH
3294,-2.916400000000003,0.1376514979772125,19.1200681712736,57.55005925534561,0.024397363666465,0.1716081282000867,50.9164,38.92781052875641,1,R,HH
3295,-2.9136000000000024,0.025833455570603,1.9682155842428812,9.20775563281456,0.0673550448663457,0.0487695012325016,80.9136,40.57303939427519,1,R,HH
3296,-2.9161,0.1529253787958714,33.59671613049313,88.51802922729999,0.0175184237317892,0.2165196790887074,56.9161,41.70312005833488,1,R,HH
3297,-2.9128999999999934,0.1371416730278906,38.7429177934182,98.8981561073292,0.0156779548468808,0.2234535468112065,68.9129,44.53935808762546,2,R,HH
3298,-2.914000000000001,0.0994595729065246,11.744427647142668,47.24291702643329,0.0277557717646371,0.1199197411642844,74.914,45.64476650076666,2,R,HH
3299,-2.914000000000001,0.0942988312468431,13.642572631200007,59.84426527436185,0.02700505296362,0.1355335538090402,74.914,47.61168403057985,2,R,HH
3300,-2.9136000000000024,0.138120962754842,24.168638283987374,67.06869201877106,0.0228684856603951,0.2033270252709446,80.9136,49.19089403057984,2,R,HH
3301,-2.919799999999995,0.1081173469226486,15.446534012869508,56.106526320120594,0.0282303514400166,0.1604179077931276,92.9198,51.465610249869314,2,R,HH
3302,-2.919799999999995,0.1030077264008435,12.797776483573005,49.62483597618729,0.0305231397136106,0.1437041279318345,92.9198,53.3133035003108,2,R,HH
3303,-2.9129999999999967,0.0588891442907582,7.344037595878125,49.681843444941,0.0357404522175204,0.0965607105308691,98.913,54.87942577241762,2,R,HH
3304,-2.9107999999999947,0.1111005028532872,9.680915859690892,34.62229379513062,0.0411513379765357,0.1465567831465005,104.9108,56.075346704309815,2,R,HH
3305,-2.9129999999999967,0.1047270803368095,13.017992998827808,49.544759669445234,0.0334731610909753,0.1603047087203519,98.913,56.97516289638251,2,R,HH
3306,-2.907800000000009,0.0380747737464697,1.055916969770822,9.63399286646243,0.1296430875229498,0.0503598761157775,134.9078,58.45313302644576,2,R,HH
3307,-2.9107999999999947,0.0968187684227268,32.72754143927215,75.35803965893157,0.0245421525718789,0.2954823546609346,104.9108,60.038078630158026,2,R,HH
3308,-2.9107999999999947,0.0680756373621016,6.971146713464265,42.2368135966958,0.0443867252307476,0.1138316014455268,104.9108,61.544250187221344,2,R,HH
3309,-2.9107999999999947,0.0947923635369749,8.923963245165288,40.91552450262803,0.0509293952552698,0.1671982818699004,104.9108,62.50327216375364,2,R,HH
3310,-2.910899999999998,0.0947171810126305,5.424559775174339,27.36424695027068,0.0926543961892713,0.1848996322968873,116.9109,64.62782878573385,2,R,HH
3311,-2.910899999999998,0.1055081295649194,6.428372257593008,28.387328195221407,0.0834138792854911,0.1972626465303034,116.9109,67.08314982007359,2,R,HH
3312,-2.9093000000000018,0.0666281226859588,2.0030925492342906,17.672143581017423,0.4992902876151078,0.3679252991930659,128.9093,69.51616935275736,2,R,HH
3313,-2.9093000000000018,0.0753022166062963,2.263867345020212,17.630687555198584,0.4976819031206008,0.4144845456738172,128.9093,70.65667707363255,2,R,HH
3314,-2.912700000000001,0.0992365570090249,4.008861720874208,22.428955903759235,0.1940556559572725,0.2861889752348634,122.9127,71.71311419506019,2,R,HH
3315,-2.907800000000009,0.0489425495221258,1.1843034375211408,12.824162251904909,0.4297245886234031,0.187222789839476,134.9078,74.60457140302303,2,R,HH
3316,,,,,,,140.9058,76.11208314323689,2,R,HH
3317,,,,,,,140.9058,77.91530286816702,2,R,HH
3318,,,,,,,140.9058,80.73472737401423,2,R,HH
3319,,,,,,,163.9814,81.85105429247865,2,R,HH
3320,,,,,,,163.9814,83.65674567709958,2,R,HH
3321,,,,,,,163.9814,85.73033075025708,2,R,HH
3322,0.0,0.0140293384771614,2.0811442520983205,-0.0253711940926037,0.8667766730419058,0.6636130485324494,0.0,0.5346535892843443,0,L,HH
3323,0.0,0.0102301488691117,1.5864836233848552,0.2511078131128456,0.6851713443047526,0.3998897780103574,0.0,2.868170746911076,0,L,HH
3324,0.0,0.0536706988564174,8.3226057232483,-0.2948387083713473,0.3915007554465667,1.1986639478742778,0.0,5.1519883545973215,0,L,HH
3325,0.0,0.0307050087371882,4.790030000307059,-0.3355253925337198,1.2999519164882791,2.290714897088284,0.0,6.181068450685255,0,L,HH
3326,0.0,0.0927859453406943,,,,,0.0,6.87137123184055,0,L,HH
3327,0.0,0.0089243928633455,1.386005365513136,-0.1873821414081571,0.5911284840592005,0.3014062935034781,0.0,8.428456622498366,0,L,HH
3328,0.0,0.0300240859733425,5.6326797405138365,36.99515234096083,0.0153944829376383,0.0318996327940276,0.0,9.540660472968234,0,L,HH
3329,0.0,0.0531161601536363,15.654996952378305,110.37988602455596,0.0096836988413463,0.0557698890018942,0.0,9.85843300167391,0,L,HH
3330,0.0,0.0058840490701696,0.8172727188069756,0.631031158629944,0.3257692984338466,0.0979450906993701,0.0,9.826655748803342,0,L,HH
3331,0.0,0.0982454884769631,629.5976013907255,524.5675104269131,0.003557307131589,0.823929297547569,0.0,10.64861025454448,0,L,HH
3332,0.0,0.0675313215140165,155993.76376635075,1698.510338261052,0.0014641049249191,84.02044092553122,0.0,11.591868885392673,0,L,HH
3333,0.0,0.017383385077417,2.658646781747368,-0.1143164686591121,0.4004654885870043,0.3916798733986635,0.0,12.87891636423718,0,L,HH
3334,0.0,0.1397129677339252,51.6598669790468,127.7147282668562,0.0093599088474964,0.1778813517183306,0.0,15.09549813335827,0,L,HH
3335,0.0,0.0291170137482905,4.86169216885487,56.56004976345488,0.0259867488681142,0.0464777316845506,0.0,15.567083830448318,0,L,HH
3336,0.0,0.0145391474519577,2.0667418249350327,-0.2149586814308162,0.4815029368840488,0.3660923779384012,0.0,15.432051013603672,0,L,HH
3337,0.0,0.0276403011561621,,,,,0.0,17.303535712728134,0,L,HH
3338,0.0,0.0199583025255055,4.4419006649520165,58.73720712525328,0.0083412554130548,0.0136303114628796,0.0,18.148140023411543,0,L,HH
3339,0.0,0.2054300751575196,55.3012338824757,106.25762633774238,0.0113483077593069,0.2308720953792758,0.0,20.336426848133293,0,L,HH
3340,-0.0064000000000001,0.0585508152394739,46.756020290469046,209.1351032036873,0.0081280224381699,0.1398066889392029,6.0064,21.19444831756165,0,L,HH
3341,0.0,0.0690342956561257,11.83032541298954,75.74553534908281,0.0225038004059452,0.0979395436646902,0.0,22.25047474147348,0,L,HH
3342,0.0,0.0846288164079252,11.789602893694614,35.320243358460615,0.0220852367657192,0.0957870403852341,0.0,23.803124694881767,0,L,HH
3343,0.0,0.1233466180038042,42.134944349529015,134.75123577211102,0.0093914709111469,0.1455732441200624,0.0,26.07324409723972,0,L,HH
3344,-0.0064000000000001,0.1543968840343225,47.613116058754485,124.2124184566782,0.0122882499951312,0.2152395925439596,6.0064,27.628213211501706,0,L,HH
3345,-0.0064000000000001,0.107630673857699,23.66881946726592,92.4615915847654,0.0157102766649266,0.1367936533548261,6.0064,29.78124120433096,0,L,HH
3346,-0.0064000000000001,0.1476521156920903,54.68762063081291,141.2765243328907,0.0105835324468838,0.2129242822909174,6.0064,31.335319881011877,0,L,HH
3347,-0.0045000000000001,0.1037840343044383,24.4473678134244,98.55791473721442,0.0149035325071397,0.1340376619917735,12.0045,32.42630154802705,0,L,HH
3348,-0.0064000000000001,0.1678730164784529,54.78890289871053,132.24370894931303,0.0116220523910469,0.2342507289973565,6.0064,33.84593526359169,0,L,HH
3349,-0.0036999999999984,0.2103966251364663,78.56280836303264,137.58821058641553,0.0108922374305055,0.3148035472034036,18.0037,35.71853292043818,0,L,HH
3350,-2.9181000000000026,0.122595514087403,38.64048044145621,115.56921626399688,0.011136610372482,0.1583073435494192,44.9181,38.39543778018501,0,L,HH
3351,-0.0044000000000004,0.1654755199970698,32.7074317916201,87.41026754753733,0.0174588096116528,0.2100712363808607,30.0044,39.07350368983171,0,L,HH
3352,-0.0044000000000004,0.1563947690772482,44.47997239739684,111.53585432271228,0.0142030203008363,0.2324078189122121,30.0044,41.56267022955356,0,L,HH
3353,-0.0044000000000004,0.2035016670074572,49.43386503064563,103.9462902622608,0.0156247653862292,0.2841473371715163,30.0044,43.10287296004713,0,L,HH
3354,0.0,0.1067267683957641,35.44794486874887,138.33075492589134,0.0164052766785967,0.2139341613408544,0.0,46.35300607018589,0,L,HH
3355,-2.915700000000001,0.1371770810184822,15.403923949469052,43.04433914122754,0.026573923666523,0.1505887634286133,80.9157,48.9725423596868,2,L,HH
3356,-2.9150000000000063,0.1293373621816533,40.93462569568964,105.6191885751596,0.0143572177035313,0.2162054451354464,68.915,49.54462816885395,2,L,HH
3357,-2.915700000000001,0.111747199398012,33.46938346394486,92.66302063649756,0.0184247172134552,0.2268579803520438,80.9157,51.68293995145012,2,L,HH
3358,-2.915700000000001,0.1296693429420864,29.842702805231667,80.69349541949161,0.0192789265795801,0.2116540199381904,80.9157,53.03654573226427,2,L,HH
3359,-2.915700000000001,0.1540798912467226,16.82896348314708,46.020457542934594,0.0343249948233434,0.2125070617746515,80.9157,54.5271847026502,2,L,HH
3360,-2.915700000000001,0.1417565465101827,29.340905197944306,75.19034211018896,0.0254454610803322,0.2746561645888065,80.9157,57.54394634948808,2,L,HH
3361,-2.923000000000002,0.1466754065783183,140.9288642583789,128.98009937244566,0.0148592824638284,0.7703770004263719,92.923,60.887783004485165,2,L,HH
3362,-2.915099999999996,0.1386285047111619,23.01446258038409,58.72692015485693,0.0310740759342516,0.2630901440467113,98.9151,63.29902858101667,2,L,HH
3363,-2.912000000000006,0.1071695058741726,8.135139386106495,31.221326649750928,0.0545605631348243,0.1632861543050067,116.912,65.80321835809961,2,L,HH
3364,-2.9120999999999952,0.1022756851727799,13.570730326125776,49.67620176201332,0.0387012551597582,0.1932118633016775,104.9121,67.36912814569716,2,L,HH
3365,-2.912000000000006,0.1404032310219822,9.777008492165836,30.024246521933563,0.0660382953754944,0.2375239270390069,116.912,69.63753432806328,2,L,HH
3366,-2.9111000000000047,0.1371030061483108,4.781079461572952,15.946392662580234,0.1575767093957725,0.2771555035341799,128.9111,72.84575716109441,2,L,HH
3367,-2.9146999999999963,0.0983804468371966,4.032621700494415,22.71889386882544,0.1755788812072828,0.2604745391343027,122.9147,74.24318287291916,2,L,HH
3368,-2.9107999999999947,0.0668606758911578,1.850613342962966,10.80740189965936,0.137066577160769,0.0933152824377216,134.9108,75.3263942613723,2,L,HH
3369,,,,,,,140.9066,78.02834462568968,2,L,HH
3370,,,,,,,140.9066,79.56112556582801,2,L,HH
3371,,,,,,,140.9066,80.8772492224086,2,L,HH
3372,,,,,,,150.7584,82.24701986859112,2,L,HH
3373,,,,,,,140.9066,84.60684167110057,2,L,HH
3374,,,,,,,150.7584,86.38498214180333,2,L,HH
3375,,,,,,,150.7584,87.52392704067252,2,L,HH
3376,,,,,,,150.7584,89.74355043418794,2,L,HH
3377,0.0,0.0073405802436318,1.0200228563963716,-0.7662830582529303,0.3466863070219955,0.1300924552633867,0.0,1.4285945250697658,0,R,HH
3378,0.0,0.0057338046089914,0.8911617731046225,1.0184953594806958,0.3282026327299337,0.1075979823206987,0.0,2.3519626357372148,0,R,HH
3379,0.0,0.0824626076776101,2642.0834816868087,934.3286736717172,0.0021468013937094,2.0866226751761805,0.0,4.214852363691569,0,R,HH
3380,0.0,0.0040872715201113,0.6352243266562116,2.9500492572538883,0.4620080587645095,0.1079648015028662,0.0,7.514019973826625,0,R,HH
3381,0.0,0.0557329684703374,37.03311498622568,198.2509643262909,0.0087087615284747,0.1186457429450768,0.0,9.726404182192644,0,R,HH
3382,0.0,0.1751771031370429,60.5221426095205,132.43613801828363,0.0093734778493411,0.2086990970566894,0.0,10.181882859629908,0,R,HH
3383,0.0,0.0952167783176933,32.79940673044314,128.8932025436738,0.0083243527329682,0.1004435331898904,0.0,10.84258284705613,0,R,HH
3384,0.0,0.104032141531982,36.603958608953015,135.61843836434244,0.010373601696926,0.1396893004855572,0.0,12.939069074524811,0,R,HH
3385,0.0,0.0168531425464089,3.1006116054165083,45.84297051306987,0.0149042606448055,0.0170005637537715,0.0,15.335847869269484,0,R,HH
3386,0.0,0.0857136049946609,38.354455890275766,168.22085674735462,0.0082149298050325,0.115911146353594,0.0,18.003168259587,0,R,HH
3387,0.0,0.0642042189750844,16.74572666647393,112.42123607778184,0.0124100818661199,0.0764511746585224,0.0,20.562795128273923,0,R,HH
3388,-0.0064000000000001,0.0563581494574746,15.828805032211514,117.12959465164931,0.012014816173971,0.0699633793393156,6.0064,22.234892041254746,0,R,HH
3389,-0.0044000000000004,0.1061934557673981,42.99354036264853,139.722215456548,0.0113831553386956,0.1800409889014133,30.0044,24.009288441654338,0,R,HH
3390,-0.0064000000000001,0.0700239634419568,14.698660162206236,85.44345698753298,0.0143394392645087,0.0775381501869854,6.0064,25.25741568953413,0,R,HH
3391,0.0,0.0860636043208784,38.25210448387588,161.1803814414009,0.0103981002591868,0.1463237598780222,0.0,26.728440385403182,0,R,HH
3392,-0.0036999999999984,0.1337174586918107,42.73699498716549,123.81634565566058,0.012155709865626,0.1911128221341185,18.0037,28.457418756110727,1,R,HH
3393,-0.0036999999999984,0.1355517853252894,40.45551757493578,118.0244122136542,0.0123896100515715,0.1843915086141353,18.0037,31.260226044787824,1,R,HH
3394,-0.0044000000000004,0.1111702972568228,30.34578209663441,110.46053279969024,0.0140402777956369,0.1567398958054847,30.0044,33.30153578035293,1,R,HH
3395,-2.917499999999997,0.0581231941848043,6.367433866780468,20.39369711300449,0.0648874266514965,0.151995423603001,50.9175,33.541629504760714,1,R,HH
3396,-2.9181000000000026,0.1098310995125958,12.220897592173388,39.0459185052065,0.0397290509574803,0.178614541767673,44.9181,37.57819322570859,1,R,HH
3397,-2.9150000000000063,0.0636456397474784,6.6583058621830125,36.83015958015664,0.0303924298983989,0.0744448541133104,74.915,40.07250642992344,1,R,HH
3398,-2.9129000000000005,0.1326951947856596,20.61459978969848,64.87936861623706,0.0249616879999573,0.1893016400312493,62.9129,42.58957784210039,2,R,HH
3399,-2.915700000000001,0.1235486544822338,21.403763200062286,66.9860739896008,0.0239725383170339,0.1887598732663727,80.9157,45.24086826241373,2,R,HH
3400,-2.915099999999996,0.0878701374930641,10.8370457726808,48.84434888206599,0.0346164247593756,0.1380062124818662,98.9151,47.040917504097685,2,R,HH
3401,-2.915099999999996,0.0944552446856178,12.667192900536929,51.64531188785041,0.0307942951430435,0.1435014106076443,98.9151,49.37286879976316,2,R,HH
3402,-2.915099999999996,0.1076813782479364,15.761726416403532,55.43203258446868,0.0359646328249174,0.208537870252439,98.9151,51.01634947399222,2,R,HH
3403,-2.915099999999996,0.1090877139658601,12.342156631899936,47.73634157216713,0.0435331134961964,0.1976588666484655,98.9151,54.28282296940495,2,R,HH
3404,-2.9120999999999952,0.0925407736877946,8.344943185011143,39.78622714981815,0.0543495040795747,0.1668493380374358,104.9121,56.43683486139367,2,R,HH
3405,-2.916399999999996,0.1003529099206409,7.151163237593615,35.15521376295148,0.0787462488761779,0.2071629490975002,110.9164,58.10595834304858,2,R,HH
3406,-2.9146999999999963,0.076787213904708,3.0927502223742174,22.384675570209776,0.1798317268872953,0.2046052059421334,122.9147,61.78438812083192,2,R,HH
3407,-2.9111000000000047,0.0645165131445979,2.545510779087718,18.327197997796784,0.1249741030056834,0.1170308843539322,128.9111,62.68810651305032,2,R,HH
3408,,,,,,,140.9066,64.59408052665893,2,R,HH
3409,,,,,,,150.7584,65.0271173627031,2,R,HH
3410,-2.9107999999999947,0.1003532408013898,2.4314797776400496,12.462727478574994,0.4037766957163063,0.361174790648206,134.9108,66.52633928457907,2,R,HH
3411,,,,,,,140.9066,69.53058370084517,2,R,HH
3412,,,,,,,140.9066,71.46263992218007,2,R,HH
3413,,,,,,,140.9066,73.19093298802265,2,R,HH
3414,,,,,,,163.9825,75.13587233470501,2,R,HH
3415,0.0,0.1288462707568747,30.000162238697307,87.43720422888309,0.0108893972946898,0.1201802116697807,0.0,1.6711496091749036,0,L,HH
3416,0.0,0.1908866908793388,31.42665475373209,31.471716989658017,0.0164782131421308,0.190508250452353,0.0,4.527495336263265,0,L,HH
3417,0.0,0.0058898422881088,0.9188154038597974,0.2365689451578478,2.7938290449312952,0.9443513676023002,0.0,5.765115498510149,0,L,HH
3418,0.0,0.0998042296349032,38.80772574049761,146.14780067436874,0.0060904850855224,0.0869512029072917,0.0,7.770372762245768,0,L,HH
3419,0.0,0.3296825481061909,75.95150712001045,84.56494188797649,0.0117118794073415,0.3272415990433436,0.0,8.130903048248207,0,L,HH
3420,0.0,0.0077950069416518,1.1058651557161212,1.5780220658720523,0.5064122912458238,0.2060212084898459,0.0,9.459293668015713,0,L,HH
3421,0.0,0.0574026012052851,70.74696437186324,287.80363562395104,0.0054312887186263,0.1413566413339059,0.0,10.263313092746992,0,L,HH
3422,0.0,0.0057739652937712,0.9007385858376784,0.7386450094973537,4.309252866189425,1.4279278520979548,0.0,11.092813092746992,0,L,HH
3423,-2.920200000000001,0.0299417531471008,3.473329618616032,37.950835313745706,0.0287687596331438,0.0367597590060369,44.9202,12.729437466914586,0,L,HH
3424,0.0,0.1242117154623686,85.11678006013685,214.4846312837544,0.0066750831387492,0.2090149657977625,0.0,13.19643906948143,0,L,HH
3425,0.0,0.2000693292468452,50.80858561286024,100.09547322664451,0.0120719950233711,0.2256428992172168,0.0,14.032377312115846,0,L,HH
3426,0.0,0.1585996533394958,70.83461921206292,154.89396836325864,0.0084018268208662,0.2189398454976003,0.0,16.43217141287135,0,L,HH
3427,0.0,0.0701131193409333,20.808862919908687,121.31421828769288,0.0128275258953803,0.0981966715753922,0.0,18.476619007636288,0,L,HH
3428,0.0,0.1340043380813921,55.04119944464966,156.97579865699666,0.0083541333383458,0.1691588835451092,0.0,18.735763091882863,0,L,HH
3429,0.0,0.0504044085120766,7.788215990055291,55.23702211291122,0.0205917831091796,0.0589980232349847,0.0,21.434441048423054,0,L,HH
3430,-2.9133,0.0892719228857028,30.94983666123654,110.25481393669534,0.0153948218322287,0.1752824950481384,62.9133,21.48466044806104,0,L,HH
3431,-0.0076,0.121084290640982,27.405619373550778,95.39759135464789,0.0157110920454448,0.158398663461753,30.0076,23.499380885600456,0,L,HH
3432,0.0,0.1015340473263513,25.783763810013237,107.06782328694294,0.0143990314640387,0.1365793724825753,0.0,25.840185596845288,0,L,HH
3433,-2.9151999999999987,0.1035120911713974,40.86447606902746,120.58680395336192,0.0126235725419387,0.1897726985645638,68.9152,27.28184901890329,1,L,HH
3434,-2.9166999999999987,0.1130509356155312,27.99839935460208,95.20415757715556,0.016135885404715,0.1662001926258739,50.9167,28.643086336214857,1,L,HH
3435,-0.0056999999999991,0.0711606330383848,10.804338704309869,56.525100962296406,0.0238529703589424,0.0948082601898469,12.0057,31.717617940885003,1,L,HH
3436,-2.014299999999998,0.1424429866385609,39.72462178742426,111.87557415821516,0.0133770505392003,0.1954904998214383,20.0143,34.018132665897646,1,L,HH
3437,-0.0076,0.1495682024305681,30.63057738262818,87.0260872145421,0.0172584901391055,0.1944748745985901,30.0076,36.72216525959736,1,L,HH
3438,-0.0076,0.1350407966431763,43.27116712781071,120.37293272410815,0.0142135750502088,0.2262598289265404,30.0076,40.0412007587786,1,L,HH
3439,-2.9166999999999987,0.1155466141179058,28.6279151623136,95.9712364496982,0.0155282483213057,0.1635376328192145,50.9167,41.15802357618989,1,L,HH
3440,-2.9133,0.1012848051638101,18.438880052321203,72.64598933259335,0.0195314226348597,0.1324872040289979,62.9133,42.623473576189895,1,L,HH
3441,-2.9166999999999987,0.1302564761223531,44.28414709844082,119.01146714488748,0.013767467660684,0.2242889448311463,50.9167,43.75396357618989,1,L,HH
3442,-2.9188000000000045,0.1193025348643449,54.18030658585587,115.1762365242933,0.0147307109852459,0.2936098932246115,80.9188,45.56849390156405,2,L,HH
3443,-2.9188000000000045,0.108988889584841,427.4921461320126,264.4248935165557,0.0073075583680372,1.1492273453882738,80.9188,46.46674026477908,2,L,HH
3444,-2.923500000000004,0.0947495472341247,27.6550333927827,85.89794384342277,0.0188041631075849,0.1913082570096831,92.9235,47.86529204121428,2,L,HH
3445,-2.9188000000000045,0.1142610622054515,23.19862893743217,74.5857295598506,0.0234523060151115,0.2001489835511651,80.9188,50.70473598264817,2,L,HH
3446,-2.9154000000000053,0.1339032309370266,308.5928396188044,162.0151752773559,0.01230532169608,1.3969611704202456,98.9154,53.85944213073322,2,L,HH
3447,-2.918300000000002,0.0882791605468965,7372.093728659322,255.51886410906025,0.0094984509400225,25.760195235758136,110.9183,55.11083803930892,2,L,HH
3448,-2.923500000000004,0.0947966871248951,151.70041960046728,135.4825127843197,0.0158075787274524,0.8821809058633773,92.9235,58.06523917487199,2,L,HH
3449,-2.913499999999999,0.1051382322758463,89.2570407789553,102.33166310671852,0.0195081450995047,0.6405661416113544,104.9135,59.98806964718722,2,L,HH
3450,-2.9150000000000063,0.1095573483801345,6.457837779198315,27.851086069446037,0.0890951907764821,0.2116639573268281,116.915,62.177584991147896,2,L,HH
3451,-2.916799999999995,0.1405254029220152,5.743180628857617,21.364120418859528,0.1738864723640684,0.3673870049993419,122.9168,64.50570082045934,2,L,HH
3452,-2.916799999999995,0.1382475640252725,5.854769626512835,22.153290418957905,0.1540084460802917,0.3317109958567038,122.9168,65.32779442218606,2,L,HH
3453,-2.912000000000006,0.045459421258979,1.375163918951772,18.155677279506477,0.4048617223282483,0.2048173323610423,128.912,66.89353745827816,2,L,HH
3454,-2.912000000000006,0.1107974306055946,3.326434279110208,17.6484183470961,0.5819865009705819,0.7121924689852362,128.912,68.64687576272037,2,L,HH
3455,-2.912000000000006,0.1059112215759001,3.202461368782765,17.819660831896318,0.4015104341314235,0.473027351692225,128.912,70.30497054510995,2,L,HH
3456,,,,,,,140.9079,73.94663754332197,2,L,HH
3457,,,,,,,150.7613,74.49603118268178,2,L,HH
3458,,,,,,,140.9079,77.52517450836112,2,L,HH
3459,,,,,,,140.9079,78.41201118497037,2,L,HH
3460,,,,,,,150.7613,79.67634656630801,2,L,HH
3461,,,,,,,163.9828,81.371686566308,2,L,HH
3462,,,,,,,150.7613,84.32441736542529,2,L,HH
3463,0.0,0.1776602165764461,122.3587609761513,208.71400998307507,0.0070038486827411,0.3152661500777762,0.0,10.083653561757544,0,R,HH
3464,0.0,0.0706307530061953,23.90231865284172,135.42634497586798,0.0122650710757744,0.1078488750076012,0.0,12.877534003567945,0,R,HH
3465,0.0,0.0135584210904182,,,,,0.0,15.70352623482124,0,R,HH
3466,-0.0076999999999998,0.1343878181602656,24.77784534204197,84.9496510903043,0.0225888818648099,0.2059035289998625,6.0077,18.82349073295,0,R,HH
3467,0.0,0.139415783476733,75.71211624622028,175.2597475980907,0.0104601011498427,0.2913444757319623,0.0,20.202890514706603,0,R,HH
3468,0.0013000000000005,0.0701936222102342,9.56057900991084,46.23706733224603,0.0380856113114956,0.1339524446185636,23.9987,22.46309677645105,1,R,HH
3469,-0.0076999999999998,0.153991623132466,69.64339090098633,159.9654620970796,0.0105744036955464,0.2709201534600438,6.0077,23.87383793545223,1,R,HH
3470,-0.0076999999999998,0.1766811205449997,125.75452545642923,202.69821523371257,0.0087050277713565,0.4027163868775684,6.0077,28.90222189391132,1,R,HH
3471,-2.9151999999999987,0.0846773452070359,6.41307398334162,16.458559273140697,0.0591574013958072,0.1395663936835475,68.9152,28.9856033906597,1,R,HH
3472,0.0013000000000005,0.1433801483355708,37.92282310906589,106.70967379189636,0.0131175914956675,0.1830038727769407,23.9987,32.02902802197555,1,R,HH
3473,0.0013000000000005,0.1165599577806768,30.244267602105104,105.0315567402743,0.0155655434844288,0.1731860389112562,23.9987,33.07129673133029,1,R,HH
3474,0.0013000000000005,0.2410199053289835,233.3858329647318,218.0809548348241,0.0079593303654179,0.68337099108947,23.9987,34.65031036145543,1,R,HH
3475,-0.0076,0.1686937930932323,35.30955653551786,91.67591825181287,0.0170256339064388,0.2211571944742857,30.0076,35.77273995942584,1,R,HH
3476,-0.0076,0.1921811217201482,120.3572645428011,170.78812403433795,0.0102433718149772,0.4535453971100513,30.0076,38.73190896414301,1,R,HH
3477,-2.920200000000001,0.1312500632503937,38.74445180211722,111.7198709862089,0.0139293182111379,0.1985385740424597,44.9202,39.77999113086119,1,R,HH
3478,-2.918700000000001,0.1737191705230484,40.12862004451351,89.78514627482649,0.0176191426481755,0.2601024932133428,56.9187,42.38599208438078,1,R,HH
3479,-2.918700000000001,0.1882350722724601,43.42978098045437,89.99773723013455,0.0182900951369485,0.2922194518585467,56.9187,43.03656080173506,1,R,HH
3480,-2.9151999999999987,0.2015445487805297,85.83706618426227,121.36556209576445,0.0133609478370658,0.4219078948207657,68.9152,45.54354287322288,2,R,HH
3481,-2.915300000000002,0.1259989454327104,16.17054401296259,52.83273321969816,0.0311116186934616,0.1850771300201519,74.9153,48.40638189865473,2,R,HH
3482,-2.9188000000000045,0.1670492092448494,36.86739562896916,78.19582827836827,0.0208032146868293,0.2821489435657583,80.9188,50.08272591078087,2,R,HH
3483,-2.923500000000004,0.1805477870724793,24.32990385659818,52.82004609492008,0.0296426256786668,0.2653154743810843,92.9235,51.72968947287514,2,R,HH
3484,-2.923500000000004,0.1110888011253333,12.100964725846907,47.14053798414485,0.0384468059569668,0.1711534977116321,92.9235,53.70673689452007,2,R,HH
3485,-2.923500000000004,0.1353796234804178,19.18152237463636,55.9527669720504,0.0320671598892902,0.2262815203588186,92.9235,55.87363284054822,2,R,HH
3486,-2.9154000000000053,0.1370097560630034,15.966743121829726,48.54547917034815,0.0423525980132517,0.2487722376465478,98.9154,58.12059890103152,2,R,HH
3487,-2.918300000000002,0.0821486935390518,6.785824889697959,36.78151237019113,0.064492828996357,0.1609976712600856,110.9183,60.51931175901187,2,R,HH
3488,-2.918300000000002,0.1146353082024624,7.966886902838058,33.80124832390963,0.080902030184839,0.2371120308220515,110.9183,61.11561364715492,2,R,HH
3489,-2.918300000000002,0.1312868819074855,9.457187080077572,34.08151759347314,0.0758951225457383,0.264047077409683,110.9183,63.62415241560479,2,R,HH
3490,-2.916799999999995,0.143369836527747,5.836669544509023,21.517029500021856,0.1702936424091559,0.3656529304161539,122.9168,65.45008304751876,2,R,HH
3491,-2.916799999999995,0.1241626626775008,4.880232822408121,22.926489720561168,0.2345413554202942,0.4210808492889331,122.9168,68.18533843548435,2,R,HH
3492,-2.912000000000006,0.1455960495497596,10.25757618782434,24.72817345426432,0.1014201901031652,0.3827142999210611,128.912,70.18046392387923,2,R,HH
3493,-2.912000000000006,0.0942123563638678,2.839830530762273,18.027473130266912,0.4469335009934915,0.4669182525718048,128.912,71.64762835150354,2,R,HH
3494,-2.9110000000000014,0.0913213227985568,2.1984232951457336,13.269322340054822,0.53958732790531,0.4363938054594348,134.911,72.84881940043942,2,R,HH
3495,,,,,,,140.9079,74.51573726307691,2,R,HH
3496,,,,,,,140.9079,77.52580796597152,2,R,HH
3497,,,,,,,150.7613,80.91951929445972,2,R,HH
3498,,,,,,,150.7613,82.38636189449561,2,R,HH
3499,,,,,,,150.7613,82.94456955201542,2,R,HH
3500,,,,,,,163.9828,86.1649903282997,2,R,HH
3501,0.0,0.0053654252851332,0.7671497302078975,2.403304766777632,0.7179797378978943,0.2026272465410056,0.0,2.249058117246641,0,L,HH
3502,-2.914299999999997,0.0367521973463492,24.758713584208177,164.54708123236375,0.0095590022677419,0.08706551205251,62.9143,4.4180882035148485,0,L,HH
3503,0.0,0.0290645391164995,72.5028966950923,372.77962219924905,0.0046789744485901,0.1247991277186366,0.0,5.863814243042098,0,L,HH
3504,-0.0067000000000003,0.0353657626644727,9.205849855283986,104.05125103784636,0.0127138096965542,0.0430571333442204,12.0067,7.126136204843727,0,L,HH
3505,-2.014299999999998,0.0638005964824748,16.02743163902351,107.1838056668606,0.0144671795565594,0.0853008429533151,20.0143,7.985778181482839,0,L,HH
3506,-0.0067000000000003,0.0954010722948633,26.938900184723146,114.9019363610118,0.0134917225677179,0.1337065802988372,12.0067,9.448787361523983,0,L,HH
3507,6.0,0.0305724542438417,9.43749326014608,124.7635443116911,0.011316936239194,0.0392908153837169,0.0,10.404513422157097,0,L,HH
3508,-0.0077999999999995,0.0725367479172664,25.249673211150103,126.40656720739052,0.0128741437389584,0.1195858055918917,30.0078,13.897348558879932,1,L,HH
3509,-2.919600000000002,0.094367953005476,18.37829904826604,80.87658089085093,0.0172406214580661,0.1165638138095161,56.9196,19.197214618861604,1,L,HH
3510,-2.919600000000002,0.1376124478703331,28.431645429679623,85.20992546831789,0.0173474220880485,0.1814439359313913,56.9196,23.249193981755287,1,L,HH
3511,-2.9151999999999987,0.03627520276239,3.544453970702316,32.514797141093425,0.0288568606054506,0.0376273766333401,74.9152,27.804785424264903,1,L,HH
3512,-0.0077999999999995,0.1387276761613417,32.858268160622,97.16167580445156,0.0155200365492491,0.1876043600258235,30.0078,29.326264670168737,1,L,HH
3513,-0.0077999999999995,0.0606419466983213,9.618237560530504,68.20422134683344,0.0212998211371432,0.0753662617131899,30.0078,31.665589000886527,1,L,HH
3514,-0.0077999999999995,0.1122344307918052,18.429786681340676,66.95119063049212,0.0213598337127506,0.1448183829776262,30.0078,34.69549992897517,1,L,HH
3515,-2.9223,0.1171151140724017,16.750277844770554,63.537930737344,0.0224169230295823,0.1381349370176233,44.9223,36.96770052429292,1,L,HH
3516,-2.9170000000000016,0.1034237112770708,12.456195274338585,49.266658728391874,0.0317218787003108,0.1453616440440797,50.917,37.67979690119705,1,L,HH
3517,-2.919600000000002,0.1054531512466627,31.14728049516392,106.154998196065,0.0141300851076463,0.1619087909357415,56.9196,40.83830174252855,1,L,HH
3518,-2.9162000000000035,0.054959565701608,4.218266146037926,30.262716154722423,0.0452995213551358,0.0702964039135026,68.9162,42.86775674957522,2,L,HH
3519,-2.913399999999996,0.0433574125140372,5.28039148589653,46.25160925362471,0.0336866391854593,0.0654378956887647,104.9134,44.95603502798271,2,L,HH
3520,-2.9208,0.0794296574281649,8.224346270704041,45.305057246632,0.0397681328670375,0.1203211866457911,80.9208,46.39120905849592,2,L,HH
3521,-8.215000000000003,0.0717248854659279,41.39139516361797,120.51219079723442,0.0145762139983923,0.2219526420256941,92.215,48.57512553646844,2,L,HH
3522,-2.923400000000001,0.1006730481150608,15.809948333178996,59.06787498159821,0.0282416389840395,0.1642577485922686,92.9234,49.66593103498776,2,L,HH
3523,-2.9172999999999973,0.1140249720556264,130.33413342338,125.28304086161432,0.0157500751548365,0.7551727621349775,98.9173,52.16690034897993,2,L,HH
3524,-2.9178,0.0643933498823632,2.6174507397598994,21.38538511824609,0.16934644379072,0.163064760222822,122.9178,56.08978892749671,2,L,HH
3525,-2.9178,0.0674712711914151,2.8502379966619595,22.512397508137123,0.1537610134960472,0.1612251822027324,122.9178,57.39848192211434,2,L,HH
3526,-2.9178,0.0625990446314062,3.567506501002746,22.474876121155347,0.0637943050311201,0.0837244304629328,122.9178,58.29841310528506,2,L,HH
3527,-2.914800000000014,0.1572480095039674,10.47438253267668,24.22373664711075,0.0893305736035667,0.3442183919235531,128.9148,61.188084503119846,2,L,HH
3528,,,,,,,150.763,62.706334635295065,2,L,HH
3529,-2.914800000000014,0.0809441611136707,2.445018547171712,17.993860991319647,0.4155408519707653,0.3737673848013084,128.9148,64.16163677422576,2,L,HH
3530,,,,,,,140.9088,67.12401982703088,2,L,HH
3531,,,,,,,140.9088,69.78560732584023,2,L,HH
3532,,,,,,,150.763,74.04305337328772,2,L,HH
3533,0.0,0.0436418001070432,1839.8708651569937,1713.9157227004675,0.0011052737204284,0.7481052534544519,0.0,3.09496671083479,0,R,HH
3534,0.0,0.0394735198737158,23.37973065449012,204.33546895392084,0.0060868337510426,0.0523523838286885,0.0,3.818275455977557,0,R,HH
3535,0.0,0.1714045822202763,51.47373977753113,113.97207363394628,0.0094415793515087,0.1787869799004532,0.0,4.613310786008397,0,R,HH
3536,0.0,0.0527714168209306,17.417875427561462,128.2487029656149,0.0106434146599403,0.0681995769275382,0.0,5.345675661693968,0,R,HH
3537,-2.9162000000000035,0.0631777781421493,766.4380298133785,314.1240548311993,0.0069901207335176,1.970912032396584,68.9162,6.889628833635475,0,R,HH
3538,-2.9223,0.1021730122871831,165.99018113663195,243.9555159479808,0.007415658369696,0.4528325441262391,44.9223,7.816545400294217,0,R,HH
3539,0.0,0.027375579059892,19198809.27469751,4247.831550625262,0.0006670267700186,4711.108173049461,0.0,9.167718869690354,0,R,HH
3540,0.0,0.0954277482051563,165.93678298978168,384.5979899725569,0.0038712228339111,0.2363177565219398,0.0,12.14632486962466,0,R,HH
3541,0.0,0.049246831158086,8.77607884393229,44.379065054485146,0.0162768492113933,0.0525504421632994,0.0,12.894396451166738,0,R,HH
3542,0.0,0.228319718440946,62.412222747230594,103.79770268884268,0.0104427086331888,0.2397664033491624,0.0,15.396694483775963,0,R,HH
3543,0.0,0.1613542709435693,53.992622741270296,129.35446209662965,0.009493698149146,0.1885711986225196,0.0,17.705281144534723,0,R,HH
3544,-0.0077999999999995,0.0834979729019904,16.281810788785595,81.68167612403252,0.0178156719187702,0.1067113042582988,30.0078,18.681721144534723,0,R,HH
3545,0.0,0.075103958574262,18.44372472832779,100.03956068939628,0.013715638927226,0.0930615310739498,0.0,21.664992495529717,0,R,HH
3546,0.0,0.1059100973770375,25.06673210308193,104.76187834465804,0.0159579701675327,0.1471569867813449,0.0,28.869109325994422,0,R,HH
3547,-2.9170000000000016,0.0908110732144676,13.250926362279529,54.61418688534615,0.0249436278529696,0.1215937848781397,50.917,31.55152879834569,1,R,HH
3548,-0.0077999999999995,0.1134601580216204,34.57291766620145,115.88099267659514,0.0130083403929442,0.1654487318682962,30.0078,34.378157479598855,1,R,HH
3549,-2.9223,0.0594571260318632,9.32807863607132,61.76877534752728,0.0237451286309199,0.0814839818203887,44.9223,39.85575189261898,1,R,HH
3550,-2.9170000000000016,0.0619888147171647,9.219111979505003,62.589678384134615,0.0226726914326635,0.0768949264223203,50.917,40.527507113723935,1,R,HH
3551,-0.0077999999999995,0.1101666377694599,18.20868331528595,70.82110968672991,0.0205449072229706,0.1376221205058317,30.0078,42.52461797183595,1,R,HH
3552,-0.0077999999999995,0.0920859743963885,14.301784857992352,65.23993086206173,0.0232255764582603,0.1221974830686311,30.0078,45.15275883518404,1,R,HH
3553,-2.9223,0.137080828233739,26.207711841679878,79.00669948129739,0.0188180715394897,0.1814302664130453,44.9223,48.2189231757568,1,R,HH
3554,-2.9170000000000016,0.1454318549708357,23.687945677749447,68.4930105709746,0.0206022250625851,0.179534139180829,50.917,50.47852247890776,1,R,HH
3555,-2.914299999999997,0.1684288413109227,45.08430768029603,98.06038127509932,0.0150229666034465,0.2491647633919355,62.9143,51.449748363241575,1,R,HH
3556,-2.914299999999997,0.1044151432602456,14.710222847612425,59.07538775101063,0.0252294658384604,0.136531488723657,62.9143,54.40807449452335,2,R,HH
3557,-2.9208,0.0799967824854269,16.931443643587908,76.41064987679525,0.0193049369521978,0.1202452404408885,80.9208,56.23933113369677,2,R,HH
3558,-2.923400000000001,0.1097358653858194,15.028842525840792,52.87380478088567,0.0260393209605143,0.1439662547489571,92.9234,57.703533168148816,2,R,HH
3559,-2.923400000000001,0.099004851399137,15.38358244663909,58.7530659728216,0.0286322948070441,0.1620388523328113,92.9234,60.86290949572151,2,R,HH
3560,-2.923400000000001,0.0684410415686805,32.01169210033458,98.396247632701,0.019007103798733,0.2238360820993545,92.9234,62.61787689878183,2,R,HH
3561,-2.913399999999996,0.0954644390038639,9.869012309090689,41.66168427050085,0.0408469175253533,0.1482990937972925,104.9134,64.49978785330984,2,R,HH
3562,-2.9178,0.0616425419058634,3.485852162884165,22.010954568284493,0.0633738614025239,0.0812689506759279,122.9178,66.61357327561842,2,R,HH
3563,-2.9178,0.0547381903320172,2.294110405350531,22.130417584637875,0.1520782034025657,0.1283473204287349,122.9178,68.42908075071412,2,R,HH
3564,-2.9151999999999987,0.0944112319160508,4.870139876487983,27.33132592318262,0.1261528651571689,0.2260185432955728,116.9152,70.56406992779239,2,R,HH
3565,-2.9106999999999914,0.0588759004946851,1.4246136908728324,12.059933748679365,0.4040198775666312,0.2117411973034716,134.9107,74.43082131332913,2,R,HH
3566,-2.9106999999999914,0.0831536254942926,2.0239758912430794,11.756971417668488,0.3556362526661759,0.2647993279844776,134.9107,76.21428743868854,2,R,HH
3567,-2.9106999999999914,0.0944063379039641,2.2830709546984864,13.093758297759504,0.4472371671600055,0.3756322010155484,134.9107,77.92813899136917,2,R,HH
3568,-2.9106999999999914,0.071631655017389,2.078233920321364,12.903925199720543,0.1679379438266438,0.1283951971850564,134.9107,79.98204062583054,2,R,HH
3569,,,,,,,150.763,82.17041744018385,2,R,HH
3570,,,,,,,163.9857,84.67493274323064,2,R,HH
3571,,,,,,,150.763,87.02887204226175,2,R,HH
3572,,,,,,,163.9857,89.56448382375399,2,R,HH
3573,0.0,0.0506961834603903,100.76937811963565,368.7941374967186,0.0043995209944264,0.1630945658360819,0.0,2.25200824840513,0,L,HH
3574,0.0,0.0454449767447554,9.110700047745588,62.89585894224598,0.0168719030426199,0.0565485323290025,0.0,4.096558015300819,0,L,HH
3575,-2.920299999999997,0.0291601261196897,1.8811814325664904,25.913558460977,0.0576641810977437,0.0399063797099806,110.9203,4.820099719391847,0,L,HH
3576,-2.014299999999998,0.0126119299617758,1.8057511028630475,31.306551535424507,0.0343175976001055,0.0227971356999175,20.0143,5.951698592861565,0,L,HH
3577,-2.014299999999998,0.0452607248342555,203.83107628005047,415.9664653940465,0.0044803330227933,0.3359589475116046,20.0143,7.714076851224389,0,L,HH
3578,-0.0086000000000012,0.0567934865382219,22.04565070877758,134.78962121596282,0.0111764052678617,0.0906422300055245,30.0086,8.811380444111832,0,L,HH
3579,-2.9162000000000035,0.0839356141445272,20.71893808003314,92.0394891480769,0.0156336876997535,0.1191610833073149,68.9162,11.5902196990172,0,L,HH
3580,-2.9162000000000035,0.0751763963547591,30.220085286108088,117.82848455733684,0.013938756287255,0.1549620055481562,68.9162,13.689803242508836,0,L,HH
3581,0.0,0.1539528669389966,63.87869502409079,154.08463821238817,0.0090316349767152,0.2122403388075328,0.0,15.003664210495938,0,L,HH
3582,0.0,0.0600369402575782,11.429871490454314,69.99433844797724,0.0173057818198861,0.0727676064241176,0.0,16.45720705118775,0,L,HH
3583,-0.0086000000000012,0.1232278515073422,21.77727140010148,80.3209381149207,0.0229877787640014,0.1841645306193056,30.0086,19.668837251058964,1,L,HH
3584,-2.919600000000002,0.0580466024239576,5.498950044004203,27.241384997852474,0.0452992335711228,0.091638114867763,56.9196,23.554931779292986,1,L,HH
3585,-0.0086000000000012,0.0760381344748408,16.466513890057115,87.73712072843875,0.0161880737400799,0.0980623636237912,30.0086,27.05374365381333,1,L,HH
3586,-2.9223,0.1044143858345797,20.507048335627847,81.28154097664796,0.0180054193026701,0.1358350705498478,44.9223,28.238672024981817,1,L,HH
3587,-2.9223,0.0808898671329648,30.84213202098585,128.24394348154206,0.012320553977094,0.1397913006498779,44.9223,31.17702383931801,1,L,HH
3588,-0.0086000000000012,0.1306813284268869,28.09706480966923,94.31534248349304,0.016337491318717,0.1688697424981944,30.0086,33.34596492749291,1,L,HH
3589,-2.919600000000002,0.1023633620062202,17.582060308513267,73.06238718521625,0.0190046378550026,0.1229234899081568,56.9196,35.67107955214059,1,L,HH
3590,-2.9140999999999977,0.0819039894088955,20.213387552205024,93.24595799593168,0.0161724096353821,0.1202594889869493,62.9141,37.773607608148566,1,L,HH
3591,-2.9140999999999977,0.1221533713020136,27.214404851916704,85.10749354685623,0.0172376472078268,0.1725767743789256,62.9141,40.05680746624478,1,L,HH
3592,-2.9162000000000035,0.1070186773047779,21.36773329600447,77.3119989804402,0.019768131057112,0.1553923319379603,68.9162,43.015432068592496,2,L,HH
3593,-2.915099999999996,0.0897303366877485,21.139218228018144,85.1365854260128,0.0196211710325986,0.1525876426810759,74.9151,44.36904893260628,2,L,HH
3594,-8.215900000000005,0.0775863635872995,13.578802565482578,67.16732754241356,0.0211920347356919,0.1058618913697915,92.2159,45.10050651292431,2,L,HH
3595,-2.923400000000001,0.1123822221362922,18.378325371007563,60.59734122802794,0.025513731985418,0.1724985477765962,92.9234,47.0457107614817,2,L,HH
3596,-2.923400000000001,0.0929610976585368,12.07649989698326,51.35414761689509,0.0298068841141487,0.1324229258222157,92.9234,48.24975330188164,2,L,HH
3597,-2.9144000000000005,0.126892529352071,12.262956007445018,39.33839919516656,0.0425917692855044,0.192143797438205,104.9144,52.01269075675879,2,L,HH
3598,-2.920299999999997,0.0823988330728744,7.730933589612637,37.97011560142265,0.0487347619741362,0.1386041742924093,110.9203,53.64374343596012,2,L,HH
3599,-2.9144000000000005,0.0927502556334509,8.78718994261407,41.56909581047167,0.054701899123633,0.1768308101053546,104.9144,55.255086590937466,2,L,HH
3600,-2.9151999999999987,0.1030660082315028,6.646577997486506,27.45004734423208,0.066424189939184,0.1624164038947064,116.9152,57.57661914684715,2,L,HH
3601,-2.910599999999988,0.0653689857462192,1.8675283448927409,12.234199209807842,0.1748133484070917,0.1201011903173133,134.9106,60.1877378611219,2,L,HH
3602,-2.918599999999998,0.0725182703617108,2.933475291368621,22.461289058364763,0.1917753397184083,0.2069572825996066,122.9186,61.0583178611219,2,L,HH
3603,-2.910599999999988,0.0595005529505431,1.4364838858339737,12.569197125535172,0.4488242588608246,0.2371824763256568,134.9106,62.48147227681601,2,L,HH
3604,-2.914800000000014,0.0849285728477091,2.553688800588026,17.94258305172544,0.5043271884303347,0.4737899799215013,128.9148,64.10995128567859,2,L,HH
3605,,,,,,,140.9087,66.09871377516549,2,L,HH
3606,,,,,,,140.9087,68.20457133578013,2,L,HH
3607,,,,,,,140.9087,70.88045334703197,2,L,HH
3608,,,,,,,163.9856,74.16361577871206,2,L,HH
3609,,,,,,,150.763,75.49340339778976,2,L,HH
3610,-2.9206999999999965,0.1510976736349339,31.793596765173017,78.12511621837585,0.0189736440022409,0.2219197363045902,80.9207,4.281157172434034,0,R,HH
3611,-0.0087000000000001,0.093164017159077,1840.8684392805003,582.2926315504036,0.0036612281629467,2.4794483425562834,6.0087,5.165158011490746,0,R,HH
3612,-0.0066000000000006,0.0656485248642011,13.93667256700846,87.80693960581749,0.0182877810415861,0.0937617334911199,12.0066,7.700104121753174,0,R,HH
3613,0.0,0.1509993715584009,208.6872410768663,266.1176810965306,0.0071011463655942,0.5451674024392686,0.0,10.58274992641646,0,R,HH
3614,-2.014299999999998,0.1404167878181157,130.88607211449178,217.20682473466127,0.0082025101174576,0.3949532824423948,20.0143,12.279653303180272,1,R,HH
3615,-2.9140999999999977,0.1523490630912801,28.77629686112265,77.4838074483932,0.0174889494132355,0.1851416563343318,62.9141,19.287070624646685,1,R,HH
3616,,,,,,,140.9087,20.50746161628956,1,R,HH
3617,-2.9140999999999977,0.0885168329560922,8.83148771838036,30.69169203237055,0.0574787609939297,0.1867440551862773,62.9141,24.35231398137109,1,R,HH
3618,-2.9151999999999987,0.0982902059740402,6.899007815057783,28.45797411802381,0.0568418292153012,0.1442647410113647,116.9152,24.62918052413132,1,R,HH
3619,-0.0086000000000012,0.1832333130784922,78.59821929243485,142.55883433045196,0.0116267541292147,0.3361837470786776,30.0086,31.01588224937165,1,R,HH
3620,-2.9223,0.0886396421411988,15.853796702313376,69.9887396106032,0.0162621341441467,0.0948454152059738,44.9223,32.12112020112683,1,R,HH
3621,-2.9223,0.1858404925854552,130.80758521779538,170.88010980689643,0.0104802775694388,0.5043258527934393,44.9223,35.68500661398295,1,R,HH
3622,-2.9140999999999977,0.0973435590275207,19.732268493882746,81.3646389023733,0.0190161783863883,0.138040262683321,62.9141,36.8922888069184,1,R,HH
3623,-2.919600000000002,0.1722383972697728,46.90323177064597,99.94252235509953,0.0151349285198455,0.261149176206242,56.9196,40.2942912504564,1,R,HH
3624,-2.915099999999996,0.0847731557243364,7.093975145763012,19.890459654898343,0.0539010689508739,0.1406671079739807,74.9151,41.732824634844825,1,R,HH
3625,-2.9140999999999977,0.2104206541228311,74.4644214586065,113.78795766456768,0.0139707929837581,0.3827149215956232,62.9141,42.938818722622,1,R,HH
3626,-2.915099999999996,0.1302348875443037,41.00353645779614,101.5376101310909,0.0147841537455462,0.2230094689801958,74.9151,44.56268669345436,2,R,HH
3627,-2.9206999999999965,0.1083592132456873,15.573609131013168,59.8711472232159,0.0243909426802453,0.1397408479364417,80.9207,45.96342598636852,2,R,HH
3628,-2.915099999999996,0.1162330144503366,40.44121930852627,104.3726997588325,0.0162869765716302,0.2423093825335669,74.9151,47.66494429558728,2,R,HH
3629,-2.9206999999999965,0.1267952669877819,66.6639039489173,121.73018241906024,0.0140977915355094,0.3457381832066431,80.9207,48.438939229005385,2,R,HH
3630,-8.215900000000005,0.0981082355988267,16.18790466767674,63.39236150172902,0.0257995161685511,0.1536412096185937,92.2159,49.632630247924304,2,R,HH
3631,-2.923400000000001,0.1182103164479532,38.177828255390935,76.67364868336954,0.022945179686015,0.3222613344100364,92.9234,52.19540863475616,2,R,HH
3632,-2.923400000000001,0.0971543577437371,12.14412885937649,52.21252650960054,0.0377229791962451,0.1685302515444017,92.9234,53.91302020112242,2,R,HH
3633,-2.9144000000000005,0.1174809781682602,20.78983922079969,59.93510279608402,0.0269949588762712,0.2064616144411808,104.9144,55.15019376139749,2,R,HH
3634,-2.9144000000000005,0.1254003453694653,13.0657622266261,43.33364832775469,0.0475818359421004,0.228708056764756,104.9144,57.03425352773939,2,R,HH
3635,-2.9151999999999987,0.1345442498297313,8.360489310828331,27.7784736987708,0.0764422848836163,0.2351098767514707,116.9152,59.837810399050326,2,R,HH
3636,-2.9151999999999987,0.0922404218149994,4.778828360588423,27.374760554131324,0.1227704013105898,0.2158343809245342,116.9152,61.885585042018896,2,R,HH
3637,-2.914800000000014,0.1269600158466337,4.3934606727634655,16.623900222749818,0.1696894580667687,0.2742629380050413,128.9148,62.98312930962391,2,R,HH
3638,-2.910599999999988,0.0905924437038286,2.513221124159988,11.34862410945535,0.1839323589542113,0.1700569400496458,134.9106,65.22577200770542,2,R,HH
3639,-2.914800000000014,0.0752460243373706,2.2639263885921626,17.988323553076214,0.4865839800331949,0.4052524286224683,128.9148,67.14389045656664,2,R,HH
3640,-2.910599999999988,0.0807861223295619,1.9442367228223807,12.641958420645071,0.5186152848975328,0.3709368437658915,134.9106,69.49548011162906,2,R,HH
3641,,,,,,,140.9087,71.44565554314497,2,R,HH
3642,,,,,,,140.9087,74.57272324587368,2,R,HH
3643,,,,,,,140.9087,75.12747955432279,2,R,HH
3644,0.0,0.0086424776039749,1.348226512439883,0.0433292872337214,2.784488765740318,1.3810641480432,0.0,4.056723936834638,0,L,HH
3645,0.0,0.1068212592594225,33.68797522989214,118.96549214467198,0.0091192657436851,0.1130160954142944,0.0,5.373848327530998,0,L,HH
3646,0.0,0.1514798894378126,456.8771608555929,399.5781994552578,0.0044236780844958,0.7435128552984769,0.0,8.419712554566683,0,L,HH
3647,0.0,0.1624008414608034,59.632190610680425,146.44391400019865,0.0100473790185348,0.2204139447566654,0.0,10.403918949128135,0,L,HH
3648,0.0,0.103778269376845,60.73682893535743,192.44949008809735,0.0078212070679909,0.1747557264972292,0.0,11.672547082948372,0,L,HH
3649,0.0,0.0398204791295846,6.509178884594391,29.21295536816444,0.0300544663704469,0.0719682175108255,0.0,14.208557828193747,0,L,HH
3650,-2.9151999999999987,0.0553079224326273,151.74408544065585,280.36287383608646,0.006510610538278,0.3634452584893886,62.9152,18.858892043835446,1,L,HH
3651,-0.0087000000000001,0.0686066405429955,13.527431741214592,85.16911333741868,0.01843366384942,0.0917344650774798,6.0087,21.12431949356761,1,L,HH
3652,-0.0087000000000001,0.1147881220439348,39.697091530976365,136.43513484651535,0.0112084214496952,0.1636849157979115,6.0087,23.68514417250873,1,L,HH
3653,-0.008700000000001,0.1384257066727368,65.93091919110194,153.71877486439865,0.0106880501105456,0.2592346977312135,30.0087,26.45028524033872,1,L,HH
3654,-0.0066000000000006,0.094024370511107,19.86530883950438,97.40781556250715,0.0182388671649391,0.1332903473513658,12.0066,27.27334199979043,1,L,HH
3655,0.0012000000000007,0.1699048067184043,78.97171406553774,155.25284285812734,0.0098005727653735,0.2847269263998011,23.9988,31.74843240822573,1,L,HH
3656,-2.9181000000000026,0.1241584709430011,26.83118965936196,86.61857722475054,0.0169698807774875,0.1675036358888676,50.9181,34.2133974472111,1,L,HH
3657,-0.008700000000001,0.1490689312192613,38.36158321932488,103.41115972073293,0.0143905644553054,0.2030859457417651,30.0087,35.73894828885464,1,L,HH
3658,-0.008700000000001,0.1643886107703278,46.06238856839109,110.610067369664,0.0139911079812849,0.2370850018526609,30.0087,39.47382372269684,1,L,HH
3659,-2.919600000000002,0.0794863085124517,42.82198009335512,146.12351011462957,0.0112281316568955,0.1768804195588933,56.9196,42.101464281927846,1,L,HH
3660,-2.9170000000000016,0.1696592557301627,70.16039763927151,123.9914557094085,0.0118575855135612,0.306051015742077,68.917,45.23081091275594,1,L,HH
3661,-2.9151999999999987,0.1353961022382744,45.11047030712317,110.55351826474224,0.0139109273720634,0.2308548251296482,62.9152,46.57739131276787,1,L,HH
3662,-2.9217000000000013,0.0676050808364491,9.802395570723265,57.75772903215168,0.0247474238982768,0.0892416804863819,80.9217,48.06930517556327,2,L,HH
3663,-2.9217000000000013,0.0946040580669176,15.9224141498612,65.61737590824497,0.0238872151006098,0.139920050870641,80.9217,50.46049069432476,2,L,HH
3664,-2.9217000000000013,0.1003723868680498,26.176683572870274,86.58332268255042,0.018586362109113,0.1789841342451396,80.9217,51.70164504586497,2,L,HH
3665,-2.9244000000000057,0.109416608852521,21.236898176565315,67.68085182937826,0.0219950516887275,0.1718389418681412,92.9244,53.91518022042926,2,L,HH
3666,-2.9163000000000068,0.0883833073847836,10.445286176428509,47.10932946324621,0.0354024714794449,0.1360377507895414,98.9163,56.56930522656548,2,L,HH
3667,-2.9244000000000057,0.0903691688988392,12.135981791436988,54.22834075356869,0.033479525125257,0.1494719580038567,92.9244,57.986256415145256,2,L,HH
3668,-2.9163000000000068,0.0766343150996495,7.605190550225086,46.03664485332144,0.0553555780904471,0.1548734627102179,98.9163,62.35634929698062,2,L,HH
3669,,,,,,,140.9096,65.13627847889714,2,L,HH
3670,-2.9154000000000053,0.0967881658458948,5.264268704216883,27.489588417508813,0.1080168410361232,0.2091871673649017,116.9154,66.86496036196392,2,L,HH
3671,-2.9178,0.0547173260368918,1.9812228148855893,23.45291781401207,0.4179571890160587,0.3046285745115262,122.9178,71.05743451315584,2,L,HH
3672,,,,,,,140.9096,72.23645199404577,2,L,HH
3673,,,,,,,140.9096,73.24573788697676,2,L,HH
3674,,,,,,,140.9096,76.1565963096591,2,L,HH
3675,,,,,,,150.7641,76.93591692466843,2,L,HH
3676,,,,,,,140.9096,79.72033351456514,2,L,HH
3677,,,,,,,150.7641,82.63615437236044,2,L,HH
3678,,,,,,,164.5424,84.21270445286297,2,L,HH
3679,0.0,0.030527664243759,5.823258933616264,53.85947178343695,0.0154116724833324,0.033015766993303,0.0,0.9868668316430268,0,R,HH
3680,0.0,0.0244983858113721,9.081543142310368,136.50145100928492,0.0095865794885276,0.0320279281937462,0.0,2.104707619590935,0,R,HH
3681,0.0,0.0376781480426495,6.799121460985421,37.790338992504005,0.016253897467742,0.040655174875752,0.0,3.989283323621328,0,R,HH
3682,0.0,0.0457683240494423,9.345182740952922,57.45217639158739,0.0175154696002415,0.0602164435247883,0.0,6.465280793499909,0,R,HH
3683,-0.008700000000001,0.0388512442184763,6.4944851709315365,64.89515946872027,0.0188274541918344,0.044982319631139,30.0087,8.920082264541925,0,R,HH
3684,0.0,0.0771377727573459,15.612475792339266,83.70842414377854,0.0162980292532624,0.0936078755761846,0.0,10.448686333619332,0,R,HH
3685,0.0,0.0909478137096506,16.90241616051486,73.82840693020933,0.0159218349233123,0.0990027881198042,0.0,12.73550723256512,0,R,HH
3686,-2.922300000000007,0.0513140087019781,5.836780148459045,43.51266880904046,0.0310154511799086,0.0665973512558904,110.9223,14.584433460438296,1,R,HH
3687,-0.0087000000000001,0.0475420478539062,8.174905085717507,73.88038450678076,0.0213219988092927,0.0641233424286108,6.0087,17.737552946265797,1,R,HH
3688,-0.0087000000000001,0.0399490279086978,7.505956602282048,81.52795596836339,0.0195774326536281,0.0540589126350944,6.0087,18.573728388546066,1,R,HH
3689,-2.9137000000000057,0.0315062028081168,1.4849573966750846,16.620460181644155,0.0632115268448167,0.034531527732188,128.9137,21.11187639682559,1,R,HH
3690,-0.0087000000000001,0.0712392991695798,19.0714958253194,110.75103839264078,0.0140311555462802,0.0984427448337784,6.0087,21.78095462976999,1,R,HH
3691,0.0012000000000007,0.0585588356989671,11.936376866660874,80.76463121427095,0.0168420173817649,0.0739557850694098,23.9988,24.575340190890717,1,R,HH
3692,-2.919600000000002,0.0324888014615207,4.274225732340496,55.155572574156245,0.0249418648411728,0.0392185826357577,56.9196,26.050730995262192,1,R,HH
3693,-2.923400000000001,0.0688002209421886,13.065089051430354,78.60641312778719,0.0191610516634069,0.0920952506397703,44.9234,27.4534493619002,1,R,HH
3694,-2.923400000000001,0.0855830514435803,16.102100980736456,76.63723091555474,0.0178746014895453,0.1058825597705747,44.9234,29.733399353215795,1,R,HH
3695,-2.919600000000002,0.090034864135118,14.226567517167314,66.93237156580754,0.0197047829033649,0.1031281677458591,56.9196,34.04417809064746,1,R,HH
3696,-2.919600000000002,0.1263027875612429,35.267823629986154,101.01012465341412,0.0154158821875414,0.2000103920052556,56.9196,35.85506416058988,1,R,HH
3697,-2.9217000000000013,0.0929988511914609,18.43911450747796,73.14623176812076,0.0199034676746571,0.1350126082242682,80.9217,38.84772259969727,2,R,HH
3698,-2.9151999999999987,0.0894986673282267,19.925336226665127,81.34741907029604,0.0187406954272762,0.137371575530006,74.9152,40.10532761068719,2,R,HH
3699,-8.2179,0.0795425869815291,18.808509809567763,78.92378103775273,0.0204605989170767,0.1415722871015275,92.2179,41.55406788622623,2,R,HH
3700,-2.9244000000000057,0.0504127547447821,5406.689286502797,343.34718113760977,0.0071105224887676,14.142899150104334,92.9244,43.2295910927721,2,R,HH
3701,-2.9163000000000068,0.0702325750549106,16.829471103818467,71.7692574735541,0.0232106781090558,0.1437023315414743,98.9163,44.86906408767454,2,R,HH
3702,-2.9163000000000068,0.0675769320838414,7.688458947647043,47.624497620548446,0.0409171200358182,0.1157310453823219,98.9163,46.74696570810092,2,R,HH
3703,-2.9136000000000024,0.0754228230025929,8.57795458586914,45.32509423819246,0.0412157079403146,0.1300624781562424,104.9136,48.62201030080651,2,R,HH
3704,-2.922300000000007,0.0681354092482152,5.8701623733313655,36.077582999729984,0.0520605404646028,0.1124253646443455,110.9223,50.6964808916016,2,R,HH
3705,-2.9154000000000053,0.0753957663798774,4.392973669928076,26.680957558843005,0.0840034712738141,0.1357567245695123,116.9154,52.614451048702136,2,R,HH
3706,-2.9178,0.0532360064533893,2.134969047303473,23.02089080048201,0.2023756485040256,0.1589481049979994,122.9178,54.2557791132749,2,R,HH
3707,-2.9178,0.0721170920295023,2.612584380889405,23.88969741692325,0.4198695459810939,0.4035433730074905,122.9178,57.03650871230571,2,R,HH
3708,,,,,,,140.9096,58.63357462913049,2,R,HH
3709,-2.909699999999986,0.0691646605446541,1.6665592666264863,12.640013401770153,0.4866500924201127,0.2983617124009311,134.9097,61.239581811635865,2,R,HH
3710,,,,,,,140.9096,63.16308684717343,2,R,HH
3711,,,,,,,150.7641,65.47330223526792,2,R,HH
3712,,,,,,,150.7641,66.79550403936163,2,R,HH
3713,,,,,,,150.7641,68.53197310435249,2,R,HH
3714,,,,,,,163.9865,70.97756348293508,2,R,HH
