,hard_latency,mean_growth,A,Ti,kg,max_growth,appiration,depth,stage,side,uniq-condition
0,0.0,0.0497853294413695,21.310971496292066,-29.877062379813182,0.0186964735095507,0.1465778897065595,0.0,5.443062385028943,0,L,LL
1,0.0,0.0015780825322375,,,,,0.0,6.192068872740154,0,L,LL
2,0.0,0.0284460799563431,10.79963605774939,-25.152206453957103,0.0124034956583453,0.0492786426895039,0.0,7.343888872740153,0,L,LL
3,0.0,0.0263189879914583,7.939047289335116,17.50856775281316,0.0113518419893684,0.0331543291174284,0.0,10.674673153965186,0,L,LL
4,0.0,0.0009753086419753,0.9557813984873356,-39.23009026314347,0.0364774531832175,0.0128259221879418,0.0,11.235887952950383,0,L,LL
5,0.0,0.0476290298133354,43.31961371786013,203.69492288301228,0.0030467077231364,0.0485535385976918,0.0,11.975283365048064,0,L,LL
6,0.0,0.0899201029720475,51.882775161312814,157.53189489170057,0.0053334044759187,0.1017965916452798,0.0,12.701968086624465,0,L,LL
7,0.0026999999999972,0.0044360658618281,0.4507341081758948,13.86759051226109,0.1325488073303594,0.0219786880949339,53.9973,14.48997673594332,0,L,LL
8,0.0,0.0086451205731887,2.321442755024865,16.374927698306852,0.0211141978507212,0.0180317585599667,0.0,14.541738317256105,0,L,LL
9,0.0,0.0552439744965236,14.445330081540936,69.54099283198032,0.013028644349506,0.0692360395354248,0.0,16.806957777640356,0,L,LL
10,0.0,0.0589620553280798,14.266844618925518,48.98823863535175,0.0142416131395863,0.0747468050067889,0.0,17.354707569059762,0,L,LL
11,0.0,0.015840186540422,3.746571278699271,14.541082680688485,0.0276314267785144,0.0380840238396289,0.0,18.697125614452823,0,L,LL
12,0.0,0.0175454984018911,3.1194020089737915,38.58816377815765,0.0276669193223184,0.0317495569490234,0.0,19.790279447192223,0,L,LL
13,0.0,0.0466967314195993,11.731173113702283,23.715127139912177,0.0166567273251244,0.0718847286962666,0.0,21.97831055313661,0,L,LL
14,0.0,0.0224001322893444,5.136730293718604,44.6811463118796,0.0176466422330329,0.0333468151800213,0.0,24.09049661388518,0,L,LL
15,0.0,0.0040259925457505,1.1423168350036577,-8.247985521412673,0.0442738474951572,0.0186054149406475,0.0,27.048260729452103,0,L,LL
16,0.0015,0.0017318566650193,0.23393368394539,50.0560665026334,0.0228126896468727,0.0019632462219052,59.9985,29.68985728620155,1,L,LL
17,0.0026999999999972,0.0068031896621471,0.7848936737998433,30.54527692226516,0.0263996297748951,0.007622793995838,53.9973,38.90316367112502,1,L,LL
18,0.0015,0.0187982249061725,1.832785031533806,29.620178185233318,0.0546829276896009,0.0368696322436738,59.9985,44.0834548483208,1,L,LL
19,0.0015,0.0159455574072652,1.741277951762127,18.53853113688991,0.0853258573682035,0.0546580684147377,53.9985,45.1305337297475,1,L,LL
20,-2.9869000000000057,0.0011969696969697,0.1046086818960155,32.40908757679688,0.0355061384001632,0.0013663963384415,98.9869,49.28656356259554,1,L,LL
21,-2.990799999999993,0.0684182899989878,12.938466174777588,76.86984217727807,0.0199200375315944,0.0948153091060984,68.9908,52.60022062145124,1,L,LL
22,-2.987399999999994,0.0111612101561607,0.5190002921036955,5.006927744036222,0.2186119639621962,0.0417394811552932,98.9874,57.56024535370171,2,L,LL
23,-2.986799999999988,0.0129172670023448,0.788104355617322,24.42542729742777,0.0551220157875568,0.0159813821649269,128.9868,60.75803800015424,2,L,LL
24,-2.9886999999999944,0.0303750392462854,1.6230821485219804,22.060203603049608,0.0704307173744696,0.0420540794855337,122.9887,63.121184946744194,2,L,LL
25,-2.9886999999999944,0.0184569565905538,1.3792783417717838,29.9174883262526,0.0462271341430734,0.0234560244115176,122.9887,63.832981961138046,2,L,LL
26,-2.986799999999988,0.067061979164937,4.228567461091901,27.755638742608934,0.0669792850844611,0.104193179128857,128.9868,66.90675790039984,2,L,LL
27,,,,,,,152.9854,67.96665412173475,2,L,LL
28,-2.98660000000001,0.0277618455673584,4.30364257533721,39.755456614094136,0.0398352916972141,0.063068095277778,140.9866,68.99044715785061,2,L,LL
29,,,,,,,164.988,69.88229876949558,2,L,LL
30,,,,,,,158.988,71.41839164092306,2,L,LL
31,,,,,,,164.988,72.23446164092306,2,L,LL
32,,,,,,,152.9854,73.68272342859487,2,L,LL
33,,,,,,,164.988,74.83613685415108,2,L,LL
34,0.0,0.144643082029268,65.03817095456262,152.29059283449632,0.0082935862183373,0.1984340522190841,0.0,5.166780237644966,0,R,LL
35,0.0,0.0222176522077501,5.549113898613553,-6.708815033123802,0.0172755977027172,0.0352664901465897,0.0,6.114780237644966,0,R,LL
36,0.0,0.0629473979119745,18.992771593689465,9.948316532665094,0.0144373083675332,0.1008741983194814,0.0,6.721399541690943,0,R,LL
37,0.0,0.0047092067019129,1.7708242751810603,-20.159098168130427,0.016820711561423,0.0109578499355499,0.0,10.9681921592178,0,R,LL
38,0.0,0.0250468031815582,6.497711465277075,26.56714680335344,0.0163705671336507,0.0391317856168396,0.0,13.51663101957918,0,R,LL
39,0.0,0.0078653717663881,2.20709987446622,30.143176060569168,0.0133212560925797,0.0108161495036489,0.0,16.6210708435285,0,R,LL
40,0.0030999999999998,0.0222817939067276,3.211570836211352,47.5679695438535,0.0338096890916985,0.0399451632761073,29.9969,18.18360971956553,0,R,LL
41,0.0,0.024766681575864,16.330268578804993,202.62822939059652,0.0061316391510233,0.0368362518986082,0.0,20.85006474169178,0,R,LL
42,-2.987700000000004,0.0236312150585473,1.4524095186425217,17.46042642302419,0.0540472987611915,0.0288780987886641,110.9877,23.33650095814776,0,R,LL
43,0.0,0.0268894073819615,5.465705401510251,80.05625087930119,0.0161553313016134,0.0324838582349912,0.0,28.55944637305232,0,R,LL
44,0.0026999999999972,0.0153819474643257,1.7119505429871462,30.126958883310227,0.0499677679675258,0.0314692709962139,53.9973,35.11863855315355,1,R,LL
45,-2.986799999999988,0.0437128876437601,3.698685753425172,32.49182235806312,0.0442674607998863,0.0602334257201226,128.9868,39.91987030654212,1,R,LL
46,-2.988100000000003,0.0142369217010406,1.6732923634132295,34.79474790697464,0.0318909384665531,0.0196311005133766,68.9881,42.13184729506254,1,R,LL
47,-2.988100000000003,0.021353142156438,2.084755208864939,16.070109303825536,0.0596287125746823,0.0457315602217926,68.9881,43.80302262524978,1,R,LL
48,-2.988100000000003,0.0449777568257017,6.487139766267337,59.32794628836225,0.0234968799906571,0.0560749599157686,74.9881,46.19055863423869,1,R,LL
49,-2.988100000000003,0.0241159017128025,2.198524733313962,30.343308762900996,0.0487117296403129,0.0393976596891135,74.9881,46.24583605820183,1,R,LL
50,-2.988100000000003,0.0161957413883319,1.5287021492408173,34.07042838421689,0.0286613485527019,0.0161185145241152,104.9881,47.87652006511426,1,R,LL
51,-2.9869000000000057,0.0215609010549228,1.5868089011863866,13.79868444572841,0.0805231946573177,0.0470057669136646,92.9869,48.86863511740543,2,R,LL
52,-2.988100000000003,0.0148408271939344,0.8826217052114819,5.426086315327655,0.1686268889648581,0.0547528776171976,104.9881,52.85067152498172,2,R,LL
53,0.0026999999999972,0.0063275208502386,,,,,53.9973,57.37327202332702,2,R,LL
54,-2.98660000000001,0.0186204785712454,53.7922408198127,96.30995329416828,0.0216743652474791,0.4289153033370032,140.9866,59.08514286740152,2,R,LL
55,,,,,,,146.9866,60.93789505627646,2,R,LL
56,,,,,,,164.988,64.14698813387025,2,R,LL
57,,,,,,,164.988,65.1856763090006,2,R,LL
58,,,,,,,164.988,66.18955619313525,2,R,LL
59,0.0,0.0020657368532252,2.089615096667273,-179.34092116744185,0.003685778139921,0.0028333550861101,0.0,1.2730024601332293,0,L,LL
60,0.0,0.0214901231721132,9.714583295023226,-26.123363646863915,0.0305444155885255,0.1091594941797286,0.0,2.7460336925828006,0,L,LL
61,0.0,0.0311311034128509,7.6626219832126035,5.459146084382991,0.0463101619231588,0.1305446922697105,0.0,8.217842203382087,0,L,LL
62,0.0,0.0195827842277518,5.603958855597621,-21.17605420724257,0.0232669473513198,0.047966702454126,0.0,8.837294559462975,0,L,LL
63,0.0,0.031445020212478,7.841082017428104,14.68029324552572,0.0190763516913111,0.055027126561659,0.0,11.68316296358523,0,L,LL
64,0.0,0.0262729444056693,5.402955597970969,53.88420312505792,0.0247445178412864,0.0491831015422929,0.0,13.068800443447836,0,L,LL
65,0.0,0.0004876543209876,1.6442811470961174,-53.783291855827,0.0513358296274416,0.0310529011168763,0.0,15.30173243022437,0,L,LL
66,0.0,0.0554315842508629,8.734139891846786,29.46374904299393,0.0345485069028124,0.1110081703760117,0.0,15.515478168193576,0,L,LL
67,0.0,0.0213010931271639,7.143138907585346,-9.522588777575429,0.0368315001078421,0.0967863297655947,0.0,19.30771631060051,0,L,LL
68,0.0,0.0491869494201202,12.302627244624384,3.945983925670053,0.0177736478222357,0.0804414618252268,0.0,21.4165730993426,0,L,LL
69,0.0,0.037267971375832,12.473555753776663,28.61531254421505,0.0088213113312927,0.0404789222222325,0.0,23.396186928045783,0,L,LL
70,0.0,0.028802413972993,8.252526855594505,-1.112854088428168,0.0290379684477126,0.0881573838068516,0.0,24.208643837733927,0,L,LL
71,0.0,0.0030410454952004,,,,,0.0,24.873381309296946,0,L,LL
72,0.0,0.0221653808827207,5.146574635703566,-1.6124275195228266,0.0323015977416478,0.0611572287646512,0.0,27.31075203836136,0,L,LL
73,0.0,0.0557682335116608,12.937666444590809,14.699011741497552,0.0280027002592779,0.1332788939356486,0.0,27.68005063367415,0,L,LL
74,0.0,0.0099905100758991,2.99734183781276,-5.012001792194576,0.0463499803916555,0.051108289786297,0.0,28.41864782429973,0,L,LL
75,0.0,0.0574818168947912,12.520431354567105,32.61398298619281,0.0171833111678154,0.0791464908709488,0.0,29.378824172112985,0,L,LL
76,0.0,0.0721734810105563,11.652755023444607,41.96141054384468,0.0307344730113182,0.1317528157036557,0.0,32.12267516896464,0,L,LL
77,0.0,0.0098733115458016,2.6800401602357016,-7.352008639654586,0.0371006268311324,0.0365786832095033,0.0,6.639080892107942,0,R,LL
78,0.0,0.0518423305343284,11.925947829303018,22.4138020581888,0.0207435227223471,0.0910082858931935,0.0,9.38504215572222,0,R,LL
79,0.0,0.0037306928496911,,,,,0.0,13.353799181065495,0,R,LL
80,0.0,0.0140602074011876,2.3441343250544247,28.744717521279792,0.0264276472307911,0.0227901148275142,0.0,14.933799181065496,0,R,LL
81,0.0014000000000002,0.0184602583190515,2.891394814490878,34.67805752285579,0.0427466486729825,0.0454689565356771,5.9986,16.301726280694993,1,R,LL
82,0.0011000000000009,0.0290301286982989,6.731984984187797,92.30046904404162,0.0164469135049256,0.0407317495898357,53.9989,19.64113432547392,1,R,LL
83,0.0037999999999982,0.0147622485643643,1.774666019105396,22.02611282365243,0.0337316365910417,0.0220221422959918,41.9962,20.748630753630582,1,R,LL
84,-0.0003000000000028,0.0068603365034333,0.9107881163577434,9.526254364321112,0.1147105705138551,0.0384349493679478,30.000300000000003,22.67459620203812,1,R,LL
85,-0.0003000000000028,0.0062713483674614,0.8052183852716654,7.343362361736575,0.1146658917941257,0.0339667076715671,30.000300000000003,23.08795572835873,1,R,LL
86,0.0017999999999993,0.0607555063556884,10.4928874732907,68.01604905686307,0.0206067020620967,0.0795442928946713,23.9982,24.814715392961205,1,R,LL
87,-0.0003000000000028,0.0156203223552221,2.237070767828325,20.976858630103397,0.0234226623680078,0.0192762033500722,30.000300000000003,26.680995625688684,1,R,LL
88,-2.991500000000002,0.0375499344279574,3.2059646264657555,23.3973974366367,0.0424674652833352,0.0500864884754117,62.9915,28.287079532104286,1,R,LL
89,-2.991500000000002,0.0123968240945565,1.1594250481010335,22.529793361697173,0.0712152597217123,0.0303753477891514,68.9915,30.64447544074281,1,R,LL
90,-2.990200000000001,0.0144646442722768,1.419229530785021,19.42876454924298,0.0368134173499603,0.0192204827642155,74.9902,31.22907544074281,1,R,LL
91,-2.990200000000001,0.0049596915738884,0.3997057778341188,5.603635147653493,0.2089694478624677,0.0307276069857641,74.9902,35.09686904825969,1,R,LL
92,-2.990200000000001,0.0201559225019166,1.8883135500419272,9.706196518481422,0.0970008240383716,0.0673837305901151,68.9902,36.68291589873664,2,R,LL
93,-2.9893,0.0018809523809523,0.1583084277787918,20.30283768405869,0.0431338258016153,0.0025120456882901,80.9893,40.736095699624194,2,R,LL
94,-2.990300000000005,0.0209417039474233,1.6773625621902457,13.287855495213195,0.084995629028904,0.0524480149888336,86.9903,43.92594781682082,2,R,LL
95,-2.990300000000005,0.0297023976354019,2.187663381062752,22.86880036017356,0.0584957650648064,0.0470771800921284,92.9903,45.50343477511133,2,R,LL
96,-2.9886000000000053,0.0323432454605267,2.216668872246879,16.496247110822917,0.074022633292287,0.0603630077436726,98.9886,48.723710050499164,2,R,LL
97,-2.988100000000003,0.0153071767354151,0.5503800340631404,13.947680255288368,0.0855720702267924,0.0173260765065608,140.9881,53.87008104971224,2,R,LL
98,-2.988499999999988,0.0204095689805531,0.9916394500991224,21.029576047123054,0.077427732372692,0.0282459284201609,128.9885,55.98837328252017,2,R,LL
99,-2.988100000000003,0.0283266062817356,1.9452425543082543,25.50411291692761,0.0505074262271887,0.0361438588806696,140.9881,63.61435430815988,2,R,LL
100,,,,,,,146.9873,70.13052265804424,2,R,LL
101,0.0,0.0051576716455603,,,,,0.0,3.499869621009542,0,L,LL
102,-2.990300000000005,0.0102442651787326,1.0763741761098236,14.809622121244594,0.0542748488036768,0.0214915337522821,62.990300000000005,6.969396074414166,1,L,LL
103,0.0024999999999977,0.0174372990140199,2.1910870711234205,15.01174641677644,0.0628469310474869,0.0506581387684865,35.9975,10.031599887800969,1,L,LL
104,0.0022999999999981,0.065126377386189,8.876583179702061,58.66724671130973,0.0299660185493468,0.0978544069393135,53.9977,12.492966894051284,1,L,LL
105,-2.9891999999999967,0.0193674092453542,1.877444613279612,10.314739038197674,0.0852338197446094,0.0588687214377165,68.9892,13.497092892890688,1,L,LL
106,-2.996899999999997,0.0067859446754957,0.3257253444262249,0.7275522922112252,4.465160950567215,0.5350497778835992,116.9969,17.016424536794272,1,L,LL
107,-2.990300000000005,0.0400724276116496,3.0913301860609894,25.39511198020688,0.0679102711673908,0.0772300609176903,68.9903,18.34709474780848,1,L,LL
108,-2.997,0.0424828695702342,3.0894339555106725,20.13223770342496,0.1026837812951256,0.1167041464546112,92.997,23.032857006384827,2,L,LL
109,-2.994500000000002,0.0267594474316325,1.465703005773014,10.252332979886877,0.1501372763593614,0.0809543200909512,110.9945,25.18066146989216,2,L,LL
110,-2.995100000000008,0.0311791141852069,0.7358844380757099,6.453299836840877,0.2574102457605484,0.0696852666538308,140.9951,27.33727218016885,2,L,LL
111,-2.995100000000008,0.0172353904259366,0.6634009570004938,15.250491257788124,0.0842028751058053,0.0205498441488131,140.9951,28.998224892150876,2,L,LL
112,-2.9957,0.0313394225629126,1.0886430633259268,13.772153982485555,0.1205985892964785,0.0482984568818346,134.9957,30.50449795517858,2,L,LL
113,0.0,0.0030410454952005,2.406540785414927,-10.44638433617826,0.1425048372177007,0.1261619377699779,0.0,3.9944673201582352,0,R,LL
114,0.0,0.0267201953244899,5.86147511291695,12.51770213387726,0.0308293479965193,0.066477822180599,0.0,6.276296477781628,0,R,LL
115,0.0,0.0244903118985418,5.4330161105245125,29.661236942963104,0.0182064365620249,0.0363891124610865,0.0,8.346274469401573,0,R,LL
116,-0.0001000000000033,0.0107688893200344,1.4729831260644255,28.566315829988724,0.0312603188041764,0.0169393480955023,30.000100000000003,9.910588605260502,0,R,LL
117,0.0019999999999988,0.026300983108033,3.726348800071754,41.339567861149774,0.0344168721324292,0.0471802698418521,17.998,12.183876959008654,0,R,LL
118,0.0,0.0174264366540659,2.626578607004749,36.87184960788965,0.0207950678408248,0.0200935310496801,0.0,14.322163493549471,0,R,LL
119,-2.994500000000002,0.0154942264880723,0.8848398691790744,20.57536882158338,0.0596164513928302,0.019406013202559,116.9945,15.948585286935185,1,R,LL
120,0.0019999999999988,0.0110451256257677,1.5894716877659671,32.03846512515202,0.0596697026238935,0.0348909012837196,17.998,17.159223741507123,1,R,LL
121,0.0030000000000001,0.0111227153063852,1.6105540401009173,50.95620595260883,0.0159519032040798,0.0094513386668201,23.997,20.0904855033773,1,R,LL
122,-2.990300000000005,0.0161919905300153,1.7528071779444996,29.624371256207198,0.0465656905116818,0.030026568886379,62.990300000000005,21.47598056544191,1,R,LL
123,-0.0020999999999986,0.0153348046581395,1.3862970284230731,13.548651007382654,0.0745407525945107,0.038015051543338,54.0021,23.13453719250099,1,R,LL
124,-2.990300000000005,0.0192545782033775,1.793019162289332,21.332508745879217,0.0652153237140779,0.0430169984105477,68.9903,25.987665672527434,1,R,LL
125,-2.994100000000003,0.0222275062938564,1.82851737369428,35.20762884253628,0.0484641407824934,0.0326005649944659,110.9941,30.22502238516871,1,R,LL
126,-2.995400000000004,0.0246758003496077,3.9109268205045553,59.45693950120361,0.0290580623973236,0.0418072748718668,104.9954,36.50581385157918,1,R,LL
127,0.0,0.1111802990890964,77.1783503317399,204.0740575738872,0.0065192713503419,0.1850972930461699,0.0,0.0625697954287849,0,L,LL
128,0.0,0.0130684610652987,4.3423811280460525,-13.41871284315826,0.0352523793202951,0.0563147150808674,0.0,1.2722525070519604,0,L,LL
129,0.0009000000000014,0.0588035503389729,29.136319145074577,163.24341213347333,0.0084169060731306,0.0902178938891971,29.9991,4.631026271334734,0,L,LL
130,0.0033000000000003,0.0369158283898414,5.6635479596654,13.252259386894735,0.0467011103496854,0.097301896906329,5.9967,7.36768662489021,0,L,LL
131,0.0033000000000003,0.0125882517036098,2.045039176082906,-14.487743141105954,0.0205719541563499,0.0154768544371892,5.9967,7.914010323808716,0,L,LL
132,0.0,0.0345547384625587,5.999596084358799,52.90883511207532,0.0301868889182352,0.0666263294176109,0.0,9.831814365469048,0,L,LL
133,-3.090800000000001,0.0642769339737122,12.336402661378123,76.14238087259565,0.0161051824567013,0.0730902931553126,69.0908,10.180135096211886,0,L,LL
134,0.0,0.0043366719501998,1.4842723320741276,-18.77194448195056,0.0389558967146195,0.0212712159053151,0.0,11.200010004832258,0,L,LL
135,0.0,0.0213481006033116,3.464943371520529,33.493147365088454,0.0483202991008472,0.0615929880141537,0.0,12.7186193794846,0,L,LL
136,0.0,0.040963324697567,7.058131940123817,57.69538541116903,0.025981817175015,0.0674628700179292,0.0,14.88297468507552,0,L,LL
137,0.0,0.0391968349680943,6.797392708529623,70.07063192017216,0.0255156928885522,0.0638050782585876,0.0,16.311384471094684,0,L,LL
138,0.0,0.0794005649517565,14.706042257105144,72.554953179464,0.020507569867958,0.1109469908201872,0.0,20.027770431109257,0,L,LL
139,0.0033000000000003,0.0534433147250677,9.145985148437909,66.12420889382139,0.0236263610389092,0.0794937246429638,5.9967,21.89338612238081,1,L,LL
140,0.0033000000000003,0.0580582188373249,9.41533543843104,65.35878129145253,0.0261833525490213,0.0906914965809436,5.9967,23.407026122380817,1,L,LL
141,0.0018999999999991,0.0292698784984165,3.5703197073621267,29.06902554475056,0.0285919513298446,0.0375540189527559,29.9981,24.41774310791397,1,L,LL
142,0.004800000000003,0.0402487355008354,5.1101512368190924,32.92805848340153,0.0309048368949831,0.0580986080358406,41.9952,27.53459411653966,1,L,LL
143,-8.449200000000005,0.0173384312993426,1.9123297567681523,12.555988941120514,0.0611579551824648,0.0430250374828941,62.449200000000005,27.75245371582324,1,L,LL
144,0.004800000000003,0.0314174497482048,2.963622426813271,18.566906664210343,0.0744619255494487,0.0811825433962251,47.9952,29.213163365881435,1,L,LL
145,-8.449200000000005,0.0105000944905921,1.0838611571239232,7.495956979255573,0.1062334764780215,0.0423584992311257,68.4492,29.900023113970423,1,L,LL
146,-3.090800000000001,0.0210655223291932,1.920821201657073,10.769844803783958,0.06967745638466,0.0492362249197177,75.0908,31.802175934953453,1,L,LL
147,-2.9873000000000047,0.0215475035116516,1.9588226411089693,16.828157822989663,0.0681521523114834,0.0491111619076373,74.9873,33.58238073682061,1,L,LL
148,-2.9857999999999976,0.0167066055910577,1.215697501998603,23.98647147462773,0.0464741570486368,0.0207846427254185,98.9858,35.182764702091866,2,L,LL
149,-2.9895000000000067,0.0455586468936179,3.932257344196643,34.343267181681455,0.0438115948740095,0.0633777056891684,92.9895,38.54999977798477,2,L,LL
150,-2.9891999999999967,0.0159604102039248,1.2970248611320911,31.56580577127108,0.0392715632092984,0.0187383785171589,122.9892,40.73466668338857,2,L,LL
151,-2.987799999999993,0.0141773384726493,1.1242424092379153,25.458106749704196,0.0294220873189039,0.0121685536745702,122.9878,41.964146300137045,2,L,LL
152,-2.987899999999996,0.0297483794432253,1.808677379398533,26.32065008240046,0.0668842157287692,0.0445030999953429,116.9879,45.70199790441469,2,L,LL
153,,,,,,,146.9875,49.17031276760239,2,L,LL
154,0.0,0.0025565963844593,2.827363553687384,-106.2530340817048,0.0161006106997824,0.0167467108848238,0.0,1.7474328565069404,0,R,LL
155,0.0,0.0031279189594288,1.2737129901591455,-14.632704654266176,0.0172522146774654,0.0080839189349836,0.0,3.748592418642374,0,R,LL
156,0.0,0.0038175663139194,,,,,0.0,4.895120784366474,0,R,LL
157,0.0,0.0043334667399533,1.805566746442107,-42.58803309294354,0.0130253946006032,0.0086518693918753,0.0,7.291688977461488,0,R,LL
158,0.0,0.0136882758562519,3.452812124732482,-1.5069862493957575,0.043141101317287,0.0547986290983976,0.0,8.659609974780215,0,R,LL
159,0.0,0.0063805958967071,1.022672767381448,11.168289429426212,0.0632813458718256,0.0238077260528387,0.0,9.817520927900167,0,R,LL
160,0.0,0.0138818616962284,2.295463936519488,18.786060256019127,0.0509838982010228,0.0430535562715997,0.0,11.799973979567206,0,R,LL
161,0.0,0.0041032276014041,1.3364386303583098,16.155339874968448,0.0177360762494009,0.0087199116745436,0.0,14.36093314319574,0,R,LL
162,0.0,0.0200696513994347,3.225411112208761,34.314575287399215,0.0332579023757969,0.0394625777094127,0.0,16.37513648409755,0,R,LL
163,0.0033000000000003,0.0184742346762305,2.7327713759007795,30.163629427045368,0.0580481681972725,0.0583575885370601,5.9967,18.87865611538328,1,R,LL
164,0.0013000000000005,0.0076321433149831,1.191413043428107,20.15547503391765,0.0377862373102668,0.0165615704457849,5.9987,20.32546730036908,1,R,LL
165,-2.987799999999993,0.0104891144423993,0.4404767433326992,4.407052020504433,0.2337266314639663,0.0378736098588171,122.9878,22.599027733918177,1,R,LL
166,0.0040000000000013,0.0106291302512123,1.522472218985585,13.194023031904416,0.0835885202489926,0.0468167791039341,17.996,24.712195646369075,1,R,LL
167,0.0040000000000013,0.0245337164077335,2.30511323722428,15.555342602853427,0.1012844605593728,0.0858896043508788,23.996,26.476163753592104,1,R,LL
168,0.0040000000000013,0.0287197514843305,4.667777056709389,52.03785988113342,0.0197179067654956,0.0338591796636815,23.996,27.76200421461361,1,R,LL
169,-2.9857999999999976,0.0216887258335016,,,,,98.9858,32.57690348279987,1,R,LL
170,-2.989599999999996,0.0052836798701131,0.3465734813076098,3.712843055578155,0.2365100892606517,0.030154388018664,98.9896,34.84508258838669,1,R,LL
171,-2.989599999999996,0.0066280032704738,,,,,98.9896,36.09916314594045,1,R,LL
172,-2.989599999999996,0.0049352324912696,0.3257253444254973,0.7267517385380977,4.471774945761242,0.5358423174344285,98.9896,36.7471558002198,1,R,LL
173,-2.9895000000000067,0.0261835972648803,3.019797039251656,57.920337643036326,0.0547094911472801,0.0607779361418081,92.9895,37.67053539639011,2,R,LL
174,,,,,,,152.9892,53.047779417086446,2,R,LL
175,0.0,0.0014629629629629,0.9757357359771464,-60.59726774498755,0.0174351473913903,0.0062584005064155,0.0,1.3142713144552751,0,L,LL
176,0.0,0.044904700178987,9.349520549992016,49.592764968575,0.0232021755934298,0.0798037993132852,0.0,2.813813942802188,0,L,LL
177,0.0,0.0010904282112498,,,,,0.0,4.854404263298479,0,L,LL
178,0.0,0.0020689420634717,0.3351686142824378,0.6566639509125324,5.143660639710704,0.6342218054440152,0.0,5.49700383402208,0,L,LL
179,0.0,0.0158229064963057,3.3854487129000312,11.436483419606247,0.0255490342846711,0.0318197121171616,0.0,6.201834821209789,0,L,LL
180,0.0,0.0004876543209876,0.7112919921748126,-177.5693916779396,0.0071880008400681,0.0018808820276684,0.0,6.946226247466381,0,L,LL
181,0.0,0.0753045464413759,14.938455659980312,38.06477822490551,0.0201959306860021,0.1109877614257188,0.0,9.91174000266437,0,L,LL
182,0.0,0.0613328247329421,13.412049137671746,36.78659996907819,0.0204383207979555,0.1008430251653019,0.0,11.390857315812395,0,L,LL
183,0.0,0.0687451785341487,13.263767350305883,34.79869487853873,0.0229473715721112,0.1119709496811259,0.0,12.788992354565018,0,L,LL
184,0.0,0.0019506172839506,1.6801426931444348,-6.027245813668444,0.2594193857744725,0.1603445164904336,0.0,14.131297330037604,0,L,LL
185,0.0,0.0112040619716658,2.569237452769657,0.2675907344539108,0.0868584448800249,0.0820959649359077,0.0,15.907274402768984,0,L,LL
186,0.0,0.0547035222223541,12.243241954267631,39.237778197020845,0.0153055464741641,0.0689367477513207,0.0,16.851054971015646,0,L,LL
187,0.0,0.0609900432009841,12.62419315902218,54.30834374783567,0.0151913036294201,0.0705511655735382,0.0,17.36887314900593,0,L,LL
188,0.0,0.0360172126107756,5.930958128566849,40.33985545947789,0.0298222537431235,0.0650685062888527,0.0,19.17007314900593,0,L,LL
189,0.0030999999999998,0.0387425589850213,4.268619507327162,24.484555925409204,0.066094493559207,0.1037906524555172,5.9969,20.500964463440432,1,L,LL
190,0.0030999999999998,0.0278045609445368,4.385716885983795,37.029759849650375,0.0310515041662039,0.0500989649899977,5.9969,20.86697411495252,1,L,LL
191,0.0017999999999993,0.0305953617505681,3.005160753761092,26.92890230622746,0.0448564922005809,0.049590505480807,11.9982,22.36204302583129,1,L,LL
192,0.0007000000000019,0.0135703050224327,1.7869228154970571,7.384075227790402,0.0890913189565922,0.0585661533839219,29.9993,23.160137961237545,1,L,LL
193,-3.090199999999996,0.0157246822694798,1.468598074958251,11.994574197027545,0.073508634571286,0.0397142923496634,69.0902,25.46347463804184,1,L,LL
194,0.0028000000000005,0.0110933194599614,1.47072175660012,31.08158213683297,0.0389252362049293,0.0210604327954623,23.9972,27.066635444083023,1,L,LL
195,0.0027000000000008,0.0452142455227327,6.462327803687273,53.43476230927429,0.0230947184672356,0.0549044031073673,29.9973,28.86049775239991,1,L,LL
196,-2.986599999999996,0.0127370606880274,1.3236953347139702,42.09740058462126,0.0285211622985146,0.0138886737496846,80.9866,30.214841821449863,1,L,LL
197,-2.991,0.0222367821050755,2.030357154046394,31.272607425743207,0.0358211410320887,0.0267557650568688,68.991,33.63247035291508,1,L,LL
198,-2.988100000000003,0.0132836324403619,,,,,116.9881,36.79132560115859,2,L,LL
199,-2.986699999999999,0.0198228211415238,705.5499803755185,485.9891871661161,0.0043641172229557,1.1327386251036375,110.9867,39.71889997141557,2,L,LL
200,-2.988300000000009,0.0260686699997441,,,,,134.9883,45.41217975304227,2,L,LL
201,,,,,,,152.9892,48.37185543957153,2,L,LL
202,0.0,0.0,2.0258933390223013,81.0,1.132954220547716e-18,8.443732304703527e-19,0.0,3.954987562311328,0,R,LL
203,0.0,0.0132547882486044,,,,,0.0,5.215705804384351,0,R,LL
204,0.0,0.0049079945251693,,,,,0.0,8.07675221399272,0,R,LL
205,0.0,0.0027585894179623,,,,,0.0,9.366787423420742,0,R,LL
206,-2.986699999999999,0.0370488864871593,3.676863146731328,41.89077940876306,0.0382847251592054,0.0517855409791777,110.9867,12.47450584933583,0,R,LL
207,0.0,0.0055033659233154,2.557513193270216,-42.25428878960293,0.0181743105001024,0.0170994186091995,0.0,14.498831082230662,0,R,LL
208,0.0,0.0004876543209876,0.869094469350848,-77.1097857534789,0.0259232731351003,0.008288240414703,0.0,16.697031979788783,0,R,LL
209,0.0027000000000008,0.0031376410659616,0.5184330002692056,61.75854254401197,0.0225623874927046,0.0043031175497024,29.9973,19.113435118171108,1,R,LL
210,-2.988300000000009,0.0384341361622921,1.7296868479815284,19.2367988952895,0.0862259164383559,0.0548669501657692,134.9883,20.89406077001374,1,R,LL
211,-2.989699999999999,0.0226783041506106,1.570601095712315,26.67226545735277,0.0546268716468177,0.0315629614139255,92.9897,21.67308449269489,1,R,LL
212,0.0056999999999973,0.0623706833610781,11.35401230760419,77.44993904929395,0.0199120156841695,0.0831706516889867,47.9943,22.94769414028972,1,R,LL
213,-2.991,0.0350428463371775,3.950887420261264,48.45542763487607,0.0411873671920972,0.0598637894015521,104.991,37.42245550044218,1,R,LL
214,-2.9872000000000014,0.0327394867272624,1.4210422760425905,18.075551362741454,0.0893702592623659,0.0467202904802195,128.9872,38.85502165603491,1,R,LL
215,-2.9872000000000014,0.0356665476244389,3.149656682946419,34.29819305544269,0.0523681670093773,0.060678677783842,128.9872,39.82892217251489,1,R,LL
216,-2.988100000000003,0.0594330713603378,4.327208513557516,30.156613195222363,0.0496754422982964,0.0790778919895068,116.9881,42.32727150802438,2,R,LL
217,-2.9887999999999977,0.0376368455673583,7.504008288832562,44.17615471035612,0.0373160654979978,0.1030136249567375,140.9888,45.2363288331638,2,R,LL
218,-2.9887999999999977,0.0165233925912139,1.0322847085404985,23.285824862328944,0.0669347166050564,0.0254188817724837,140.9888,45.7881438331638,2,R,LL
219,,,,,,,152.9895,47.73732694383124,2,R,LL
220,0.0,0.0044203402041817,1.348951415794286,-9.725861611972093,0.0224187052076503,0.0111253159306437,0.0,2.242766687622481,0,L,LL
221,0.0,0.0101331016531162,2.412489558696441,6.795423087656643,0.0456821838232118,0.0405431807467974,0.0,3.6457106032513256,0,L,LL
222,0.0039999999999995,0.0673978719208088,6.501607794732948,41.10278038432894,0.0461700031350512,0.1104297755747647,5.996,6.933483566282627,0,L,LL
223,0.0,0.0505843823990636,11.327824101246607,14.385672232158,0.0234620400168539,0.0977727399656693,0.0,8.409291803300265,0,L,LL
224,0.0,0.0274651934937106,4.403388642014543,28.80749514025328,0.0467335964944225,0.0757045078437243,0.0,10.13825178777374,0,L,LL
225,0.0,0.0087004462956182,2.268452644330787,-3.941226342869996,0.0568523314872375,0.047444242296136,0.0,14.873183645105234,0,L,LL
226,0.0015999999999998,0.0138321200685347,2.1978420395345384,37.661271128506,0.0234036007499104,0.0189227684436952,23.9984,17.20879215070239,1,L,LL
227,-0.9545999999999992,0.0041514533158618,,,,,48.9546,20.18036510310669,1,L,LL
228,0.0039000000000015,0.1185645574547769,11.420259092197153,41.19784570180353,0.0402602328640575,0.169144452060135,23.9961,22.157789123501907,1,L,LL
229,0.0015999999999998,0.0738467472304541,3.774696196518714,23.225121541342705,0.1055133669335108,0.1465193567039318,29.9984,24.91199407552103,1,L,LL
230,0.0043000000000006,0.1152456845911459,17.140539803677584,53.94396912546189,0.0236812525961135,0.1493257426345417,41.9957,27.428703171631696,1,L,LL
231,-0.9545999999999992,0.0854308746682996,11.74364832646948,48.89430581023629,0.0267960935904882,0.1157657371488394,48.9546,31.02897138585283,1,L,LL
232,-2.9899000000000058,0.0322340949456867,2.1656514990273887,11.695037132858683,0.0498572043103351,0.039721168026643,104.9899,32.70239372253296,1,L,LL
233,-2.985600000000005,0.0136949258769855,0.7656283200746009,6.49881511619413,0.1160808923214967,0.032695218593743,74.9856,34.206870065286545,1,L,LL
234,-2.987700000000004,0.027367802077274,2.563488425351253,23.822819782022748,0.0416172494111975,0.0392473422158141,80.9877,34.54123704033043,1,L,LL
235,-2.9882999999999957,0.0103856026217376,,,,,110.9883,35.66779200213566,2,L,LL
236,-2.985900000000001,0.0330061826020009,2.704621602060915,23.843312927528206,0.0435055400180968,0.0432869109120202,92.9859,37.688277512919775,2,L,LL
237,-2.990700000000004,0.01734153861505,0.8327085046824614,6.657450104316481,0.117353424084619,0.0359496183455953,116.9907,38.56199411181063,2,L,LL
238,-2.9861999999999966,0.031638312865742,1.4477395976307168,13.105034297647146,0.0635759094776554,0.033860124672343,122.9862,41.24540388951964,2,L,LL
239,-2.990700000000004,0.0354890524952388,1.865698667688336,14.664524474707552,0.071211431926037,0.0488761217757548,116.9907,42.34327921477434,2,L,LL
240,-2.990700000000004,0.0358667634569586,2.0450943262000805,17.376013909024806,0.0693404008189653,0.0521681228217951,116.9907,43.95483816011574,2,L,LL
241,,,,,,,152.9882,49.74509749905624,2,L,LL
242,,,,,,,152.9882,51.3421180280675,2,L,LL
243,-2.9879999999999995,0.0409285122340252,1.012178332264487,6.223673167347271,0.1816464014753214,0.067637781256612,140.988,54.40522393400563,2,L,LL
244,,,,,,,146.9887,57.83312585114112,2,L,LL
245,0.0,0.0838921375880458,21.70440083237892,10.385749290512043,0.0228241145253057,0.1822414898686884,0.0,0.507008312062041,0,R,LL
246,0.0,0.143687322671255,62.45732414348364,108.88681104640358,0.007080924612173,0.1626967443580966,0.0,4.209034745559549,0,R,LL
247,0.0,0.0053405622671527,0.8574937481630405,-3.3122887617786563,0.0228494508781721,0.0072079580093055,0.0,10.73996333564665,0,R,LL
248,0.0,0.0040478054524685,,,,,0.0,11.766817033187976,0,R,LL
249,-8.4495,0.0210911701592408,2.318677877877524,22.961522942833263,0.0385104280083381,0.0328491610235822,62.4495,13.801435581987368,1,R,LL
250,0.0056000000000011,0.0344501928547162,3.927081174915284,35.402683126193736,0.0392115191921262,0.0566485848697009,47.9944,17.52253482030956,1,R,LL
251,-0.9545999999999992,0.0240390648432535,3.840355995641312,68.19338807333844,0.0220712676315795,0.0311820224426069,54.9546,21.113429686501945,1,R,LL
252,-2.985600000000005,0.0234904451333207,2.0764990594052275,31.72015867158878,0.0563798379992334,0.0430686323063102,80.9856,23.390543321430076,1,R,LL
253,-0.9545999999999992,0.0305512649443466,3.4674241526497647,33.55179990267812,0.0449644298201065,0.0573563595709816,54.9546,27.934366843895027,1,R,LL
254,-2.9882999999999957,0.0105957150793041,0.5613942010922521,6.592073734465132,0.14667755873426,0.0302926392847431,110.9883,29.0880839658354,1,R,LL
255,-0.9545999999999992,0.032637591430524,3.8024141329788512,33.726121879477205,0.0397803922019293,0.0556460054805302,54.9546,30.5168174251824,1,R,LL
256,-2.987700000000004,0.0047023809523809,0.3905786407213103,4.0625571486599625,0.226413421013382,0.0325324053211213,80.9877,31.52053623097989,1,R,LL
257,-3.0892000000000053,0.0386345427517189,4.10556213801225,38.84078170257741,0.0337492003833756,0.0509731690921551,75.0892,33.19742637720294,1,R,LL
258,-0.9545999999999992,0.0541187748838926,7.633024352462816,55.77802999176986,0.0253089129354047,0.0710682559651359,54.9546,35.84064063391659,1,R,LL
259,-2.987700000000004,0.0169976656893072,1.4431909613212637,8.346123591286045,0.1269481843708977,0.06739936614449,80.9877,38.35538289729772,1,R,LL
260,-2.9882999999999957,0.0178300084722449,0.9800905303847088,8.620840795035317,0.0954187201965127,0.0344037116044898,110.9883,41.62630690867721,2,R,LL
261,,,,,,,152.9882,44.52254686691974,2,R,LL
262,-2.990700000000004,0.0430976732886072,2.2044485256630755,22.35420245649645,0.0793852370366539,0.0643791482224898,122.9907,49.08617781361956,2,R,LL
263,-2.987500000000012,0.0402430486220229,1.849861226016437,19.287419097833723,0.0783896730996517,0.053346203939918,134.9875,51.86119968063589,2,R,LL
264,-2.987500000000012,0.0313353366664106,3.1985123314263806,34.304403224749244,0.0479599140284867,0.0564328447581258,134.9875,55.017879450288405,2,R,LL
265,0.0,0.0046700173245727,2.4691433886216863,-9.883168868473469,0.1045928399414117,0.0950066017933482,0.0,0.5591343072252015,0,L,LL
266,-2.9912000000000063,0.0620110905079989,12.117817930074963,73.39626749796987,0.0178859469953097,0.0797336931465275,86.9912,2.1001355242243136,0,L,LL
267,0.0,0.0025533911742128,3.7014799357025914,-397.35938979842257,0.0029339815383882,0.0039951978791773,0.0,2.5562575638897407,0,L,LL
268,0.0,0.0058473190000509,3.9873998418563046,-107.48827727763243,0.0069726509699291,0.0102280591672775,0.0,3.5832575638897426,0,L,LL
269,0.0,0.0017800755657404,0.9244416729153004,-26.39093803844904,0.046458006145482,0.0157995821006481,0.0,4.359381001108334,0,L,LL
270,0.0,0.0004876543209876,1.22886453435983,-137.9306497802576,0.0164891995503198,0.00745433836743,0.0,5.786355789979488,0,L,LL
271,0.0,0.0010904282112498,0.8100700523367091,-36.366289653499074,0.028071596072864,0.0083655635195158,0.0,6.303470006243519,0,L,LL
272,0.0,0.0399746700967686,8.491696953671525,39.48416577831704,0.0186698586996504,0.0583231586164018,0.0,8.524947248776792,0,L,LL
273,0.0,0.0678177829449343,16.168024107817157,27.654363008433315,0.0177416162695484,0.1055250697534586,0.0,11.233935367358548,0,L,LL
274,0.0,0.0269839484588649,7.191418101872396,3.887405206622097,0.0354781481047994,0.0938600971505589,0.0,14.067806983539672,0,L,LL
275,0.0,0.0217436273226921,3.571587069891192,34.99865787078892,0.0380990974820274,0.0500589168189642,0.0,15.753593463316657,0,L,LL
276,0.0031999999999996,0.0054277102040468,0.6153128658890624,17.045440072245768,0.0640641056870221,0.0145016120323504,35.9968,24.60568158535966,1,L,LL
277,-2.9912000000000063,0.0143034741294221,1.2317469776832437,20.91650858867424,0.0407099670029983,0.0184470860572812,86.9912,28.438585932917803,1,L,LL
278,0.0005999999999986,0.0155524014372384,2.0633646146551268,31.52439564236076,0.0461427083573878,0.0350255189333911,29.9994,30.00133620108724,1,L,LL
279,0.0005999999999986,0.0327782823753556,4.539913452952599,42.43350563403799,0.0383132340610061,0.0639884963062446,29.9994,32.84612966038862,1,L,LL
280,0.0005999999999986,0.0828478208668678,14.75999426992606,71.9826479889681,0.0192046424020166,0.1042792578907959,29.9994,35.7159661218839,1,L,LL
281,-2.9863,0.0087675788612256,0.6254648139175151,8.444615308344234,0.0647137556424792,0.0148903534236448,92.9863,37.41155348501209,1,L,LL
282,0.0054999999999978,0.0631389011364278,7.516007220452811,37.70430210198575,0.0341033792213526,0.0942953161758181,47.9945,41.47575193057568,1,L,LL
283,-2.9913999999999987,0.0856372176157086,8.891277225558193,34.16296065996696,0.0345226122567477,0.1129206371876469,68.9914,45.06078832985269,1,L,LL
284,-2.9913999999999987,0.0555293276827872,7.760796408459585,58.86495035636903,0.0252025056596301,0.0719540973859646,68.9914,46.15049007769265,1,L,LL
285,-2.9912000000000063,0.0205559552378956,1.511631162913656,22.188420458748205,0.0567120059110474,0.0315374346210012,92.9912,47.48101390464502,2,L,LL
286,-2.987700000000004,0.0606501668220753,5.20511941438732,33.39199141623615,0.0396678539738129,0.0759582449047319,86.9877,50.70735207469247,2,L,LL
287,-2.989699999999999,0.0058883123407494,0.2330369112734925,14.711782236677177,0.0803040014907349,0.0068844209876911,134.9897,53.31121956293653,2,L,LL
288,-2.990799999999993,0.0357216437284126,3.4420131327818693,40.17514307301118,0.0347083668068723,0.0439493260470305,104.9908,54.21893964899248,2,L,LL
289,-2.986000000000004,0.0334195848311529,3.0196260161853528,38.50086460443565,0.0403661051673192,0.0448410242305189,110.986,55.04921123299376,2,L,LL
290,-2.989599999999996,0.0282348102615756,2.172673581773858,32.115602956093106,0.0464177590308248,0.0371008766330123,116.9896,57.820033204125664,2,L,LL
291,-2.989599999999996,0.0447081165271189,4.178157785776478,38.47481056543532,0.0401670193781801,0.0617390525843728,116.9896,58.989137652923965,2,L,LL
292,-2.9913999999999987,0.0654294994438235,2.014290710474226,13.58807370884694,0.1310666904524481,0.0971225331630269,140.9914,63.18186771738402,2,L,LL
293,,,,,,,152.9888,65.91732957881712,2,L,LL
294,0.0,0.0053956488461569,5.581426258740359,-123.5906224400994,0.0104119278957645,0.0213787279718803,0.0,2.122855978770111,0,R,LL
295,0.0,0.0101298964428696,3.730826190869564,-25.383026824154182,0.0151185737320285,0.0207501555789818,0.0,2.989904343413919,0,R,LL
296,0.0,0.0184173701259153,7.663780407638218,-26.540855182894383,0.0209448974064207,0.0590509389801993,0.0,6.402559150577138,0,R,LL
297,0.0,0.0702555673181841,12.4695466390924,46.42821311426955,0.0285855297923377,0.1311301106518401,0.0,7.020339150577138,0,R,LL
298,0.0,0.0378587929479395,9.448777571052158,3.0145590862596605,0.0289562661291225,0.1006522999483726,0.0,8.068464903617654,0,R,LL
299,0.0,0.0448014957236792,9.809321699448644,24.96220802033216,0.026601078025057,0.0959939212954387,0.0,9.43657242417146,0,R,LL
300,0.0,0.037422460279394,9.422366715454418,17.71491796013126,0.0212669663840945,0.0737175792805029,0.0,11.443184720293374,0,R,LL
301,0.0,0.0537794053386881,11.41018470195432,23.27607625584853,0.0247292082687264,0.1038026414057369,0.0,14.996844629760613,0,R,LL
302,0.0,0.0500200561223046,18.70238777814184,92.1224133007468,0.0112165103098261,0.0771721030305432,0.0,16.233686956656005,0,R,LL
303,-8.450699999999998,0.0083424865688492,0.9099834800241888,8.969936295546722,0.10209622396484,0.0341781621788352,62.4507,18.547014591161847,0,R,LL
304,0.0,0.033282522884031,7.813314742243191,91.37339606258452,0.0143354799317864,0.0412052994341849,0.0,19.97182421549768,0,R,LL
305,-2.9913999999999987,0.0149189219261916,1.5997205665062375,19.835960554147228,0.0486528534071812,0.028632413828408,62.9914,20.76182421549768,1,R,LL
306,0.0031999999999996,0.0199255485144922,2.480918855021005,30.116572455806917,0.0426294272773906,0.0389069848475494,41.9968,22.81828869429112,1,R,LL
307,0.0025000000000012,0.0060024437216857,0.8378964978977727,38.52829162955173,0.0287425759608107,0.0088597523207431,23.9975,26.13334221649793,1,R,LL
308,0.0039999999999995,0.0332595446359429,4.56001300354681,42.57858956446468,0.0343172609809841,0.0575684076172879,5.996,27.557136140491146,1,R,LL
309,-0.9547999999999988,0.0190528931801072,2.227324464538819,19.514937663654017,0.0411588032065265,0.033724983316025,48.9548,29.281176591616383,1,R,LL
310,0.0006000000000003,0.0414525997070575,5.325322375894722,41.66896169313798,0.0460424836128307,0.0902007531589058,11.9994,31.07158621471106,1,R,LL
311,0.0005999999999986,0.0618811202532485,9.041580042463092,50.49682696322582,0.0243772026236702,0.081083729591866,29.9994,35.0351943233295,1,R,LL
312,0.0031999999999996,0.0503620761987389,6.928721818165755,54.75269054063412,0.0249197641857069,0.0635188419424975,41.9968,37.91134092540941,1,R,LL
313,-2.9913999999999987,0.0113041576947917,1.1585609250867843,12.652466889669212,0.1163860981560549,0.0496050056823428,62.9914,38.92673312219842,1,R,LL
314,-0.9547999999999988,0.04047856600355,4.711092287945424,36.13051089232414,0.0288203821470157,0.049949007732364,54.9548,40.7251970940907,1,R,LL
315,-2.9913999999999987,0.0495192254281573,6.397767098979026,46.38293378079423,0.0234475027514997,0.0551862062594902,68.9914,42.75933035481872,1,R,LL
316,-3.090599999999995,0.0229434308796442,2.261022947298483,18.44349845847769,0.0464482380160876,0.0386348946295574,69.0906,42.93297587707599,1,R,LL
317,-3.090599999999995,0.0320117915982483,6.412230449906946,80.01050126720033,0.0202039282415088,0.047659607080322,75.0906,44.66779559606182,1,R,LL
318,-8.450699999999998,0.0160320406961233,1.650573927629953,8.231238137133131,0.1305176169049615,0.0792518911410475,68.4507,46.53185927352904,1,R,LL
319,-0.9547999999999988,0.0601497092654808,10.847115747732804,77.37875988871929,0.0201779735871594,0.0805188088899118,54.9548,47.68873556940913,1,R,LL
320,0.0006000000000003,0.0346967374973309,10.656627563624836,120.3994893305684,0.0154420510816971,0.0605383097047752,11.9994,51.08118061841501,2,R,LL
321,0.0025000000000012,0.0417602510964678,51.988976600599685,223.86210058160012,0.0089664398506507,0.1714892203986166,23.9975,53.94926255548819,2,R,LL
322,-2.986000000000004,0.0617238382542903,4.41473157684401,29.75751301931612,0.0487211761467013,0.0791275255361411,110.986,59.95420220271205,2,R,LL
323,-2.990799999999993,0.0361535805423613,2.3167419239835887,24.88939091988794,0.0771705712543666,0.0657710675364755,104.9908,62.42791867292302,2,R,LL
324,,,,,,,152.9888,72.58158472156828,2,R,LL
325,,,,,,,152.9888,78.21229453172161,2,R,LL
326,0.0,0.0386426921886801,,,,,0.0,1.487792970543951,0,L,LL
327,0.0,0.003607835218369,6.942444677107952,-55.23025426457943,0.0443330451780866,0.1132258290123913,0.0,4.6501919748002045,0,L,LL
328,0.0,0.0322470345675877,13.741178472147103,-32.36975408016684,0.0147809358730782,0.0747190654371804,0.0,7.428700272823593,0,L,LL
329,0.0,0.0065511376149173,3.679279241919928,-123.4293867662496,0.0081126052448542,0.0109806642426784,0.0,8.244027772753826,0,L,LL
330,0.0015999999999998,0.0159402371903844,,,,,5.9984,10.954487040684722,0,L,LL
331,0.0,0.0660523898859821,28457.326649089508,1974.824852112242,0.0011226929755462,11.753321674474469,0.0,11.22809633000071,0,L,LL
332,0.0,0.002921393074125,4.384506263573461,-50.66957872910901,0.0436876497735432,0.0704668559630148,0.0,15.08921930609866,0,L,LL
333,0.0,0.0017800755657404,1.5720137743898193,-26.7957173686938,0.0489942183888834,0.0283339223205008,0.0,17.55725662352026,0,L,LL
334,0.0,0.0006896473544905,0.907810893173654,-24.688954593782707,0.0734710677960842,0.024536762516709,0.0,18.977937563223215,0,L,LL
335,0.0,0.0041965342639608,1.5698743412767733,-1.6826234753088312,0.0259514339989873,0.014987588824608,0.0,20.267846940854067,0,L,LL
336,0.0,0.0019506172839505,1.410234792395997,-50.741387959138855,0.0235471825172154,0.0122161932221356,0.0,21.800306615410605,0,L,LL
337,0.0,0.0,1.0949851948538296,81.0,-5.391455490984547e-18,-2.171799803660576e-18,0.0,23.32715958371061,0,L,LL
338,0.0,0.0,5.362969422735133,81.0,-2.6064445322754833e-19,-5.14232269159989e-19,0.0,25.3314678971195,0,L,LL
339,0.0,0.0414805504998825,8.260462197280898,26.699400011649463,0.0319686892309966,0.0971481860800906,0.0,27.292204290671677,0,L,LL
340,0.0,0.0610370348713615,,,,,0.0,29.34875936075393,0,L,LL
341,0.0020999999999986,0.0080298431361323,1.1473214463600223,12.002465301404916,0.0766229130611414,0.0323406905484346,11.9979,33.700650481592746,1,L,LL
342,0.0020999999999986,0.005881851527828,0.8014829370069121,10.678338486500367,0.1064072908957669,0.0313740934193104,17.9979,35.623070412589634,1,L,LL
343,0.0020999999999986,0.0082474118806861,1.215443428698514,8.16283605120616,0.1046644865012097,0.0467993277974842,11.9979,37.407281521175165,1,L,LL
344,0.0020999999999986,0.0132311398806328,1.9074134148109336,18.570939472668105,0.0304874167135407,0.0213929648550475,11.9979,39.15992587397267,1,L,LL
345,-2.990399999999994,0.0100124341610664,0.933995988938201,6.344690852919108,0.1012141553069494,0.0347769734877154,62.9904,41.1089967546632,1,L,LL
346,0.0016999999999995,0.0115053618004118,1.5918716137263966,6.490995004892504,0.1548934662437983,0.0907082221878986,23.9983,43.56801660252312,1,L,LL
347,-0.9538000000000012,0.0358806821883477,10.652496465403289,109.79911204301033,0.0138315268810834,0.0542034639930611,54.9538,44.52192320172453,1,L,LL
348,-0.9538000000000012,0.016122913254708,1.85947392039924,14.058406195571177,0.038000826279011,0.0259949298412152,48.9538,47.425170757950575,1,L,LL
349,0.0020999999999986,0.0490088124983143,3.5803722122551007,30.407617500949605,0.0586200617975248,0.0772111405606216,17.9979,48.84314312399751,1,L,LL
350,0.0037999999999982,0.0160973933555734,2.192845999280698,20.330276131592584,0.1038253164480517,0.0837561901836452,23.9962,50.17224619859975,1,L,LL
351,0.0037999999999982,0.0421809789735881,5.832661152199242,37.2644839522298,0.0313736747913008,0.0673189999068964,23.9962,51.51050619859975,1,L,LL
352,0.0033999999999991,0.1276747477711583,12.719526378077004,37.78882809250474,0.0316064755297655,0.1478946719247271,41.9966,55.69611732779143,1,L,LL
353,-0.9538000000000012,0.0121918387946089,1.281166514361164,15.712531094778443,0.0529948086857993,0.0249772387882646,54.9538,57.84378824822426,1,L,LL
354,-2.990399999999994,0.0068825648222788,0.6379239866446218,8.69508037774184,0.136509187592719,0.0320358559774987,62.9904,60.71607333137192,1,L,LL
355,-3.090599999999995,0.0273403911627928,2.6096537922406022,13.381779005412897,0.0455958031520874,0.0437737026971755,69.0906,66.37184754425981,1,L,LL
356,,,,,,,152.988,69.94992834140334,2,L,LL
357,-3.090599999999995,0.0347857829265857,3.604023641033711,35.037157539003296,0.0332548272403375,0.0440907864290916,75.0906,70.92653962087947,2,L,LL
358,-2.991900000000001,0.0546561963791313,4.856475694296902,34.96944419820056,0.0399053775537189,0.0712948503471545,122.9919,74.97466512082099,2,L,LL
359,-2.992099999999993,0.0253719358284004,1.976899197333576,27.604410765537896,0.0564849495443525,0.0410792767131727,92.9921,78.09791192069379,2,L,LL
360,-2.991900000000001,0.0580897987332246,3.345500634409938,23.71614563968409,0.062611813637897,0.077058920106855,122.9919,78.3799419206938,2,L,LL
361,,,,,,,146.9882,79.8654588321182,2,L,LL
362,-2.9891999999999967,0.0383399586967833,2.2266580047089453,21.99105352567498,0.0596974159160422,0.0489006429054666,116.9892,81.1629694234307,2,L,LL
363,-2.9860999999999933,0.0667476091344595,9.116192316281875,54.33385812221528,0.0272747704842033,0.0914702995521984,98.9861,84.41736019561412,2,L,LL
364,-2.9891999999999967,0.0486501894766296,4.410786565464319,36.36163867272951,0.0406459630456948,0.0659536718618839,116.9892,88.17940569908677,2,L,LL
365,-2.9891999999999967,0.0976168670041618,19.50995878792056,62.66111154166617,0.0246320114389317,0.1767916494183291,116.9892,89.80224679544258,2,L,LL
366,-2.991900000000001,0.0431396202717908,3.010194075419053,29.0932151843039,0.0518336521199719,0.0573999910109845,122.9919,91.05392993553836,2,L,LL
367,-2.9891999999999967,0.0361924910276692,4.03661361927678,42.92866109885141,0.0322719431655626,0.0479234213092922,116.9892,93.59514440681971,2,L,LL
368,0.0,0.1429807965662643,94.8599606860393,179.05092698407302,0.005254935107213,0.1833816245464495,0.0,1.9005449525859692,0,R,LL
369,0.0,0.0006896473544905,1.6758698749183802,-21.942025110354567,0.1157666910337998,0.0713722572808097,0.0,2.7925306480605423,0,R,LL
370,0.0,0.0006896473544905,1.2373971179428045,-93.79338325771468,0.0209842389212134,0.0095522975180437,0.0,4.04362281321996,0,R,LL
371,0.0,0.0024382716049382,0.9748901894240258,-25.084592030422268,0.0338104799014549,0.0121258600968288,0.0,6.189121273387479,0,R,LL
372,0.0,0.0212013587864439,7.799464339935056,21.502636837381583,0.007442204319392,0.0213536383872727,0.0,7.961111002193748,0,R,LL
373,0.0,0.0,2.448461330049017,81.0,-2.2045481743138094e-18,-1.985721604921823e-18,0.0,9.025179816006345,0,R,LL
374,0.0,0.0764615901586897,7702.251267766595,1250.560527372429,0.0016802625557073,4.761023770377102,0.0,9.749640398785008,0,R,LL
375,0.0,0.0,2.1196293093675656,81.0,6.611661913070196e-18,5.15556268958223e-18,0.0,10.872260981563674,0,R,LL
376,0.0,0.0045280572813401,1.3383188539911963,5.380601491529205,0.0267768715732905,0.0131833247392712,0.0,12.44043181920928,0,R,LL
377,0.0,0.0049903351375967,1.528685593483233,-1.2059412462766512,0.152624427202981,0.0858317046584865,0.0,14.427276055447592,0,R,LL
378,0.0,0.017952645059091,3.5307317690121085,13.027539538683738,0.050830645471931,0.0660230933114382,0.0,19.81491855701057,0,R,LL
379,0.0,0.0066585191221444,1.7195439591479944,-3.3814927282829785,0.0464971032239363,0.0294133640336789,0.0,23.46642943628905,0,R,LL
380,0.0,0.0098256274589135,1.6022964043150871,13.736518480967502,0.0828635713996827,0.0488440900838029,0.0,25.39986659823665,0,R,LL
381,0.0009999999999976,0.0070735713701757,0.944886312001294,13.535915985434958,0.1005709825430803,0.0349589008007119,29.999,27.62895330174879,0,R,LL
382,0.0,0.0042183471706787,0.6847970732051925,11.02932893835236,0.0885955588829846,0.0223192381256652,0.0,29.596079464404944,0,R,LL
383,0.0049999999999998,0.0529749779893971,52.72297958454892,209.31401540257752,0.007999825966756,0.1551622266350213,5.995,32.122011287158685,1,R,LL
384,0.0067999999999983,0.0038370478571245,0.4570067571763422,5.052155475735197,0.1437433971034579,0.0241666272746274,41.9932,33.36208986612051,1,R,LL
385,0.0033999999999991,0.0054277102040467,0.6885457334128953,9.401418275414368,0.0968480969649223,0.0245317991888125,35.9966,35.40812530196956,1,R,LL
386,0.0020999999999986,0.0056980761390879,0.8337021600446538,9.666597958198354,0.0764839913067664,0.0234577842862728,11.9979,38.053863802314375,1,R,LL
387,0.0016999999999995,0.0200725413157738,3.044759708057302,55.303895066686266,0.0154829954623798,0.0173425728893653,29.9983,38.85480516670272,1,R,LL
388,-8.4499,0.0041378841269435,,,,,62.4499,40.12794427430251,1,R,LL
389,0.0067999999999983,0.0038751800989369,0.4679083919734051,7.911851117653703,0.0969107049297573,0.016681615435879,41.9932,41.53230037587358,1,R,LL
390,-8.4499,0.0111852792713718,1.0877496412725454,9.676789081016407,0.0599614954366933,0.0239942357957793,62.4499,45.402203116253816,1,R,LL
391,0.0016999999999995,0.0299709232778303,2.4982569307244864,31.55262167753504,0.0602517781119173,0.0553748403424016,29.9983,48.22692190911081,1,R,LL
392,0.0033999999999991,0.0081987142983811,,,,,41.9966,48.73087999308208,1,R,LL
393,-8.4499,0.0362725473631638,3.7673491645026416,15.452416382903769,0.0805964518544788,0.1117010651275899,62.4499,51.82142756473182,1,R,LL
394,-2.9843999999999937,0.0096729046909901,0.7645455037536879,15.64363577414366,0.0462262626558913,0.0130016251070381,74.9844,52.87861169249766,1,R,LL
395,-8.4499,0.010214937642666,1.1264387093625434,15.624653053861351,0.0747026838307148,0.0309563172880756,62.4499,56.61920759182254,2,R,LL
396,-2.9849999999999994,0.0068941561703746,0.4180419947709456,6.078486847150878,0.1876504183176061,0.0288585805827073,104.985,59.84256422723088,2,R,LL
397,-2.987799999999993,0.0052718875090674,0.4424436682717481,4.122572873473406,0.2063743857090678,0.0335907187012357,80.9878,61.314462418869326,2,R,LL
398,-2.9860999999999933,0.0046479079197566,,,,,92.9861,64.67954851830709,2,R,LL
399,-2.992099999999993,0.0433626456775177,4.615914437043297,43.48585747136049,0.0308838464717885,0.0524438604224385,92.9921,66.96657939122316,2,R,LL
400,-2.9899000000000058,0.0246758003496077,2.896317849929693,45.99635032236486,0.029111452772756,0.0310181304309112,104.9899,72.57386329398796,2,R,LL
401,-2.9849999999999994,0.0135216410052299,0.747442452257753,4.138161047350058,0.088203213406813,0.0242531239533669,110.985,74.7162688258967,2,R,LL
402,-2.9898000000000025,0.0065833333333331,0.2370000000051791,0.7409891285308514,4.325133844411977,0.3770972937449715,128.9898,76.70293646423148,2,R,LL
403,-2.9849999999999994,0.0128365797203967,0.7440340901083293,7.273006827469953,0.1577807390846271,0.043186930586958,104.985,78.39591383360883,2,R,LL
404,-2.9891999999999967,0.0086285128266449,0.3899847364533155,8.07491787462076,0.1285632815262168,0.0184446354821116,116.9892,79.67424864939727,2,R,LL
405,-2.9917000000000087,0.0240310201374966,0.7923469831571387,12.956745524778484,0.0979012680264068,0.0285370610051703,140.9917,82.034420331834,2,R,LL
406,,,,,,,146.9882,84.18969509771586,2,R,LL
407,0.0,0.0061644316028284,1.013831637665787,29.835041547333923,0.0445913295239063,0.0166311307987312,0.0,7.157064174831985,0,L,LL
408,0.0,0.0021808564224998,1.463182664714916,-31.474418959866597,0.0285229979395457,0.0153532116110643,0.0,7.766658696066176,0,L,LL
409,0.0,0.0051382336637185,,,,,0.0,9.254981113874836,0,L,LL
410,,,,,,,104.99,10.006300784582368,0,L,LL
411,0.0,0.0359298921524569,9.13660479792836,13.81439131301888,0.020137279255674,0.0676848001330729,0.0,10.74865350080737,0,L,LL
412,0.0,0.0187670109864115,5.353622450053017,-5.345112384012464,0.0522719313667342,0.1029489224931538,0.0,12.916489428771795,0,L,LL
413,0.0,0.0079348742693584,2.268503892906292,-12.717944220113836,0.0381058249840597,0.0318006806408843,0.0,13.58590850446355,0,L,LL
414,0.0,0.0195195155254305,4.092822761796006,25.575142648209788,0.0226814420936315,0.034150661458013,0.0,15.6201362641041,0,L,LL
415,0.0038,0.0193269774865366,3.110755859733389,20.546815416107336,0.0429680612240008,0.0491719242775189,5.9962,16.63140041316001,0,L,LL
416,0.0,0.0054020820444853,0.8673808627480365,11.242470399378588,0.0813650132639699,0.0259628912144166,0.0,19.91809592328292,0,L,LL
417,-0.0010000000000012,0.0041534774124828,0.6226184431171597,5.204042769447359,0.0749276319797066,0.0171620635804737,12.001,21.097915671371908,1,L,LL
418,0.0,0.0700581830481326,26.084808764384476,-20.128205815614656,0.0167397292551148,0.1606355278601762,0.0,1.920095202589576,0,R,LL
419,0.0,0.0467098631889129,17.27429081506834,-15.469462894317994,0.024802891014794,0.1576188119856879,0.0,2.1132497987036736,0,R,LL
420,0.0,0.0536016706122641,13.342084234622144,94.97636342565993,0.0161447999405053,0.0792431743103897,0.0,2.9800477457545584,0,R,LL
421,0.0,0.0880614844121762,18.12431649375833,45.18785190267533,0.0182766422504189,0.1218606713703303,0.0,5.041522443283802,0,R,LL
422,0.0,0.0017582626590225,,,,,0.0,5.735168086317764,0,R,LL
423,0.0,0.0083981081707948,2.498975791589152,-1.505815545797924,0.0226845649520782,0.0208544154857228,0.0,7.03287501066931,0,R,LL
424,0.0,0.0417679803834427,8.452861093887513,19.027390866609004,0.0236801928570585,0.0736367284663245,0.0,9.849714333312576,0,R,LL
425,0.0,0.0523060088388747,8.898173634228993,38.52712913421421,0.0307200040436014,0.1005605552604314,0.0,13.53337014313874,0,R,LL
426,0.0056999999999973,0.0099304711272213,1.2262534116193546,17.991263533184018,0.0568209081003907,0.0256326741693714,41.9943,18.058568936965937,1,R,LL
427,-2.9893,0.0046551196428114,0.2957702468267109,23.579928358945462,0.0491942500623501,0.005352717783367,116.9893,31.35873244965775,2,R,LL
428,-2.988599999999991,0.0053201367346414,0.228590854536152,6.083980029189009,0.1579110757089719,0.0132793543918511,122.9886,38.20343108603113,2,R,LL
429,0.0,0.0102765673944556,4.992000821767411,-16.59930710212733,0.007656747988104,0.0140612690886247,0.0,4.2574727983289975,0,L,LL
430,0.0,0.0038490176292122,0.6015422293700428,19.13082863372458,0.0358537211739992,0.0079342499149345,0.0,11.644058834575397,0,L,LL
431,-2.985600000000005,0.0100757553833878,0.7072377642875227,10.483982728723632,0.0476225954225537,0.0123903627517935,74.9856,16.273066034888256,1,L,LL
432,-0.9553000000000011,0.0227112198920029,3.0320691429153435,47.16144706777566,0.0214408042629664,0.0239158428402847,54.9553,18.959522312418017,1,L,LL
433,-8.452200000000005,0.0324356589367751,5.967028521262177,62.51274274225401,0.0148804491642358,0.0326647750952747,62.452200000000005,20.762337678237884,1,L,LL
434,0.0001999999999995,0.0353860963589493,5.788885275276598,62.74333045546522,0.0208525229636064,0.0444077806328193,35.9998,21.78940343728369,1,L,LL
435,-3.093900000000005,0.0338019634244665,4.759367705022052,56.254377069587854,0.0222597902738368,0.0389740776106061,75.0939,25.043630917710747,1,L,LL
436,-3.093900000000005,0.0257894603822739,2.820712126802864,40.61245183587439,0.030295204168586,0.0314367880797488,75.0939,28.231696466025603,1,L,LL
437,-3.093900000000005,0.0370453626842014,5.686890646924581,65.93633741263348,0.0227130571396154,0.0475177631907157,75.0939,31.829000882257205,2,L,LL
438,-2.9869999999999948,0.0299656956586669,2.576407651840368,31.82472351290939,0.0337470051452893,0.0319856614471459,104.987,36.25655860246884,2,L,LL
439,0.0,0.0327305027348632,8.15368456925057,7.394825716583021,0.0233458366913803,0.0700275396001383,0.0,1.5864452244354998,0,R,LL
440,-0.0029000000000003,0.0123159690939859,1.9229578542625327,16.09695634104331,0.0581559800313009,0.0411405092005934,6.0029,5.028873811317438,0,R,LL
441,0.0015,0.0208817812733372,3.040092027191732,27.11026717011459,0.0402067097760707,0.0449666758428563,17.9985,5.959645608627696,0,R,LL
442,0.0,0.0444738487849132,9.538544125529905,24.366602811326644,0.0214403464547676,0.0752349107382229,0.0,7.438337715130893,0,R,LL
443,0.0,0.0387899084959354,7.567934153666916,39.26691457405916,0.0228876452749978,0.0637212045345057,0.0,10.145535441664164,0,R,LL
444,0.0033000000000003,0.0220709706673636,3.491335710402292,36.9617912133237,0.0450758820054615,0.0578950404906181,5.9967,11.681785804057029,1,R,LL
445,0.0033000000000003,0.0295617986484068,5.894068630347423,82.02794145434953,0.0200607093748943,0.043497770021922,5.9967,12.031551557097544,1,R,LL
446,0.0033000000000003,0.0374432901498037,5.391959438409949,38.886779714231366,0.0365189927850476,0.0724387463312394,5.9967,14.063370165395256,1,R,LL
447,-0.0029000000000003,0.0262945745458278,2.525693375218567,33.754538954589684,0.0479058718682885,0.0445117728209942,12.0029,15.369552032336337,1,R,LL
448,0.0015,0.0080958602767046,1.095728611930177,29.571338348981392,0.0387338075914088,0.0156134440448967,23.9985,16.659389558848883,1,R,LL
449,-0.0005999999999986,0.0119442119097031,1.560196494349056,23.76571854785637,0.05662574548304,0.0325011515243155,30.0006,17.27743670696948,1,R,LL
450,0.0001999999999995,0.0437899174038765,4.921167865430093,44.867841128018654,0.0283783616589697,0.0513760861760398,35.9998,18.886779859953847,1,R,LL
451,0.0022999999999981,0.0343658420958931,19.35725087497672,174.76944282500554,0.0080413001856227,0.0572631812582642,41.9977,20.08403440660384,1,R,LL
452,0.0035999999999987,0.0396952700254988,11.845472725649804,109.14566325096688,0.0094501259091747,0.0411808693046903,47.9964,20.55112945384988,1,R,LL
453,-0.9553000000000011,0.0453367751558061,7.266488814795437,70.14775190159756,0.0245796950833656,0.0657062404363014,54.9553,24.88504973691808,1,R,LL
454,-2.993399999999994,0.0481494723149201,6.248601615435717,50.83208564009867,0.024800280457094,0.057009200041375,92.9934,26.96111196928484,1,R,LL
455,-2.9924000000000035,0.025668838099373,2.638096291676137,38.6092430860791,0.0285160424808935,0.0276748588518395,116.9924,30.239194857920303,2,R,LL
456,-2.988900000000001,0.0182151245361086,0.7779885647277931,19.20359325940044,0.1022157657811877,0.0292547653006748,128.9889,31.674115156005676,2,R,LL
457,-2.9924000000000035,0.0323524900783865,1.84445252018214,24.48104891347183,0.068040272416635,0.0461677853336805,122.9924,35.258521751285535,2,R,LL
458,-2.994,0.0279307178568686,1.4902914839894406,20.770296605667337,0.0697622166148852,0.0382469677120738,140.994,36.6388204917305,2,R,LL
459,,,,,,,146.9886,38.461446835539135,2,R,LL
460,0.0,0.0346380954774125,10.514512000203249,-1.422050662830143,0.0286204474662916,0.1107059743345682,0.0,2.9278666521324244,0,L,LL
461,0.0,0.0810784436905783,48.10792993018037,166.50086999345504,0.0057639660216174,0.1020102001877812,0.0,4.738215090728563,0,L,LL
462,0.0,0.0478625706353888,11.10547157957165,11.16886769685579,0.0163161123110568,0.0666590637006389,0.0,6.919476974141707,0,L,LL
463,0.0,0.1171513072610285,20.69669349263435,50.69135823523122,0.0214645303194231,0.1634285306009985,0.0,7.4520906000670895,0,L,LL
464,0.0,0.07291734720947,23.766946609606663,103.56632413440478,0.0105063881850868,0.0918612501619509,0.0,9.063402422574642,0,L,LL
465,0.0,0.0652712184800065,12.171532003580866,29.089016554510188,0.0196410808663307,0.0879460112805834,0.0,9.407378256609537,0,L,LL
466,0.0,0.0656516858990117,15.011477530642996,28.95113130632621,0.0204852200391559,0.1131278652230081,0.0,11.21250874256011,0,L,LL
467,0.0,0.1513510271201392,40.27000181025122,78.27982903965015,0.0122346843882751,0.1812508023654755,0.0,13.09182864531832,0,L,LL
468,0.0018999999999991,0.0120963192044546,33579.72533321285,809.4102538314855,0.0033393592777449,41.25207554330693,41.9981,33.751377117276846,2,L,LL
469,0.0,0.0037306928496911,3.296613319767688,-109.3098618800479,0.0046283312932125,0.0056130377762012,0.0,3.554143448006916,0,R,LL
470,0.0,0.00576818359787,1.8633969797013503,-3.1259406759307544,0.0139948128944382,0.0095935203649449,0.0,4.472503458323956,0,R,LL
471,0.0,0.0546311935091986,12.596666476762906,21.65509089753208,0.0167867402593598,0.0777906713223611,0.0,5.60979234238251,0,R,LL
472,0.0,0.0140265981589699,3.356522464036349,6.373278967826317,0.0309216462744771,0.0381819130226482,0.0,7.9317145158742015,0,R,LL
473,0.0,0.0319295534729385,6.474902548736588,25.606597978103707,0.0247488235069351,0.0589512900117968,0.0,8.913210623801271,0,R,LL
474,0.0,0.0252068377798315,4.333942471157133,32.76804472944504,0.0268892798092451,0.0428714162615648,0.0,9.694000840184646,0,R,LL
475,-0.0032999999999994,0.009723762789688,1.4299489945200243,17.733881013659886,0.0520198634118153,0.0273649886490844,12.0033,13.432043307436912,0,R,LL
476,-8.453199999999995,0.0111266398289195,1.1683544004325928,7.279315402985607,0.1533784904838694,0.0659241556237469,62.4532,13.759553075587627,0,R,LL
477,0.0,0.0276031067957933,4.379792837109584,45.66012828256101,0.038230611150254,0.0615985270994233,0.0,15.81168996656751,0,R,LL
478,0.0023999999999997,0.0415646658586439,6.931679246247652,56.00000227559499,0.0245116726419247,0.0625053115405491,5.9976,17.496189156327723,1,R,LL
479,-0.0038,0.0380948601872964,4.135931754975444,38.1259964755774,0.0373994520306941,0.0569041736780161,12.0038,19.37159300175995,1,R,LL
480,-8.453199999999995,0.0061145806911692,0.6425351094099984,6.88712699100167,0.1739979851366141,0.0411288532507504,62.4532,20.325016964380985,1,R,LL
481,-0.0038,0.019765432864893,2.7110357903203752,33.282485408919975,0.0639864428905234,0.0638158762477683,12.0038,22.198420201681685,1,R,LL
482,0.0011000000000009,0.0470221822324998,7.245688157437266,56.02419220586186,0.0247770167423111,0.0660441220284212,23.9989,24.55744059984957,1,R,LL
483,0.0035000000000025,0.039106615089856,4.804741459045726,37.3985658912573,0.0288811456848422,0.0510493196856508,47.9965,26.857524104020374,1,R,LL
484,-2.9926999999999992,0.0100614282157671,1.0896900383065584,24.309324536037227,0.0375219347269707,0.0150415891619108,62.9927,29.125716995237312,1,R,LL
485,-0.9553000000000011,0.0404864871346505,6.586596414811128,66.51889460427702,0.0222055204129673,0.0538056060301806,54.9553,30.06943305807595,1,R,LL
486,-2.9904999999999973,0.0161759529761447,0.898899537235121,19.98905951511395,0.0639228695073601,0.0211384401783977,116.9905,40.49784353912288,2,R,LL
487,-2.9961999999999875,0.0139653589284342,0.7451457474527511,20.770296714189968,0.0697622162201116,0.0191234838878954,140.9962,41.76263353912288,2,R,LL
488,,,,,,,146.9889,43.07875142919311,2,R,LL
489,,,,,,,146.9906,48.358423153576055,2,R,LL
490,0.0,0.0065729505216352,2.352434736218638,-12.533114250720528,0.015054675873858,0.0130285028201997,0.0,3.799203603091261,0,L,LL
491,0.0,0.0463230151931068,9.570709827183512,36.95749229444672,0.0213634779186404,0.0752179725877275,0.0,5.0157885552080685,0,L,LL
492,0.0,0.0208002368503889,52.67100423666312,507.4828452694,0.0022078903685986,0.0427813634852103,0.0,6.000389065227066,0,L,LL
493,0.0,0.0009753086419753,1.173812260845238,-54.704535281760805,0.0369777887405731,0.015967800449608,0.0,7.406055469950186,0,L,LL
494,0.0,0.0145210212482172,2.762791721805854,14.777285773603255,0.0264912685763656,0.0269250438849487,0.0,9.241687527704707,0,L,LL
495,0.0,0.0167586826729054,4.381242994784569,-3.974306101706249,0.0278156837519118,0.0448324630313595,0.0,9.736807908431754,0,L,LL
496,0.0,0.0366413790025799,8.433198951357799,13.298148726964586,0.0327095505645044,0.1014781265989394,0.0,11.2803023517659,0,L,LL
497,0.0,0.0338335336793529,7.070304046053494,19.751775835596497,0.0357017889074108,0.0928610491821259,0.0,12.81889739331283,0,L,LL
498,0.0,0.0253191302907021,5.642280525692022,14.900488860949157,0.0284150070502013,0.05898043361002,0.0,14.46000442237976,0,L,LL
499,0.0,0.0135319548265413,3.2283246317714367,3.261435172552751,0.0355348001657573,0.0422023461508485,0.0,15.28233105298344,0,L,LL
500,0.0,0.036366675400772,4.490821821117195,31.28532149791655,0.0459796669643008,0.0759621351874458,0.0,17.07800351736967,0,L,LL
501,0.0,0.0933368624419194,17.107424038320175,70.40010315407092,0.0209186972478369,0.1316511850983666,0.0,17.918349655577018,0,L,LL
502,0.0,0.0570203059314185,7.648834803705021,49.22454868003303,0.0298363936633242,0.0839551086571657,0.0,19.75014971923691,0,L,LL
503,-0.0030000000000001,0.0379882519185501,5.666998319388287,40.48760390764346,0.0287602992619871,0.0599586716419241,24.003,22.129096814698386,1,L,LL
504,0.0019999999999988,0.0764730884868282,11.507659863970854,47.82358112232267,0.0344272269527604,0.1457453063491521,23.998,22.30307626750819,1,L,LL
505,-0.0030000000000001,0.08960592841096,6.666070687269598,30.846112331263637,0.0488721264519794,0.1198496219763777,30.003,24.363647964123125,1,L,LL
506,-0.0018000000000029,0.0264700036701065,3.2012052160265383,25.478105030241736,0.0333085347412713,0.0392260486148357,36.0018,25.288461321563425,1,L,LL
507,-0.0018000000000029,0.0254392386335201,3.3031127576785977,27.634004794291783,0.0334061428214919,0.0405933834318629,30.001800000000003,26.11842202695857,1,L,LL
508,36.36979999999999,0.0633326425296769,5.760322347644978,19.77801571702113,0.0461761881903732,0.0978521527743328,35.63020000000001,28.971228928928745,1,L,LL
509,-2.9942999999999955,0.0817425719262504,11.08212788762852,53.43986493262896,0.0254916647899577,0.1039266371548439,68.9943,29.153580369833385,1,L,LL
510,-8.453900000000004,0.0055960392745366,0.5684593502849887,20.889529346257216,0.0396893852793073,0.0083000231737838,62.4539,30.186905201626374,1,L,LL
511,-2.9928000000000026,0.0159643380783649,1.1297171005386073,20.36512462238641,0.0686537981366471,0.0285324976092942,92.9928,33.29156943626169,2,L,LL
512,-2.985500000000002,0.0414881787485767,4.252960285987817,37.78841192036632,0.0405487574815857,0.0634416392773725,80.9855,34.917546810141886,2,L,LL
513,-2.992900000000006,0.0248425494685629,2.867184580974301,46.643365380653165,0.0295253737530351,0.0311427223939451,104.9929,37.57953230066509,2,L,LL
514,-2.991500000000002,0.0374567534150668,2.8225945717608814,29.95080192907773,0.0417861858481507,0.043389710409992,116.9915,40.02297518166908,2,L,LL
515,-2.992900000000006,0.0234583338823449,3.495998133564401,56.26927114427095,0.0327491816306542,0.0421189137409759,104.9929,41.407908942544815,2,L,LL
516,0.0037999999999982,0.0046507927486671,,,,,41.9962,41.89540882669517,2,L,LL
517,,,,,,,146.9901,50.39429473565676,2,L,LL
518,0.0,0.0597012855359751,21.23425312311345,49.12102712044064,0.0105135695700174,0.0821282749786724,0.0,0.7868610187955681,0,R,LL
519,0.0,0.0598476983133955,19.14834010445269,52.8310066954178,0.0089828670933151,0.0632778369097227,0.0,2.5379234431642983,0,R,LL
520,0.0,0.0255953150995329,7.030023118400302,-2.2964568257895364,0.0283259573813723,0.0732566186320548,0.0,3.8667976455993873,0,R,LL
521,0.0019999999999988,0.0652906197057392,7.738554753225513,46.36575430886347,0.0280235248598436,0.0797789174160841,17.998,3.984489087089412,0,R,LL
522,0.0,0.0700301428947936,14.59700634677733,15.03933507531015,0.0166090911380761,0.0891897985773379,0.0,4.860636484848489,0,R,LL
523,0.0,0.1133018156706524,21.61451172434954,61.69034199093375,0.0180334979327452,0.1433939808659647,0.0,5.111353110082163,0,R,LL
524,0.0,0.0569626247174171,7.883200830321003,29.23187990317261,0.0233244372376373,0.0676424427642025,0.0,5.93068577946217,0,R,LL
525,0.0,0.1543772658773801,179.183343088324,269.9268739499672,0.0055648792443102,0.3668249761444308,0.0,7.394118244061062,0,R,LL
526,0.0,0.0602844941825333,11.837201161128018,21.978722671829324,0.0365609511185748,0.1592106191866333,0.0,8.833223538923116,0,R,LL
527,0.0,0.0030410454952005,1.5386788908323654,-12.56986497848373,0.0629173124544672,0.0356142396745053,0.0,9.662627866303923,0,R,LL
528,0.0,0.0009753086419753,1.2673698272125804,29.362077671480243,0.0030917213167133,0.0014414819942249,0.0,10.953256860689342,0,R,LL
529,0.0,0.066840226003266,185.9356453836267,331.9795866650795,0.005384755111088,0.3683274877279807,0.0,10.98579105193486,0,R,LL
530,0.0,0.0115118613792122,2.7240818888034943,4.975874575873916,0.0805568331818565,0.0807287191462626,0.0,12.601332339730796,0,R,LL
531,0.0,0.0167419981007968,3.626754305965049,10.34510911966999,0.049148086429003,0.0655737871695869,0.0,14.262567098848244,0,R,LL
532,0.0,0.0404264650101898,7.128693642260381,41.0476988380931,0.0283596474664151,0.0743731707558759,0.0,15.514023465619536,0,R,LL
533,0.0,0.0290061193488294,4.747078863002763,44.34886587253053,0.0235128775275614,0.0410617776092533,0.0,17.75007173008511,0,R,LL
534,0.0034999999999998,0.0188373842304914,2.860332725878634,30.71132478109132,0.0590908783105643,0.0621788260742757,5.9965,19.327815994639327,1,R,LL
535,-0.0048999999999992,0.0501796183504219,8.130784977317637,57.34445363962925,0.0213707024105788,0.0639229473174835,12.0049,20.873114002328343,1,R,LL
536,0.0019999999999988,0.0605967118152148,19.00919251415006,121.41646450222976,0.0092194896208445,0.0644727309913235,23.998,21.86488341302823,1,R,LL
537,0.0019999999999988,0.1045901099646857,14.530042502577444,52.33692393273622,0.0255138364763072,0.1363792100301494,23.998,23.49650405643772,1,R,LL
538,-0.0018000000000029,0.0626289715790319,9.173978211442568,49.45150204426272,0.023231956038528,0.0784059460925978,30.001800000000003,24.044507303234678,1,R,LL
539,-0.9577999999999988,0.0463463839882604,28.91376941827217,171.57253577119866,0.0080006233081935,0.0851008806789905,54.9578,25.20798415127348,1,R,LL
540,0.0037999999999982,0.063083547963504,10.678937905342377,68.60222418950177,0.0198691546351278,0.0780572000882109,41.9962,26.130483628346504,1,R,LL
541,-0.9577999999999988,0.04398190284961,5.732439510958866,50.86437404278206,0.0281304774697897,0.0593228630018009,54.9578,29.02588275597161,1,R,LL
542,-2.985500000000002,0.0362591482312913,4.018595127729138,50.01318852584138,0.0365797046723855,0.0540779184230323,80.9855,31.09595106688373,1,R,LL
543,-2.997,0.0115208333333332,0.547796904794657,4.50132782269072,0.1954631420929198,0.0393903616317218,116.997,34.999623335341965,2,R,LL
544,-2.988100000000003,0.0092044279668041,0.5136340992557289,5.853957823665562,0.0694064223393814,0.013114720058685,104.9881,36.79014034650002,2,R,LL
545,-2.992999999999995,0.0109722222222223,,,,,128.993,38.64923244607891,2,R,LL
546,-2.994499999999988,0.0364856889694403,1.1355115539657912,13.203977103024515,0.1171104505886561,0.0489207073164093,140.9945,42.00864032204035,2,R,LL
547,-2.994499999999988,0.0286861397803081,0.771533776411409,8.43234454533128,0.1333315005616495,0.0378436684033033,140.9945,44.105471834503774,2,R,LL
548,-2.994499999999988,0.0288607702464567,2.538105769637818,28.32661264925531,0.0597960317726815,0.0558325673426308,140.9945,48.88144382464117,2,R,LL
549,0.0,0.1235784408336868,28.447283998925847,15.299681619895884,0.0287682707615503,0.3010648711784775,0.0,0.4898968291385434,0,L,LL
550,0.0,0.0555003331763808,17.49813113263964,-5.045707732543166,0.025005948528272,0.1609683594477718,0.0,1.905577799783236,0,L,LL
551,0.0018999999999991,0.0936669184278177,15.190007139252522,55.550891169504965,0.0189223957463821,0.1057400757603737,35.9981,2.153006372381972,0,L,LL
552,0.0,0.0359883362470906,9.63670223990632,-6.012714428969483,0.0233443497397002,0.08275909623148,0.0,6.1448843945866845,0,L,LL
553,0.0,0.0055390145204778,1.073696165841994,8.601966690438251,0.0616260270344588,0.0243417103591804,0.0,7.216998400125098,0,L,LL
554,0.0,0.0047787092048833,1.6988794164746956,-26.750046287943128,0.0221125300103165,0.0138199511498046,0.0,8.508875296280943,0,L,LL
555,0.0,0.2132433713543334,47.7939310730273,76.40322922572634,0.0150307859837492,0.2642773614419423,0.0,10.543100024729204,0,L,LL
556,0.0,0.0104219681508474,3.244247675028876,-0.15920801098766,0.0261558009207142,0.0312167397203434,0.0,13.176238755152577,0,L,LL
557,0.0,0.0295401733459979,6.496572129903506,35.35356330319373,0.0177527237129835,0.0424282165653978,0.0,14.248784830087844,0,L,LL
558,0.0,0.0241071244174283,4.515447709513455,30.56610458848424,0.0332941588657425,0.0553062717105087,0.0,15.983079614015791,0,L,LL
559,0.0,0.0191417787904374,3.171388053579824,28.879135860622192,0.0397513512524257,0.0463774429699454,0.0,17.285542882500494,0,L,LL
560,0.0,0.0335500153798749,4.420235712582657,40.68720944611941,0.0380874313719085,0.0619344994282986,0.0,21.065574478422214,0,L,LL
561,0.0034,0.0348193947572731,4.892938510676803,39.970843042877895,0.0400427194356375,0.0720773548745404,5.9966,22.664910779083844,1,L,LL
562,-0.0050000000000007,0.0553150670899085,9.220342516547598,61.6802775115572,0.0237360041170625,0.080511919567062,12.005,25.974004197580648,1,L,LL
563,0.0018999999999991,0.036009593882226,4.822543715429578,36.57546465952813,0.0374408565936037,0.0664243735787105,23.9981,27.65148611253335,1,L,LL
564,-0.0051999999999985,0.0400323731577442,5.089067561672797,36.21272393364441,0.0373627110841212,0.0699490976261804,30.0052,30.229733556245257,1,L,LL
565,-2.985600000000005,0.020396244494744,2.071577150690262,26.72120320696939,0.0437880298504978,0.0333704478918791,74.9856,33.314338639242955,1,L,LL
566,-3.096000000000004,0.0101244160431015,1.03951999669729,13.841057282496967,0.0376609435674402,0.0144022240530649,69.096,36.142710174839934,1,L,LL
567,-2.9887999999999977,0.0081350398809372,0.6099307877622125,10.782670940227757,0.0436272598148095,0.0097891280691223,92.9888,41.42644102373356,2,L,LL
568,-2.9980999999999938,0.0079467863094781,0.3720727505897362,4.093308573211277,0.2300119396524288,0.0314835548540139,116.9981,44.88230442113695,2,L,LL
569,-2.9980999999999938,0.0235090334927151,1.1645178076802667,22.38628236065424,0.0870235447747427,0.0372810745805181,122.9981,51.68512302231032,2,L,LL
570,0.0,0.0617178802923251,17.004284860952776,42.347017438468754,0.0123946945824653,0.0775353442892368,0.0,3.431335811121401,0,R,LL
571,0.0,0.0346671280460292,8.742513313106343,38.25905959621279,0.0131655837977288,0.0423430309622126,0.0,4.812969561441089,0,R,LL
572,0.0,0.0242031636073288,8.296760420808976,-17.5072015210919,0.0284837258241797,0.0869382440705924,0.0,5.831629309530084,0,R,LL
573,0.0,0.0244506485901325,5.823207093905549,-0.0734892266858284,0.0199679794169412,0.0427761677153277,0.0,6.822605605410169,0,R,LL
574,0.0046000000000034,0.0127413655678019,1.594561553941476,22.48447224614567,0.030086646260091,0.0176490196531882,41.9954,8.345333266339633,0,R,LL
575,0.0,0.0220143529783313,5.363825192345703,18.7883117897475,0.020541104477977,0.0405325498349953,0.0,9.92236728649928,0,R,LL
576,0.0,0.0585536113486694,14.240214822072538,71.6283107793117,0.0126893538888241,0.0664754932466267,0.0,11.53169625344092,0,R,LL
577,0.0,0.0904168062355029,21.857207637687623,96.44428106391685,0.0133439910149508,0.1072965942220043,0.0,14.371539638687558,0,R,LL
578,0.0,0.0373345192619521,5.379087815179596,45.60713691258232,0.0226056140485699,0.044733250912488,0.0,15.77864136424512,0,R,LL
579,0.0034,0.0280292876021841,4.665795204095763,55.1102540930828,0.0178391186452916,0.0306199575588822,5.9966,17.354837147275536,1,R,LL
580,-0.0050000000000007,0.0138867857929637,2.257445596646697,35.21788491238735,0.0318106966451957,0.0264177600409703,6.005000000000001,19.229745726417992,1,R,LL
581,-0.0023000000000017,0.0083702723728826,0.8612075343326909,14.646163843051658,0.0502555152366961,0.0159219798000669,12.002300000000002,20.632290299200903,1,R,LL
582,0.0018999999999991,0.0642057400087273,5.601732072340556,35.00217746032037,0.0417286619039242,0.0859928434483112,23.9981,22.176046149606897,1,R,LL
583,-0.0023000000000017,0.0209663219175242,2.654716287374285,34.096478961821234,0.0361300827674592,0.0352852004463892,18.0023,24.495952363130023,1,R,LL
584,0.0018999999999991,0.0308267976071004,4.438255117715004,45.0333645989774,0.0257204423676007,0.0419948674095394,23.9981,25.295258039058712,1,R,LL
585,-8.455200000000005,0.0162516733911018,2.053733677163097,26.44073673241599,0.0262125586341838,0.0198042799933489,62.455200000000005,26.942034160495083,1,R,LL
586,-8.455200000000005,0.0299933495134937,3.3893484849618503,26.93134032711908,0.0351681580761556,0.0438501784643456,62.455200000000005,28.20132475375528,1,R,LL
587,-2.996300000000005,0.006971861879635,0.6445449339150395,23.286300046316963,0.138686262236951,0.0328845695073174,68.9963,31.03931444449801,1,R,LL
588,-2.9932000000000016,0.0089907623809158,0.3693971490210451,15.52429575535627,0.0767009209196959,0.0104231655520008,134.9932,43.42778767586513,2,R,LL
589,0.0,0.117674599734889,75.52589738766312,159.17854771366356,0.0053920116951116,0.149813944137257,0.0,1.715491768565251,0,L,LH
590,0.0,0.0577074677154382,22.394539128701886,-28.446745164106485,0.0207203409067541,0.1707043325450164,0.0,2.484905535143418,0,L,LH
591,0.0,0.0045354597734562,1.2131744976094472,3.017924941023008,0.0535625515284477,0.0239050715274955,0.0,3.627844595860673,0,L,LH
592,0.0,0.0203291476256977,5.746826075564178,0.8144631813660506,0.0193253992511225,0.0408565834396935,0.0,7.286689804880396,0,L,LH
593,0.0,0.0141322537249088,4.620665086479771,55.61750781268512,0.0104827561998592,0.0178190889096395,0.0,9.298561572762232,0,L,LH
594,0.0,0.0184225893668654,3.1306267013374387,37.90391880730136,0.0340546411710837,0.0392204987130039,0.0,9.733300792743751,0,L,LH
595,0.0,0.0091630652419712,2.3728675027057484,1.3130383911893886,0.0598227090729994,0.0522209878302467,0.0,10.575648271875732,0,L,LH
596,0.0,0.0468788444606902,11.335099354722058,28.582405655342225,0.0186786165508549,0.0778888973895394,0.0,11.804709779056118,0,L,LH
597,0.0,0.0695371844929763,22.663628868433165,85.60527895170038,0.0087402385502025,0.0728715914036234,0.0,15.63657704764481,0,L,LH
598,0.0,0.0624844296615711,13.60761580818052,56.94302748406334,0.0164144305577129,0.0821700172516829,0.0,20.28411730258417,0,L,LH
599,0.0,0.0281740925838511,6.619978114220833,75.46326265642891,0.0129811383415628,0.0316136652274698,0.0,24.116050155193225,0,L,LH
600,0.0014000000000002,0.0423031252568271,5.810690661483672,47.70044293437133,0.0360871449040718,0.0771410946791229,5.9986,25.997921522182857,1,L,LH
601,0.0030000000000001,0.0099446293999993,1.3478815692577808,25.62486910838328,0.0787137360660184,0.0390308293202079,23.997,28.490003872582776,1,L,LH
602,0.0030000000000001,0.0106266269730832,1.3944954561030585,30.102255697990906,0.0572305542671401,0.0293596296896957,23.997,30.466061186444783,1,L,LH
603,0.0024000000000015,0.0150474672742719,1.78112259639031,25.143362138493337,0.0615260889506304,0.0403142551850889,41.9976,33.59147887187709,1,L,LH
604,0.0037999999999982,0.0085687684554145,0.8119472537401176,9.29664953556632,0.0426441908003075,0.0127377644384679,47.9962,36.77184429814765,1,L,LH
605,0.0007000000000019,0.0271971139330238,4.880850540620063,77.99118325193314,0.0243859002503883,0.0437864584806821,35.9993,39.15826870631925,1,L,LH
606,0.0013000000000005,0.0339423484994532,3.325943211146246,32.04702543926995,0.0467875065989456,0.0572466726260823,53.9987,42.09687817230797,1,L,LH
607,0.0013000000000005,0.0211001853148853,2.283509648950309,38.0716932869256,0.0650663538436298,0.0546593974430426,53.9987,44.203292106106346,1,L,LH
608,-2.9882999999999957,0.0313698740291604,1.9153307049029225,17.407862288057018,0.0571140369318185,0.0402431666471038,110.9883,50.429572909230885,2,L,LH
609,0.0030000000000001,0.0279458151785901,,,,,23.997,51.77494290923089,2,L,LH
610,-2.988200000000006,0.0219259877549973,0.9171977687402691,6.725714957235087,0.1330730586318775,0.044901272259099,122.9882,55.76548427024193,2,L,LH
611,-2.988200000000006,0.0284343324724949,251.9831464576647,203.48233077754296,0.0102009166551001,0.9456190482506708,128.9882,58.39474229798498,2,L,LH
612,-2.990700000000004,0.0567776928983027,3.277782781174382,25.0887579373922,0.0637953928279757,0.0769263282197396,122.9907,60.111913912869845,2,L,LH
613,-2.9869999999999948,0.0392353366664107,2.119245146096719,23.7400008317446,0.0839703366697997,0.0654655181594838,134.987,62.63535388815849,2,L,LH
614,-2.9869999999999948,0.0282521298395148,27.783131820709933,83.18020036868899,0.0234785618770245,0.2399706950032666,134.987,64.64710268142261,2,L,LH
615,-2.9868999999999915,0.0284738434020817,,,,,140.9869,67.34674412505154,2,L,LH
616,-2.988200000000006,0.0327394867505369,4.178886736671398,40.39573701256472,0.0533924711688648,0.0820816617577006,128.9882,69.03933214481516,2,L,LH
617,0.0,0.1675036769621652,66.99063663341205,110.06237524784044,0.0077453574412875,0.19088029081934,0.0,3.6928236051898975,0,R,LH
618,0.0,0.0057604455358225,,,,,0.0,4.996925426321063,0,R,LH
619,0.0,0.0763900317694,20.684500279389823,33.37904352886284,0.014886996003889,0.1132811431757536,0.0,6.59565329652203,0,R,LH
620,0.0,0.2242610550518947,125.58135336180428,174.5347256918742,0.0064613644225688,0.2985072703848358,0.0,7.58794612951036,0,R,LH
621,0.0,0.0202110709504178,,,,,0.0,8.396508430712768,0,R,LH
622,0.0,0.1313199861577977,43.32523458694402,114.1369970908105,0.0112979181922481,0.1800714520836626,0.0,10.233304317366974,0,R,LH
623,0.0,0.1560223454396129,50.65479846298864,107.33965205538962,0.0100348363383065,0.1869977597628819,0.0,11.51475450929433,0,R,LH
624,0.0,0.168887068945234,78.4765480677264,160.3487520165026,0.0087894071251832,0.2537493807760468,0.0,15.488067795739378,0,R,LH
625,0.0,0.1359533127333257,36.008020054510986,101.1531348080616,0.013928543854894,0.1845059924273839,0.0,16.800903217468207,0,R,LH
626,0.0,0.1350335130016235,36.87403489381938,105.81834287925562,0.0121200167925731,0.1644104439223536,0.0,18.707984210325748,0,R,LH
627,0.0012000000000007,0.1429632053136663,37.06896884972789,114.92349448313506,0.0145158213469997,0.1979509717155352,5.998799999999999,20.955947544645788,0,R,LH
628,0.0,0.1570668140957613,52.53169904159604,131.79233947481617,0.0113630971513109,0.2195956259882989,0.0,22.10210652795516,0,R,LH
629,0.0012000000000007,0.1564661739930948,40.50909352736398,108.54442308406342,0.0144909772342507,0.2159512475635897,17.9988,23.672114017268505,0,R,LH
630,0.0,0.162631826609244,49.87731454864823,120.57172964491863,0.0126489259876841,0.2320931014529633,0.0,24.817795158118788,0,R,LH
631,0.0012000000000007,0.0832583188784722,11.393761409494116,39.4387068473072,0.0334036306442181,0.1400123393337917,11.9988,28.818056549778586,1,R,LH
632,0.0012000000000007,0.0890201100427006,10.22718172515472,47.01408147104747,0.0316212231770895,0.1189707382133726,17.9988,31.83286431830464,1,R,LH
633,0.0012000000000007,0.1439522902064194,36.41730959360232,107.03394508622512,0.0156890856328457,0.2101894964495916,17.9988,33.64273624473146,1,R,LH
634,-2.990700000000004,0.0328249475185401,1.6123012411934972,12.104945823096577,0.0694463910516376,0.0411909101244434,116.9907,34.44445703235019,1,R,LH
635,0.0011000000000009,0.1442769635301912,24.85750243232764,73.8876875957583,0.0218925450912625,0.200197781980685,29.9989,36.656442649384005,1,R,LH
636,0.0007000000000019,0.1600826745361347,28.90653578921551,77.9473398982454,0.0207061878952083,0.2201920916310455,35.9993,37.42310091614958,1,R,LH
637,0.0024000000000015,0.1674955972818257,35.26131571904044,88.42619001337705,0.0178408586556835,0.2314300684978851,41.9976,38.14983574712767,1,R,LH
638,0.0024000000000015,0.1495076717242628,26.5554967194172,75.49808548591254,0.0201034666634492,0.1963952145950873,41.9976,40.767775542601626,1,R,LH
639,-2.9869000000000057,0.1703926629187437,23.38887163709972,54.58422697810724,0.0271211783098403,0.2333583484591604,98.9869,40.82509819519202,1,R,LH
640,0.0037999999999982,0.1252992126496629,21.90988415598952,76.90159218581026,0.0220854818497262,0.1780133111256615,47.9962,42.79591623661215,1,R,LH
641,0.0001999999999995,0.1512255665749949,23.76014069066324,64.88318058471211,0.0221653235687535,0.1937441515202307,59.9998,44.61985877075783,1,R,LH
642,0.0013000000000005,0.1525070500250958,23.92169866377613,69.06950391191447,0.0250123981137222,0.2201166355418178,53.9987,46.45722125599156,2,R,LH
643,-2.9912000000000063,0.1156823578512628,12.15252707476192,44.19462656557998,0.0380390420712246,0.1700598090414413,68.9912,49.28577112406035,2,R,LH
644,-2.988100000000003,0.1033690787672278,11.27416233207948,47.25263634278066,0.0342094866401416,0.1418849589619999,74.9881,50.39651112406036,2,R,LH
645,-2.9893,0.0639277848764687,7.547456781076474,51.864843220684826,0.0333352329055402,0.0925570803614242,80.9893,51.57440112406036,2,R,LH
646,-2.9893,0.1231136658493801,16.34571757195496,57.79239727922975,0.028219076937551,0.1696884616353263,80.9893,54.07783824900443,2,R,LH
647,-2.9899000000000058,0.1112458053072596,13.740187862202442,54.292977164760686,0.0316826101469625,0.1601471233874844,86.9899,55.72350291144074,2,R,LH
648,-2.9899000000000058,0.0412607434279388,3.396627938599456,38.06974553243565,0.0498703503708557,0.0623154757552927,86.9899,57.47676930826856,2,R,LH
649,-2.9886000000000053,0.0847603794290976,6.406313459462731,31.173528289380577,0.0471275408743823,0.1110678798107134,104.9886,61.115024156469424,2,R,LH
650,-2.9886000000000053,0.0605736313293499,5.265672479588744,37.46790187735494,0.0421931886776703,0.0817338033606516,104.9886,62.58687627633168,2,R,LH
651,-2.990700000000004,0.0824613233323138,7.380496292817627,35.980425803635306,0.0376905991221302,0.1023349838793761,116.9907,64.542675992874,2,R,LH
652,-2.9882999999999957,0.0825259658598175,8.091815415082657,42.53324952313383,0.04523872691086,0.1346672092435419,110.9883,66.36392055782247,2,R,LH
653,-2.988200000000006,0.0447867367141976,2.5806109066118967,19.818856668180008,0.0592690663836447,0.0562673073604893,122.9882,68.08137051473192,2,R,LH
654,-2.9882999999999957,0.0372121102502727,2.7642000123409023,38.80014947962424,0.0757410415510128,0.0770204861755293,110.9883,68.64110210058357,2,R,LH
655,-2.988200000000006,0.0672207967004975,3.552569432241136,22.85446736641082,0.0712407588985955,0.0931057772388093,128.9882,69.1438550220072,2,R,LH
656,-2.988200000000006,0.0782242213111463,4.433523787085781,24.069474440384408,0.0639988443999391,0.1043822594193553,128.9882,71.0941136489356,2,R,LH
657,-2.9868999999999915,0.0482435301829683,2.8631008549426613,23.302532651209567,0.0571778971147644,0.0602241034756532,134.9869,72.99502182728112,2,R,LH
658,-2.988200000000006,0.1110285230910935,6.392810291048645,25.391394573037296,0.0686138085192646,0.1613648211961348,128.9882,74.31505329273963,2,R,LH
659,-2.988200000000006,0.0580608687470877,4.78206816257304,32.69367627847567,0.0564594442480955,0.099324841151015,128.9882,76.56171341540212,2,R,LH
660,-2.9869999999999948,0.0243910012157181,7.169703853225086,54.421160194145095,0.033748586093137,0.0890148200306481,134.987,77.93950240869194,2,R,LH
661,,,,,,,146.9871,79.66593685805799,2,R,LH
662,,,,,,,146.9871,83.20201463063532,2,R,LH
663,,,,,,,146.9871,84.2247236730305,2,R,LH
664,,,,,,,146.9871,85.43943321646364,2,R,LH
665,,,,,,,152.9887,88.51843773821483,2,R,LH
666,0.0,0.0709696100768508,38.10741921244327,33.58546797759208,0.0065002316939656,0.091126332651233,0.0,3.569767706196269,0,L,LH
667,0.0,0.1612873044384852,36.97626635193296,92.49030372146876,0.016642309523305,0.2263821444864245,0.0,6.537350960598781,0,L,LH
668,0.0,0.0456474848065119,12.598018446697948,15.517245416646436,0.0206786892502694,0.0958364603335147,0.0,7.440275097784249,0,L,LH
669,0.0,0.0924664516754713,22.34082317236464,27.152128054024438,0.0177459939212286,0.1458495245273275,0.0,8.510288011995197,0,L,LH
670,0.0,0.0363492293726692,11.806121425185072,26.65895344421969,0.0125453037268508,0.054487131379968,0.0,9.8359489251245,0,L,LH
671,0.0,0.0051718429059361,2.983370565944928,-20.644844705946607,0.0062977754033027,0.0069119388477082,0.0,13.066758527143326,0,L,LH
672,0.0014000000000002,0.0061462258643663,0.92193388172288,-0.0357551262486797,2.765289987106197,0.937877193310546,11.9986,14.296473513047989,0,L,LH
673,0.0,0.095888404559367,33.447147892776314,107.1188329469716,0.0082580213284281,0.1016109727041132,0.0,15.272696234188125,0,L,LH
674,0.0,0.0341417776180084,7.768765114415087,12.188135627559074,0.0249149659478875,0.0712061995398445,0.0,16.57201892911825,0,L,LH
675,0.0,0.0760246669189015,17.20010460517606,40.08119373569093,0.016280711591983,0.1030172587319821,0.0,17.394752283849343,0,L,LH
676,0.0,0.0499512091835031,10.172391197832225,35.98008079932519,0.019798024058514,0.0740884346717889,0.0,18.791797161790253,0,L,LH
677,0.0,0.0167544241434012,4.88271535663386,-0.4358326245461465,0.0752831962972745,0.1352274862778165,0.0,20.54171032877118,0,L,LH
678,0.0,0.0233643718839419,5.197843336978018,9.346392020294424,0.0337104819846381,0.0644604993991737,0.0,21.529443551191456,0,L,LH
679,0.0,0.0487285572305197,5.1971263193121935,33.81967875823167,0.0370787547617119,0.0708914617468697,0.0,21.962548037430054,0,L,LH
680,0.0,0.0515353221330777,6.382749453724162,45.463304372215966,0.0313103208483273,0.0735192102593273,0.0,24.053537270285048,0,L,LH
681,0.0,0.0023546033509564,0.918468814569926,-20.104555538932058,0.0254368809381192,0.0085947607186981,0.0,24.76487181633152,0,L,LH
682,0.0,0.0800797039774216,16.14476945024942,65.34387269971481,0.0192304939348147,0.1142162257575791,0.0,25.83172239893633,0,L,LH
683,0.0,0.0493168218912377,8.092942750366857,44.07616263831808,0.0291045073108282,0.0866507324509803,0.0,29.808597011612136,0,L,LH
684,0.0009000000000014,0.0535335227288181,6.751707305287683,31.20011752300057,0.0525608275702331,0.1305513356865882,17.9991,30.58690740117404,1,L,LH
685,0.0023999999999997,0.0303349917853123,3.2702800728471253,41.829686257255176,0.029013442265125,0.0349051673343695,5.9976,32.18405349779307,1,L,LH
686,0.0014000000000002,0.0360006268341419,4.678849508215525,34.42039220783098,0.0412126360195599,0.0709373545279867,11.9986,34.04966655654882,1,L,LH
687,0.0009000000000014,0.0391371112743252,5.510636741704838,51.10552734243095,0.0339670952854098,0.0688597927297621,17.9991,36.04124008972245,1,L,LH
688,0.0014000000000002,0.0578951394175636,9.378990455621627,57.05232948702034,0.0282862001833058,0.0975969447934029,11.9986,37.06876409065869,1,L,LH
689,0.0009000000000014,0.0481676910919284,6.295746459559756,49.38865987647952,0.0314899590980074,0.0729331287239441,17.9991,38.54753164449516,1,L,LH
690,0.0029000000000003,0.0783213942758287,12.051004834422711,58.12103914753765,0.024101661263127,0.106850302775343,23.9971,39.80018370472577,1,L,LH
691,0.0010000000000012,0.0681712627411949,8.539744551568395,42.62585635803331,0.0367579458292446,0.1154786322506102,29.999,41.33120288945207,1,L,LH
692,0.0010000000000012,0.0648336670908541,8.058123198019304,44.06572596745757,0.0365914708474301,0.1084724096663938,29.999,42.85913318419793,1,L,LH
693,-0.0022000000000019,0.0203438973344179,2.0510795239527906,18.297957589637555,0.0752932809518897,0.0568125443192883,60.0022,44.92857550695128,1,L,LH
694,0.002600000000001,0.0618358777796606,7.436362824181538,42.5366570351393,0.0363822304635373,0.0995303221495712,41.9974,46.45072050663661,1,L,LH
695,0.0022999999999981,0.0297999983832769,2.5969242136845683,27.20305195877192,0.0468935424148636,0.0447999815499772,53.9977,47.26116823552246,1,L,LH
696,-2.9904999999999973,0.049959680077081,5.613835483832725,42.74572311105271,0.0332867765428353,0.068744338921072,68.9905,48.99058632031284,1,L,LH
697,-0.0022000000000019,0.076550115463895,4.357411734225245,18.176207197617146,0.0922651746709301,0.147901277403367,60.0022,51.79426581927488,1,L,LH
698,-2.983400000000003,0.0409577328389656,4.029547890712253,32.212462271763684,0.0342653205725906,0.0507944940779499,80.9834,54.07767016320867,2,L,LH
699,-2.983400000000003,0.0458198570127436,4.33660925835405,32.387181775646134,0.03477927978204,0.055485102803774,80.9834,55.77602020094218,2,L,LH
700,-2.9813999999999936,0.0784806669380809,9.94743170711319,52.418585380326185,0.026444224059653,0.0967714642856287,80.9814,58.73242821844981,2,L,LH
701,-2.981099999999998,0.0342400451991779,2.2355505977951062,22.24510118157816,0.0484576816758953,0.0398522324301168,110.9811,62.14967378377748,2,L,LH
702,-2.9823000000000093,0.0144955152989348,0.5493568664524655,8.524553621536887,0.168310623968646,0.0340150885040828,128.9823,63.95575450892314,2,L,LH
703,-2.980699999999999,0.0464750549448,3.323390784311932,26.338994490989275,0.0461887936043723,0.0564707490577884,104.9807,65.07174017334718,2,L,LH
704,-2.981099999999998,0.0433475757349395,4.399881092890366,38.17132806737327,0.0312855435744062,0.0506395879237662,110.9811,66.05285691024068,2,L,LH
705,-2.980799999999988,0.0475170687905657,3.053078573412655,24.840127713384295,0.0487242930423292,0.0547254127716933,122.9808,68.63818987238024,2,L,LH
706,-2.9823000000000093,0.032192601773308,1.549067885203718,17.91839231790378,0.0606372691170227,0.0345553743737025,128.9823,72.09882281816925,2,L,LH
707,-2.981500000000011,0.0768502700779807,3.471249735734197,18.04252165825469,0.0735205777569797,0.0938858816764468,140.9815,76.13712464744113,2,L,LH
708,-2.9823000000000093,0.0521579558648484,6.299629417091829,41.47384849819892,0.0356161242314311,0.0825405156971203,128.9823,78.98851010541776,2,L,LH
709,0.0,0.0045908819223918,6.216522531391376,-82.69840303076481,0.0242820120764927,0.0555312821506097,0.0,1.486367942368242,0,R,LH
710,0.0,0.1825494501710211,122.77752236591,195.07679842597352,0.0055313577946627,0.2498366424842124,0.0,2.0984018009904597,0,R,LH
711,0.0,0.0009753086419753,,,,,0.0,4.701426945820083,0,R,LH
712,0.0,0.0009753086419753,1.4158865450649611,-28.093818607993,0.0763729405100569,0.0397807974666618,0.0,6.3207477453053365,0,R,LH
713,0.0,0.0006896473544905,1.2840300447746729,-223.96663308756249,0.0068431793010978,0.003232500667295,0.0,6.881267804996679,0,R,LH
714,0.0,0.0037589389547373,5.196619976592127,-72.04725446057896,0.024474360736903,0.0467883611581993,0.0,8.56889567514712,0,R,LH
715,0.0,0.0269594211947011,7.105939811208541,12.597332133207106,0.0204758180959567,0.0535264332976118,0.0,10.927379773669715,0,R,LH
716,0.0,0.0153145829676272,,,,,0.0,12.217299069827424,0,R,LH
717,0.0,0.1150047532493102,34.73854704474616,71.44391001815805,0.0118600746226904,0.1515669773167304,0.0,13.394235057476962,0,R,LH
718,0.0,0.0186560357348455,4.970061683094007,-12.788860434101167,0.0305840087616961,0.0559192974291728,0.0,14.024907218433682,0,R,LH
719,0.0,0.1784387024259338,967.032769527716,581.1166502604798,0.0029117634045613,1.0358641255821042,0.0,15.94536946207228,0,R,LH
720,0.0,0.1252960328268711,229.5177062514192,373.257628451712,0.0039100113037903,0.3301412003963624,0.0,16.122018832294764,0,R,LH
721,,,,,,,146.9815,16.231389873266856,0,R,LH
722,0.0,0.0170028575689178,3.8588402366377297,5.892786041571242,0.0359137593117908,0.050982741388454,0.0,18.53671887848351,0,R,LH
723,0.0,0.1222707824815875,296.8653563406241,361.95043525180193,0.0045056755475086,0.4920678065690695,0.0,18.964298669984466,0,R,LH
724,-2.980799999999988,0.0869056608150994,4.113693804292423,21.12048456331184,0.0841963970941798,0.1274180599832865,128.9808,19.521448095273584,0,R,LH
725,0.0,0.0379196454425881,,,,,0.0,20.60954731738636,0,R,LH
726,0.0,0.1580796875554526,84.32083062085296,178.9131068088989,0.0078444440352651,0.2433338699053585,0.0,23.037220237416257,0,R,LH
727,0.0,0.219880652701073,114.45311105574828,176.13757819105138,0.0079248166310431,0.3336739805538862,0.0,23.541177396984875,0,R,LH
728,0.0,0.1482893280193296,57.23518996732125,145.270816889564,0.0099004925211183,0.2084613023872814,0.0,24.66618427451941,0,R,LH
729,0.0,0.0689535389602066,14.091748059419114,83.16326324339711,0.0179025640247641,0.0928080448514822,0.0,25.659854456811264,0,R,LH
730,-2.9813999999999936,0.0733103372216411,32.52881400710326,119.1069229140035,0.0144922711814951,0.1734243995114361,80.9814,26.541851158845915,1,R,LH
731,0.0023999999999997,0.148723460736325,58.10483664032535,150.02052091500548,0.0105051531554242,0.2245536874017047,5.9976,27.43345641225837,1,R,LH
732,0.0009000000000014,0.1382540478447694,114.64649562309832,214.01473749333672,0.0080069001960172,0.3376997332162774,17.9991,28.452664189504997,1,R,LH
733,0.0010000000000012,0.0412804292902174,8.093916907075176,75.76546755195483,0.0174740002724757,0.0520303320865755,23.999,29.05125496461345,1,R,LH
734,0.0009000000000014,0.0897242695281666,40.70497555397643,162.3733030563311,0.0103110990876881,0.1544037972460356,17.9991,29.438552414256485,1,R,LH
735,0.0023999999999997,0.1453983007509615,68.10949461589485,166.1111098829709,0.0102046957580335,0.2556897020433808,5.9976,30.85682070640484,1,R,LH
736,0.0029000000000003,0.0937448975653534,51.52671856597966,171.43392286186332,0.0095046130329509,0.1801658370004388,23.9971,32.319917414102726,1,R,LH
737,0.0010000000000012,0.0538721649250857,18.51251081397361,126.5516490242168,0.0105887677141042,0.0721134485621502,23.999,33.16076841636175,1,R,LH
738,0.002600000000001,0.1310157319038639,72.98225510365803,165.07709547992943,0.0100571495771255,0.2700211024364295,35.9974,34.15177138330988,1,R,LH
739,0.004800000000003,0.165939837110886,51.93265772266415,117.6296298233118,0.0116099798904282,0.2218081677566238,41.9952,36.05169653708292,1,R,LH
740,0.002600000000001,0.1742257458182153,56.22861079641049,121.82000473607717,0.0133917211828652,0.2770124386669068,41.9974,39.33264637983001,1,R,LH
741,-2.989099999999993,0.18287610721941,27.395604875702656,59.117115114686406,0.0198497754828693,0.200051591526243,74.9891,41.428481192429714,1,R,LH
742,-2.9813999999999936,0.1480877149975465,24.069960286994032,68.18863203771365,0.0197784129629305,0.1751347522443543,74.9814,43.42112324744528,1,R,LH
743,-2.9813999999999936,0.1501684183907338,23.88855918262801,65.62099197085293,0.0218881170404926,0.1923551759217357,74.9814,43.70552324744528,2,R,LH
744,-2.989099999999993,0.1212662230006737,18.875997001478584,65.93984903851509,0.0226829005427961,0.1575121306952104,74.9891,45.83909182010712,2,R,LH
745,-2.9813999999999936,0.1299698964536064,22.691552584569976,68.66964321394775,0.0228381143694049,0.1906469990418743,80.9814,47.422071482350844,2,R,LH
746,-2.983400000000003,0.085009077728022,10.796302832199594,55.484743179199214,0.030349863583201,0.1205417020154729,86.9834,49.099216947952726,2,R,LH
747,-2.982600000000005,0.1297053660343806,11.349298205663738,32.65979445823754,0.0448251287494218,0.1871526888633371,86.9826,51.11032799760142,2,R,LH
748,-2.9813999999999936,0.1501303087669546,21.904351990276275,62.76615319156149,0.0269940526864305,0.2175224163650568,80.9814,52.65042253850286,2,R,LH
749,-2.982600000000005,0.1388231779406727,17.712553823802825,54.11652250866246,0.0300777080727116,0.1959888844331284,92.9826,54.63087218538206,2,R,LH
750,-2.980000000000004,0.1218974450984917,12.380970308878451,44.83482664579778,0.0380218074985102,0.173178095369091,98.98,57.15389076718184,2,R,LH
751,-2.980799999999988,0.0876372303327291,5.350162967380571,23.803277646732557,0.0539880734755846,0.1062601340174637,122.9808,58.43179360484205,2,R,LH
752,-2.981899999999996,0.1424988695516113,14.73890773698445,43.78891177903844,0.036452598499728,0.1976511340494086,104.9819,60.4325493186699,2,R,LH
753,-2.980000000000004,0.1215298584371107,13.852210678803274,51.28211501753042,0.0395466625242585,0.2015275587668215,98.98,62.57473972961729,2,R,LH
754,-2.980799999999988,0.1005805856514873,7.417453685412546,29.339767899867567,0.0459369533724297,0.1253494838252702,122.9808,64.52178605949695,2,R,LH
755,-2.980799999999988,0.1146567256239118,9.514879530933756,33.14793540767457,0.0431455212806703,0.1510235005755962,122.9808,67.01419394815152,2,R,LH
756,-2.9823000000000093,0.1561969734590625,9.41333787320601,24.973439390520795,0.0589208047277985,0.2040411839777407,128.9823,68.72829080204852,2,R,LH
757,-2.981500000000011,0.1227778132279791,2.60616465491742,6.186836065931105,0.1493578017075354,0.1431974490912167,146.9815,71.30727723315768,2,R,LH
758,-2.9805000000000064,0.12645333078497,4.780103011352767,14.615425586660349,0.0890330336498192,0.1565647343125685,134.9805,71.62398743507734,2,R,LH
759,-2.981500000000011,0.1112381943130206,3.485527089959979,11.084010621028924,0.1050030453265959,0.1346405494759242,140.9815,75.12811840259428,2,R,LH
760,,,,,,,146.9823,76.45565668641592,2,R,LH
761,,,,,,,146.9823,78.48945134745168,2,R,LH
762,,,,,,,152.9827,81.32780518568629,2,R,LH
763,,,,,,,158.9829,83.85074540291961,2,R,LH
764,0.0,0.1733221230722434,37.98344250153151,86.79440717463919,0.0159460749172326,0.222819728772265,0.0,3.564726178101652,0,L,LH
765,0.0,0.236076964376921,63.54620241968529,66.55147438974761,0.0119055812793638,0.2783208385465137,0.0,7.681518886710586,0,L,LH
766,0.0046999999999997,0.0079590984961828,0.8898034932130926,27.88508375159689,0.0407579988458978,0.0133417401278123,47.9953,11.027254042698525,0,L,LH
767,0.0,0.0122892755285829,8.804244125526234,-59.16370573483229,0.0220513233240256,0.0714220401295515,0.0,10.893000521329435,0,L,LH
768,0.0009999999999976,0.0282226432526218,4.065879325720344,49.14834154135361,0.023877924925992,0.0357154877324584,35.999,12.20197235467804,0,L,LH
769,0.0,0.0004876543209876,,,,,0.0,12.504042777758483,0,L,LH
770,0.0,0.1073250052049169,19.488893540794667,42.27510195695599,0.0244305915536328,0.1751566717411698,0.0,16.817343676808004,0,L,LH
771,-8.451899999999995,0.0088610279854818,78.56734802805722,521.7525331026912,0.0035661721658192,0.1030741870642322,62.4519,17.374274753295154,1,L,LH
772,3.0075999999999965,0.0193724590832157,2.003125888519321,23.044632656446804,0.0369873565529755,0.0272563097334027,62.9924,19.070274308130006,1,L,LH
773,0.0046999999999997,0.0154967063021538,1.8048234696889645,26.16615888890726,0.0538446935605475,0.0357505854024623,47.9953,20.878646269638068,1,L,LH
774,-2.9924000000000035,0.0302240269076786,2.8277904372660685,27.641108464873497,0.0453507590738239,0.0471777582033926,68.9924,22.68847556997228,1,L,LH
775,0.0046999999999997,0.0398615860607508,5.2850504097549615,51.176378735123656,0.0288920560675381,0.0561737091274921,47.9953,24.663949794062606,1,L,LH
776,-2.9924000000000035,0.0278635707875987,2.533622158438859,30.540729955543306,0.0590142436849406,0.0550052587992455,68.9924,27.59258183648646,1,L,LH
777,-2.985600000000005,0.0379428725297111,3.550425001568976,32.90559982711857,0.0468609604674687,0.061206429701056,80.9856,29.794160509919504,1,L,LH
778,-2.9908999999999963,0.0352229186862306,2.5122413448124727,26.886948011614088,0.0528515790449924,0.0488455319920684,104.9909,35.46683943565047,1,L,LH
779,-2.985600000000005,0.05229299893196,5.284047486762624,39.56871579022626,0.0384623106581164,0.0747665947806873,80.9856,37.101103276527326,1,L,LH
780,-3.0936999999999983,0.0646028176387487,8.713786697265949,55.00688837674787,0.0248973081858722,0.0798113832776382,75.0937,42.77877219345946,1,L,LH
781,-2.992899999999992,0.0347647593177186,1.137084091265645,9.093918223394564,0.1312646494834864,0.0549092971562283,134.9929,45.46635219345946,2,L,LH
782,-2.9890000000000043,0.0575935634226513,7.265664020736146,53.53057848250423,0.0281426039430893,0.0752220401793457,86.989,47.11587219345946,2,L,LH
783,-2.993300000000005,0.0595569732935903,5.118116514781026,36.60612541325531,0.0546807431713271,0.1029556287120968,92.9933,49.95421793631441,2,L,LH
784,-2.9894000000000034,0.0404877703630078,3.0204338932472163,30.67221905954128,0.0483259581493499,0.0536976557727602,116.9894,52.47615892099343,2,L,LH
785,-2.986000000000004,0.0433319697928583,4.4360919123767895,43.25369258055268,0.0433824415042466,0.0707978458603183,110.986,54.06954445728824,2,L,LH
786,-2.986000000000004,0.0458394900467454,3.629855045569214,34.62060199060127,0.0476913882239,0.0636846497527664,110.986,55.91442402492349,2,L,LH
787,-2.991000000000014,0.0216638349480901,5.696407720735312,52.35483721233346,0.0344692753550413,0.0722335131717807,134.991,58.53014362470231,2,L,LH
788,,,,,,,152.9892,60.76390768399318,2,L,LH
789,,,,,,,146.9883,62.64726768399318,2,L,LH
790,,,,,,,152.9892,67.1130642786406,2,L,LH
791,,,,,,,152.9892,69.03791229840422,2,L,LH
792,0.0,0.0024382716049382,1.3820141419002394,-63.81576708159964,0.0090556471381868,0.0046040231288774,0.0,2.2908349259917697,0,R,LH
793,0.0,0.057406285162268,,,,,0.0,3.616265979690774,0,R,LH
794,0.0,0.0920580558357004,,,,,0.0,5.452157992201316,0,R,LH
795,0.0,0.0031279189594288,1.4872224537916503,-64.75940028413392,0.0101356368753374,0.0055453951046075,0.0,6.337866846157116,0,R,LH
796,-2.985600000000005,0.0458964622482952,7.146074996617606,57.13359940714156,0.0213700358706202,0.0561795607111241,74.9856,7.574722763734075,0,R,LH
797,0.0,0.1031127247287566,,,,,0.0,8.660680353194207,0,R,LH
798,0.0,0.1150831778841292,51738.08558770375,1269.560885301261,0.0018586287568855,35.37598371616351,0.0,12.248022894326684,0,R,LH
799,-2.9890000000000043,0.0515033907138041,12.932478764943236,94.5364677376541,0.0140645294099595,0.0669133075271784,80.989,12.75766887046445,0,R,LH
800,0.0,0.0116482815547681,,,,,0.0,14.267419455494196,0,R,LH
801,0.0,0.0648864894716749,,,,,0.0,16.019868722882578,0,R,LH
802,0.0,0.003788015345154,,,,,0.0,16.829223626494095,0,R,LH
803,-0.9551999999999978,0.0623428892110073,51.4816018372288,172.04941484115034,0.0111337650677745,0.2108626317431359,54.9552,18.22748139279676,1,R,LH
804,,,,,,,146.9892,19.71597101493025,1,R,LH
805,0.0024000000000015,0.1229023496845277,61.12412821717337,150.15286636191115,0.0116583036027094,0.2621522304075123,41.9976,19.87397101493025,1,R,LH
806,-0.9551999999999978,0.1016588332941546,21.49864675907942,88.09790202840398,0.0190904891436703,0.1509849634651274,54.9552,21.932702466682837,1,R,LH
807,-2.9890000000000043,0.0600397985336812,5.376621069281102,24.18105657186542,0.0411756965209767,0.0814434011731994,80.989,25.284372034964395,1,R,LH
808,-2.9924000000000035,0.1137223339100684,18.34225276715394,67.0792110853012,0.0218451549578153,0.1474053756232627,68.9924,27.64745992648449,1,R,LH
809,-2.9908999999999963,0.1269337836336596,15.799775785828446,50.87623019058323,0.0338577086002934,0.1967949750117719,104.9909,31.211277416770017,1,R,LH
810,-2.9894000000000034,0.113629686430401,9.221216598153472,34.288675860977186,0.0462515341516299,0.1568988947149922,116.9894,34.86487244053295,1,R,LH
811,-2.9894000000000034,0.1041214654987834,7.595909689800744,30.79082223069672,0.04993066998698,0.1395252162603562,116.9894,36.65077217114126,1,R,LH
812,-0.9551999999999978,0.1043066211639062,25.03801524265456,96.7219156897603,0.0189033917276424,0.1741185940542781,54.9552,39.4884304335789,1,R,LH
813,-2.985600000000005,0.1227894629064968,18.22176905536353,62.78256421488419,0.0263822096583876,0.1768508793063009,80.9856,41.98295820408711,1,R,LH
814,-2.9924000000000035,0.1418756819533881,27.80132207122008,81.43386816187169,0.0222513655411306,0.2275766160288493,68.9924,43.95012988445765,2,R,LH
815,-2.987399999999994,0.1383685257803031,34.2322514135253,85.11776370462387,0.0176110934642514,0.2217825145368041,92.9874,47.22994195345155,2,R,LH
816,-2.9908999999999963,0.0764186723582703,6.3506128094952725,30.28798711378541,0.0459408193260563,0.1073296935719691,98.9909,49.56126488120295,2,R,LH
817,-2.987399999999994,0.1147163160045037,14.990841245707664,54.93574994440205,0.0328165763462149,0.1809775870490339,98.9874,51.96161568423506,2,R,LH
818,-2.987399999999994,0.1298744453720536,14.23529205037633,48.07705709883314,0.0372075486441672,0.1948511430577315,98.9874,53.746462665474354,2,R,LH
819,-2.992199999999997,0.1334875242404556,11.047503622243571,33.64399614858509,0.0411914731022831,0.1674083031195447,116.9922,55.85887855900096,2,R,LH
820,-2.988300000000009,0.1132865414594715,4.05875833347282,14.175779756350943,0.0915351025048563,0.1366741506370894,140.9883,56.47981654881959,2,R,LH
821,-2.992199999999997,0.1247299348566563,17.530941976109848,50.34678715759861,0.0315153316829101,0.2032509820382216,116.9922,58.874527194043175,2,R,LH
822,-2.9887999999999977,0.147867502359362,9.324614155624362,24.239840522664267,0.0486254390787954,0.1668014893858962,128.9888,61.09847817683018,2,R,LH
823,-2.992899999999992,0.0851320611847983,3.6239331528544527,17.27789343629523,0.0836902630413338,0.1115733900846216,134.9929,62.998388776566,2,R,LH
824,,,,,,,146.9892,64.74079372849307,2,R,LH
825,-2.988300000000009,0.1243496055870056,4.084319004979134,13.235277607664113,0.1035551800989436,0.1555954889276209,140.9883,67.11782060112125,2,R,LH
826,,,,,,,146.9892,69.4811855811793,2,R,LH
827,,,,,,,152.9909,70.98223630695766,2,R,LH
828,,,,,,,152.9909,72.3622557387049,2,R,LH
829,,,,,,,152.9909,74.78628830703558,2,R,LH
830,0.0,0.0020689420634717,,,,,0.0,6.0616382381475935,0,L,LH
831,0.0,0.0885812432675899,26.081264659201505,121.16220460566662,0.013118186914343,0.125865869086801,0.0,8.217636239283031,0,L,LH
832,-0.0038,0.1002482424250894,26.56775042486684,112.2732699749977,0.0141352107208062,0.1381537214800763,6.0038,10.065634525970548,1,L,LH
833,-0.0032999999999994,0.0602820877612666,12.96572396661707,87.22303604490895,0.0160677871349721,0.0766405052505205,12.0033,10.270967668935828,1,L,LH
834,-0.9555000000000008,0.0894769098097469,12.040397532711085,50.630506835705056,0.0243102006031595,0.1076799602960682,54.9555,18.099018064901205,1,L,LH
835,0.0018999999999991,0.1075034019817541,14.538488704727175,44.18714016389585,0.0273734435382211,0.1464044292697632,35.9981,20.34304177136415,1,L,LH
836,-0.0018999999999991,0.0712992986864094,10.653420486107386,50.413460033706855,0.0302720469723901,0.1186414307727934,30.0019,23.985152888889253,1,L,LH
837,-0.0018999999999991,0.1337101087556801,26.19106442020679,80.82281205768821,0.0171849024137593,0.1655791836819536,30.0019,25.792731240220117,1,L,LH
838,-2.9936000000000007,0.0479303282918714,5.456053322304589,43.36374769566654,0.0329638610856819,0.066164068018833,68.9936,27.97109489438808,1,L,LH
839,-2.985500000000002,0.0302219154509461,2.7491465865420914,21.282070975778527,0.0767943931721995,0.0776663558739986,74.9855,28.295532034370535,1,L,LH
840,-2.989099999999993,0.0803220498191883,4.858720275542567,21.316859078961308,0.0620914216017349,0.110983653687091,110.9891,30.77106102110034,1,L,LH
841,0.0035000000000025,0.0947686379827413,14.919187529995195,63.3217927860888,0.0211052737893824,0.1158355010283046,47.9965,31.93243189663368,1,L,LH
842,0.0035000000000025,0.0975880920250651,18.709674525896272,79.57088238395875,0.0183671129545909,0.1264190864107628,47.9965,33.289474617884565,1,L,LH
843,-2.9936000000000007,0.1127035484712337,16.937346597099193,62.67379616607108,0.0226026143671735,0.1408346660487417,68.9936,35.87382698814852,1,L,LH
844,-0.0038,0.0492133923099332,10.68968768464788,110.62741533046348,0.024217164632771,0.0952343954264574,12.0038,38.84871312432226,2,L,LH
845,-2.9893,0.1161992862349012,11.375000414246404,39.50751084645293,0.0362848259630352,0.1518385275725293,86.9893,41.73929333803261,2,L,LH
846,-2.989599999999996,0.0819579158931303,7.284348626493868,36.47377854522286,0.0412060167568881,0.110422322080002,98.9896,43.604343090080526,2,L,LH
847,-2.991900000000001,0.0445314128170151,2.9449438414450197,23.63400691921284,0.0631041722918691,0.0683660691892917,104.9919,45.22737374694127,2,L,LH
848,-2.991500000000002,0.0755719562373309,3.3241703932818765,14.261824902503148,0.0690297612205263,0.0844160771345304,128.9915,47.20860168557879,2,L,LH
849,-2.995599999999996,0.08222875560339,5.3630460976919005,28.24272824267505,0.0575492435048912,0.1135420332699612,122.9956,50.71007534630745,2,L,LH
850,-2.995599999999996,0.0629707753505118,4.239955776259321,30.83445459889496,0.064251301143474,0.1002187015942649,122.9956,53.82408069133101,2,L,LH
851,-2.991199999999992,0.0672702980245269,3.3564482148420773,24.202230966027315,0.0915896714586427,0.1130920223380971,128.9912,55.81843533928107,2,L,LH
852,-2.996299999999991,0.0589274815345894,5.425410465056832,29.91109279721012,0.050612167598613,0.1010166719557506,140.9963,58.25757595598677,2,L,LH
853,-2.991500000000002,0.0593353248929349,3.7549999818970377,26.054757952611887,0.072487957653363,0.1001339437384361,134.9915,59.68672583383771,2,L,LH
854,-2.996299999999991,0.0453673452904801,3.086355006758851,24.63621520752791,0.0684701811984038,0.0777414925645055,140.9963,62.24392954506335,2,L,LH
855,,,,,,,152.9905,64.80636492985417,2,L,LH
856,0.0,0.030500406682895,9.72644312452549,59.3844768101309,0.0099317316710797,0.035537309713602,0.0,6.624560597196735,0,R,LH
857,0.0,0.012753614896059,2.845424052098505,34.98866388971435,0.0270071752853099,0.0282703821699108,0.0,8.337103247760815,0,R,LH
858,0.0,0.0539746692202694,14.765560158205574,87.70677850958819,0.0116878241236825,0.0634876297262351,0.0,9.890461582035972,0,R,LH
859,0.0,0.1158132790493307,33.85826123048743,111.35174594466449,0.0126007345254925,0.156951702650348,0.0,10.76919232862448,0,R,LH
860,0.0012000000000007,0.0540673341548341,9.191837404794995,61.305121976588,0.0191934477658686,0.0649024134489034,17.9988,11.767247969526366,0,R,LH
861,0.0,0.0850511524022374,13.300414190310557,28.69013752221912,0.0221138133127065,0.1082017594006926,0.0,13.631555978311525,0,R,LH
862,0.0,0.0609744688978005,11.768314189345856,64.15415097314886,0.0197563800985548,0.085531708231936,0.0,14.77911085935208,0,R,LH
863,0.0012000000000007,0.0716587229033014,12.006232248001629,66.68632967972079,0.0218197007308329,0.0963742581117058,23.9988,15.620651105448484,0,R,LH
864,0.0,0.0814762124719328,19.356521248592585,102.8963933951146,0.0156889195521228,0.111718697266309,0.0,18.040226394028547,0,R,LH
865,0.0,0.0338602927112886,3.2367323323167074,35.43293877331142,0.0711055049394044,0.0846672646057248,0.0,20.39955309276406,0,R,LH
866,0.0,0.1171626412402381,32.506277688356406,111.45804857156696,0.0146127960390392,0.1747455325916666,0.0,22.10094694628646,0,R,LH
867,-2.989599999999996,0.0601378905693624,6.862743334158881,47.91642509908849,0.0322082986508642,0.0813150735720878,98.9896,24.05746824889572,1,R,LH
868,-2.9936000000000007,0.1187987384449759,13.288821997675807,40.36074711645481,0.0324335886344281,0.1585575791282415,68.9936,25.58418107344344,1,R,LH
869,0.0035000000000025,0.0672685989726237,7.837149681135698,45.89365866888454,0.029977053151894,0.0864276286921785,47.9965,25.95231768286989,1,R,LH
870,0.0012000000000007,0.1143253965584712,30.283732976450825,110.31338601828416,0.013683484430309,0.1524444538224391,23.9988,28.437877729490538,1,R,LH
871,0.0012000000000007,0.1331174950425037,28.16196268115937,89.03403544835254,0.0172280380882298,0.1784860424076626,23.9988,31.554443614664628,1,R,LH
872,-0.0018999999999991,0.142800089022726,30.72089969995773,90.83334758068844,0.0167792012495563,0.1896316096573543,30.0019,34.055894736469305,1,R,LH
873,-2.991900000000001,0.0447243844867864,3.778011531451194,35.579199867233484,0.0411950132612557,0.057255003329635,104.9919,35.73347400137146,1,R,LH
874,0.0035000000000025,0.0942691976018294,11.073393650562972,35.67305770878938,0.0433259947695753,0.1764959726996787,47.9965,38.901442260302574,1,R,LH
875,-0.9555000000000008,0.1091857996454389,17.810860430783258,70.00595353199377,0.0219867716460789,0.1440628109314953,54.9555,40.46636027732456,1,R,LH
876,-0.9555000000000008,0.1193452098173078,21.23321233807213,75.58608688765807,0.0206118090571616,0.1610042468004918,54.9555,41.75152370219477,1,R,LH
877,-2.9936000000000007,0.127477809179706,18.42735106683311,62.34658769139976,0.0247293104890638,0.1676410743182672,68.9936,44.59710370219477,2,R,LH
878,-2.985500000000002,0.0652949901114001,7.863165473026125,48.79416768481652,0.0271202525910018,0.0784506711411163,80.9855,46.895884622852975,2,R,LH
879,-2.989599999999996,0.0938982736844506,15.325721325621034,63.89631904969552,0.0207384925909991,0.1169239903072465,92.9896,48.21282399137681,2,R,LH
880,-2.991199999999992,0.0750898705321296,3.9405312351413495,21.345164575166443,0.0802511679531613,0.1163353375154902,122.9912,50.28244480777113,2,R,LH
881,-2.991900000000001,0.0945577115289999,8.568182181884708,38.3684773142607,0.0392260318721365,0.123642730431454,104.9919,52.39232565339467,2,R,LH
882,-2.989599999999996,0.1131706449122882,12.383352129545148,47.902332015701575,0.0364792058454365,0.1661839646870923,98.9896,55.62711777293553,2,R,LH
883,-2.991900000000001,0.1246255244278642,11.6975657862564,42.81076200483485,0.043400265004154,0.1867640984506925,104.9919,57.8521436827694,2,R,LH
884,-2.9904999999999973,0.1305249163894299,9.083952123505032,29.53733211926455,0.0508392592419525,0.1698945974303767,116.9905,59.86958087547309,2,R,LH
885,-2.9904999999999973,0.0763825940711413,5.834904061633257,33.01367034428812,0.0582488521050852,0.1250335635455827,116.9905,62.24706090483191,2,R,LH
886,-2.991199999999992,0.0792112553701865,4.494190069188787,24.581124890062224,0.0661348920926264,0.1093421484695886,128.9912,64.17768492865049,2,R,LH
887,-2.996299999999991,0.0682954527157968,3.797959633727032,21.595541390206478,0.0661457491280372,0.0924182630736758,140.9963,67.39718479362898,2,R,LH
888,-2.991500000000002,0.069307116075779,4.10257340138623,25.01594774314573,0.0781480966995367,0.1179452033015379,134.9915,69.83125916671067,2,R,LH
889,,,,,,,146.9898,72.6965611329543,2,R,LH
890,,,,,,,146.9898,75.43934556966076,2,R,LH
891,,,,,,,152.9905,77.67311778141652,2,R,LH
892,0.0,0.0180294501564483,,,,,0.0,3.294701158988243,0,L,LH
893,0.0,0.0105957150793041,5.886576530771085,-47.63311897628043,0.009216393724787,0.0199585658965438,0.0,4.918049807957504,0,L,LH
894,0.0,0.0126364338155648,4.786776219947746,108.42977853549776,0.0092436529633782,0.0162776713316851,0.0,7.52676532849558,0,L,LH
895,0.0,0.005395648846157,3.0721728209135133,83.25288076292019,0.0056625419249139,0.0063997438443921,0.0,8.65021143766148,0,L,LH
896,0.0,0.0858641111930343,74.2777627414665,222.7159719154192,0.0038327371750997,0.1047305469072133,0.0,9.537142576476665,0,L,LH
897,0.0,0.0065793837199635,3.470154741908324,-26.404985799667763,0.0399586363986349,0.0510111387742011,0.0,9.83278628941506,0,L,LH
898,0.0,0.0486463563684021,15.424750081316908,99.55442047911866,0.0107377941052354,0.060931059010826,0.0,13.128530560409654,0,L,LH
899,0.0,0.0068031896601844,1.5549485169533563,12.5314830920203,0.0211996815831647,0.012126929993978,0.0,14.244630218021358,0,L,LH
900,0.0,0.0027553842077157,0.8855083634050035,-27.59606873672391,0.006689807616441,0.0021792738824609,0.0,14.191003239736173,0,L,LH
901,0.0,0.0362873029762042,8.26347495927344,62.32465134805946,0.0145339189844494,0.0441825694196653,0.0,16.517218243722702,0,L,LH
902,0.0,0.0153984903758348,5.746022924619525,-19.60516518577126,0.0194961033226892,0.0412117152313189,0.0,16.98131671913217,0,L,LH
903,0.0,0.039738521702956,8.362113680032335,18.285873500781403,0.0268385108312519,0.0825619610976585,0.0,17.990826420134248,0,L,LH
904,0.0,0.0171545171183988,6.58315194344973,-20.50431561775085,0.0140590291879969,0.0340482448703433,0.0,18.84866664407969,0,L,LH
905,0.0,0.0235131409628802,7.588431873031439,-17.850968457960356,0.013875927846724,0.0387364297688208,0.0,21.195440805995798,0,L,LH
906,0.0,0.0213469168150179,6.579310980950812,19.87785871409927,0.0162218201820188,0.0392631840220441,0.0,22.285192823545167,0,L,LH
907,0.0,0.018191681107638,4.221715023065998,11.206544779673017,0.022536893004753,0.0350016465457274,0.0,23.825650794764076,0,L,LH
908,-8.453900000000004,0.0443981833582393,6.291377544076983,60.51763703811802,0.029892019498553,0.0691841361890416,62.4539,24.81585584181241,0,L,LH
909,0.0,0.0030050613281067,2.530592416461312,-15.358836140456672,0.1003268670462601,0.093399590232523,0.0,25.806994768926515,0,L,LH
910,0.0,0.0,1.518471256122863,81.0,-1.1863139140948702e-19,-6.626919844852315e-20,0.0,27.05157205761861,0,L,LH
911,0.0,0.0310144726871029,28.30037413860127,260.95481053897,0.0036123305668894,0.0376084280463406,0.0,27.87726095778625,0,L,LH
912,0.0,0.0685384257714576,12.531555846721288,63.4131211572078,0.0215198868676661,0.099208868364528,0.0,28.025646428773136,0,L,LH
913,0.0,0.0055139736256781,1.832420869326635,-15.734816697954267,0.0245288850781713,0.0165351658713165,0.0,29.61763535374536,0,L,LH
914,-0.9577999999999988,0.0243255794156078,2.852605218145165,43.90841022146949,0.0327781997089429,0.03439792833554,54.9578,32.1738993598594,1,L,LH
915,0.0018999999999991,0.0418595957255403,6.1276110068418825,29.72431484690266,0.044199453444133,0.099635385332432,17.9981,33.51097409775032,1,L,LH
916,-0.0030999999999998,0.0170475541145276,2.4146860894677493,25.05115670856817,0.0446091101770494,0.0396268689582929,24.0031,35.67127033887545,1,L,LH
917,0.0018999999999991,0.0305205674139355,4.399411438746171,42.50297303314768,0.0355949232973439,0.05760871116311,23.9981,36.33845749470206,1,L,LH
918,0.0037999999999982,0.0244704990324609,3.0169591029902927,30.153778908541742,0.0357469538350334,0.0396747300620829,41.9962,38.279577838339385,1,L,LH
919,-0.0018000000000029,0.0410742604554533,5.200502352347873,33.94210462101948,0.0318117109782044,0.0608608261447808,36.0018,39.27388534595461,1,L,LH
920,-0.0018000000000029,0.0365137732169213,5.192865646249258,40.34171729582407,0.0249297518014115,0.0476245142588683,30.001800000000003,40.19454044559834,1,L,LH
921,0.0018999999999991,0.0556065735555231,8.806498762845157,59.67379793981533,0.0231120713958501,0.0748768674474512,23.9981,42.20641180409965,1,L,LH
922,0.0046000000000034,0.0657783597065995,8.50805849138219,34.425087996573,0.0304612406538481,0.0953418495792714,41.9954,43.30052044952752,1,L,LH
923,0.0046000000000034,0.0599261994303164,7.500883776074731,34.403108469256075,0.0325304424766502,0.0897651838919005,41.9954,44.25353848104198,1,L,LH
924,-3.094999999999999,0.0866155782286311,10.386542514883017,45.00542512625739,0.0270270814106012,0.1032703552609733,69.095,49.494679795528455,1,L,LH
925,-2.9853999999999985,0.0564839001692868,5.105916714879171,32.02898490108261,0.0450071131516964,0.0845396415205323,80.9854,53.20494254705989,2,L,LH
926,-2.987700000000004,0.0554938593902441,4.933390778607635,38.03834369453531,0.0410720415133199,0.0745413623926064,98.9877,57.1238861543202,2,L,LH
927,-2.992900000000006,0.0546062750667173,5.13415192646976,42.077942968631085,0.0399076074465689,0.0753754513264545,92.9929,58.00674872805677,2,L,LH
928,-2.991500000000002,0.0572074854179697,3.767494253670108,26.716358394066464,0.0517936062192793,0.0717850929822847,116.9915,60.58873051482671,2,L,LH
929,-2.997,0.048417810023249,3.7914400610391383,32.92126869427544,0.0509799285317735,0.0711064398550058,122.997,64.18098297553661,2,L,LH
930,0.0,0.1915782239130177,46.1649666488113,38.27340184595423,0.0163433247741007,0.2775610075555563,0.0,6.417093946367001,0,R,LH
931,0.0,0.0360475526265407,89.91809539592299,554.2572197501574,0.0019811948642376,0.0655359819336392,0.0,8.058676118693445,0,R,LH
932,0.0,0.0038175663139193,1.2568621438027283,-4.457478741827276,0.0697872531330828,0.0322677934512306,0.0,10.14796251983619,0,R,LH
933,0.0,0.0484754818071711,11.940463454250258,3.273757874856182,0.0347913830620769,0.1528264043949591,0.0,11.043370977468792,0,R,LH
934,0.0,0.2115128485867635,49.33329208839553,88.81397654327,0.0146440471696336,0.2657704763399462,0.0,13.13265737861154,0,R,LH
935,0.0,0.1425173270177678,27.120881613431006,47.82079862039505,0.02837431159481,0.2830966007898027,0.0,14.923474293876748,0,R,LH
936,-2.992900000000006,0.0042006353562225,0.2696560961734002,6.262836348214395,0.1065248835725467,0.0105673679413082,92.9929,15.087767705187122,0,R,LH
937,0.0,0.0916396188921592,17.722752630252074,46.96707455357658,0.0286743986120167,0.1869523859158125,0.0,19.932226031772345,0,R,LH
938,0.0034,0.0354722520289897,5.033602946127231,43.56081439819846,0.0443271007159902,0.0820831094190749,5.9966,21.1514786640601,0,R,LH
939,0.0,0.1915865220512538,42.85294667988172,80.749637099557,0.0152197901969773,0.2399357016486354,0.0,22.006610514010735,0,R,LH
940,-0.0048999999999992,0.0182552035149764,2.659384230672295,28.958973944189665,0.0487724450682479,0.0477156819973141,6.004899999999999,24.155788897203863,0,R,LH
941,0.0,0.08781151371513,15.303828963226769,66.32435594723624,0.0246187689683495,0.138602784167673,0.0,25.805127538520388,0,R,LH
942,-0.0020999999999986,0.0209444289006288,3.7151940119707727,42.254172937022666,0.0200359281272925,0.0273839744736812,12.0021,26.982265757370087,1,R,LH
943,-0.0020999999999986,0.0455011567199285,7.444084116883579,49.55154913823361,0.0234750107389039,0.0642869156375185,12.0021,28.21650836626372,1,R,LH
944,0.0018999999999991,0.0510873210511412,7.433977110643911,32.18069471721486,0.0397901429519561,0.1088183752093781,17.9981,29.697118661209945,1,R,LH
945,-0.0048999999999992,0.1288349892080095,22.16635625652477,65.60835466619518,0.0209313887462532,0.1706859881251838,12.0049,32.16228898778516,1,R,LH
946,-0.0020999999999986,0.0898702251994878,14.032126887767232,57.06237275731621,0.0244737341048511,0.126336621457469,18.0021,34.368838515568385,1,R,LH
947,-0.0020999999999986,0.0838541189302992,15.961458753165136,78.86646038605777,0.0178714778113929,0.10493939699636,18.0021,35.23644373515678,1,R,LH
948,-0.0030999999999998,0.1175929358348765,17.411517527621985,55.35006274696639,0.0248550134516427,0.1592047954085337,30.0031,36.83495766742063,1,R,LH
949,0.0037999999999982,0.0816069110050796,10.213994461176764,39.18065130529418,0.0283246265287155,0.1064303102975918,41.9962,38.83559377447111,1,R,LH
950,0.0046000000000034,0.0808683844370478,10.171311720259112,41.58342626796103,0.0279275856029754,0.1044998998220554,47.9954,39.87775657413654,1,R,LH
951,-0.9577999999999988,0.0601889159371812,9.141124286135,62.00099848927455,0.0233999491188953,0.0786900905364605,54.9578,42.29891074049437,1,R,LH
952,-3.094999999999999,0.0337256531668102,3.693307414685041,46.28010878220993,0.031594684398429,0.0429274407574952,75.095,44.07121361192185,2,R,LH
953,-0.0048999999999992,0.0281909438174451,26.22581567177267,222.0507164642042,0.0083725122634166,0.0807774826845295,12.0049,46.25763409038381,2,R,LH
954,-2.988100000000003,0.0158466710235598,0.9139805052649292,12.068857345342044,0.1452889661405633,0.0488511828657033,104.9881,48.12137504698328,2,R,LH
955,-2.992900000000006,0.0207731069487588,1.434244462866527,17.666012879932072,0.0679031101768503,0.0358276536166862,92.9929,50.46956426273958,2,R,LH
956,-2.992900000000006,0.0399119985983673,3.776695518891613,41.83742229491946,0.0371200371223584,0.0515734153807642,92.9929,52.31747694640187,2,R,LH
957,-2.987700000000004,0.0636153194447178,6.539655408930197,42.30106956051051,0.0319638559313886,0.0768987973003773,98.9877,53.441835671186574,2,R,LH
958,-2.988100000000003,0.0541088840772705,4.253117160461464,32.12862963495775,0.0405901309254982,0.0635087136945171,110.9881,56.742811439659086,2,R,LH
959,-2.992999999999995,0.011490260283958,0.4061514084237649,5.343153487595109,0.2181387313072827,0.0325931446933339,128.993,59.6460953265781,2,R,LH
960,-2.997,0.0314645126870614,3.126279960420556,39.28670628770948,0.0540681778736633,0.0621834937103301,122.997,61.17050327287777,2,R,LH
961,-2.992999999999995,0.0514464617840802,3.6541737513706263,27.55264654717324,0.0510637815902279,0.0686448065756714,134.993,64.94830006568878,2,R,LH
962,-2.9954999999999927,0.0444541104480822,5.940838799987109,36.506895959340845,0.043445570596592,0.094950835776336,140.9955,68.10301422445872,2,R,LH
963,-2.9954999999999927,0.0515657021345309,3.31267714320413,23.849881259638227,0.0668004827259216,0.0814074648052987,140.9955,70.79921904031262,2,R,LH
964,0.0,0.018145874589442,14.762722262365417,41.56172622911543,0.0035936691028703,0.0195168647757887,0.0,3.373655300263942,0,L,HL
965,0.0,0.00576818359787,9.468561479074866,-16.782490743654886,0.1407322998654425,0.4902112869300736,0.0,5.414651860993537,0,L,HL
966,0.0,0.1329152643622347,31.24556358702616,41.11216624006245,0.0164501429029507,0.1890878203682028,0.0,7.59977829220023,0,L,HL
967,0.0,0.0029259259259259,1.583513829220244,-6.761936257740807,0.1559408856315146,0.0908421438693645,0.0,8.413768929615674,0,L,HL
968,0.0,0.1163569839745667,36.44339019393503,109.30791467923964,0.010569840929743,0.1417074687611831,0.0,9.268225231616189,0,L,HL
969,0.0,0.0026402646384412,1.478805588982738,-66.78936288401432,0.0225976816913573,0.0122936399137745,0.0,10.68802226564094,0,L,HL
970,0.0,0.0024382716049382,0.6317042561003812,3.3325075106313133,0.0406652176706276,0.0094502309542886,0.0,11.219093643318477,0,L,HL
971,0.0,0.0411953194560001,,,,,0.0,12.26293390146082,0,L,HL
972,0.0023000000000017,0.131170887380246,31.600699918442523,102.63520901973604,0.0167019415562256,0.1941642097768973,29.9977,14.148371145179102,0,L,HL
973,0.0,0.1286599497286565,45.0179727989129,136.08714491931983,0.0112496432034183,0.1863074411294779,0.0,15.080279527644455,0,L,HL
974,0.0,0.0683448649822686,97.42408826239816,314.3675413160568,0.0047906911827453,0.1716999009224367,0.0,17.235925166465815,0,L,HL
975,0.0,0.0056791075866643,2.870425933160781,-3.5175577347141185,0.3779230698530739,0.3990756841651532,0.0,18.19904008861412,0,L,HL
976,0.0,0.141089035417815,33.279538315847915,105.98927060227088,0.0188854057235258,0.2312113397537953,0.0,20.203048660066717,0,L,HL
977,0.0,0.1211133475849645,33.638718682001226,101.79704158546346,0.0116150210205616,0.1437358041780726,0.0,20.293122518649547,0,L,HL
978,-2.988100000000003,0.0714917052286686,8.756180376793587,52.95202575800758,0.0289693865715122,0.0933167310208669,74.9881,21.308673946410696,0,L,HL
979,0.0,0.1066840158122881,23.04676508499469,89.70602362262903,0.0168750802163267,0.1430742042507768,0.0,22.54336332637636,0,L,HL
980,0.0,0.1805532344309108,48.57531556063663,104.8927449779204,0.0129259288114832,0.2309845374966368,0.0,24.58384633321519,0,L,HL
981,0.0,0.1630394815327152,52.91586268124103,133.31757609752285,0.0123631334565417,0.2406688907114102,0.0,27.280678778451595,0,L,HL
982,0.0030999999999998,0.1510466148993555,29.432622333925767,82.40833615615539,0.0181618974250734,0.196650789547718,23.9969,29.73045591321304,1,L,HL
983,0.0014000000000002,0.1110766922932722,24.0539093626808,95.1131962699337,0.0179241341140979,0.1586095646415949,11.9986,32.65733214495565,1,L,HL
984,0.0014000000000002,0.137838963832764,24.145011609233727,73.2148640015726,0.0217824896876176,0.1934819491044788,17.9986,33.21600831600175,1,L,HL
985,0.0014000000000002,0.1750510173558899,41.31504584146759,102.11733695483905,0.0158940056075184,0.2415722915130623,11.9986,34.709040600180494,1,L,HL
986,0.0023000000000017,0.1626983198721378,33.12494782107232,85.54075574840788,0.0175440125193688,0.2137911136336351,29.9977,37.1195682017414,1,L,HL
987,0.0030999999999998,0.1619197599579509,42.860243112310044,109.8209297069796,0.0148946549156347,0.2348500159455372,23.9969,38.99513120924792,1,L,HL
988,0.0016000000000033,0.1548659126985127,38.64924426767478,96.99563168703664,0.0173650792885734,0.2469012536246389,53.9984,41.007577624414935,1,L,HL
989,0.0016000000000033,0.1848375004010017,35.90423097238714,80.12310643238729,0.0173644008504421,0.2293564457901772,47.9984,41.311727624414935,1,L,HL
990,0.0039000000000015,0.1851857377620586,36.95988027218901,85.25280228720555,0.0188633755275089,0.2564811689968501,47.9961,45.55270870761441,1,L,HL
991,0.0039000000000015,0.1744355672740032,32.82813344582839,81.95533164722758,0.020922869231392,0.2526812106113094,47.9961,48.91390571869441,1,L,HL
992,0.0013000000000005,0.1387756918417814,24.119725336936774,74.32164954924781,0.0216233940323807,0.1918676420719193,59.9987,50.648854090995314,2,L,HL
993,0.0013000000000005,0.1578916073493914,23.75088307500295,67.43751915581761,0.0251099340164889,0.2193970840708413,59.9987,53.58431235751683,2,L,HL
994,-2.988100000000003,0.1320633932961128,19.0052807405966,62.81405269438242,0.0259149081518693,0.1811880209169683,74.9881,55.91717952032202,2,L,HL
995,-2.9869999999999948,0.1345576674117429,32.99687543646812,84.04558870604552,0.0177908442179637,0.2159607824412178,92.987,58.620730205194334,2,L,HL
996,-2.989099999999993,0.148874081084385,19.02492377452213,53.3647615008793,0.028282919978219,0.197948715645705,92.9891,60.42356938812564,2,L,HL
997,-2.989099999999993,0.1389032928899889,16.04490730139235,49.92323506397839,0.031932043630214,0.1884818103210595,92.9891,64.2119818087119,2,L,HL
998,-2.9869999999999948,0.1385659326725756,13.53233984865361,44.22777581733154,0.0406485838579777,0.2023596101676026,98.987,68.25917368233979,2,L,HL
999,-2.988100000000003,0.1014486767166461,10.737349951982337,44.69686846805131,0.0420733584430424,0.1661918821398411,110.9881,69.2198136823398,2,L,HL
1000,-2.987499999999997,0.0916584811942176,9.294765104660067,45.67215086430322,0.0443103438321028,0.1515127067819869,104.9875,70.2404936823398,2,L,HL
1001,-2.987700000000004,0.1065190457971323,10.11011846585781,39.46236846677053,0.0432188284567101,0.1607439931644707,116.9877,72.84495786371119,2,L,HL
1002,-2.987700000000004,0.0914884818114902,6.323335554752984,30.222572726242003,0.0545573622372415,0.1269127081660455,116.9877,74.83351069413403,2,L,HL
1003,-2.9886999999999944,0.1248211932076976,9.96346460987301,33.60576616345936,0.0516912555709398,0.1894667396621343,122.9887,76.30648802688196,2,L,HL
1004,-2.9869999999999948,0.0841059911062953,4.863965724645477,25.521824754527163,0.0683511696945343,0.1223043700447011,128.987,80.19622353143183,2,L,HL
1005,-2.9869999999999948,0.1079838558240682,7.560525321909068,29.528419495401007,0.0630540255863919,0.1753760600182009,128.987,81.66967440801345,2,L,HL
1006,-2.98660000000001,0.0822995609265488,4.769664348505213,24.787587646358865,0.0781841312069261,0.137186681429544,134.9866,84.37002482230211,2,L,HL
1007,-2.98660000000001,0.062099514564691,9.8846740186043,39.44277040325907,0.0543354444108879,0.1975836905631268,134.9866,87.32634981896621,2,L,HL
1008,,,,,,,152.9865,90.20132698718358,2,L,HL
1009,0.0,0.0004876543209876,,,,,0.0,4.676151909633552,0,R,HL
1010,0.0,0.0018669490299688,3.143391802762572,-26.092915420346536,0.0867409303148991,0.100306276730114,0.0,5.518769405594798,0,R,HL
1011,0.0,0.0022317457196344,1.2256108018329814,-8.192606362740543,0.1066106350724359,0.0480682851082894,0.0,6.393183788196091,0,R,HL
1012,0.0,0.0,14.53625737985183,81.0,5.730471507670447e-18,3.064421351432369e-17,0.0,7.471062792162368,0,R,HL
1013,0.0,0.0253243524110726,10.784718011343289,-25.75635577540696,0.0117335116358722,0.0465524262241168,0.0,11.160368709798608,0,R,HL
1014,0.0,0.0010904282112499,,,,,0.0,12.326636218984056,0,R,HL
1015,0.0,0.0326566746597065,9.553295605129644,-4.481318955075189,0.016612150463974,0.0583827557384661,0.0,13.65329439409926,0,R,HL
1016,0.0013000000000005,0.0211330618802867,2.299370918680906,19.91718149467547,0.0290175185001665,0.0245456661163761,53.9987,14.464029945558549,0,R,HL
1017,0.0,0.0430796453189198,10.296967324120004,21.27753221414611,0.0161969862226334,0.0613548735593112,0.0,16.382023425537874,0,R,HL
1018,0.0,0.0015780825322375,,,,,0.0,16.706072579351982,0,R,HL
1019,0.0,0.0488252562407412,14.826230586413,17.022940293788622,0.0120107141505194,0.0655096228944159,0.0,18.80205869824197,0,R,HL
1020,0.0,0.0356817941077342,7.345225806551215,21.630385813588173,0.0246241920856581,0.0665384469260801,0.0,21.028028329270885,0,R,HL
1021,0.0,0.0412599001241125,9.56000154446566,55.69255057674048,0.0158678432514303,0.0558060626395785,0.0,23.543515555065436,0,R,HL
1022,0.0,0.0268901717534311,6.049508539055073,14.365338830349607,0.0286826974836373,0.0638330512803234,0.0,24.375166081669004,0,R,HL
1023,0.0,0.0085808903010487,2.5183105759684934,-5.893018407005032,0.0453638010017774,0.0420265987996054,0.0,26.08116624969035,0,R,HL
1024,0.0,0.0674283133104031,12.622003988365025,60.58459421861806,0.0163471907691244,0.0759061495854611,0.0,27.925226797652225,0,R,HL
1025,0.0,0.0073745122351538,1.3021781898044524,39.96565764528841,0.0180486710823576,0.0086461181443146,0.0,29.012797449380187,0,R,HL
1026,0.0,0.0246488763169579,11.422827920911503,146.3136889722096,0.0067049304468924,0.0281756166394085,0.0,30.217316130249564,0,R,HL
1027,0.0030999999999998,0.0263933693548949,3.169668925460474,40.700565209571245,0.0336234084025474,0.0392067782177086,23.9969,32.192782508945626,0,R,HL
1028,0.0,0.0372088132757102,6.827950033847866,68.00065621177328,0.020463076425936,0.0514004331384237,0.0,32.77839795136496,0,R,HL
1029,0.0016000000000033,0.0515754827639766,5.989275869445427,41.11748510822641,0.0336452467510519,0.074131630641789,53.9984,34.94668031352032,1,R,HL
1030,0.0023999999999997,0.0886219206136512,15.449547524079556,67.14376610961779,0.0225740977741172,0.1283014854174077,5.9976,36.765819675696896,1,R,HL
1031,0.0014000000000002,0.0652574513523443,9.12869199226225,41.78289375029566,0.0330826560003138,0.1111000977716985,17.9986,38.12354632152809,1,R,HL
1032,0.0016000000000033,0.0422374633863441,4.778235522990808,20.338267971936943,0.0507345467001825,0.0891819276234037,47.9984,39.76134713522269,1,R,HL
1033,0.0039000000000015,0.055415889897554,6.312531216783847,31.75344187077119,0.0332276133024052,0.07716284015685,47.9961,40.08981237721947,1,R,HL
1034,0.0030999999999998,0.0493119601969494,7.751951545658338,61.033420064155386,0.0243332662433517,0.0693932096706094,23.9969,42.005859622200646,1,R,HL
1035,0.0014000000000002,0.0674610013612414,7.219687401119899,44.49824181361041,0.0335205679840336,0.0890297760221211,17.9986,42.772278520193126,1,R,HL
1036,0.0023000000000017,0.0935198159236876,13.397706044415534,53.521316495057626,0.029023485087658,0.1430492296706972,29.9977,44.08613948818022,1,R,HL
1037,0.0023000000000017,0.0743245395985983,10.813070472726835,56.69069985476777,0.0262634033966678,0.1044733584312745,29.9977,47.28016235245238,1,R,HL
1038,0.0016999999999995,0.1158857127883017,20.413660755029827,74.39115948158552,0.0193484158393742,0.1453020775686583,35.9983,48.33486251375048,1,R,HL
1039,0.0024000000000015,0.1129635848396752,15.106380489227666,50.86459531608393,0.0302403048354406,0.1680552568801756,41.9976,51.51224460404221,1,R,HL
1040,0.0016000000000033,0.0816572620240749,6.642797690703131,32.36973204891275,0.0474157043717042,0.1158720660256089,53.9984,53.90279328529537,1,R,HL
1041,0.0013000000000005,0.0801587646621829,9.0883701803109,43.71560465889867,0.0390591307966863,0.1305912565374806,59.9987,57.94669976339694,2,R,HL
1042,0.0013000000000005,0.0972852966595598,10.375318298123426,46.07250621646866,0.0399509432077786,0.1524874086826869,59.9987,59.27565916864603,2,R,HL
1043,-2.9886999999999944,0.0628458849674929,3.1179092210004686,17.04301617719065,0.0668652796677512,0.0766954588218841,122.9887,59.56881197862745,2,R,HL
1044,-2.9876000000000005,0.0827130338295553,7.186329330742468,32.248220817967656,0.0451670285151466,0.1194082005782609,86.9876,62.54114320603657,2,R,HL
1045,-2.989099999999993,0.0819043459670504,11.36114650451995,57.6552223692448,0.0250348205111401,0.1046338391272181,92.9891,64.39198304950322,2,R,HL
1046,-2.9876000000000005,0.0882349365893981,13.488325397506546,64.27099575323369,0.0277173172945687,0.137535479544818,86.9876,67.42463928905742,2,R,HL
1047,-2.9869999999999948,0.0979698981177416,10.21130238042693,45.5566434391592,0.0366423772332876,0.1376481238808417,98.987,69.27376612672165,2,R,HL
1048,-2.987499999999997,0.0788295422193764,8.254679304768914,44.15973597708298,0.0369813288023762,0.1123021926320576,104.9875,70.78100276947274,2,R,HL
1049,-2.9869999999999948,0.1160786757436347,11.462515653496329,43.53648435065568,0.0400999482114066,0.1690944181230123,98.987,72.33597012022614,2,R,HL
1050,-2.9869999999999948,0.1081150901307176,11.423573799088688,47.55017266619291,0.0415989202128758,0.1748193767250313,98.987,75.07895267537651,2,R,HL
1051,-2.98660000000001,0.0612287069416598,3.55312651475428,23.824227165276948,0.0656232109406401,0.0857775556365621,134.9866,77.29948526713667,2,R,HL
1052,-2.987700000000004,0.0785486638528535,7.123203391697459,38.28814614060932,0.0478375351951535,0.1253573082029299,116.9877,78.16848526713667,2,R,HL
1053,-2.9886999999999944,0.1393980091195114,6.625270796907907,21.442952967187125,0.0951877086612008,0.2320010897380477,122.9887,80.72779589125065,2,R,HL
1054,-2.9886999999999944,0.0653109679830264,4.623957086194955,31.99655320271587,0.0649891566381021,0.110550373480935,122.9887,82.1310723702562,2,R,HL
1055,-2.9869999999999948,0.0957091343904703,6.650565014550883,29.17006018595625,0.0603764339379335,0.1477173540458788,128.987,84.3259391956602,2,R,HL
1056,-2.9869999999999948,0.0893007012568854,4.761352322429156,25.24730564906139,0.0846764531832149,0.148319582906353,128.987,86.45405489992285,2,R,HL
1057,-2.98660000000001,0.0877845082904251,7.351847430108237,30.393638763336995,0.0532160014424906,0.1439276528833646,134.9866,88.16342049620086,2,R,HL
1058,,,,,,,152.9865,90.92386338050063,2,R,HL
1059,,,,,,,158.9881,92.68903967638072,2,R,HL
1060,0.0,0.0048025133644696,,,,,0.0,0.7751168244851889,0,L,HL
1061,-2.9857999999999976,0.049947335786404,4.9222667017959,37.16911804195239,0.031797008822831,0.0575780465832186,92.9858,1.174419431038165,0,L,HL
1062,0.0,0.0237535132254434,,,,,0.0,2.0669781986271705,0,L,HL
1063,0.0,0.0922191238814387,,,,,0.0,4.814021013045249,0,L,HL
1064,0.0,0.0119596300798957,,,,,0.0,5.6126029213698025,0,L,HL
1065,0.0,0.1814058291524189,224.48817719183347,288.1445720046768,0.0053181634583193,0.4391983230977591,0.0,7.764012443446946,0,L,HL
1066,0.0,0.1092768200666183,591.4243153406875,394.8950258833845,0.0053740188204733,1.1692405725745376,0.0,9.723359664765267,0,L,HL
1067,-3.090800000000001,0.1609561961564872,32.90530682141825,81.40583929877963,0.0190595398080186,0.2307192722593511,75.0908,10.17764812458151,0,L,HL
1068,0.0,0.0345291669301114,,,,,0.0,10.634388562637934,0,L,HL
1069,0.0,0.0392277442089699,,,,,0.0,12.222420443006648,0,L,HL
1070,0.0,0.0014629629629629,,,,,0.0,13.168842124675354,0,L,HL
1071,0.0,0.0358698322291263,,,,,0.0,14.93451752030944,0,L,HL
1072,0.0,0.1877031964274378,60.85727720652611,125.9900070347219,0.0108917129747003,0.2438452072245245,0.0,15.987398152195126,0,L,HL
1073,0.0,0.0692286808630199,13.01996393562112,57.05084857692408,0.0280210359758449,0.1342145152223093,0.0,18.377304050897305,0,L,HL
1074,0.0008000000000016,0.0693491497161437,24.599588865139463,138.89581122695773,0.0099792776272581,0.090309299143127,17.9992,19.491512705949567,0,L,HL
1075,0.0,0.1615105623259106,67.99992187329524,158.49809477787582,0.0087353029013524,0.2185203567241098,0.0,19.87782189817776,0,L,HL
1076,0.0009000000000014,0.1247578927670584,5.473881088350667,15.639614754817869,0.057276237277803,0.1153387808300153,35.9991,21.060070346815248,0,L,HL
1077,0.0,0.1639860187899389,63.41968446791647,147.10491751625824,0.0100702908148996,0.2349479216226598,0.0,22.448688113661117,0,L,HL
1078,0.0,0.176538355867952,66.32348524945566,148.02737831359647,0.0107018546019535,0.2611150501038553,0.0,27.14811850204668,0,L,HL
1079,0.0033000000000003,0.1418808158126614,46.31767404409341,133.61598488107973,0.0121259011085702,0.2066171098072102,5.9967,29.286538826828995,1,L,HL
1080,-2.990300000000005,0.1162771280367088,7.039762090733808,21.9468040048352,0.0495576472583593,0.1283435892565738,122.9903,29.13774174486836,1,L,HL
1081,0.0012000000000007,0.2055309907148286,63.03504041948551,124.80578136258748,0.0124660213517818,0.2890782521344361,11.9988,31.91635674082216,1,L,HL
1082,0.0029000000000003,0.1862235824115151,53.99806260311906,116.40310285631163,0.0131495419593808,0.2612127199215037,23.9971,32.59921768196824,1,L,HL
1083,0.0029000000000003,0.1262998138068009,33.93068557629607,109.071436570519,0.0143187259327114,0.1787320881850603,23.9971,34.29717084045053,1,L,HL
1084,0.0009000000000014,0.1797415191176406,36.990926086208766,84.38247616659271,0.0169699338578704,0.2309302745772276,35.9991,35.44069031453045,1,L,HL
1085,-0.9553999999999974,0.2007641076644559,41.988554757072095,83.23404469913878,0.0159578674082014,0.2464968063503561,48.9554,36.37349054704406,1,L,HL
1086,0.0009000000000014,0.1637296260938141,30.73443512856973,77.44255491088737,0.0204620729662033,0.2313557952643729,35.9991,39.03624910876135,1,L,HL
1087,0.004800000000003,0.1779678827327037,44.18776604656027,99.24522856997248,0.0163561880178126,0.2658824416136319,47.9952,41.90778554519218,1,L,HL
1088,-3.090800000000001,0.0988451722717216,19.272504113937497,78.31527364607476,0.0215646081945642,0.1528921673220282,75.0908,43.82282949349076,1,L,HL
1089,-0.9553999999999974,0.1828364711637755,63.358982722527095,122.20664540525276,0.0133317137508156,0.3107418121094695,54.9554,45.234358234829,2,L,HL
1090,-2.990700000000004,0.1429080391740525,21.32359709552646,64.94158160954304,0.0209624776201469,0.1644404278526919,68.9907,48.23701338087543,2,L,HL
1091,-2.9873000000000047,0.1512997153749174,25.472195841879657,67.42930608214776,0.0235665268395285,0.2208347864024391,80.9873,52.21675140238989,2,L,HL
1092,-2.9873000000000047,0.1376197657975226,29.59396090492242,81.5581416984265,0.021700857269335,0.2362574457542786,80.9873,53.83409368212784,2,L,HL
1093,-2.9904999999999973,0.1203380648162938,14.906724577760924,53.14081447770668,0.0312836484648626,0.1715556961647204,92.9905,56.399759251194894,2,L,HL
1094,-2.9893,0.1140665136353025,19.62743432673956,68.92650460811534,0.0243664565086184,0.1759387197792431,86.9893,57.52832403233287,2,L,HL
1095,-2.9879999999999995,0.0694828787936841,5.638089882477964,32.0946473120093,0.0496190185409877,0.1029166598862264,128.988,58.79311403233287,2,L,HL
1096,-2.9857999999999976,0.1333915325199098,15.455714406579846,49.74957658965019,0.0336917709154232,0.1915660045507086,98.9858,60.294114032332864,2,L,HL
1097,-2.9857999999999976,0.1421063086674864,15.298317430148517,48.4722257082399,0.0384438210683205,0.2163593825237757,98.9858,64.83719830779353,2,L,HL
1098,-2.9879999999999995,0.1424770778986542,13.254374493621462,38.06249989248879,0.0405229330603044,0.1975903030870446,116.988,67.66305434732078,2,L,HL
1099,-2.988499999999988,0.0990530041099313,2.7126821818099067,8.882502822129572,0.1297977654651479,0.1295303827328487,140.9885,70.01165782172379,2,L,HL
1100,-2.990300000000005,0.0660762144575501,5.130790921303965,34.28716833631802,0.0618465909144651,0.1167362132415177,122.9903,71.15231412216862,2,L,HL
1101,-2.990300000000005,0.0909823014123296,5.550314495441369,28.6480525864091,0.0709519822107789,0.1448730632791034,122.9903,71.97634245112967,2,L,HL
1102,-2.988100000000003,0.0752194305773788,3.35529182403932,18.96718248396185,0.0813785817565531,0.1004490730729217,134.9881,73.88362671967226,2,L,HL
1103,-2.988100000000003,0.0698391237199122,8.716427024635227,38.624406742754765,0.0411082256512994,0.1318174021730903,134.9881,75.07550410470763,2,L,HL
1104,-2.9879999999999995,0.0894132026047465,5.82216613567138,28.43934090632526,0.0678589238555012,0.145343990581937,128.988,77.03028175942359,2,L,HL
1105,-2.988100000000003,0.0899574208955739,5.2997964677658045,24.58091310713736,0.0704228672737287,0.1373024898742103,134.9881,78.39289225855578,2,L,HL
1106,-2.988100000000003,0.0764459806629101,6.232480467298638,30.077880542542783,0.0615532396367118,0.1411293559476991,134.9881,80.17990433196391,2,L,HL
1107,,,,,,,152.9893,81.52803947569214,2,L,HL
1108,-2.987500000000012,0.0290237369243611,,,,,140.9875,83.81925660858766,2,L,HL
1109,,,,,,,146.9885,85.08989851756951,2,L,HL
1110,,,,,,,152.9893,87.14328078394615,2,L,HL
1111,,,,,,,152.9893,88.82961689012664,2,L,HL
1112,0.0,0.0137303008419155,7.604613309891393,-29.6756407137091,0.0278147895251001,0.0778141237674065,0.0,0.3152585050399131,0,R,HL
1113,0.0,0.011327867315238,,,,,0.0,3.5638549215419237,0,R,HL
1114,0.0,0.0177669349266003,4.576918955290216,3.2435254829174607,0.0160871171583473,0.0270867540985454,0.0,4.442098941110352,0,R,HL
1115,0.0033000000000003,0.0392988746136526,6.925511635414918,60.989190999616746,0.0219432879631562,0.0559060854239119,5.9967,10.14841298634304,0,R,HL
1116,0.0,0.0232274796753954,12.377452514120012,131.43159530763086,0.0064389345674235,0.0293191110706098,0.0,10.289732482521028,0,R,HL
1117,-2.990300000000005,0.0120723314957565,,,,,116.9903,14.015908875639797,0,R,HL
1118,0.0,0.0169544244314232,4.6105089465299,-2.362913093649821,0.0224533625522353,0.0380834054228458,0.0,14.847898318296004,0,R,HL
1119,0.0,0.0437802219010775,9.66731224334692,27.4732059372416,0.0194032315157272,0.0690057578388843,0.0,17.546191043492023,0,R,HL
1120,0.0,0.0591211958931345,12.92236900611139,45.51175288041927,0.0163181895306171,0.0775746151184908,0.0,18.692948761351747,0,R,HL
1121,0.0012000000000007,0.0144960535487598,,,,,5.998799999999999,21.13076555648289,0,R,HL
1122,0.0,0.0326921574696269,4.742241848083236,45.82735505247359,0.0228891616871468,0.0399318199032602,0.0,21.558827796637956,0,R,HL
1123,0.0,0.0,1.869256651433843,81.0,2.7445143713792544e-18,1.887295750553092e-18,0.0,22.970046878779343,0,R,HL
1124,0.0,0.0,2.716323960456154,81.0,-7.576415896620329e-18,-7.570958911952557e-18,0.0,24.815487216964243,0,R,HL
1125,0.0012000000000007,0.0141351945322874,2.2085060068620064,23.409384675079643,0.0415609738223851,0.0337667931914937,5.998799999999999,25.80640289757993,0,R,HL
1126,0.0,0.0276414721820115,4.496908209802811,51.74732937849596,0.0261112468138236,0.0431963598976176,0.0,27.183907169148146,0,R,HL
1127,0.0,0.0634568958826644,16.773062089922895,87.64490545343747,0.0124365114919472,0.0767390552563573,0.0,28.792289741796825,0,R,HL
1128,0.0033000000000003,0.0269988262828735,2.4431840024358564,32.33115434236047,0.0616952824556195,0.055451544995531,5.9967,32.676503339782,1,R,HL
1129,0.0012000000000007,0.0391322031352444,6.059110891015763,44.44869256290056,0.0322439792647554,0.0718725497434968,11.9988,34.80982825133563,1,R,HL
1130,0.004800000000003,0.0655110361091179,8.123536922881692,24.49444689564914,0.0380062715542839,0.1135810669224527,41.9952,35.1879214590239,1,R,HL
1131,0.0029000000000003,0.0491114544459353,6.758924317338755,42.691194485099146,0.0323079553558663,0.0803327391634182,23.9971,37.70985173394588,1,R,HL
1132,0.0008000000000016,0.0464391177065122,4.908260405954273,37.78168164875586,0.0415393551847212,0.0750054575678853,17.9992,38.46732950655706,1,R,HL
1133,0.0029000000000003,0.075763321721393,12.866555059472851,66.92632249112128,0.0213873154517605,0.1012334589273944,23.9971,40.48375248716052,1,R,HL
1134,0.0033999999999991,0.0324490606524819,3.6214273328790743,40.355879643053605,0.0302302420724196,0.0402741995971301,41.9966,41.905120346653625,1,R,HL
1135,0.0029000000000003,0.068087305126867,12.252665064255808,77.57073398617567,0.0204260823313075,0.0920706391663227,23.9971,43.178429054116194,1,R,HL
1136,-0.9553999999999974,0.023523877301309,2.526006915507456,42.78107970337637,0.0436069796159397,0.0405224840636557,54.9554,45.87442390912258,1,R,HL
1137,-0.9553999999999974,0.012045758626031,1.314849094995131,20.709957456679497,0.0465574296977566,0.022520105775087,54.9554,47.75622382199354,1,R,HL
1138,-0.9553999999999974,0.0169800284390011,1.8406525781876524,35.63982557988288,0.0386366231452533,0.0261623350677697,54.9554,48.96961984658733,1,R,HL
1139,-2.990700000000004,0.047865335700067,5.314446500623405,43.86983054604277,0.0367258224900522,0.0718017597628637,68.9907,50.921606363895705,2,R,HL
1140,-2.9893,0.0287687492404565,2.6917243737458865,38.82435073695148,0.0474250984303721,0.0469617579883894,86.9893,53.64629754148418,2,R,HL
1141,-2.9873000000000047,0.0418368511836511,5.556442580897043,58.214102299700045,0.0294041143790842,0.060104979358277,80.9873,56.21226098716067,2,R,HL
1142,-2.9893,0.0508207425813032,4.26274450320121,26.85048633603424,0.0579315712100877,0.0908469034197244,86.9893,58.17844366105822,2,R,HL
1143,-2.9904999999999973,0.0495615621857525,4.97991379846517,42.39940797927829,0.0407897751354181,0.0747271905019177,92.9905,60.43609191495101,2,R,HL
1144,-2.987399999999994,0.0129445771304459,0.6934402230250339,16.90320203232161,0.096321548590461,0.0245718583839962,110.9874,64.16656760040802,2,R,HL
1145,-2.9879999999999995,0.04532408927025,6.839748926120358,53.06466569783825,0.0292949782433044,0.0737121125126117,116.988,66.09957437691732,2,R,HL
1146,-2.9906000000000006,0.0449100090710651,6.858015800373227,57.93816263019308,0.0338390389909685,0.0853732904512937,104.9906,67.82085386573883,2,R,HL
1147,-2.990300000000005,0.0401990200104115,3.2159507834895824,33.413443641128275,0.0485702027870336,0.0574625412537728,122.9903,70.77665764699154,2,R,HL
1148,-2.9879999999999995,0.060250324602626,2.7439660886480124,22.013591146076223,0.0989097151871475,0.0998442845292541,128.988,74.8227661079001,2,R,HL
1149,,,,,,,146.9885,78.55748948604307,2,R,HL
1150,,,,,,,146.9885,82.53152617851322,2,R,HL
1151,,,,,,,152.9893,84.75637327478599,2,R,HL
1152,,,,,,,152.9893,88.05891279450675,2,R,HL
1153,0.0,0.1375635703613114,630154179.5054632,6822.086936996421,0.0004238363625117,98254.07081303184,0.0,2.477118783476161,0,L,HL
1154,0.0,0.1359384558870321,10779550024.77591,8089.067757494757,0.0003755881739013,1489423.0123221593,0.0,3.811303498369788,0,L,HL
1155,0.0,0.2069098168259852,290.87033438240314,327.3343963166332,0.0039297893718528,0.4205079608287888,0.0,5.224867769659797,0,L,HL
1156,0.0,0.1267492732201657,131.86804481878642,261.9012107945516,0.0048375171624965,0.2346754200823146,0.0,6.485942697003026,0,L,HL
1157,0.0,0.0004876543209876,,,,,0.0,8.38225347682333,0,L,HL
1158,0.0,0.0019506172839506,1.2435973277159955,-13.767646067575829,0.0711633092858235,0.032556779187773,0.0,9.179442159758551,0,L,HL
1159,0.0,0.0018669490299688,0.7639563023544531,-29.840483933077685,0.0188935915346886,0.0053099270928866,0.0,10.274043749507612,0,L,HL
1160,0.0,0.0050295472927722,1.8453103560008364,-6.997344995951393,0.0711135874642458,0.0482755827693314,0.0,13.498567719206848,0,L,HL
1161,0.0,0.0004876543209876,1.536953368762724,-83.60369379904651,0.031439635988137,0.0177763960817976,0.0,15.508626335987453,0,L,HL
1162,0.0,0.0036438193854627,1.0627034896065417,-5.493721930980793,0.0701411039819043,0.027421437757497,0.0,16.90519673588103,0,L,HL
1163,0.0,0.0071683219197813,1.0886780271316312,5.669970882581534,0.0847286116101575,0.0339340007955096,0.0,18.52575798298824,0,L,HL
1164,0.0,0.0021526103174535,1.4415024692253766,-28.17185627071432,0.0428381066623339,0.0227170103865574,0.0,19.7490086359617,0,L,HL
1165,0.0,0.0038490176292122,,,,,0.0,22.12124909923784,0,L,HL
1166,0.0,0.0904308196122755,69.50991520610033,234.554106174812,0.0057175712079531,0.1462055500238393,0.0,24.7763369552265,0,L,HL
1167,0.0056000000000011,0.056646335491018,42.111379160873774,187.35783863584945,0.0082691994955803,0.1281056995891759,47.9944,25.972170474074336,0,L,HL
1168,0.0027000000000008,0.0922930229506873,82.38957632699397,221.89253848154016,0.0076857041487716,0.2329493218703079,17.9973,27.26563320364915,0,L,HL
1169,0.0017999999999993,0.090400448890785,124.61228240581352,257.7048180762831,0.007308819633916,0.3350530790219821,11.9982,27.55006063288198,0,L,HL
1170,-2.990200000000001,0.0338615232323989,9.503222512394771,102.95385456446265,0.0143705045911575,0.0502398615608515,68.9902,29.768594580898103,0,L,HL
1171,0.0039999999999995,0.0871150696493404,25.62487311281617,121.52442395056468,0.0122020612180551,0.1150271716324319,5.996,31.020075269522582,0,L,HL
1172,0.0017999999999993,0.1003996921549134,66.56445282854335,192.77876657727884,0.0092375309149062,0.2262058276665375,11.9982,31.53204464214169,0,L,HL
1173,0.0,0.0491802135175734,8.762138480539036,54.1466806788002,0.0250360793957737,0.0807015638992434,0.0,33.87577033366337,0,L,HL
1174,0.0,0.1472638080528122,45.00432187167798,127.25989611071836,0.0129628426917939,0.2146149596284261,0.0,37.30737619320078,0,L,HL
1175,0.0,0.1572657972108087,49.46020705027059,129.77817318636997,0.0124987138494985,0.2274190146092117,0.0,39.07139400717517,0,L,HL
1176,0.0039999999999995,0.0985692728857954,24.749100395998124,107.3431212381849,0.0154574204271705,0.1407349473516743,5.996,40.26982400717517,1,L,HL
1177,0.0007999999999981,0.0757105279808465,14.16113309820206,75.2159324835602,0.0189317740883628,0.0986267758712782,35.9992,41.20518400717518,1,L,HL
1178,0.0018999999999991,0.1185681976614533,30.39339697802778,106.8343558928358,0.0140535843431562,0.1571346147532761,17.9981,41.43902400717518,1,L,HL
1179,0.0017999999999993,0.1647945096865724,43.26218010120824,110.69945228957478,0.0142458807289693,0.2267269903159302,11.9982,44.41348368294169,1,L,HL
1180,0.0007999999999981,0.1657397841181349,36.9095522893952,91.18131480138838,0.0154596576961782,0.2099153362757498,35.9992,47.46538190030613,1,L,HL
1181,0.0007999999999981,0.1805557562898029,38.75654464160286,90.137293120101,0.0167640037245479,0.2390167391475937,35.9992,51.082704431696,1,L,HL
1182,0.0056000000000011,0.0965361430173189,12.256290261800912,50.69402048234664,0.0263797783492987,0.1189421262747656,47.9944,53.05876821487273,1,L,HL
1183,-2.990200000000001,0.0876145887776973,11.860124653269295,56.84582277240127,0.0267222864299608,0.1165919018262228,68.9902,55.035225636861206,1,L,HL
1184,-2.990200000000001,0.109181555510115,14.0535124573881,52.01611114653853,0.0270831650045691,0.1400199172846525,68.9902,56.03567817039589,1,L,HL
1185,-2.990200000000001,0.090019925414239,12.974017789261902,62.00038401467212,0.0248332647830835,0.118526054100807,68.9902,58.070855481844966,2,L,HL
1186,-2.990200000000001,0.1156369376575846,19.83828007739071,72.6548610078145,0.0225217429802074,0.1643658285887317,68.9902,60.12700762570326,2,L,HL
1187,-2.989999999999995,0.0477659580125161,4.580904549743979,41.27746565311417,0.0383355822358458,0.0646039131199367,92.99,61.58031847280736,2,L,HL
1188,-2.985500000000002,0.1299604940861154,18.024169336025693,58.9284018922237,0.0263403537961365,0.1746555460960162,80.9855,62.93679637400475,2,L,HL
1189,-3.0892000000000053,0.1613636421309156,22.94208745163973,61.93404743689092,0.0263573588945578,0.2224540613936237,75.0892,65.6476849400733,2,L,HL
1190,-2.985500000000002,0.0891017538909166,11.56808573487624,57.509491577046205,0.0294583043281984,0.1253645543684692,80.9855,67.79889580733176,2,L,HL
1191,-2.9876000000000005,0.1189271569005465,13.12617122782956,47.98130510176973,0.0334811544596018,0.1616754236963271,86.9876,69.11501369740199,2,L,HL
1192,-2.988500000000002,0.0575591787205957,3.94340356967864,27.636833751391425,0.049216546022602,0.0713983006621516,116.9885,70.95809237865515,2,L,HL
1193,-2.989999999999995,0.1166737823802389,12.691986686648102,48.22153892868058,0.0362641726109297,0.1693218087843181,92.99,73.08872237865515,2,L,HL
1194,-2.986000000000004,0.1246279199998364,11.77562325926066,41.96983129954099,0.0402234716560223,0.1742484695449618,98.986,75.5770086737602,2,L,HL
1195,-2.9899000000000058,0.1288166571973173,12.859677066163195,42.26067370876677,0.0371862100562104,0.1759209246189393,104.9899,78.38253782124507,2,L,HL
1196,-2.9857999999999976,0.0987930169331826,9.175945515140432,39.46393328186673,0.0409361996022481,0.1381859427578489,110.9858,79.95710591892018,2,L,HL
1197,-2.988500000000002,0.1054233341927166,9.075459163620422,36.9789779515628,0.0482756592163457,0.1611767290749125,116.9885,82.53214037035588,2,L,HL
1198,-2.988500000000002,0.0949680719051124,8.642595653496091,39.10295170678601,0.0490187649251235,0.1558518915317109,116.9885,85.32745352999154,2,L,HL
1199,0.0,0.1381068096796989,34.770042242011,93.91380365351682,0.0127914097919462,0.1636172725522622,0.0,0.4946182366229535,0,R,HL
1200,0.0,0.2202447056735207,71.4145257232341,76.71410045756835,0.0092399305251476,0.2427508616879225,0.0,0.8214195715345478,0,R,HL
1201,0.0,0.0083261856134176,3.7410336111664506,-10.358107065231977,0.0087847757488027,0.0120900419517799,0.0,6.676864445106217,0,R,HL
1202,0.0017999999999993,0.0093672114236709,1.470203030904028,48.43107549879757,0.0267785905367466,0.0144834007122731,11.9982,13.463671450994298,0,R,HL
1203,0.0,0.0597647803155837,19.359885162925604,33.04522054506305,0.0094216231565676,0.0671017774720257,0.0,13.7006714509943,0,R,HL
1204,-2.9876000000000005,0.029109822886902,2.6860888712389634,24.199966935464783,0.0426732842305785,0.0421678991011586,80.9876,14.57620969088786,1,R,HL
1205,-0.9547000000000024,0.0138777713984371,1.6119386682448376,14.736138835386276,0.0466199432768558,0.0276455842409635,48.9547,17.416090839457443,1,R,HL
1206,-2.987400000000008,0.0136991281745118,0.6548673981381382,15.782322070039816,0.0501425682998393,0.0120799590736676,128.9874,19.643334899146254,1,R,HL
1207,-2.9916999999999945,0.033777046881186,1.7035972410342517,23.67338353282905,0.0943923105715194,0.0591573979492949,122.9917,24.79126830709363,1,R,HL
1208,-2.989999999999995,0.0381383238311332,2.859969574211756,25.87495723147617,0.0564538694636687,0.059396471448342,92.99,26.605279465722425,1,R,HL
1209,0.0015999999999998,0.0606203711098222,13.844791350014876,92.70441367479772,0.0148761136311403,0.0757672317733897,29.9984,32.30164282102782,1,R,HL
1210,-2.9899000000000058,0.049598198930245,3.4507343490329534,30.42627233889513,0.0739128013357314,0.0938289178598686,104.9899,33.887349941179586,1,R,HL
1211,0.0056000000000011,0.0334092637742981,3.795414521234034,30.277514564964143,0.0382938283437733,0.053467948263478,47.9944,37.158454465501606,1,R,HL
1212,0.0056000000000011,0.0410053188180234,4.159753541289164,28.809600183881443,0.0454568062537977,0.0695619964090046,47.9944,40.25523126400781,1,R,HL
1213,-2.9899000000000058,0.0348423051628849,2.463532089389899,26.655118542565813,0.0504303882470441,0.0457041938868467,104.9899,41.25068204842661,1,R,HL
1214,-0.9547000000000024,0.0657178560803751,9.57744160028353,60.14985810377668,0.0233213830981355,0.0821692520333152,54.9547,42.53305069069971,1,R,HL
1215,-0.9547000000000024,0.0827136241697909,13.0407536256651,68.99595765100293,0.0235728977874894,0.113089212851745,54.9547,48.15112737444999,1,R,HL
1216,-2.989999999999995,0.0557872475731873,4.555724264735956,30.94733438682704,0.0525160507999206,0.0880146585289616,92.99,50.19612214795016,2,R,HL
1217,-2.989999999999995,0.0581777827024284,4.944558185036729,35.11930105717612,0.0449184121045864,0.081706650099814,92.99,53.06294306916113,2,R,HL
1218,-2.989999999999995,0.0585082386909923,5.150071564899895,36.78705058611378,0.0430201209218673,0.0815061555276118,92.99,55.03352994055297,2,R,HL
1219,-2.9899000000000058,0.0579032549779364,3.751052064583861,21.268563974444834,0.0638990994124273,0.088176599742754,104.9899,56.92586548732645,2,R,HL
1220,-2.988500000000002,0.0634084767718426,4.27790748088866,29.1300115319991,0.0557669877359929,0.0877635319210701,116.9885,58.88103875976535,2,R,HL
1221,-2.9872000000000014,0.0499185351399001,2.5992469236954965,22.42588723229092,0.0695433533208602,0.066498015507533,128.9872,60.7883358295828,2,R,HL
1222,-2.9916999999999945,0.0491717828562985,4.639876547803254,37.73757927274815,0.0467109199307774,0.0797315788392672,122.9917,63.10485170495856,2,R,HL
1223,-2.988500000000002,0.0654773311200546,4.872876067208028,33.320409550005735,0.0557024761230794,0.0998539812695767,116.9885,64.80032174654778,2,R,HL
1224,-2.988500000000002,0.0704023805950052,6.062239706295284,37.23549125564183,0.0482404997814636,0.107584677263763,116.9885,66.56795976631142,2,R,HL
1225,-2.9916999999999945,0.0654802653755899,4.405285150878411,31.61037260287434,0.0709678057589885,0.1150114081723906,122.9917,69.83127998374947,2,R,HL
1226,-2.9872000000000014,0.0788559192841644,4.304951339621219,24.787766398850103,0.0755655824609689,0.119673446674592,128.9872,71.57561536579064,2,R,HL
1227,-2.9901999999999878,0.0563223833964841,6.553004779808677,32.98318330476715,0.0507274048276129,0.1222893530841426,140.9902,73.84148862423919,2,R,HL
1228,-2.9901999999999878,0.0574220166664542,8.694799978790053,37.94434374078914,0.0439866220528102,0.1406972877086215,140.9902,75.24191835601164,2,R,HL
1229,,,,,,,152.9887,77.51228290582667,2,R,HL
1230,,,,,,,146.988,80.09809071377794,2,R,HL
1231,,,,,,,152.9884,81.92404578731566,2,R,HL
1232,0.0,0.1061093647254437,,,,,0.0,0.887652099642647,0,L,HL
1233,0.0,0.1070387293487233,17800.810288218086,1149.8222135207302,0.0019403301305199,12.706353030906405,0.0,2.8621184761395826,0,L,HL
1234,0.0,0.0013792947089811,1.300795152758511,-130.37224258031856,0.0129087937653692,0.0061773198724838,0.0,4.623308263514549,0,L,HL
1235,0.0,0.0848522498012428,,,,,0.0,5.936748849353007,0,L,HL
1236,0.0,0.0054825223103853,,,,,0.0,7.44407630216477,0,L,HL
1237,0.0,0.1507233214573007,1490.8721320998063,605.4432690964119,0.0031874656660494,1.748201265882708,0.0,9.6045789845283,0,L,HL
1238,0.0014000000000002,0.1253486602163315,39.14097685774762,122.05352826003006,0.013465068607982,0.1938856866330805,23.9986,10.8280452548143,0,L,HL
1239,0.0,0.2481509294366485,106.69280061064993,153.37473658720666,0.0087920806737012,0.3450899389647625,0.0,11.600570739830816,0,L,HL
1240,0.0,0.2342934486143398,96.41205959825244,148.03570450629343,0.0088396287897893,0.3135240830384114,0.0,14.381662485890264,0,L,HL
1241,0.0,0.0853994833919716,65.13509073729095,224.98504149108052,0.0068873200584611,0.1650330043956252,0.0,15.87448424591308,0,L,HL
1242,0.0,0.075345884228576,18.142943461642517,81.9626109929319,0.013474906100244,0.0899371275517294,0.0,16.64549802881261,0,L,HL
1243,0.0,0.1551846182215285,54.611471827238994,129.8741436787753,0.0106280423193606,0.2135220224870855,0.0,17.865924843368987,0,L,HL
1244,0.0025000000000003,0.1352393171972429,62.79128823386049,164.35469133427466,0.0105307465496362,0.2432562860087195,5.9975,20.09106789706209,0,L,HL
1245,0.0,0.1674552976148975,75.4282890783773,164.61912934145803,0.0105298806228507,0.2921885697302542,0.0,21.68923223466945,0,L,HL
1246,-0.0031999999999996,0.123144754190454,30.98810186429568,104.7205614104548,0.0130540118131459,0.1488142412491505,18.0032,22.04082838894308,0,L,HL
1247,0.0025000000000003,0.1172088136350959,37.52374133077181,125.28901498770928,0.0145375665047599,0.2006796644087278,5.9975,23.99714859525761,0,L,HL
1248,0.0,0.116495723590802,21.662247032074948,75.9083396912553,0.026003980454332,0.2072281992696535,0.0,24.613858845537266,0,L,HL
1249,-0.0038,0.1430272297520132,40.52801611928049,117.00660711600396,0.0131189942286554,0.1955966463819912,12.0038,26.076092147009284,1,L,HL
1250,0.0025000000000003,0.1817967405139572,55.53094237205189,125.77612463555585,0.0127855345757513,0.2611917485113785,5.9975,27.098256953515488,1,L,HL
1251,-0.0031999999999996,0.2088491830925606,66.88625036360395,126.19289174841722,0.0120606878604568,0.2967662070010965,18.0032,28.705531734612865,1,L,HL
1252,0.0014000000000002,0.1343029805404726,34.71778396331702,106.56285345552844,0.0147222201709578,0.1880315918697258,23.9986,29.80967734788133,1,L,HL
1253,0.0035000000000025,0.1755408321735974,38.638223699795205,88.36148909170242,0.0152498235780971,0.2167641664760546,41.9965,31.172011680190817,1,L,HL
1254,-0.9551999999999978,0.1380302042263746,28.137345385212875,81.62897457115588,0.0166263113647325,0.1721014577862115,54.9552,32.956470219309544,1,L,HL
1255,-8.452100000000002,0.1442274701962355,41.306452761824296,106.6144508858821,0.0132386230993384,0.2011713995065825,62.4521,34.08673836322299,1,L,HL
1256,-2.9936000000000007,0.0721539396368897,5.457291067395533,29.41021507715831,0.0519940163375729,0.1043844968341293,92.9936,36.58890967774797,1,L,HL
1257,-2.9936000000000007,0.0819189470526735,8.99317235935843,43.75097211441594,0.0297415744706443,0.0983971208036309,86.9936,38.57812967774797,2,L,HL
1258,-3.093900000000005,0.1097288460989073,19.97571847786587,73.7089384918301,0.0221673659043285,0.162900349796228,75.0939,39.13382356750662,2,L,HL
1259,-2.989099999999993,0.0987956925656745,15.335069006282325,62.853857074382375,0.0233085528339575,0.1314941896028283,86.9891,41.70468697180002,2,L,HL
1260,-2.9936000000000007,0.1023548630636966,12.790801274810535,51.45674698831736,0.02789819607531,0.1312742035020253,92.9936,44.11990988754248,2,L,HL
1261,-2.9936000000000007,0.0776628563097646,9.629321432900952,52.50046399674056,0.030501979561214,0.1080511087774908,92.9936,45.56321127024463,2,L,HL
1262,-2.991,0.0737481072328772,7.858162123030543,43.79846436590009,0.0323155011999118,0.0934194699229734,104.991,47.14851072618477,2,L,HL
1263,-2.993399999999994,0.061435391234342,4.537950075252082,31.063610043254133,0.0482311048494393,0.0805179005317042,122.9934,48.91310731061115,2,L,HL
1264,-2.993399999999994,0.101319411332539,9.569911293466738,37.708858662609245,0.039825695359158,0.1402092924278674,116.9934,50.45038847844982,2,L,HL
1265,-2.9895000000000067,0.1030041385182629,14.596376328880028,57.81761804941645,0.0313736625876192,0.1684673683022027,98.9895,51.55035005124958,2,L,HL
1266,-2.9879999999999995,0.0946194861159651,10.003440190684035,43.34138458442549,0.0356157569567647,0.1310681220883212,110.988,53.85741753427597,2,L,HL
1267,-2.990399999999994,0.1111459852296524,11.716277163401768,42.24825452016808,0.0412368299018467,0.1777380562279577,116.9904,55.59541753427597,2,L,HL
1268,-2.993399999999994,0.1241549241997898,7.802771970209178,28.743847128043903,0.0668080891982764,0.1917712432617986,122.9934,57.962125637777255,2,L,HL
1269,-2.990000000000009,0.0976574430323922,7.155473888409532,30.071171575155148,0.0564214793009478,0.1485211789508358,128.99,61.49015623986257,2,L,HL
1270,-2.990000000000009,0.058559494773808,4.558084517917637,32.000683811283544,0.063431068025459,0.1063628377656946,128.99,63.03386528416461,2,L,HL
1271,-2.9912999999999954,0.0690936133539221,4.489998856505625,26.417556897318107,0.0722159721354104,0.1192847735340405,134.9913,65.58233587495971,2,L,HL
1272,-2.9912999999999954,0.0439845754719135,5.709358002122021,37.844978548810914,0.0492874707733741,0.1035212069323364,134.9913,67.42652374877498,2,L,HL
1273,,,,,,,158.9937,71.68936779431773,2,L,HL
1274,,,,,,,152.9905,74.72839055451567,2,L,HL
1275,0.0,0.0096854897726744,,,,,0.0,0.1884443949816494,0,R,HL
1276,0.0,0.0220700149030534,9.55819930816678,132.29099506344045,0.0077994653754378,0.0274249872750838,0.0,2.501154200096156,0,R,HL
1277,0.0,0.0043006877831061,0.7984815351817756,26.281664443239308,0.0149246321146632,0.0043840351791981,0.0,4.482974786554284,0,R,HL
1278,0.0,0.070954917967421,17.147535041204023,65.84741625576342,0.0135205419618907,0.0852906290437955,0.0,5.512977766653738,0,R,HL
1279,0.0,0.0952504087652134,25.333602957111378,101.39204211554136,0.0128421699912187,0.1196853219041292,0.0,9.280302360482588,0,R,HL
1280,0.0,0.018038755014276,3.310248265277471,24.86159741111569,0.0323277372121842,0.0393678223157761,0.0,11.106040047008229,0,R,HL
1281,0.0022000000000019,0.008106524822327,0.9445048869342272,21.5018327274501,0.0796673884161583,0.0276815438710432,41.9978,14.000548100832455,1,R,HL
1282,,,,,,,152.9905,17.054439425476495,1,R,HL
1283,-2.990000000000009,0.0145301196428115,0.4176761129670173,9.657019963895852,0.1114447331474086,0.0171239797376136,122.99,18.36196007009363,1,R,HL
1284,0.0035000000000025,0.0264055393357649,3.1448895248931463,29.90894262055552,0.0446985540684041,0.0517135541266824,47.9965,21.195562988572348,1,R,HL
1285,-2.9879999999999995,0.0311868671769859,2.165848647711196,24.44903825515816,0.0481090919507456,0.038331938452167,110.988,23.48307816713036,1,R,HL
1286,-0.9551999999999978,0.0188205363926525,1.9866200648063568,21.602421452095854,0.0663247237332741,0.0484725408461251,54.9552,25.131190020102803,1,R,HL
1287,-2.991,0.0207227123622345,1.5577480082403128,29.798168429594547,0.0397704526888799,0.0227909934923996,104.991,26.558744283870038,1,R,HL
1288,0.0035000000000025,0.0320383831285162,3.584900789263247,28.519707885409908,0.0540402345854292,0.0712688719723732,47.9965,28.314968930848167,1,R,HL
1289,-2.9912999999999954,0.0085216456740828,0.2973598540516929,10.939540349343025,0.0898960402283739,0.0098339594968664,134.9913,32.127397194652225,1,R,HL
1290,-2.985500000000002,0.0266971839287627,2.4427849647300146,32.38763995678145,0.0477029216060291,0.0428682480429046,80.9855,34.62155223542409,1,R,HL
1291,-2.991,0.0615158340508719,5.477995314678294,36.75861571848076,0.0374525785953307,0.0754760039668688,104.991,40.11257761613372,2,R,HL
1292,-2.990399999999994,0.0663354872554577,3.673812517131816,12.76196799575798,0.0800176839145346,0.1081455078275536,110.9904,43.07202670938217,2,R,HL
1293,-2.990000000000009,0.0686790545986548,4.478405391852279,24.035589143931816,0.0419236356463893,0.0690697461753896,122.99,47.0524367367828,2,R,HL
1294,-2.990000000000009,0.0992767368574008,5.483400813728067,21.495606579209067,0.0609632979163847,0.1229770194916664,122.99,48.61558645215563,2,R,HL
1295,-2.9950000000000045,0.054663782804052,3.12203912574678,23.326649440176425,0.0649400355469548,0.0745858393645346,134.995,53.02355154939515,2,R,HL
1296,,,,,,,146.9905,54.39940714522295,2,R,HL
1297,,,,,,,146.9905,56.33517306360486,2,R,HL
1298,,,,,,,152.9921,60.49511508621103,2,R,HL
1299,0.0,0.1426247643619084,79.3645859471802,180.38689926725527,0.0078431690044963,0.2289938644472627,0.0,3.6650943167784105,0,L,HL
1300,0.0,0.00767301714146,,,,,0.0,6.240214408929453,0,L,HL
1301,0.0,0.1007062453609767,25.906229120888565,93.4431894603919,0.0139476918272689,0.1329266510932782,0.0,7.542810536422847,0,L,HL
1302,0.0019999999999988,0.0274004198639315,4.230962708232083,46.22817902742868,0.0259934976169008,0.0404584682582275,17.998,10.353095492526055,0,L,HL
1303,-0.0020999999999986,0.1084350252013663,90.8066634735191,216.58631434797817,0.0081446348596878,0.2720788952327377,12.0021,10.936362181528608,0,L,HL
1304,0.0,0.0090349353798188,3.534424418375588,76.00038853639558,0.0087117013584067,0.0113273206936763,0.0,12.102895559533714,0,L,HL
1305,0.0,0.0955460855520543,,,,,0.0,13.615525037059047,0,L,HL
1306,0.0,0.1083631517170396,35.00017956821071,128.9539018105691,0.0106650684938591,0.1373217848437533,0.0,15.76410312574723,0,L,HL
1307,0.0039000000000015,0.1290428716448216,31.47091073343133,98.40545191692657,0.0149485053953007,0.173066336966397,41.9961,17.377598272257302,0,L,HL
1308,0.0,0.1194616716842424,109.4580284493696,238.3288606786766,0.0073183970104963,0.2946925148790766,0.0,18.49036458363348,0,L,HL
1309,-0.9575000000000032,0.081071001560069,13.802527966898356,72.92872372720012,0.0222576462194195,0.1130168995740304,54.9575,20.687345925362223,1,L,HL
1310,0.0034,0.1501736001605143,44.44080886383552,123.89842603875346,0.0130714572216485,0.2137034231981722,5.9966,22.494468982738223,1,L,HL
1311,-0.0039999999999995,0.0857548529403034,9.66696515936498,43.78112358937406,0.0404566649863989,0.143875137152105,6.004,24.782909584612348,1,L,HL
1312,-0.0039999999999995,0.1198447169815113,38.71979792221246,129.83476855968755,0.0120520894785334,0.1716725853307774,12.004,26.79691218558046,1,L,HL
1313,-0.0039999999999995,0.1275856257006757,39.57599441919843,121.04723618666372,0.0130601187202908,0.1901448113940801,12.004,27.61853687270957,1,L,HL
1314,-0.0039999999999995,0.1653659921398005,35.38316375997259,93.79042923693444,0.0166207889630528,0.2163484637768512,12.004,29.963745210238656,1,L,HL
1315,0.0039000000000015,0.0808979845261727,27.23931042227908,122.62627010181882,0.0131554270751111,0.1318276707311652,41.9961,31.1892266504424,1,L,HL
1316,-0.0030999999999998,0.1384954716263724,52.66290000012964,136.74650822528992,0.0115534008105046,0.2238309454063994,30.0031,31.63466967586765,1,L,HL
1317,-0.0030999999999998,0.1195922842533617,16.498447175778217,55.69230688290095,0.0271823135553171,0.1649814083339802,30.0031,33.29421287431602,1,L,HL
1318,0.0039000000000015,0.1295927222553549,25.53965673012653,81.8989319783906,0.0174089364260362,0.1635659171549584,41.9961,34.712173090963496,1,L,HL
1319,0.0046000000000034,0.1804215483776244,36.79622857582879,84.75367956135102,0.0181959398140368,0.2463107222877175,47.9954,38.71188817947436,1,L,HL
1320,-2.992999999999995,0.1776323770584851,26.16725190701177,62.430145602834926,0.0238671872412608,0.229754948260068,68.993,41.81799197712333,2,L,HL
1321,-2.988500000000002,0.0659735188035182,5.099081499818912,32.404182072555464,0.0506850735932352,0.0950774560497782,86.9885,43.191965217359886,2,L,HL
1322,-3.094999999999999,0.1137971725283613,17.08921174659054,64.04178417751272,0.0249660194572797,0.1569556138396488,75.095,44.13723087534562,2,L,HL
1323,-2.985500000000002,0.0872504265667346,10.884506785718658,54.84710967761565,0.0299144779633344,0.1197831420473886,80.9855,45.723550875345616,2,L,HL
1324,-2.988500000000002,0.1085816518470833,13.399995731295832,53.289737564313626,0.0299200794788577,0.1474935134021798,86.9885,46.42191087534562,2,L,HL
1325,-2.988500000000002,0.0825513410446497,10.572429426793668,55.89509503712129,0.0307636050321552,0.1196513325848163,86.9885,48.48980386240214,2,L,HL
1326,-2.992900000000006,0.1198557690150734,14.574138098233314,51.48043467116028,0.0306885550722464,0.1645374791442075,92.9929,49.49975632757524,2,L,HL
1327,-2.992900000000006,0.0856195223830654,10.3054933501119,50.856646601183954,0.0320764608781983,0.1216076091943673,92.9929,50.60510128127076,2,L,HL
1328,-2.992900000000006,0.0924077726293536,9.913078926321912,48.28099661919092,0.0367120269511075,0.133882078341337,92.9929,51.532110165541326,2,L,HL
1329,-2.988100000000003,0.0732251207229328,6.266494605601805,36.81262649761752,0.0429786203880188,0.0990792382151208,110.9881,52.85407219795789,2,L,HL
1330,-2.991100000000003,0.1193881273350999,11.98611890069172,43.02195940243894,0.0380377191459666,0.1677252960386124,104.9911,54.98707219795789,2,L,HL
1331,-2.988100000000003,0.0858962729060052,8.291481664014565,42.64470935694034,0.0470581009452031,0.1435397084457893,110.9881,57.86294335705213,2,L,HL
1332,-2.9906000000000006,0.1008585173496918,8.170342256422716,35.1603792338761,0.050366531538227,0.1513867313638717,116.9906,59.42272986582566,2,L,HL
1333,-2.9906000000000006,0.1108184367376564,8.886127988760496,34.28195169975088,0.0473196276835617,0.1546889890423882,116.9906,60.65102140214539,2,L,HL
1334,-2.996799999999993,0.0941186056427462,6.450429130667343,29.892123475220533,0.0583122231837725,0.1383737547595679,122.9968,62.54302201506229,2,L,HL
1335,-2.996799999999993,0.0955763012214191,6.79774837428952,31.181251411815094,0.0574323396626223,0.1436240309911325,122.9968,64.39443925796512,2,L,HL
1336,-2.989200000000011,0.0998072762649764,5.958025036032569,25.83684876239942,0.0657657865556663,0.1441477475627165,128.9892,65.0021224182525,2,L,HL
1337,-2.996799999999993,0.0894063549339982,7.367731735827437,35.51530357366551,0.0587231674700396,0.1591654478456296,122.9968,66.6690284093494,2,L,HL
1338,-2.989200000000011,0.085037383914418,5.044354712104743,27.93775909546998,0.0851788131331385,0.1580675494723119,128.9892,69.66360784038757,2,L,HL
1339,-2.994400000000013,0.072532065425297,4.253397002794659,22.44417121819403,0.0718476072069037,0.1124226318082148,140.9944,71.86878745130738,2,L,HL
1340,-2.994400000000013,0.0450846390112112,8.152765670975084,35.83451051520246,0.0593366168478545,0.1779644508543197,140.9944,75.068749370729,2,L,HL
1341,,,,,,,146.9891,77.3465211454484,2,L,HL
1342,,,,,,,152.9907,79.24463355812311,2,L,HL
1343,0.0,0.0365096623129922,12.259964535114364,-6.010037014672955,0.0141301582357195,0.063729682857675,0.0,3.2768971455326463,0,R,HL
1344,-0.0039999999999995,0.0133468286819589,2.2460386681363964,48.01105123542402,0.0252388559526442,0.0208541461064391,6.004,9.713659395686058,0,R,HL
1345,0.0,0.0032430385287034,,,,,0.0,10.88397980480486,0,R,HL
1346,0.0,0.0067531306484202,1.6933658611758071,1.6022463949206889,0.0411141060936768,0.025612216858051,0.0,12.689124091188022,0,R,HL
1347,-3.094999999999999,0.0079576423316571,0.7673492308835526,12.779396510564457,0.0580896447946669,0.0163982423709006,69.095,16.516247843287143,1,R,HL
1348,-2.988500000000002,0.0284371226156425,2.4275515551539666,28.290056015169707,0.0537207288708232,0.0479750986630768,86.9885,19.05278976062736,1,R,HL
1349,-2.992900000000006,0.0349830102118222,2.615666650981232,27.76019004964807,0.055975319931017,0.0538622508117805,92.9929,20.109152994557807,1,R,HL
1350,-2.991100000000003,0.0280734199364503,1.8835691568556976,17.25527602703179,0.0768330293621051,0.0532396320422335,98.9911,22.4737133759595,1,R,HL
1351,-3.094999999999999,0.0497654717573626,4.921376275404598,38.18108712494699,0.0394352682893402,0.071396494558253,75.095,25.37378653537941,1,R,HL
1352,-3.094999999999999,0.043213103015206,4.566654346930415,41.32230335160968,0.0353389850873141,0.0593687262944979,75.095,28.576486170488344,1,R,HL
1353,-2.985500000000002,0.0621272662247523,6.963631681508076,46.43938958336785,0.0313757532680054,0.0803776809309436,80.9855,33.2950666761703,1,R,HL
1354,-0.9575000000000032,0.0511753946610353,6.638044392061601,51.20259198481554,0.0291128169221374,0.0710935007120518,54.9575,34.34890209942196,1,R,HL
1355,0.0046000000000034,0.0808435291756487,13.228950845428562,64.74525484815776,0.0203801064206705,0.0991830292359678,47.9954,37.751395193468845,1,R,HL
1356,-0.0007999999999981,0.0966205543591068,18.877751183025133,82.15185488785293,0.0184577643575854,0.1281843108721859,36.0008,39.81596040198128,1,R,HL
1357,-2.994400000000013,0.0259808689971826,104.91292865404398,93.6166610992444,0.0234743140015182,0.9059984157124776,140.9944,41.54053903746845,1,R,HL
1358,-0.9575000000000032,0.0657406913675595,8.764585631964124,54.673774183101685,0.029038371902611,0.0936287380096761,54.9575,43.2434201093229,1,R,HL
1359,-2.992999999999995,0.0845140989811548,10.006944676091033,48.29649109956618,0.031376879210305,0.1155092496586007,68.993,46.70570824085445,1,R,HL
1360,-0.0039999999999995,0.0643858164709851,16.410656165322308,120.82483083570268,0.0213993099098943,0.1291906944415426,12.004,48.75446348899035,2,R,HL
1361,-2.992900000000006,0.0771644557980454,7.7361493494653715,44.99519220638993,0.0401581869801533,0.1142890074272895,92.9929,54.052741016577386,2,R,HL
1362,-2.9906000000000006,0.0722779965838471,4.334994860231246,25.365072297540948,0.0655293646071011,0.1045033137447111,116.9906,55.29053289833772,2,R,HL
1363,-2.9906000000000006,0.07334757952913,5.735155571713905,33.96408059954163,0.0507677995593161,0.107112230033676,116.9906,58.67516672651805,2,R,HL
1364,-2.996799999999993,0.0585596068606733,3.8741381960847727,29.983254239022344,0.064821858621419,0.0923851367423545,122.9968,60.24484761770916,2,R,HL
1365,-2.989200000000011,0.0608420875471066,3.529415936708628,25.02571759316916,0.0663255329220285,0.0861170429257524,128.9892,61.64653361666812,2,R,HL
1366,-2.991800000000012,0.0798100734021472,3.889101073947676,20.692724965658147,0.0766813807933567,0.1097096104138296,134.9918,63.35095548170799,2,R,HL
1367,-2.991800000000012,0.0878781668709028,4.887541684394147,23.601747425082607,0.0733369644667505,0.1318617764668532,134.9918,65.21243495082955,2,R,HL
1368,,,,,,,146.9891,68.75989959362768,2,R,HL
1369,-2.994400000000013,0.0311791141852066,1.1950906746306973,18.7379881394755,0.1445594429633757,0.0635554563940394,140.9944,69.99503896599701,2,R,HL
1370,,,,,,,152.9904,73.15805619610418,2,R,HL
1371,0.0,0.0018669490299688,0.7901290848923305,-8.654591551352086,0.053208636005652,0.0154662737451869,0.0,5.4305304301622765,0,L,HH
1372,0.0,0.008295229013564,,,,,0.0,6.828950933444462,0,L,HH
1373,0.0024999999999995,0.012463893894192,1.484639350641606,30.53878928059077,0.025852621680178,0.014119882295428,11.9975,7.769913894511474,1,L,HH
1374,0.0016999999999995,0.0055276467441097,0.724902964312432,9.835888220804373,0.040172330360426,0.0107130324224399,29.9983,10.316048965633978,1,L,HH
1375,0.0016999999999995,0.0120864236070254,1.6118141667325847,13.195293468027744,0.0903162810824822,0.0535533364536635,29.9983,15.330976545115874,1,L,HH
1376,0.0014000000000002,0.0597110514609752,15.350345153610633,108.77944070468212,0.0131429468647668,0.074219225025723,11.9986,17.168876415422478,1,L,HH
1377,0.0024999999999995,0.0451765506573205,10.59386595647858,95.58062718665175,0.0140232292563987,0.0546522474100758,11.9975,18.853000417183203,1,L,HH
1378,0.0024999999999995,0.024684962387397,4.343867266354617,52.035211460203016,0.0185509194165092,0.0296447302742843,11.9975,20.400616669977502,1,L,HH
1379,0.0016999999999995,0.098650191843651,25.86155994339476,105.48919961992952,0.0132306731083315,0.1258757800976601,29.9983,22.44919758043383,1,L,HH
1380,0.0030999999999998,0.1062757571572786,29.62468389802738,112.08077058032042,0.0129698897019328,0.1413499066172455,29.9969,25.739495766288822,1,L,HH
1381,-2.986700000000013,0.0197499999999999,0.9355501076367622,18.917851472177905,0.078498287784654,0.0270167282940879,128.9867,27.65653726110781,1,L,HH
1382,0.0039000000000015,0.0469086765826613,4.974434557639832,30.503346402641828,0.0469066990835589,0.0858388936949714,47.9961,28.979396448171958,1,L,HH
1383,-2.9906000000000006,0.052236277481289,6.827858788468745,55.50323524126813,0.0267269119739065,0.0671334292489891,68.9906,30.77833156489354,1,L,HH
1384,-2.987899999999996,0.0763968374124491,15.158252511174704,78.85233775659903,0.0192105628951863,0.1071259647172472,74.9879,34.69704238962782,2,L,HH
1385,-2.987399999999994,0.050879203121906,5.976868757058486,48.7590232545811,0.0290276441009122,0.0638250299514038,86.9874,36.57528509276111,2,L,HH
1386,-2.987499999999997,0.0436895194442956,4.74691165408888,42.770423728060514,0.0353832918044839,0.0617895313386056,116.9875,38.08378540823678,2,L,HH
1387,-2.988100000000003,0.0517992943998784,4.916399301315655,39.42763684726256,0.0373627233762954,0.0675757992344009,110.9881,40.35443977576746,2,L,HH
1388,-2.9869000000000057,0.0457504867718224,8.186324003552576,65.74394493719109,0.0275253391926789,0.082894769254552,98.9869,42.43550532109248,2,L,HH
1389,-2.988500000000002,0.061977716153992,4.165146927337497,28.389851243567243,0.056326145376493,0.0863069711489997,122.9885,46.79629529448519,2,L,HH
1390,-2.986700000000013,0.0778421737005106,4.018928377632811,22.65016870674281,0.0729454777823533,0.1078485121043071,128.9867,48.85574557732563,2,L,HH
1391,-2.9864000000000037,0.0491991947322757,4.357534875434194,31.47010875699877,0.0574017043341225,0.0920176583334981,134.9864,53.532472756777,2,L,HH
1392,-2.9857000000000085,0.049829538627193,3.961766593441277,26.936575729327448,0.0598018038447531,0.0871582873487324,140.9857,55.37926963319484,2,L,HH
1393,,,,,,,152.9854,58.02088980960967,2,L,HH
1394,0.0,0.0004876543209876,1.1781090641006424,-34.26812532071699,0.0717899348927791,0.0311139088386296,0.0,6.0933251298094975,0,R,HH
1395,0.0,0.0016649559964658,,,,,0.0,9.42545547569014,0,R,HH
1396,0.0,0.0075482591636105,1.4028197437569827,35.25705187603795,0.0378071122265226,0.0195110613368105,0.0,10.56010639188553,0,R,HH
1397,0.0,0.0313517716353412,6.815864544884252,49.623596065204254,0.0247880735606547,0.0621540231587488,0.0,13.652249257489856,0,R,HH
1398,0.0,0.1144512775769581,27.056463929275235,78.74232175930142,0.015062936748544,0.1499291944415383,0.0,15.22190049951605,0,R,HH
1399,0.0,0.0306877651953878,6.194656588219001,49.51681249002398,0.0249936748656869,0.0569577558329559,0.0,16.90915354268259,0,R,HH
1400,0.0024999999999995,0.0543724231182162,9.609042615475744,71.74892954363328,0.0255957439057214,0.0904801670635847,11.9975,19.206000373821645,1,R,HH
1401,-2.9906000000000006,0.0101185795399748,1.1232287574300692,24.423539946337293,0.0406684894454721,0.0168047390775116,62.9906,19.264289312738047,1,R,HH
1402,0.0014000000000002,0.0649356610287872,11.62181500592224,77.31923898069253,0.024047366018609,0.1028127533804709,17.9986,21.51250127036449,1,R,HH
1403,0.0016999999999995,0.0805964576183214,13.547924070581956,62.21736236928257,0.0241621524116145,0.1204242337300069,29.9983,22.36000154694261,1,R,HH
1404,-2.9906000000000006,0.0523029246503841,5.563507157118846,41.146911197036026,0.0325626621247759,0.0666459974419696,68.9906,23.89227474865092,1,R,HH
1405,0.0030999999999998,0.100533556853808,15.571888998745909,58.891765368007256,0.0242238062996584,0.1387679595530526,29.9969,27.780639391214645,1,R,HH
1406,0.0016999999999995,0.0748049794723547,11.353742099274791,60.73002882035741,0.0253071772243374,0.105703227846927,35.9983,29.455398179127663,1,R,HH
1407,-2.9869000000000057,0.0403527353097626,3.807725704390872,41.41898263199195,0.040018953107721,0.0560579093807447,98.9869,33.0661308403646,1,R,HH
1408,0.0013999999999967,0.0819714386906701,11.22123244835829,58.345356627309584,0.0277757941372884,0.1146601648104113,59.9986,36.21858289668517,1,R,HH
1409,-2.9906000000000006,0.0857987250988326,10.967600788437744,54.14929308064339,0.0291088047961514,0.1174468913010877,68.9906,37.27783190081323,2,R,HH
1410,-2.987899999999996,0.0581697508754668,7.024770484506953,50.63976716168427,0.0305190261569363,0.0788693622267548,74.9879,39.05673822562826,2,R,HH
1411,-2.9891999999999967,0.0742545394747366,9.321137618253688,53.19929245867304,0.028787202365012,0.0987128972719164,80.9892,39.953942163941775,2,R,HH
1412,-2.9887999999999977,0.0479291262056382,4.23835152010752,36.19526759200248,0.0431207362186241,0.0672339549148094,92.9888,42.25383856435514,2,R,HH
1413,-2.9887999999999977,0.0644948290809972,6.480368459596376,45.05025209891392,0.0396351890138585,0.0944900657784827,92.9888,43.604471456783656,2,R,HH
1414,-2.987399999999994,0.0741145692415903,8.705760869617555,52.02127617489021,0.0337862380351095,0.1082061859584229,86.9874,45.704432915739055,2,R,HH
1415,-2.9873000000000047,0.0732883494218359,6.380780772591639,38.029153411212455,0.0445585271108721,0.1045948179719217,104.9873,51.32448885689526,2,R,HH
1416,-2.987499999999997,0.0740313592830557,6.756818733191029,37.94530672562607,0.0452558409941146,0.1124922040878646,116.9875,53.43069154083688,2,R,HH
1417,-2.987499999999997,0.0595826461404548,4.752213360260118,34.302044241565575,0.0474777950916223,0.0830026562323021,116.9875,55.86780387454885,2,R,HH
1418,-2.986700000000013,0.0620597530296968,4.600108127445883,30.389861622120804,0.0562046312767802,0.0951142660888046,128.9867,58.29138883656137,2,R,HH
1419,-2.9864000000000037,0.0629581821837061,4.183548857163342,26.461636944585127,0.0643429961529432,0.0990265487573474,134.9864,61.859778291008816,2,R,HH
1420,-2.9857000000000085,0.0590276541796098,3.106522505561926,21.19821887469629,0.0881746537181771,0.1007682659420661,140.9857,64.31537074176073,2,R,HH
1421,,,,,,,152.9854,67.07558860205678,2,R,HH
1422,0.0,0.3952029395253297,318.41891775593905,231.36683716851468,0.0057957823236414,0.6789166287768912,0.0,2.343544740678684,0,L,HH
1423,0.0,0.1479297295303938,,,,,0.0,2.703396461252589,0,L,HH
1424,0.0,0.0495369995471288,9.857822558772138,81.7468387709032,0.0189410955006571,0.0686896982348893,0.0,5.3123214354134,0,L,HH
1425,0.0,0.1258059100998236,45.68955686127264,124.38900743341728,0.009056211690246,0.1522190578759011,0.0,6.631425218176665,0,L,HH
1426,0.0,0.0643189192273695,16.228430480957545,59.02316555702197,0.0130214888097433,0.0777396676441307,0.0,7.525766629495632,0,L,HH
1427,0.0,0.146691754445025,50.32943461534168,121.19863288210672,0.0099941224366256,0.1850428187562177,0.0,8.777844605342185,0,L,HH
1428,0.0,0.0208600954246193,89.0479975138927,596.0758957754017,0.0026691804170621,0.0874394879347079,0.0,10.002656385264055,0,L,HH
1429,0.0,0.1291307241410871,189.73340997143575,327.3738973631128,0.0044772706637429,0.312509108328397,0.0,11.92930999044657,0,L,HH
1430,0.0,0.0764202289162076,16.107143125351858,55.83140130911131,0.0194443081586265,0.1152169915589616,0.0,16.12753502170278,0,L,HH
1431,0.0,0.1090149405989464,23.65793227759861,89.51557336809663,0.0164074810330003,0.1427986866780299,0.0,19.28800266077176,0,L,HH
1432,-2.9908999999999963,0.0562439414263796,4.243695765040702,28.639896762390247,0.0422665593936329,0.0659852180240198,116.9909,21.10092030082052,1,L,HH
1433,0.0011000000000009,0.0624874293664906,8.877648029122975,40.56081747803668,0.0306410854515158,0.1000708495421327,23.9989,24.84693440182517,1,L,HH
1434,0.0011000000000009,0.1014231443346124,17.156517059656288,70.79454627756141,0.0220550321375693,0.1392009949659925,29.9989,26.81356549221328,1,L,HH
1435,0.0024000000000015,0.0883613464366201,14.324126488699138,68.48650891869694,0.022449226104874,0.11829735641573,41.9976,28.69069800547416,1,L,HH
1436,-2.9899000000000058,0.0493728665076985,4.683161010626544,38.605491022492494,0.0387428495474303,0.0667476788247344,86.9899,30.03369800547416,1,L,HH
1437,-0.0009000000000014,0.0743099932485228,7.9403310079837315,35.00343784630436,0.0443570076772865,0.1295705690976836,60.0009,33.731441258171685,1,L,HH
1438,-2.9899000000000058,0.0295017553870808,3.509940558041048,42.28787660913611,0.0225723266034746,0.029146177488078,80.9899,35.53768914531233,1,L,HH
1439,-2.9893,0.0568363253515346,6.375815205600615,46.460033089369176,0.0320673674355467,0.0752150151461828,80.9893,37.78757705074196,2,L,HH
1440,-2.9893,0.0782854000346121,9.0734898712747,47.759871205290175,0.0295076302169061,0.0984950055933653,80.9893,39.83437252577027,2,L,HH
1441,-2.9899000000000058,0.0543944610442371,4.983209467845034,39.40860722065336,0.0446377340243011,0.0818308007963777,86.9899,42.22091864133154,2,L,HH
1442,-2.990300000000005,0.0655464357361202,6.703059107936462,45.51625295115638,0.0372989586269798,0.0919761599859031,92.9903,46.12655505423503,2,L,HH
1443,-2.9887999999999977,0.0545170745673815,3.513137086680729,28.344168703896536,0.0603174112797337,0.0779548802927222,116.9888,50.27507639541437,2,L,HH
1444,-2.9887999999999977,0.0395685169813531,3.2866222898850723,37.909271410959015,0.0582596547963965,0.0704406283594929,116.9888,51.37923864722901,2,L,HH
1445,-2.9882999999999957,0.0865664502146165,6.933296057505875,34.36711358781953,0.0458918085424846,0.1170524306597729,110.9883,52.189361800492776,2,L,HH
1446,-2.9908999999999963,0.0604781000298215,4.070676509503286,29.919731286607536,0.0601657965471864,0.090099375317174,122.9909,54.59432274415398,2,L,HH
1447,-2.9908999999999963,0.0600800567143116,4.610985850333781,32.5878683447208,0.0512059561062041,0.0868599924358716,122.9909,56.47613355540609,2,L,HH
1448,-2.988400000000013,0.0587188466568695,3.520245414975821,26.03757774517597,0.0663018405216559,0.0858626017572018,128.9884,59.6564716703257,2,L,HH
1449,-2.9869999999999948,0.0551503002202731,2.9517800812265627,21.747287193876872,0.0995433365339466,0.1080940301787265,140.987,60.89815273981633,2,L,HH
1450,-2.9879999999999995,0.020614858095165,4.465382425357428,52.75370629419189,0.0302994408287554,0.0497735698919713,134.988,63.26657406134221,2,L,HH
1451,,,,,,,146.9871,64.5205559786826,2,L,HH
1452,,,,,,,146.9871,68.31927291945297,2,L,HH
1453,0.0,0.050982673409276,17.842055488449176,88.48440465677766,0.0091711707668193,0.0601970465322925,0.0,6.874592982060828,0,R,HH
1454,0.0,0.155371532223693,62.53631694515636,131.6944301362143,0.0082137040075367,0.1889630397154968,0.0,7.157110501871547,0,R,HH
1455,0.0,0.1829038150454233,79.45835127025713,143.2763194583366,0.0075347917105552,0.220250203719648,0.0,9.777061621974646,0,R,HH
1456,0.0,0.0469971370805585,11.900311300188086,89.56565025000303,0.013291625719738,0.0581891406897042,0.0,10.336767562268296,0,R,HH
1457,0.0,0.0317884292397152,7.899189289079653,102.960073918658,0.0147092207909149,0.0427442504694849,0.0,11.815990404472943,0,R,HH
1458,0.0,0.1176995443995422,30.419593653006736,85.21275899280421,0.012094843805512,0.1353502900281792,0.0,13.556204507125983,0,R,HH
1459,0.0,0.0794367324413519,18.01308818504003,62.38379156680524,0.0149339456044374,0.0989619532113852,0.0,14.614111556445536,0,R,HH
1460,-2.9886999999999944,0.0606261965379322,6.160632914187858,43.39725831852189,0.0383544129077526,0.0869252982122905,104.9887,16.518344245220728,0,R,HH
1461,0.0,0.1304912881375147,76.78472361550001,188.86844461759264,0.0075348444233904,0.2128406776952218,0.0,17.57625129454028,0,R,HH
1462,0.0,0.0874905618831102,29.96081468457078,138.2774531130491,0.0106819393017347,0.1177359906321907,0.0,20.488735450819245,0,R,HH
1463,0.0,0.1378912739710799,45.39639306284365,135.40324009605882,0.0119765822338175,0.2000137104783079,0.0,22.943814969133747,0,R,HH
1464,0.0013000000000005,0.0836804197767708,20.91541971476056,108.61930062791468,0.0163652231424638,0.1259198024159181,11.9987,24.933611586403025,1,R,HH
1465,0.0013000000000005,0.1503264641742396,45.39089610052057,124.41225005785516,0.0132792041911655,0.2217411643738526,11.9987,26.99826918516744,1,R,HH
1466,-0.0003000000000028,0.0891764863800461,12.736751753821402,48.85825951971602,0.0297199253125321,0.1392553586183597,30.000300000000003,29.118749078335117,1,R,HH
1467,0.0024000000000015,0.1316596481152152,42.49562628954479,120.98004870409306,0.0120061449114332,0.1876952720622124,35.9976,30.341075676858598,1,R,HH
1468,0.0024000000000015,0.1128775846292692,55.6784315517298,152.50882776342416,0.0105413749248359,0.215918458516246,41.9976,32.72415621305539,1,R,HH
1469,0.0037999999999982,0.1790000946529875,34.15265889604677,78.34594329136719,0.0180535374520382,0.2268257470624355,47.9962,34.49418834099784,1,R,HH
1470,-2.9893,0.1139136127388164,15.673383058292462,57.51342648813556,0.0255466589138581,0.1472998740691366,74.9893,37.51082475538091,1,R,HH
1471,-2.9912999999999954,0.0606960586058575,7.808814480864485,56.56695214702633,0.0292135526563834,0.0839218401242759,68.9913,39.29893137545467,2,R,HH
1472,-2.9893,0.094201195540223,13.7258563698131,62.81113291136797,0.0249543802151451,0.1260061539774031,74.9893,40.768728175058605,2,R,HH
1473,-2.9893,0.1109614120355068,15.39606388223774,58.17326887084389,0.0261155213910783,0.1479155808810743,80.9893,42.69892914880214,2,R,HH
1474,-2.990300000000005,0.066762325916035,6.749220144809154,43.22341952201675,0.0358463656061235,0.0890029173333334,92.9903,43.78321570125646,2,R,HH
1475,-2.9899000000000058,0.1224037846909345,13.842431122187254,50.95364996207011,0.034680269942233,0.1766039278739397,86.9899,46.64363013105317,2,R,HH
1476,-2.9908999999999963,0.0908823383204672,6.053924678980756,24.027919360875988,0.0483599724173692,0.1077031922986095,116.9909,49.9163011712691,2,R,HH
1477,-2.9882999999999957,0.0853355996504782,7.683080693065293,39.32686580844065,0.0453436417699618,0.1281614198309798,110.9883,54.560705679769946,2,R,HH
1478,-2.9887999999999977,0.0993562478702535,8.39704738490701,36.64778914801757,0.0487025942026818,0.1504472372975578,116.9888,55.99129102121973,2,R,HH
1479,-2.9887999999999977,0.0605603746202333,5.482147920498659,39.4707966621916,0.0524258505478393,0.1057308570995883,116.9888,59.2082629735951,2,R,HH
1480,-2.9908999999999963,0.0528624532266295,6.617246339700208,43.9404771957699,0.0467493285799396,0.1138041759284448,122.9909,60.736481270863976,2,R,HH
1481,-2.9908999999999963,0.073092210676617,4.6844637280613615,31.125252479147765,0.0783766261254096,0.1350678426233829,122.9909,62.317271270863976,2,R,HH
1482,-2.9869999999999948,0.0733762857533017,3.0208798057739936,17.790582263370176,0.0970841113768537,0.107891473374601,140.987,65.68510089650096,2,R,HH
1483,,,,,,,146.9871,68.61860323688116,2,R,HH
1484,,,,,,,152.9888,71.1063374510851,2,R,HH
1485,,,,,,,146.9871,74.09410569804363,2,R,HH
1486,0.0,0.1235210777239995,173.96572413962363,305.0972838039922,0.0042729911656965,0.2734646549890706,0.0,0.3862994988347769,0,L,HH
1487,0.0,0.0514523931309059,,,,,0.0,2.4791219383990724,0,L,HH
1488,0.0,0.008731994037417,7.753006534058731,-128.22206848548706,0.0081597927857973,0.0232731301524812,0.0,3.051056298847935,0,L,HH
1489,0.0,0.0,6.051174131781885,81.0,7.827618188159114e-18,1.7425080871951044e-17,0.0,3.934303149960353,0,L,HH
1490,0.0,0.008575060309498,4.644905675409229,-28.654498211734865,0.0281673608546385,0.0481314089382624,0.0,4.674600344744999,0,L,HH
1491,0.0,0.0,1.5485429131600372,81.0,3.667470639925271e-18,2.0892740440744747e-18,0.0,8.946861848423962,0,L,HH
1492,0.0,0.0676046053756368,14.337947567772538,34.28058326455059,0.0165946246147402,0.0875306067023571,0.0,10.406111391442565,0,L,HH
1493,-2.9886000000000053,0.1338523155124033,11.36076612958457,36.55914091818092,0.0438193370682453,0.1831381997163918,104.9886,12.257131638892654,0,L,HH
1494,0.0021999999999984,0.0507700169303484,7.23250151104772,51.67116567410601,0.0298738249672384,0.079484945951616,17.9978,14.409250859335678,0,L,HH
1495,0.0,0.0076241893555448,2.756562897123221,-14.00929388747332,0.0631336880795523,0.0640227883277653,0.0,14.910501639789407,0,L,HH
1496,0.0030000000000001,0.1401047263864666,46.92199780332903,130.9038503462948,0.013514807990889,0.2332877276453695,17.997,15.288488365482255,0,L,HH
1497,0.0,0.2316638450979015,77.82268621985907,112.68692571772472,0.0097780179190481,0.2799384568588371,0.0,17.014243215550056,0,L,HH
1498,0.0021999999999984,0.0583410374792206,12.353118441423163,78.7106608581878,0.0153630671884218,0.0698168183354638,17.9978,19.08507224149903,0,L,HH
1499,0.0,0.0080281754225506,,,,,0.0,19.405336115661807,0,L,HH
1500,0.0,0.0110583512833272,,,,,0.0,20.8305242490138,0,L,HH
1501,0.0015999999999998,0.0288650365936489,4.871886433660604,87.6493190054564,0.0362656228035664,0.0649976738597067,11.9984,23.3385159128004,0,L,HH
1502,0.0,0.1156391169806328,35.29666194065726,126.66422032391222,0.0121966940429123,0.1583730509173696,0.0,24.07265377839514,0,L,HH
1503,0.0,0.0217184805786072,3.364979174687714,32.233240195869726,0.0224857136740928,0.0278352146746335,0.0,25.01567213505256,0,L,HH
1504,0.0,0.0379153295884019,,,,,0.0,25.382900048220797,0,L,HH
1505,0.0030000000000001,0.0977361651335788,30.38767616193149,122.41230015234956,0.0121288372158582,0.1355882873061838,17.997,26.2558500482208,0,L,HH
1506,0.0,0.044919354012361,7.90495728866378,60.36903563742352,0.0238671857761864,0.0694074772476079,0.0,26.959537122333614,0,L,HH
1507,0.0,0.0035527486393648,,,,,0.0,28.404529089983964,0,L,HH
1508,0.0015999999999998,0.0041661221040431,0.627552220507808,6.194552083453585,0.1332350029674758,0.030759107126505,5.9984,29.67192755535696,0,L,HH
1509,0.0021999999999984,0.0724504391877516,13.732733854426495,72.99649437522088,0.0161128319576337,0.0814018732710726,11.997800000000002,31.53350255414756,0,L,HH
1510,0.0,0.3036990916249151,2788.677456739744,448.1366994739992,0.0048483787930598,4.973937764799589,0.0,32.6951648388881,0,L,HH
1511,0.0023999999999997,0.0959041497185076,15.250065163510094,69.45009985126896,0.0276535509856566,0.1551415493855467,5.9976,33.67051824846651,1,L,HH
1512,0.0,0.162304200488099,78.66555861848778,157.51980450441033,0.0099389484775174,0.2876276204618206,30.0,35.10331126108208,1,L,HH
1513,0.0015999999999998,0.0994256447251286,20.60597206911621,88.8809351742686,0.0166964407380421,0.126567594242715,11.9984,36.12673484152177,1,L,HH
1514,0.0030000000000001,0.0914672643083027,13.031991564459558,55.65541250456016,0.0266106955133977,0.1275770436399496,23.997,37.74138571480471,1,L,HH
1515,0.0050000000000025,0.087765759175587,11.425643536743648,39.48895201625042,0.0297488379557453,0.125042081566421,41.995,38.5263379573512,1,L,HH
1516,0.0015999999999998,0.1331854620945619,22.04215884720497,68.49700427022363,0.0245109298032123,0.1987556266457365,11.9984,39.79242876450076,1,L,HH
1517,0.0024000000000015,0.066121599681496,30.20167219176098,145.27562656453244,0.0101322049204146,0.1125746154730328,53.9976,42.14063362861556,1,L,HH
1518,0.0,0.1769015607763543,59.64733217292765,123.22634296173072,0.0134903137239589,0.2960183213475458,36.0,42.24822745232306,1,L,HH
1519,0.002600000000001,0.1162709109435031,18.581003372359213,68.61478378017979,0.0187872468245356,0.1284215245635265,41.9974,44.72349417994354,1,L,HH
1520,-0.0009000000000014,0.0660227612246633,6.868740348351561,28.540539379526308,0.0462729488660021,0.1169256504551976,60.0009,47.002102711078514,1,L,HH
1521,0.0050000000000025,0.124616902762094,23.73962832261166,80.79784324196791,0.0199675203850933,0.1743827691093395,47.995,47.76876097784409,1,L,HH
1522,-0.0009000000000014,0.1044693142232835,18.075484450178365,72.54079748242133,0.0202627476157377,0.1347391486826751,60.0009,49.13199560152408,1,L,HH
1523,-2.9891999999999967,0.1160097501671167,12.61281830341449,44.64203296516305,0.0285103548940722,0.1322879483208872,92.9892,52.23012793314547,2,L,HH
1524,-2.989099999999993,0.0808051358791243,11.952997042878568,63.727561913916745,0.0258633855939882,0.1137280793651256,74.9891,53.442436028884686,2,L,HH
1525,-2.989099999999993,0.0973149527510333,15.297138231949418,67.3464581265945,0.0241553832836893,0.1359344837859527,74.9891,55.26390274564488,2,L,HH
1526,-2.988100000000003,0.1194185715503018,19.906529410588924,67.63757739110349,0.0229685510126505,0.1682033597344592,80.9881,57.564856744401375,2,L,HH
1527,-2.9891999999999967,0.090713721247141,10.8182537755883,51.59503918480528,0.0328247340772758,0.1306363084380678,92.9892,59.948617605647485,2,L,HH
1528,-2.9891999999999967,0.0826542968313616,10.677610213345863,55.4827880364597,0.0315709673787457,0.1240130733315473,92.9892,61.18242619523566,2,L,HH
1529,-2.9886000000000053,0.0658582816357303,6.494628211563872,40.20613307447413,0.0407109165193694,0.0972681582083063,104.9886,63.3156719663015,2,L,HH
1530,-2.9886000000000053,0.1279007228411785,11.000475644675818,37.43350676655047,0.0430770807242857,0.174326433848792,104.9886,65.0528819663015,2,L,HH
1531,-2.9872000000000014,0.1203625173428819,10.537923217056228,37.29020738334578,0.0419155548593194,0.1624934155404377,110.9872,68.72955452673118,2,L,HH
1532,-2.987799999999993,0.0941967228119172,7.671276653861914,36.1439798967272,0.0530073460178358,0.1495922945636284,116.9878,71.78258927575794,2,L,HH
1533,-2.987400000000008,0.0896253231865103,5.3699025865934615,26.951745008230017,0.0734165059058966,0.1450326014158058,128.9874,75.05363751610403,2,L,HH
1534,-2.987400000000008,0.1036024791951142,9.918531267657976,35.727021889363904,0.0508861138751603,0.1856744603433921,128.9874,77.23737910396977,2,L,HH
1535,-2.987099999999998,0.0514773111354824,17.795814345109033,48.94235443686354,0.0393161835188781,0.257391818366685,140.9871,79.18733289048194,2,L,HH
1536,,,,,,,146.9881,82.65068823880273,2,L,HH
1537,0.0,0.0059984227364192,3.4393243725852,-127.20044306840892,0.0068640081138883,0.0086847324484751,0.0,5.230228199781108,0,R,HH
1538,0.0030000000000001,0.0674124295603296,43.79981125836213,189.4509624985765,0.0088110371980577,0.1419726837095884,17.997,7.727707966265712,0,R,HH
1539,0.0,0.0360312342729286,,,,,0.0,8.787928862227908,0,R,HH
1540,0.0,0.0931791693739454,85.29576005614324,222.88130214179128,0.0057931528891678,0.1817807754993284,0.0,9.359983239800531,0,R,HH
1541,0.0,0.2172749409387007,73.85702297917459,123.3473381949419,0.0099710065774326,0.2709170381837922,0.0,12.509574759568132,0,R,HH
1542,0.0,0.1687230569551183,73.93846794335329,155.5104169768345,0.0096649923729872,0.2628920670628096,0.0,13.792107053454083,0,R,HH
1543,0.0030000000000001,0.1204921033940963,27.08512526726921,97.8068985340827,0.0170266270940645,0.1696543466882711,23.997,15.816397674802587,0,R,HH
1544,0.0,0.0027335713009978,2.845245738903312,-85.04851333561393,0.0173087646821918,0.0181172122927387,0.0,17.157755690186537,0,R,HH
1545,0.0,0.0133782072024035,7.111587116456967,-56.62028815603556,0.0130488992279969,0.0341386175128038,0.0,17.78047866175576,0,R,HH
1546,0.0,0.0062872892341505,2.1943752151694147,-11.733527053425588,0.0152066676408208,0.0122758185803171,0.0,18.9398996819306,0,R,HH
1547,0.0,0.1201514757956188,72.40973355069578,198.92651300454045,0.0058140922093946,0.1548760924322912,0.0,21.53203823548158,0,R,HH
1548,0.0,0.1409700809866247,32.71906127809346,95.78886826184286,0.0155068140645454,0.1866504033150546,36.0,24.51104767191075,0,R,HH
1549,0.0,0.1031211824594654,30.034087958439976,118.37227623636508,0.0104356226641284,0.1153023964307623,0.0,26.225493655508856,0,R,HH
1550,0.0021999999999984,0.182180541316455,65.85261559677156,139.56562337118984,0.0112049556484505,0.2714492770290047,11.997800000000002,27.207815272986068,1,R,HH
1551,0.0023999999999997,0.1526248773323888,35.10526161458176,97.56561625291825,0.0162936963184439,0.2104250066858514,5.9976,29.4222020040319,1,R,HH
1552,0.0030000000000001,0.0948223701720654,10.59967841299186,48.64767109311443,0.0335538737978844,0.1308401020247805,23.997,30.36272940956527,1,R,HH
1553,0.0030000000000001,0.1399052896812344,31.45258591406121,91.13453038751489,0.0149117770321268,0.1725405891780443,17.997,32.00556855263436,1,R,HH
1554,0.0023000000000017,0.1238028218882448,26.526949122252223,92.11199184163324,0.0174692018428467,0.1704770357657317,29.9977,34.09697516940983,1,R,HH
1555,0.0,0.1446138303097818,30.929667374932663,83.63797930028504,0.0136642282203825,0.1554769006535214,36.0,34.514602525930286,1,R,HH
1556,0.002600000000001,0.1776354059071148,32.35653377329786,75.89728429870644,0.0191877792961019,0.2283979616568524,41.9974,35.55569730251686,1,R,HH
1557,0.002600000000001,0.1268696082315273,41.73570296680035,123.42684481226917,0.0122289740626837,0.1877600857002393,35.9974,36.90218225742724,1,R,HH
1558,0.0050000000000025,0.1522725863571778,34.125431755168755,91.50199165333687,0.0149024985410851,0.1870866337776295,41.995,38.21227572706977,1,R,HH
1559,0.0024000000000015,0.1452318814294485,21.719866894871732,57.25222195488463,0.0228897523216994,0.1828958162022986,47.9976,39.00599704782429,1,R,HH
1560,0.0050000000000025,0.1570795765883985,30.70064683136144,83.24722830971633,0.0190575371394812,0.2152384315229161,47.995,41.96527440583834,1,R,HH
1561,-0.0009000000000014,0.1297188948218484,24.648700569702854,76.59904034470277,0.0184421222991828,0.1672285580042629,60.0009,43.58430070171843,2,R,HH
1562,-2.990300000000005,0.1101840743049206,17.799974997821554,68.13054065512972,0.0219056924152085,0.1434438376545091,68.9903,45.67109872148205,2,R,HH
1563,-2.989099999999993,0.1411315282548199,41.79705699438122,104.77796185301855,0.0158268334227245,0.2433577900880132,74.9891,48.69994042155708,2,R,HH
1564,-2.9891999999999967,0.0695110788913693,8.341682096787267,49.11494358584152,0.0281707655816644,0.0864485677846636,92.9892,49.8487349380367,2,R,HH
1565,-2.988100000000003,0.1102464040702582,14.997275846252752,59.04739524472527,0.0278060777916995,0.1534113992443827,80.9881,52.49579348524869,2,R,HH
1566,-2.989999999999995,0.1161859884770537,15.812219006860438,57.44297566879065,0.0278817259060632,0.1621877289176634,86.99,54.12637572689864,2,R,HH
1567,-2.9868000000000023,0.1114235364168271,11.939269269188252,46.3232474108863,0.0356842925442222,0.1567329674596231,98.9868,57.12357407284135,2,R,HH
1568,-2.9872000000000014,0.0691572555311204,5.352931691772318,32.98962953575657,0.0474487839316077,0.0934377357728001,110.9872,58.52265069050745,2,R,HH
1569,-2.9872000000000014,0.0899046327253238,3.5281714029933933,14.410670163060937,0.1034815429802279,0.1343130123072788,110.9872,61.60411339943317,2,R,HH
1570,-2.9872000000000014,0.1004567067154035,8.757178092422471,38.93003352590784,0.0481477438540968,0.1551120870780667,110.9872,63.502513914033074,2,R,HH
1571,-2.987799999999993,0.0783279273090467,4.117541444649152,19.75932759371118,0.0861715382858319,0.1305290998624023,116.9878,65.4298243231618,2,R,HH
1572,-2.9899000000000058,0.1056221372869923,7.498642564751686,31.82086776240385,0.0619125552839237,0.1707917543663067,122.9899,69.35795695076331,2,R,HH
1573,,,,,,,152.9888,69.53932347082696,2,R,HH
1574,-2.987400000000008,0.0937643259209393,5.075863871213113,23.47735819309248,0.0689826609929199,0.128811734312552,128.9874,71.52927616049462,2,R,HH
1575,-2.987400000000008,0.0650885152594115,3.749462765396172,26.802677539330347,0.0815002754425033,0.112417426678097,128.9874,75.06612250317441,2,R,HH
1576,-2.987099999999998,0.0444541104480822,5.940839069328938,36.50689679048954,0.0434455697798767,0.0949508382962126,140.9871,76.12002514099254,2,R,HH
1577,,,,,,,158.9895,77.50283142877758,2,R,HH
1578,,,,,,,146.9881,78.35009528767868,2,R,HH
1579,,,,,,,152.9888,80.84635600708826,2,R,HH
1580,,,,,,,152.9888,81.58038586184321,2,R,HH
1581,,,,,,,146.9881,83.93915711578168,2,R,HH
1582,,,,,,,158.9895,86.82603570780621,2,R,HH
1583,0.0,0.0010904282112498,2.8096479640822416,-48.04547477385407,0.051657380709995,0.0533936742769369,0.0,0.5316358818373298,0,L,HH
1584,0.0,0.0058723426263797,2.071947237060882,-30.40898237020468,0.0127464165169847,0.0097156601674982,0.0,3.677453077606324,0,L,HH
1585,0.0,0.0016649559964658,3.5636747709092464,-63.61479065240572,0.0381573765457597,0.0500244230368466,0.0,5.983299822066831,0,L,HH
1586,0.0,0.0443670226409481,10.810656761635984,11.974710805332665,0.0355976405084658,0.1415724701655715,0.0,6.65859411406107,0,L,HH
1587,0.0,0.1197123867760449,33.3361835587434,15.817827021023769,0.0149293511599916,0.1830890327382107,0.0,8.081948346446131,0,L,HH
1588,0.0,0.0,14.81844064836492,81.0,2.978255216316285e-19,1.6235659487774497e-18,0.0,10.256769835381403,0,L,HH
1589,0.0,0.1267782786978903,32.928932350485816,44.993102332993104,0.0125052352972896,0.1514868851419985,0.0,11.153088797706468,0,L,HH
1590,0.0,0.0061612263925819,7.435095731151071,-48.36345372052384,0.0405346470388099,0.1108711311706846,0.0,11.541435217001938,0,L,HH
1591,0.0,0.0,2.0192669978831743,81.0,2.149310105102875e-18,1.5966081655011297e-18,0.0,12.888462106682113,0,L,HH
1592,0.0,0.0004876543209876,1.715253165416888,-70.23183577031381,0.0394594465973488,0.0248991623948241,0.0,14.490350198907258,0,L,HH
1593,0.0,0.004305220634907,2.9184048097081123,-80.29831820006962,0.0146070431000246,0.0156824301264197,0.0,15.228472516278336,0,L,HH
1594,,,,,,,146.9879,16.643788229171452,0,L,HH
1595,0.0,0.0006896473544905,,,,,0.0,17.286875232904077,0,L,HH
1596,0.0,0.0033581580979779,3.6157372519305686,-28.17484811198188,0.0665367398393522,0.0885042037732856,0.0,17.986934093829507,0,L,HH
1597,0.0,0.0009753086419752,1.1871424410678015,-19.748223226904344,0.090117225806982,0.0393564722784485,0.0,20.041586254440865,0,L,HH
1598,0.0067999999999983,0.0075273691134716,0.692302747278398,7.589836915463922,0.1065430896839623,0.0271348146904801,41.9932,21.43993443568459,0,L,HH
1599,0.0,0.0004876543209876,,,,,0.0,22.294914739809503,0,L,HH
1600,0.0,0.0058282165881404,1.4001552484827902,1.5104516420285412,0.0703353475963053,0.0362289167590306,0.0,24.91980112202644,0,L,HH
1601,0.0,0.0011773016754782,,,,,0.0,26.10244089029897,0,L,HH
1602,0.0,0.0693169219424945,16.055900340526303,84.53087699988933,0.0152365253262846,0.0899966035947833,0.0,27.226193328561063,0,L,HH
1603,-0.9536000000000016,0.0201126668460951,2.7440362403753538,59.29277440959228,0.0318101310447799,0.0321115167250511,54.9536,29.13532651006674,0,L,HH
1604,0.0019999999999988,0.0358452420189552,7.980709928449247,90.10342966197106,0.0165914469123685,0.0487114778587693,17.998,31.4751967582638,0,L,HH
1605,0.0,0.0321912378288309,5.3221866746329125,36.00078980475438,0.0370590537672996,0.0725587759406964,0.0,32.1680154981951,0,L,HH
1606,0.0028000000000005,0.0746012768162707,15.28799634797557,83.52316695120292,0.0171792573786581,0.096618540916614,11.9972,33.285415196814355,1,L,HH
1607,-2.9873000000000047,0.0063574290475825,0.1959190315932582,7.466843136116389,0.1137980501484617,0.0082019471082314,134.9873,33.59455159470371,1,L,HH
1608,0.0041000000000002,0.1026885172235475,18.935111780194887,71.75091554023543,0.0203778120137172,0.1419485442148841,5.9959,34.126266199073385,1,L,HH
1609,0.0018000000000029,0.1150714089598332,18.621853121254624,51.84300079188005,0.0201281015818381,0.1378895106984417,35.9982,37.444926012764135,1,L,HH
1610,0.0043999999999968,0.0931406512745218,15.30020320859018,53.8156644860165,0.0189626221369566,0.1067335877485589,41.9956,37.67057440850405,1,L,HH
1611,0.0043999999999968,0.1263827564130629,20.717439667746937,59.20103449820993,0.0185679578528312,0.1415160645014385,35.9956,38.55377515363651,1,L,HH
1612,0.0043999999999968,0.0938493297138473,12.945011379558714,53.24458319860428,0.0238885793998866,0.1137622776768247,41.9956,40.32175700279668,1,L,HH
1613,0.0043999999999968,0.1207543030458739,20.00934146364931,63.19774234702777,0.0188530193007144,0.1387775531069995,41.9956,41.429994952877806,1,L,HH
1614,-0.9536000000000016,0.1065333183984759,14.474042197061236,53.31500856161402,0.0258199065710943,0.1374833224875928,54.9536,44.6828035636249,1,L,HH
1615,0.0067999999999983,0.1024478910858435,15.410223589891636,63.65147019832697,0.0247062389282986,0.1400622488677696,47.9932,46.4397401326126,1,L,HH
1616,-0.9536000000000016,0.0869132537194499,12.72648636618807,65.43301917160315,0.0274259238733762,0.128403038493068,54.9536,48.80467379132231,2,L,HH
1617,-2.985500000000002,0.0616075459756371,5.917298428984545,35.36373372623695,0.0397901982989677,0.0866173902273183,80.9855,50.58362831429103,2,L,HH
1618,-3.089100000000002,0.0777368685197909,10.918284617723817,59.32869492115504,0.0252503906193578,0.1014210331704782,75.0891,52.56511686065399,2,L,HH
1619,-2.985500000000002,0.0876684055905601,10.119383629694005,49.21685754786861,0.0311578758870322,0.115991835683208,80.9855,55.16708086992583,2,L,HH
1620,-2.985500000000002,0.0991107540341193,13.574675844399351,58.49398634309488,0.0271135453942272,0.1354008204247493,80.9855,57.85149819822382,2,L,HH
1621,-2.989699999999999,0.0813963322400219,9.528718649034872,51.01458770146514,0.0332922625541026,0.1167033527379601,92.9897,59.332519633937565,2,L,HH
1622,-2.989699999999999,0.096451725976548,9.70305286327729,44.86112741986186,0.0387480887132672,0.1383133820781654,92.9897,61.473446485049976,2,L,HH
1623,-2.9879999999999995,0.0333412594231195,2.960686127055092,29.3851189854657,0.0513125924445397,0.055888421503337,140.988,64.54290364640167,2,L,HH
1624,-2.9899000000000058,0.1130901320211309,12.017728576497412,44.53494103400708,0.0350114391403399,0.1547882078510179,104.9899,65.80743491345784,2,L,HH
1625,-2.985600000000005,0.0928056607209103,8.694738838143948,40.47705436225638,0.0420357024097929,0.1344560562133761,110.9856,68.46726090939468,2,L,HH
1626,-2.988100000000003,0.0801145348503552,7.804517274587756,40.551315211490206,0.0448475626088179,0.1287627991473177,116.9881,71.59400498426854,2,L,HH
1627,-2.988100000000003,0.0788574696267382,7.343691932833021,39.33432061392793,0.0468226980583218,0.1264958866311882,116.9881,73.50619667881237,2,L,HH
1628,-2.9904999999999973,0.0806931162840798,6.464737332358324,34.23990259846427,0.0556642129452,0.1323830780663292,122.9905,75.61892156904868,2,L,HH
1629,-2.9904999999999973,0.0482293089670759,4.927875808851694,39.8342536310098,0.0517851730346696,0.093879486219209,122.9905,78.15280584037392,2,L,HH
1630,-2.9873000000000047,0.0887122104694447,4.69400953300742,22.94268466259898,0.0784283762180196,0.1354324418356472,134.9873,80.790722166039,2,L,HH
1631,-2.9879999999999995,0.054798368832406,6.116781983800735,31.858136598210585,0.0544818874366783,0.1225972318348795,140.988,83.29811442669983,2,L,HH
1632,,,,,,,152.9884,86.04573442669984,2,L,HH
1633,,,,,,,152.9882,89.4762281065139,2,L,HH
1634,0.0,0.0893580872686806,,,,,0.0,5.678332035463079,0,R,HH
1635,0.0,0.0994979422328627,22.24391841486734,82.62370468529029,0.0158448231894838,0.1296594601173776,0.0,10.608397116566357,0,R,HH
1636,0.0,0.1900315610847058,44.30421439066493,53.638385737217234,0.0133502113270532,0.2175898829187069,0.0,12.02426831636584,0,R,HH
1637,0.0,0.0726788122011779,14.146361710851023,51.357144653177,0.0171507132148925,0.089254980920974,0.0,13.388331037279602,0,R,HH
1638,0.0,0.0767301310891442,20.088314273035948,91.3855718291364,0.0132862900224182,0.0981867173222215,0.0,14.117340296228145,0,R,HH
1639,0.0028000000000005,0.0576503313470111,15.4107977752769,107.45547550647552,0.0154568755522369,0.0876299068327949,5.997199999999999,16.212646828098837,0,R,HH
1640,0.0,0.0645026597479776,23.33900032237417,143.35196608129024,0.010445504744519,0.0896844602525597,0.0,18.30757439279541,0,R,HH
1641,0.0067999999999983,0.0738101560532212,9.613977317423458,45.56340988405078,0.0278474257328273,0.0984903465641772,47.9932,19.836605634806634,1,R,HH
1642,0.0041000000000002,0.0720161996990931,15.92644366463791,97.23317643456674,0.0173027026619372,0.1013767286034286,5.9959,20.7754052185837,1,R,HH
1643,0.0019999999999988,0.046364350550001,5.74715889591885,28.52384688210144,0.0415549391358599,0.0878580122280437,17.998,24.836264108124876,1,R,HH
1644,0.0019999999999988,0.1401709665613471,28.914657649582825,85.7817070401192,0.017592553945642,0.1871338980360331,17.998,27.258150649685025,1,R,HH
1645,-2.989699999999999,0.1378412496217965,17.04844760182555,49.68454921297139,0.0268611982408567,0.1684673479905853,92.9897,30.83929672803504,1,R,HH
1646,0.0039000000000015,0.0963537311605653,21.963959957129948,95.81416758508524,0.0159591877634975,0.1289516625229718,23.9961,32.52773212073319,1,R,HH
1647,-2.985600000000005,0.0358788902396871,4.608395115881929,50.15018357782735,0.0275991698364943,0.0467898060257414,110.9856,36.949593432238856,1,R,HH
1648,0.0067999999999983,0.0781656381943673,4.382850847781412,20.75423885165132,0.0541063711119904,0.0872389875162409,41.9932,38.8254650479481,1,R,HH
1649,0.0043999999999968,0.1423651878820095,25.618635536499763,77.08310405954494,0.0202408529041044,0.1907613213866456,41.9956,40.17597162335949,1,R,HH
1650,-0.9536000000000016,0.0871395743772868,12.717218968791316,65.8035704196909,0.0286293941427395,0.1339398551118762,54.9536,43.51597955170239,1,R,HH
1651,-2.9899000000000058,0.094916133059647,15.30530590329963,69.50198111661221,0.0240532935117774,0.1354322466954433,68.9899,46.14878423139723,2,R,HH
1652,-2.987499999999997,0.1176140710562342,14.432070107258744,50.86779459687688,0.0268311470165591,0.1424535862128254,80.9875,48.08120991384371,2,R,HH
1653,-2.985600000000005,0.0829447065213656,9.928941114408376,47.65662411484233,0.0297216285912278,0.1085628050105121,104.9856,52.40427986430642,2,R,HH
1654,-2.985600000000005,0.0911676383652107,9.39989026208309,41.32854603283258,0.0322667359129082,0.1115792238764628,104.9856,54.34995808848432,2,R,HH
1655,-2.9861999999999966,0.0708211363269423,7.573081164851374,39.91239848393814,0.0327246312974575,0.0911701966701409,122.9862,55.23675341007776,2,R,HH
1656,-2.9904999999999973,0.1098133869174936,11.55881806807681,41.25574644766387,0.034871939985085,0.148284260207482,116.9905,60.09606542794455,2,R,HH
1657,-2.9861999999999966,0.0583926870328797,4.246145867152193,28.761979360726592,0.0454154892619017,0.0709421628085699,122.9862,62.59160743581782,2,R,HH
1658,-2.9861999999999966,0.0953498322988325,6.728759939156987,28.96395141828361,0.0493706380112741,0.1222107169841192,122.9862,64.70604800089421,2,R,HH
1659,-2.9873000000000047,0.1018512712021256,5.509379262758163,22.576359037620342,0.0656922800561917,0.1331442831555306,128.9873,66.37402172274665,2,R,HH
1660,-2.9873000000000047,0.0983323535101642,6.806938136305757,27.69984220107726,0.0486386600911089,0.1217976542412701,128.9873,68.85095634752588,2,R,HH
1661,-2.987899999999996,0.0728249766479449,3.017278619196339,16.387785326547146,0.0743976471211032,0.0825809993749884,140.9879,70.99499880818759,2,R,HH
1662,,,,,,,152.9882,75.48122209003283,2,R,HH
1663,,,,,,,152.9882,77.14501762940728,2,R,HH
1664,,,,,,,158.9882,78.97332830614245,2,R,HH
1665,0.0,0.0022677298867281,,,,,0.0,2.7588757850799075,0,L,HH
1666,0.0,0.0872568779157304,29.555515218049628,120.76780157169974,0.0092569527547933,0.1006496107771717,0.0,4.316843478260763,0,L,HH
1667,-2.9898000000000025,0.0717722954020023,4.685468817314997,17.988522714374298,0.0607895043023304,0.1047821178240631,104.9898,5.594333466391968,0,L,HH
1668,0.0,0.0124294132148219,1.883367175304744,26.278311532383157,0.0319376260939637,0.0221280501575607,0.0,6.172441533416586,0,L,HH
1669,0.0,0.0858315915662489,34.70010914444967,151.5198447968485,0.0103419440771507,0.1320196399379097,0.0,8.164915617982425,0,L,HH
1670,0.0035999999999987,0.1214932985214672,45.09024426662146,137.4898634553907,0.0112403606079756,0.1864525599046677,23.9964,14.62349014235352,1,L,HH
1671,0.0016999999999995,0.1386543039611404,36.57588964793082,107.3589292317949,0.0132108211261059,0.1777584393965952,29.9983,18.328391697749204,1,L,HH
1672,0.0035999999999987,0.0591452704954234,12.4449564227863,83.68215494235567,0.0170451257524248,0.0780367381295744,23.9964,20.95374283018955,1,L,HH
1673,0.0035999999999987,0.1087786986232397,36.69420114587959,128.54363510718133,0.0117783678303335,0.1589966845275281,23.9964,23.75593084904196,1,L,HH
1674,0.0019999999999988,0.1433817463125344,42.59556508911957,120.81812283242976,0.0128725888390567,0.2017138878018204,17.998,27.6578970967598,1,L,HH
1675,0.0016999999999995,0.0547138092091364,19.6567922075252,133.58818960533705,0.0117388136401415,0.0848872321005553,29.9983,29.282975918899897,1,L,HH
1676,0.0065999999999988,0.1528904022123711,28.02340259736513,77.56889543372418,0.0194909915947381,0.2009371871462063,47.9934,31.488462102477182,1,L,HH
1677,0.0065999999999988,0.1830657270998404,34.649473990557865,77.77590269080446,0.0177302593279039,0.2260045860573321,47.9934,34.407365938233326,1,L,HH
1678,-2.990399999999994,0.0763380734173583,8.59867452507486,49.46149696315854,0.0328117291547375,0.1037925415432136,68.9904,36.72495265049269,1,L,HH
1679,-2.990399999999994,0.0873856449597831,12.171858505952672,60.36322033615279,0.025861935581069,0.1158039675235895,68.9904,37.81575814901202,1,L,HH
1680,-2.9917000000000087,0.0213257493543711,0.9930683145907732,18.368086790437317,0.0688634945114698,0.0251578602760639,140.9917,38.683441409237815,2,L,HH
1681,-2.990399999999994,0.1222269916292872,16.711794255613775,58.42911215797094,0.0252839115423574,0.1554436053131946,68.9904,41.62006289246472,2,L,HH
1682,-2.984499999999997,0.0867253918281049,10.141849629376775,50.71168781443799,0.0297147119580069,0.1108649358220475,80.9845,44.01209796387895,2,L,HH
1683,-2.987799999999993,0.0848594634110731,10.6689864312809,54.79406021528239,0.0300707430248131,0.1180246823384523,86.9878,45.85916509001197,2,L,HH
1684,-2.9898000000000025,0.0513276836528753,4.162587004368754,33.33645917645124,0.0411773517068946,0.0630561214422007,104.9898,47.8576733307649,2,L,HH
1685,-2.9861999999999966,0.050844958351128,4.912408875158506,41.99201445903681,0.0382447527474382,0.0691149316666923,98.9862,50.51200146461646,2,L,HH
1686,-2.9851000000000028,0.0709612351120543,7.272466810951543,42.70342193056674,0.0390671925265981,0.1045200163103762,110.9851,53.54330596576209,2,L,HH
1687,-2.988500000000002,0.1021249377361015,9.283788348377628,37.92982745471667,0.0432656834236487,0.1477659319382514,116.9885,55.93065822390371,2,L,HH
1688,-2.9851000000000028,0.0717944805428657,7.169681861069154,42.98919333728109,0.0440028386737303,0.1160609437077543,110.9851,57.96836655578699,2,L,HH
1689,-2.992099999999993,0.0629939641478466,3.6953315392082096,26.518636265776312,0.0683587764630855,0.0929294159277531,122.9921,60.316973565859776,2,L,HH
1690,-2.988900000000001,0.0341211989669939,1.635166720476873,21.648722989228727,0.088062590975491,0.0529735425423933,134.9889,61.62611118621936,2,L,HH
1691,-2.9917000000000087,0.0694622051137521,2.575728474035736,14.559046214510929,0.0907457358986425,0.0859868073296734,134.9917,63.429332421074,2,L,HH
1692,-2.9917000000000087,0.1110554765005696,4.641942410084627,16.375359710808805,0.0755644536447774,0.1290395419622145,134.9917,65.34746110232716,2,L,HH
1693,-2.988200000000006,0.0908556513391875,2.6497018465815434,10.68370168494531,0.1143063631222191,0.1114225089797482,140.9882,67.25781266098016,2,L,HH
1694,-2.9917000000000087,0.0276011674901511,,,,,140.9917,68.92583777168757,2,L,HH
1695,,,,,,,146.9882,69.92014533998199,2,L,HH
1696,,,,,,,158.9903,72.39794521028858,2,L,HH
1697,,,,,,,152.9879,76.20611773932094,2,L,HH
1698,0.0,0.0015780825322375,1.133959902025042,-65.33659216365827,0.0271224256483463,0.0113144055958006,0.0,2.162168004094406,0,R,HH
1699,0.0016999999999995,0.0200155310288774,3.408306383133117,51.13987864750934,0.0159565146433119,0.0200070096271757,23.9983,6.58024848593423,0,R,HH
1700,0.0,0.0391695301262585,16.307938462989807,100.55109401237506,0.0073536921174535,0.0441174116942791,0.0,7.149888666255352,0,R,HH
1701,0.0,0.0074152073106009,1.3886947974806971,-4.441152112321405,0.0485447217253522,0.0248001519928346,0.0,8.081095736680503,0,R,HH
1702,-2.984499999999997,0.0345005055918396,64.0690512346414,194.63483067693463,0.0101913958103958,0.2402080069449282,80.9845,9.722386893486409,0,R,HH
1703,0.0,0.0010904282112499,,,,,0.0,11.294856132368382,0,R,HH
1704,0.0,0.0432351372277527,10.654498109845088,72.9590235950201,0.0141874470468782,0.0556087033220475,0.0,13.759576598373933,0,R,HH
1705,0.0,0.0199817121469232,4.641372770135722,11.255283440775363,0.021656601972112,0.03697790333389,0.0,15.130972190764297,0,R,HH
1706,0.0015,0.0603872464181432,9.745811876821666,66.89519831317168,0.0223531064222166,0.0801422309389432,11.9985,18.329669837159692,0,R,HH
1707,0.0,0.0903543500186854,28.68219030700592,120.26068591487908,0.0121785767912382,0.128503326453386,0.0,19.74439016611616,0,R,HH
1708,0.0049999999999998,0.031756634283001,5.963152232096218,78.42042091758435,0.0194769799359531,0.0427270620594232,5.995,21.313894510540333,1,R,HH
1709,0.0019999999999988,0.1094472159899255,26.36461854769548,98.29519016940928,0.0147656053681847,0.1432116232696441,17.998,25.10151252681356,1,R,HH
1710,0.0035999999999987,0.0730095928060558,12.458928527134248,66.00275304113153,0.0213867875865925,0.098023852853186,23.9964,28.054080746668944,1,R,HH
1711,0.0016999999999995,0.0866819211418547,16.910379063137576,79.1168305564032,0.0180751625275452,0.112445239036117,29.9983,30.222072175190853,1,R,HH
1712,0.0033000000000029,0.1006585768683145,15.29443321139516,63.20840909228115,0.0242866764662992,0.1366491683281962,41.9967,34.676678385311625,1,R,HH
1713,-2.987799999999993,0.0417468561883626,3.82493525104322,39.39732637186789,0.0420834855192196,0.0592163055221098,86.9878,35.96003326669299,1,R,HH
1714,-3.090599999999995,0.0536042317109486,5.214495343141673,37.613941860151016,0.0424276067430044,0.0813891170024337,75.0906,37.968621286456624,1,R,HH
1715,-3.090599999999995,0.0964470859500809,10.946165091742854,47.42513746467191,0.0325380454094694,0.1310264495335953,75.0906,40.16686176475636,2,R,HH
1716,-3.090599999999995,0.0809805237347704,10.398452548248006,54.47212089116585,0.0280140031736517,0.1071641209671116,75.0906,42.33584780288347,2,R,HH
1717,-2.987799999999993,0.0652110305784154,6.74547961817997,43.02337834701099,0.0340086767039643,0.0843933227033747,86.9878,44.33125134475882,2,R,HH
1718,-2.987799999999993,0.0776765696854808,7.620328223983622,43.124378743140845,0.0400060542058544,0.1121514556744514,86.9878,46.02695847703225,2,R,HH
1719,-2.9861999999999966,0.0342771095162165,2.4647842345544952,26.713341952532744,0.0538648506641187,0.0488416003534169,98.9862,47.69761303330832,2,R,HH
1720,-2.9861999999999966,0.0586819030469098,5.063808251144502,38.78479233924596,0.0449816384491612,0.0837949875337193,98.9862,48.850760744313575,2,R,HH
1721,-2.9861999999999966,0.0741314080842532,6.319235190734303,39.24268286050743,0.0474104854143852,0.1102159477003958,98.9862,51.82443094655636,2,R,HH
1722,-2.9851000000000028,0.1092521655286419,7.766616662294416,29.87710478120204,0.0507943401750548,0.1451285016231992,110.9851,54.08277552850041,2,R,HH
1723,-2.9851000000000028,0.0854249670010517,7.5805457295432115,38.93028473815648,0.0470018717926862,0.1310753854763347,110.9851,57.386089931927486,2,R,HH
1724,-2.992099999999993,0.0544030804361641,2.8768152757871244,24.89798168184426,0.0841641040863212,0.0890726552977486,122.9921,59.93024980223409,2,R,HH
1725,-2.992099999999993,0.0690985041539621,4.852614572003939,32.29016290444694,0.0653124860195481,0.1165943568007183,122.9921,62.20377254396818,2,R,HH
1726,-2.992099999999993,0.0423818343074299,3.855083864669468,37.27464016067347,0.0521030042222674,0.0738927983019088,122.9921,63.61876154110546,2,R,HH
1727,-2.988900000000001,0.0532519411873466,3.289084493760176,25.1857872382427,0.0666256973413706,0.0806161987021363,134.9889,65.56983065313139,2,R,HH
1728,-2.988900000000001,0.0466835280949088,2.1815894995017397,21.999600832731577,0.1011583508263447,0.0811858408643266,134.9889,68.06446345286724,2,R,HH
1729,-2.9917000000000087,0.051410929668929,7.079299169860719,34.87176870472541,0.051190785103993,0.1333176268542592,140.9917,69.81427306337356,2,R,HH
1730,,,,,,,146.9882,73.18298795959669,2,R,HH
1731,,,,,,,146.9882,74.8345603800494,2,R,HH
1732,-0.0005999999999986,0.1453457925599085,38.160106928188895,109.05797058663904,0.0145826778192227,0.2047162803557886,24.0006,2.0231306292325963,0,L,HH
1733,0.0,0.0099865307685488,3.0149372580035445,-9.2689603271505,0.0723958037295731,0.0802966063718034,0.0,5.114358567490009,0,L,HH
1734,0.0,0.0378522689189245,11.0773483621015,35.64682843607974,0.0132434552565731,0.0539687849357872,0.0,6.587689757729237,0,L,HH
1735,0.0,0.0493216642449653,16.60192338308076,93.17875191399064,0.0089947823081995,0.054935689583325,0.0,7.914039543496186,0,L,HH
1736,0.0,0.009764107681581,4.231554000140648,-29.017977166187325,0.0175721017999257,0.0273545211110455,0.0,8.706292121382889,0,L,HH
1737,-2.9890000000000043,0.0109754007599891,0.9298569547794522,15.409797024345048,0.1015680879369951,0.0347439297732438,80.989,10.60399143476251,0,L,HH
1738,0.0,0.034237139635867,7.977407275458847,18.22998318326335,0.0185243215091585,0.0543637733339342,0.0,11.50424349035583,0,L,HH
1739,0.0,0.1213833264410181,28.374473436226587,82.32020258857932,0.0129369542946226,0.1350409152337751,0.0,12.763020325289055,0,L,HH
1740,0.0,0.0599211953297464,13.214662227699234,77.75377585257719,0.0154309433265281,0.075016027322831,0.0,13.65028880602079,0,L,HH
1741,0.0,0.0042183471706787,1.2837874776731175,-5.959376496636369,0.0410024948879809,0.0193646180978908,0.0,14.452114001763102,0,L,HH
1742,-2.988200000000006,0.0149846039681929,1.1299506188376691,12.986198937350366,0.0618889441942736,0.025726343037496,92.9882,15.417577312029302,0,L,HH
1743,0.0,0.0611907733939166,14.843219736193738,67.3090405365332,0.0143792205146959,0.0785179547978694,0.0,16.832105807130528,0,L,HH
1744,0.0,0.047520567060421,7.929699167955753,41.83608598784459,0.0393632150488835,0.1148293198862833,0.0,18.138019216388187,0,L,HH
1745,0.0,0.122894815742212,27.779587989537166,83.08953469495651,0.0150213008963767,0.1535107749312233,0.0,19.55678118872355,0,L,HH
1746,0.0024999999999977,0.0919873317098035,7.057711480606662,30.876239038175843,0.059885792867341,0.1554866914166378,35.9975,22.31613991181025,1,L,HH
1747,0.0034999999999998,0.0895636574916794,20.724171484755654,97.0654799336319,0.0160879931790494,0.1226548056929058,5.9965,25.88008259403524,1,L,HH
1748,-0.0017999999999993,0.1058391021421951,25.73699971143261,100.81014785735064,0.0152212712384398,0.1441167171740398,12.0018,26.894279228076197,1,L,HH
1749,-0.0017999999999993,0.1490266391208257,37.89931808908558,106.37354518938804,0.0144235374833979,0.2010984399520607,12.0018,27.977261960845908,1,L,HH
1750,-0.0021999999999984,0.1099451348703936,29.035679324722224,109.642741630533,0.0141443887535819,0.1510851199435889,18.0022,31.203934599047408,1,L,HH
1751,-0.0005999999999986,0.1128260818476421,18.35205825760243,65.36032008230539,0.0218611686410602,0.1475922902031985,30.0006,33.82542407666341,1,L,HH
1752,0.0035999999999987,0.1561992093432238,23.74086786751754,60.99319058535119,0.0214821651484123,0.1876204442663554,47.9964,36.46772469111748,1,L,HH
1753,0.0035999999999987,0.1305795073537639,26.310140917222935,81.96727278011322,0.0162140793719659,0.1569354246690797,47.9964,38.76417528112394,1,L,HH
1754,-0.9551000000000016,0.0875120252992899,11.900916151562184,55.60299863536917,0.0261657662477285,0.1145564035691323,54.9551,40.46371945016344,1,L,HH
1755,-0.9551000000000016,0.0987810364022926,15.532016355125672,65.82670344184376,0.0213869838348317,0.1222032900458026,54.9551,42.37468176870873,1,L,HH
1756,-2.992599999999996,0.1293482519794024,13.65960211609089,44.688529809733225,0.0352761064667256,0.1772654967176422,68.9926,45.510600850223,2,L,HH
1757,-2.9934999999999974,0.0391764338061973,3.475242310970345,33.387710310938765,0.0376875268460958,0.0481823799578684,92.9935,48.27226340520667,2,L,HH
1758,,,,,,,152.9902,48.39046018392759,2,L,HH
1759,-2.9934999999999974,0.0434626842959018,3.8415415367168975,38.140098087016106,0.0495773148021588,0.070063858757187,92.9935,51.11699083054097,2,L,HH
1760,-2.988200000000006,0.079712802322722,6.375137644006532,34.80960518157815,0.0483314535150615,0.1133508915328655,98.9882,53.117998295868325,2,L,HH
1761,-2.988200000000006,0.0901108651585353,8.739179573286542,42.484568195997504,0.0394123105769026,0.1267091792777595,98.9882,54.80116204677131,2,L,HH
1762,-2.986000000000004,0.1057018013004654,8.113142106721375,32.36340488727016,0.0461497972134449,0.1377413699599007,110.986,58.47427029065159,2,L,HH
1763,-2.986000000000004,0.0910621033937518,8.264748415041645,38.98425143400653,0.0427908760448371,0.1301027072569194,110.986,61.3172235855812,2,L,HH
1764,-2.9893,0.0932796047973446,7.668279409268006,35.04056877263326,0.0470566062051641,0.1327467963973588,116.9893,63.2195435855812,2,L,HH
1765,-2.9924000000000035,0.0793842159624153,5.309127439475778,30.25682990104788,0.0638474622854658,0.1247016811913211,122.9924,65.3658516673552,2,L,HH
1766,-2.9924000000000035,0.0896763450292668,5.074639146898555,27.989393132693863,0.0834162588120712,0.15572609433788,122.9924,69.05126333095512,2,L,HH
1767,-2.9887999999999977,0.0544633783937159,3.8585325397775,30.205912639998907,0.0674881478748131,0.0957977248341105,128.9888,70.83682152468513,2,L,HH
1768,-2.9930999999999983,0.0588804170592641,3.480361767001251,22.62156475546403,0.0741008345253686,0.0948752659437001,140.9931,74.554236744267,2,L,HH
1769,-2.9930999999999983,0.0377019048252389,197122664981.50015,546.1246541164187,0.0062479380649359,453084072.8526328,140.9931,77.15134124547532,2,L,HH
1770,,,,,,,146.9885,80.90576449041862,2,L,HH
1771,0.0,0.3079653388568452,165.95145830809398,174.11056299255537,0.0078322828285907,0.478161882876913,0.0,0.952963230449312,0,R,HH
1772,0.0,0.4545053325168792,250.08064878030743,169.9226733383049,0.0070977404467615,0.6529887803453366,0.0,4.313409098148806,0,R,HH
1773,0.0,0.0225880504781769,5.234928317693661,39.46054980066204,0.0163145751582961,0.0314189759844442,0.0,5.223040432836479,0,R,HH
1774,0.0,0.0104219681508475,14.433908170755853,-164.24927199574853,0.0112265831344572,0.0596124612016305,0.0,5.90927276247862,0,R,HH
1775,0.0,0.0557846522130612,14.829706650943782,89.91829753235557,0.0116741481049454,0.0636888309311748,0.0,6.816935204258614,0,R,HH
1776,0.0,0.010339056544366,1.4561371082014003,22.969462973915125,0.0405709410147342,0.0217331595670837,0.0,7.866118626088637,0,R,HH
1777,0.0,0.106866171599054,58.18354838029307,178.2172114126152,0.0076624916977213,0.1640120431002924,0.0,9.112937812102372,0,R,HH
1778,0.0,0.0261203819833429,10556031.969331663,3953.357433659645,0.0007095702000706,2755.507408397336,0.0,12.8573744382623,0,R,HH
1779,0.0,0.0599432912095046,11.304697711920722,62.76615311361693,0.0199936247890631,0.0831488045277673,0.0,14.27573578291323,0,R,HH
1780,0.0035999999999987,0.0977338917560421,16.257237790087867,71.56171837655732,0.0224280516804413,0.1341355283767656,47.9964,17.030605354713735,1,R,HH
1781,-2.988200000000006,0.1379020011884463,12.147889680943104,34.30549518867234,0.0378610835765911,0.1691996251728336,98.9882,18.1586170728065,1,R,HH
1782,-0.0017999999999993,0.0448382939244471,6.865653154247957,42.69441685931339,0.0328899302362365,0.083071170511198,6.001799999999999,19.65733200901397,1,R,HH
1783,-2.9893,0.1881033812004521,13.014876294330463,32.37881273097525,0.0626881106727056,0.3001447447386536,116.9893,21.786885335873773,1,R,HH
1784,-2.9924000000000035,0.0965970047371439,7.790279422440723,32.14126296396476,0.040451827503634,0.1159302306708665,116.9924,23.12392223562636,1,R,HH
1785,-8.452100000000002,0.0846036151347214,12.84109180075979,64.24468135594714,0.0233660236055256,0.1103804804181641,62.4521,25.265426937428867,1,R,HH
1786,-2.9893,0.1083657724961263,8.135251300033337,32.75142354084142,0.0526724450213124,0.1576376563862322,110.9893,27.37132106545713,1,R,HH
1787,-0.0005999999999986,0.1475715481144912,36.3224788903681,102.01851396843514,0.0156148665112026,0.2086504251660304,30.0006,27.807209247907625,1,R,HH
1788,-2.9893,0.1225318541556365,9.172947996793686,32.62208237937087,0.053211913014059,0.1795656748235612,116.9893,28.487396727965017,1,R,HH
1789,0.0035999999999987,0.1364763320373688,28.659976986128,84.45962236258106,0.0169772503171798,0.1789982180228668,41.9964,30.055735392243605,1,R,HH
1790,-2.991199999999992,0.0866915010726463,4.166359086789256,20.39161983171451,0.0762175878914367,0.1168200576408446,128.9912,32.08261891462092,1,R,HH
1791,,,,,,,146.9885,33.55562652371939,1,R,HH
1792,-2.985500000000002,0.0710113735530291,6.984188430537172,33.03543635397145,0.0405398006506003,0.104160504520134,74.9855,34.783760375686896,1,R,HH
1793,-2.988499999999988,0.1395334141310744,7.863285377021694,21.075555005330493,0.0484931290236725,0.1402780640129698,146.9885,35.1835003756869,1,R,HH
1794,-2.9930999999999983,0.0967357117774693,3.505516064470401,14.818785594975756,0.0934209224795336,0.1204763027442588,140.9931,36.684500375686895,2,R,HH
1795,-2.9934999999999974,0.0821509271799213,7.667514191910816,34.71096346362843,0.0374816229717467,0.1057251948870351,86.9935,37.83304385015184,2,R,HH
1796,-2.988499999999988,0.0810820600329707,2.8918850897500623,13.834456237549375,0.0888331446639428,0.0945064797327865,140.9885,40.837356558855646,2,R,HH
1797,-2.985500000000002,0.0723741519252576,7.493060341413915,47.8697229561114,0.0413041059589424,0.1138565380006817,80.9855,42.36107121592203,2,R,HH
1798,,,,,,,146.9885,42.865353824815664,2,R,HH
1799,-2.9934999999999974,0.0776724289626793,7.044884845099902,42.22777398105568,0.0467153031088104,0.1210705701888428,92.9935,45.72410463919677,2,R,HH
1800,,,,,,,152.9902,46.32515143654433,2,R,HH
1801,,,,,,,158.9936,49.17651877200265,2,R,HH
1802,-2.9893,0.0994774060672788,6.03769082543801,24.380679052635973,0.0610774889466202,0.1356617959157123,116.9893,50.12214877200265,2,R,HH
1803,-2.991,0.0709983747018998,6.736553889900897,43.68296909384823,0.0474252577883385,0.117531155706064,104.991,51.98496593480784,2,R,HH
1804,-2.991199999999992,0.1241689801784947,5.798524399235157,17.553007654170614,0.072594189200901,0.1548548693211632,128.9912,54.16878660836307,2,R,HH
1805,-2.9887999999999977,0.1096279708610724,5.819136521940732,22.71971814039975,0.0696117432103452,0.1490206913169537,128.9888,56.91280635645208,2,R,HH
1806,-2.988499999999988,0.0574669835767863,2.2982515594039263,16.474936955959564,0.0842055208435128,0.0711940416048508,140.9885,59.32404282969799,2,R,HH
1807,-2.991199999999992,0.0358799990983592,2.6353573627105837,28.36767322814591,0.0653430287203819,0.0633496608177992,134.9912,60.82741282969798,2,R,HH
1808,-2.9930999999999983,0.081347699531625,2.9403794296045085,15.954177816940836,0.1089886667518671,0.1178936011792712,140.9931,61.85441282969798,2,R,HH
1809,,,,,,,158.9936,63.30447084946161,2,R,HH
1810,,,,,,,146.9902,65.17562940022327,2,R,HH
1811,,,,,,,158.9936,68.37627912276315,2,R,HH
1812,,,,,,,158.9936,70.33733446389878,2,R,HH
1813,,,,,,,152.992,73.02727556382627,2,R,HH
1814,0.0,0.0330218149645241,7.400809403803185,7.703860371573019,0.0221950641016243,0.0604284064299665,0.0,2.8644913064321837,0,L,HH
1815,0.0,0.1699710985319766,70.77185084280765,101.16301342611348,0.00701960295659,0.1827589355225715,0.0,4.045461677030521,0,L,HH
1816,0.0,0.0072548598140783,67.38007625641585,1605.284830852512,0.0007431648736834,0.018421381232668,0.0,5.298773277755937,0,L,HH
1817,0.0,0.0028486908702724,6.721763819032961,-320.80563232216286,0.0048054871554451,0.011883002474622,0.0,9.46419767205088,0,L,HH
1818,0.0,0.0004876543209876,,,,,0.0,9.520059107764618,0,L,HH
1819,0.0,0.0313249756518542,10.587773281040814,114.12225438192267,0.009429057408336,0.0367264060143366,0.0,11.643501940651063,0,L,HH
1820,0.0,0.0317340344614776,5.79575294412737,47.7333793003949,0.0193954164715483,0.0413537113557047,0.0,13.090149663075003,0,L,HH
1821,0.0,0.0538436784521939,12.682868576834936,36.34834317828706,0.015212282297898,0.0709769587237116,0.0,14.62628884953753,0,L,HH
1822,0.0025000000000003,0.0695311786413168,4.799657500137955,28.200931434415743,0.0500630468606163,0.0883960874949192,5.9975,15.11403564286374,0,L,HH
1823,0.0,0.0119971810427697,2.82995174837005,16.6795350445224,0.0153078680392825,0.0159367316030447,0.0,16.69921272117392,0,L,HH
1824,-0.0036000000000004,0.0072779412848544,1.116746315845488,6.695472184912136,0.0323600470130564,0.0132944137374098,6.0036000000000005,19.31469603705801,0,L,HH
1825,0.0,0.0597694324295404,11.596578055804716,67.22821734887911,0.0166402883532973,0.0709898439300176,0.0,21.00561184121435,0,L,HH
1826,0.0025000000000003,0.0378246024255271,5.778011876123539,52.45189582633167,0.0257729158886033,0.0547832136195758,5.9975,22.156944154995028,1,L,HH
1827,0.0025000000000003,0.0609535047186174,11.392129813097956,72.75662080358265,0.0191539886306759,0.0802730322642668,5.9975,23.07018415499503,1,L,HH
1828,-0.0036000000000004,0.0217686844372302,4.417237286692469,76.13413531925266,0.0155493896215767,0.0252679258282333,12.0036,26.14146652608361,1,L,HH
1829,-0.0030999999999998,0.0928745848531961,17.86317184531741,74.6154409173603,0.0177554665029957,0.1166799358389518,18.0031,27.557507094005302,1,L,HH
1830,0.0013000000000005,0.1350722593793477,29.41494207632209,90.70934813499127,0.0156838415420953,0.1697172403777113,23.9987,30.465599796556443,1,L,HH
1831,-0.0016999999999995,0.0215269477173927,5.611984562487028,103.54347246531616,0.0118516593655201,0.0244681506909305,30.0017,31.93679029301176,1,L,HH
1832,0.0018999999999991,0.0802214728713068,19.642680613854388,96.76383068805872,0.0142067256805912,0.1026597655147076,41.9981,32.926026766257664,1,L,HH
1833,0.0018999999999991,0.1129642981024565,21.34485157232509,77.30237706767674,0.0178759244991534,0.1403676951954684,41.9981,34.09839586273272,1,L,HH
1834,-0.0007000000000019,0.0833688476738162,19.370510018205767,97.3269638390639,0.0165382680102833,0.1178519029274346,36.0007,36.60125224011743,1,L,HH
1835,-0.9562999999999988,0.1041525022134755,17.576124025264463,71.99362721960193,0.0229835622288217,0.1486092928433234,54.9563,38.99796568120262,1,L,HH
1836,-2.985500000000002,0.0646884364975309,8.29791970349832,53.71377540121889,0.0257820927799495,0.0787032946460315,80.9855,43.179500800817976,2,L,HH
1837,-2.990399999999994,0.0159889032234872,1.110601523474008,29.88034726739891,0.0546048263849527,0.0223097556468383,116.9904,44.13619080081798,2,L,HH
1838,-2.985500000000002,0.0711241937055266,9.796761570217214,58.80830879173879,0.0254684725626816,0.0917890671386542,80.9855,45.43657686526301,2,L,HH
1839,-2.985500000000002,0.0902372432099498,9.916414685744233,47.35785815492768,0.0331143354635788,0.1208025889963903,80.9855,46.666873320284594,2,L,HH
1840,-2.985500000000002,0.0903454057242273,12.552020445814067,61.053799346622256,0.0283420704680772,0.1308732024279019,80.9855,48.81537704625524,2,L,HH
1841,-2.9895000000000067,0.0697996164418187,5.751784394933434,35.12813078577511,0.0462756617085937,0.0979175985705627,98.9895,51.13204022593765,2,L,HH
1842,-2.990399999999994,0.1067406674895856,7.685634654637686,26.24539523332132,0.0429876174486232,0.1215426299526633,110.9904,54.8399760566771,2,L,HH
1843,-2.9890000000000043,0.0947709891597815,9.018787146995416,40.051234915584985,0.0393860529095024,0.130676085177109,110.989,57.96727420915384,2,L,HH
1844,-2.9890000000000043,0.0718461606666475,7.1823847845036495,41.88092536116712,0.0387465583156124,0.1023781596096304,110.989,59.46951620959042,2,L,HH
1845,-2.990399999999994,0.0736089165873,9.22487090436904,47.24216710475335,0.0401650841369408,0.1363058503159112,116.9904,61.97384224911768,2,L,HH
1846,,,,,,,152.9905,63.13164832448093,2,L,HH
1847,-2.996499999999997,0.0806455242616301,5.155798991756759,29.932515726441316,0.0698164443684149,0.1324217193795433,122.9965,64.90892915666814,2,L,HH
1848,-2.9909000000000106,0.0794806190028266,5.71327773152211,30.54313180799662,0.066261200054628,0.1392676192632474,128.9909,67.85604749823266,2,L,HH
1849,-2.9961000000000126,0.0433543875280064,35.196605914986065,68.44619770706716,0.0283329548443595,0.3668581512128669,140.9961,70.45166693067411,2,L,HH
1850,,,,,,,146.9898,72.55028966091884,2,L,HH
1851,,,,,,,146.9898,74.37008687668282,2,L,HH
1852,0.0,0.0437118475034513,,,,,0.0,2.672704971466172,0,R,HH
1853,0.0,0.2790024280440709,158.5227494051361,167.4567270988912,0.0062527449438172,0.3646429555043153,0.0,3.088124897734941,0,R,HH
1854,0.0,0.0009753086419753,,,,,0.0,5.913026201715845,0,R,HH
1855,0.0,0.1569808415007946,217.8415690882206,330.76675298131005,0.004053062921479,0.3248101713312065,0.0,8.227732475145991,0,R,HH
1856,0.0,0.003044250705447,2.27528712188538,10.926687714258115,0.0057072779407895,0.0047771705875914,0.0,9.012027032566865,0,R,HH
1857,0.0,0.0121578774109026,4.004518362459888,-19.409832257081494,0.0263525679149783,0.038822075403905,0.0,10.221197126349187,0,R,HH
1858,0.0,0.1464400395365279,35.32119656842151,77.72184694657385,0.0108516306455268,0.1410054598112968,0.0,11.213443416138167,0,R,HH
1859,0.0,0.1739197162648158,,,,,0.0,13.01430891434841,0,R,HH
1860,-0.9562999999999988,0.0096799471508395,1.700414673087568,44.22286481865989,0.0145706461574612,0.0091146327298076,54.9563,14.172896188437754,0,R,HH
1861,0.0,0.0110391579650758,6.193815532926325,109.1533764556345,0.0070861968181303,0.0161464479002862,0.0,14.983716797758952,0,R,HH
1862,0.0,0.0597458027406547,422.9359946300113,563.2509164465336,0.0032807269289122,0.5104465226019331,0.0,16.124871729396194,0,R,HH
1863,0.0,0.0106966861660381,3.35851078280468,-16.16186959990631,0.0163317167071777,0.0201782780904147,0.0,16.647008121120763,0,R,HH
1864,0.0013000000000005,0.086535934025561,88.33516804007942,221.33836846173395,0.0083045127707491,0.2698691958335187,23.9987,18.43817003457252,0,R,HH
1865,0.0,0.0142201246837774,2.265686343335409,2.0633612152512155,1.0155921590949728,0.8464954815095144,0.0,18.78793578761304,0,R,HH
1866,0.0,0.0628128740484526,21.310453438552518,123.5445339310454,0.0088087645083882,0.0690578746993268,0.0,19.121121038787216,0,R,HH
1867,-2.992500000000007,0.0552236788932453,1.911250770976596,14.408246560563658,0.1110951147554829,0.0781120712006957,134.9925,22.571949824330066,0,R,HH
1868,0.0,0.0893656403311072,2288.5147461497063,816.4122826705374,0.0024822322017711,2.089785149445413,0.0,23.34560146686693,0,R,HH
1869,0.0,0.1218925465687626,61.74297441127188,176.69490003983532,0.0087430586711808,0.198589580432498,0.0,25.72125230072785,0,R,HH
1870,0.0,0.1647069640725415,57.14760800634165,136.28974155755634,0.0101378395117082,0.2131321603156705,0.0,26.37556215222593,0,R,HH
1871,0.0,0.0903256963525875,18.959580951301536,80.0344981900771,0.0164299310596426,0.1145961410948276,0.0,29.494813482341925,0,R,HH
1872,-0.0036000000000004,0.082626037992267,14.079844997129356,68.7703082476282,0.0194942139540704,0.1009738975335697,12.0036,32.20377002537381,1,R,HH
1873,-0.0030999999999998,0.1225697757796845,29.106331074011447,102.74634807920206,0.017150955409123,0.1836459270511079,18.0031,33.60703775464004,1,R,HH
1874,-0.0016999999999995,0.081091481600128,13.536824426101427,67.76535019703915,0.0221276411964094,0.1101938697833138,30.0017,35.72544967161975,1,R,HH
1875,-0.0036000000000004,0.1660524433433027,57.89581424312918,136.37945701265735,0.0114489677789498,0.2438478986490568,12.0036,36.88928725968778,1,R,HH
1876,-0.0030999999999998,0.2005665239384436,51.31236073695879,106.1735932593178,0.0144034765811744,0.2718910079381039,18.0031,39.19461167708564,1,R,HH
1877,-0.0007000000000019,0.0835562653647426,15.19868518169046,74.5089757325663,0.0198806154917303,0.1111581635552253,36.0007,40.94550085721902,1,R,HH
1878,-0.0007000000000019,0.1116042638028389,23.9411545760934,87.0734795910286,0.0166660077092154,0.1467851723670908,36.0007,41.88720449201352,1,R,HH
1879,-0.0016999999999995,0.1656181944641927,36.52335508032761,91.09586349711768,0.0160978437191901,0.2162937102503832,30.0017,43.29805502131399,1,R,HH
1880,0.0018999999999991,0.1501050994717543,26.23756016032595,72.10617651982004,0.0200537010199763,0.1935635155413928,41.9981,45.77727056107189,1,R,HH
1881,0.0035999999999987,0.1522456255374482,41.544886825100136,105.57272714533693,0.0151998776207219,0.2323074777960903,47.9964,48.41724047490658,1,R,HH
1882,-2.9936000000000007,0.1080899050540028,14.129247480606464,51.85943627524546,0.0252635359191152,0.1313163144083269,68.9936,50.55379543839335,1,R,HH
1883,-0.9562999999999988,0.1088633337281396,17.323717047763584,69.99929923397971,0.0230030667066861,0.1465994492128748,54.9563,51.70424811104007,1,R,HH
1884,-2.9936000000000007,0.1378777162158011,20.76019937005145,65.83517905657006,0.0253419082984363,0.1935425029093984,68.9936,53.29184200007067,2,R,HH
1885,-2.9893,0.1096052276167768,18.0592575208863,65.56537025440818,0.018985545886788,0.1261329339564746,80.9893,53.2718564052584,2,R,HH
1886,-2.985500000000002,0.0810470719219924,10.636439503647756,55.56901816188106,0.0275643948507808,0.1078574764454035,80.9855,56.22021494745451,2,R,HH
1887,-3.094999999999999,0.1246372110316858,18.11613136791636,64.82036363541434,0.0270533015241077,0.180298142457296,75.095,58.05223142207708,2,R,HH
1888,-2.9936000000000007,0.1131369657883029,15.40414141606688,56.14539333706064,0.0276972543269499,0.1569566547597352,92.9936,60.80978566572853,2,R,HH
1889,-2.9893,0.126932548422419,15.83324410954218,54.01764835647869,0.030386387563714,0.1769923511485852,86.9893,63.457072828533725,2,R,HH
1890,-2.9936000000000007,0.1261166714786536,10.371288496509644,38.27005514232209,0.0539471317805833,0.2058290135327236,92.9936,66.63487816940577,2,R,HH
1891,-2.9926999999999992,0.0961448183831863,8.640159311145847,39.687935629953074,0.0430317909574189,0.1367781388314668,104.9927,68.94899237778394,2,R,HH
1892,-2.9926999999999992,0.0841988032818147,7.638362914779729,39.06788085558592,0.0416262678322332,0.1169696744324202,104.9927,70.51298249501613,2,R,HH
1893,-2.9890000000000043,0.0792771448363771,6.709089907139114,36.74432719543701,0.0460664850693355,0.1136983615165678,110.989,72.16038925243754,2,R,HH
1894,-2.990399999999994,0.1007381792236054,7.849113504515652,34.16689010498384,0.0512886826758189,0.1480974811385912,116.9904,74.46791001483601,2,R,HH
1895,-2.996499999999997,0.1048337958611378,7.371411678883655,30.172133383643907,0.0555740661634383,0.1507052418447914,122.9965,77.08584379330405,2,R,HH
1896,-2.9909000000000106,0.0911020624405997,5.486224969657479,26.11554998931924,0.0648382576502352,0.1308610698072674,128.9909,80.19186512357747,2,R,HH
1897,-2.996499999999997,0.0940323157285149,7.549418075165307,34.58121346636941,0.0562750779844031,0.1562914067514582,122.9965,82.40934880255833,2,R,HH
1898,-2.9898000000000025,0.068042398502277,1.6000443738968448,7.085756021388463,0.2409059262311391,0.1418028726340912,140.9898,84.95147189688461,2,R,HH
1899,,,,,,,152.9921,86.84938072513206,2,R,HH
1900,-2.9961000000000126,0.0244051196428115,353.9621436206361,121.9705974610923,0.0189549077257724,2.468220807902469,140.9961,88.67670392461787,2,R,HH
