,hard_latency,mean_growth,A,Ti,kg,max_growth,appiration,depth,stage,side,uniq-condition,genotype
0,0.0,0.1078375577021201,10.44048348605965,28.43745321553605,0.0495142816234356,0.1901763953249246,0.0,3.175537330604156,0,L,LL,col-0
1,0.0,0.1111070900240078,10.647405195641442,33.415662536380985,0.0467251686647005,0.1830206854930055,0.0,4.822802202875741,0,L,LL,col-0
2,-1.0526999999999995,0.1065786361916035,9.52480806864135,30.986231869091565,0.0496726060715209,0.1740518713501728,7.0527,6.734194852368431,1,L,LL,col-0
3,-7.0503,0.1380165008772952,11.10816066953216,26.08535169570905,0.0589661938002049,0.2409632246170591,19.0503,9.845754657828335,1,L,LL,col-0
4,-1.0526999999999995,0.1491776008875706,13.556110770321498,34.22019603502105,0.0510686575159038,0.2546801332110787,7.0527,10.572554657828336,1,L,LL,col-0
5,-7.0503,0.164092496071981,13.368000410099924,32.181437514640585,0.050336181947987,0.2475439058153177,19.0503,12.35257890394336,1,L,LL,col-0
6,-13.0504,0.2110361600129692,13.91069820745365,28.483689182234222,0.0581454984153395,0.2975572555095532,31.0504,15.211921974885968,1,L,LL,col-0
7,-13.0504,0.161638865884024,15.379871222358318,38.21507863250316,0.0392299137793616,0.221960436800195,31.0504,16.630026150732416,1,L,LL,col-0
8,-13.0504,0.1613454386893059,13.724728640595538,33.179093805467,0.0454209630714111,0.2293325093163793,31.0504,18.161881644244804,1,L,LL,col-0
9,-13.0504,0.1389638179125318,11.099865490942353,31.56739863689884,0.0548968322586089,0.2241664008381408,31.0504,19.773541131791426,1,L,LL,col-0
10,-13.0504,0.1557242242120578,14.393068115177837,39.12175067114653,0.0431941378948658,0.2287092391923243,31.0504,20.59565363487925,1,L,LL,col-0
11,-19.0496,0.1359143219467384,9.733823546598083,23.978920936291143,0.0594637123505757,0.2129320357390199,43.0496,22.72071295173316,1,L,LL,col-0
12,-19.0496,0.1050080295652975,7.544709408556574,23.353182413700868,0.058093236646628,0.1612403042659421,43.0496,23.86937011453836,1,L,LL,col-0
13,-19.0496,0.1376938106400998,9.44109630303196,27.23038002530618,0.0588436534631197,0.2043749082053371,43.0496,25.11229715194833,1,L,LL,col-0
14,-19.0496,0.1543849826525434,13.115818741239902,36.42361141478013,0.0459141738953365,0.2215377287815598,43.0496,27.46026064141208,1,L,LL,col-0
15,-37.0489,0.0422549282430197,2.68742605149098,24.59705097090397,0.0569459705084315,0.0562995650670081,79.0489,30.32387241290375,2,L,LL,col-0
16,-49.0504,0.0645472733381711,3.082659458944569,18.93679140109461,0.0778397444904209,0.0882739317619802,103.0504,31.551776621652515,2,L,LL,col-0
17,-43.0497,0.0693850087538989,3.213557406273316,18.395439786156544,0.0935520982725281,0.1105974498775638,91.0497,33.8824815217311,2,L,LL,col-0
18,-43.0497,0.0542688491398236,2.33453216262548,11.96509814017292,0.1053832156875771,0.0905058864198096,91.0497,34.854236763086675,2,L,LL,col-0
19,-49.0504,0.0794282345182827,3.381171026191766,16.648990181602652,0.0918940712816623,0.1143036634551224,103.0504,36.31921688993798,2,L,LL,col-0
20,-49.0504,0.057034432481337,3.1492037303767333,23.92232348737652,0.0721737319412947,0.0836152394078958,103.0504,38.632812940049234,2,L,LL,col-0
21,-55.0501,0.0693210255352558,2.339932517784781,14.254423956127278,0.1297350105331988,0.1116775923171561,115.0501,41.63178563744483,2,L,LL,col-0
22,-61.0474,0.0605165553565485,1.5125805441149112,10.231220760814882,0.2162408384855143,0.1203266275453497,127.0474,42.97472102689408,2,L,LL,col-0
23,-55.0501,0.0698117684251512,2.392038951088173,15.280846966275435,0.1409509987716563,0.1240343351181193,115.0501,44.54359021965682,2,L,LL,col-0
24,-61.0474,0.0780926311246876,2.1156858416948903,11.427000092755796,0.1681287408933005,0.1308575118907336,127.0474,47.69699474127652,2,L,LL,col-0
25,-61.0474,0.0684081820203689,1.87719573924528,12.086205074739894,0.167572609601038,0.1157225808832355,127.0474,49.59579448638203,2,L,LL,col-0
26,,,,,,,139.0488,51.014547157782935,2,L,LL,col-0
27,,,,,,,139.0488,55.57586356203623,2,L,LL,col-0
28,-25.0502,0.2337275067923812,16.920048382275695,26.350164314018222,0.0494610611151169,0.3078722516351042,55.0502,0.9346381124799044,0,R,LL,col-0
29,0.0,0.1316198911421916,15.767821830793157,45.52136244133103,0.0279449866092261,0.1620992957039949,0.0,2.7795318449550965,0,R,LL,col-0
30,-1.0526999999999995,0.1316460940408917,12.262292643016526,31.62689977010784,0.0435809123848086,0.1965954728156837,7.0527,4.717135403590701,0,R,LL,col-0
31,-1.0526999999999995,0.1026189900326851,8.974489816389227,25.961402039715264,0.0595971909131614,0.1967619315024347,7.0527,5.220409323260974,0,R,LL,col-0
32,-7.0503,0.1900661277786112,16.82388346269264,32.48897591179708,0.0387450421259589,0.2397992977254205,19.0503,6.193636081145195,0,R,LL,col-0
33,-1.0526999999999995,0.2153556682617845,21.174507903767548,42.69974193022867,0.0359698638239902,0.2801932301001655,7.0527,8.040522762603496,0,R,LL,col-0
34,-13.0504,0.213935367248863,15.086138976153045,31.10520855528267,0.0495563699122046,0.2750319248806441,31.0504,11.435772150609289,0,R,LL,col-0
35,-25.0502,0.0589095680509916,3.579703383231649,14.587514516473906,0.082633012591128,0.1088193548005911,55.0502,13.359925885856136,0,R,LL,col-0
36,,,,,,,151.049,13.940109941189862,0,R,LL,col-0
37,-13.0504,0.1442529529023996,13.094148078190084,35.237399297850004,0.0401727183542183,0.1935147111408079,31.0504,14.716874510163205,0,R,LL,col-0
38,-37.0489,0.0437767204023922,2.133314148879303,11.37947674920916,0.0906076267920159,0.0711090844989236,79.0489,15.927450260278214,0,R,LL,col-0
39,-19.0496,0.128835665836437,8.866721063979192,22.729569504839706,0.055238489682688,0.1801815672253303,43.0496,16.776387177060883,0,R,LL,col-0
40,-19.0496,0.1323120561671812,11.030003878891876,31.76191439627191,0.0401258358641538,0.1628190721770347,43.0496,18.716564014281627,0,R,LL,col-0
41,-19.0496,0.0914488376351539,6.852121768803119,29.625850968089203,0.0490874885002852,0.1237375186808172,43.0496,19.75600615298471,0,R,LL,col-0
42,-19.0496,0.0938532903809409,6.464487430517453,26.01201173863063,0.0566408305132668,0.1347005056921011,43.0496,19.79708615298471,0,R,LL,col-0
43,-13.0504,0.0936580750948106,7.408195814571329,30.14310474275544,0.0574093031429989,0.1564588906156641,31.0504,20.609955171681104,0,R,LL,col-0
44,-19.0496,0.1328664842413374,10.309822749644422,29.437466282639548,0.0493814083324029,0.1872924145335946,43.0496,21.918441922105487,0,R,LL,col-0
45,-19.0496,0.1172494066953886,9.449018076590976,31.338399812816657,0.0487512363691156,0.1694641478617651,43.0496,24.43061612471676,0,R,LL,col-0
46,0.0,0.0787901016854897,13.446795005509008,66.51251978968948,0.0222835578500157,0.1102322913192655,0.0,25.04179338531555,0,R,LL,col-0
47,-19.0496,0.1192239596806174,10.046410350193131,33.94402395372997,0.0448439383495137,0.1657372689105496,43.0496,25.278793385315552,1,R,LL,col-0
48,-31.05070000000001,0.1050316556457471,7.123030692938934,26.49807013251923,0.0538677663139521,0.1411559864018435,67.0507,27.42728275553804,2,R,LL,col-0
49,-43.0497,0.0708794880076699,3.788902837186857,19.11248832828444,0.06736861212443,0.0939023772087286,91.0497,28.77344275553804,2,R,LL,col-0
50,-43.0497,0.0715652367080968,3.730299806150897,21.22540589320444,0.0760609744104424,0.1043785214352716,91.0497,30.756031436003703,2,R,LL,col-0
51,-55.0501,0.0245087909119952,1.0698881753622065,19.671283712159035,0.0961557334553915,0.0378459220600839,115.0501,32.13897211745891,2,R,LL,col-0
52,-61.0474,0.0224067482558439,0.5599105205760244,7.359516985385564,0.2416108649288065,0.0497669019241467,127.0474,33.7741816136369,2,R,LL,col-0
53,-49.0504,0.0389084805468083,1.8096850804264872,21.667620348982357,0.0978143355636102,0.0651194963921903,103.0504,34.16602161363689,2,R,LL,col-0
54,-55.0501,0.0594572051579497,2.392530247934851,17.232439729899518,0.0970689777817154,0.0854364926577624,115.0501,35.61378829506011,2,R,LL,col-0
55,,,,,,,139.0488,36.89821997187635,2,R,LL,col-0
56,-55.0501,0.0566825693041339,2.1708598701419684,16.551950202445553,0.1054127908221929,0.0841842059935677,115.0501,38.77891534594588,2,R,LL,col-0
57,-61.0474,0.0515657021345311,1.7920597120027428,13.752973036490127,0.0984845467784338,0.064927111931043,127.0474,41.498273172840726,2,R,LL,col-0
58,,,,,,,139.0488,48.32647492804175,2,R,LL,col-0
59,,,,,,,151.049,50.66872037082625,2,R,LL,col-0
60,,,,,,,139.0488,51.75202429545052,2,R,LL,col-0
61,0.0,0.0781100109631827,7.989417506944212,35.03148653420286,0.0344219094711611,0.1011708952589522,0.0,0.6469078929397016,0,L,LL,col-0
62,0.0,0.0541468491419477,4.963576934361557,23.69930779124536,0.067984391540715,0.1241393567860443,0.0,0.9722078436758146,0,L,LL,col-0
63,0.0,0.0818245707899447,8.011733152301858,30.90445687964132,0.0385837049669465,0.113719756717631,0.0,1.2757708152450382,0,L,LL,col-0
64,0.0,0.0898956766348184,10.08272447690586,43.65907073484697,0.0323774842268476,0.1200954401772725,0.0,2.6377987459378764,0,L,LL,col-0
65,-7.0489,0.1178732830266179,15.127553770495922,50.8143929516888,0.0249373926219036,0.1387794833612485,19.0489,3.230470192775737,0,L,LL,col-0
66,-1.0532000000000004,0.1237590930903782,15.656622887932985,50.596284617384406,0.0271935165506632,0.1566278482139048,7.0532,3.636763744287449,0,L,LL,col-0
67,0.0,0.0910718250294045,,,,,0.0,4.778175742494018,0,L,LL,col-0
68,-7.0489,0.0813770466198994,7.000538876489522,28.251081275053902,0.0505813086688305,0.1302647922863087,19.0489,4.850528702350544,1,L,LL,col-0
69,-1.0532000000000004,0.0582689286281352,5.19536051668777,23.752634345055306,0.0529870608809698,0.1012723850463945,7.0532,5.515726408562873,1,L,LL,col-0
70,-25.05,0.0631302049969553,6.109059903194161,39.2142055655898,0.0379802713076057,0.0853567684294386,55.05,6.276495452621063,1,L,LL,col-0
71,-13.0499,0.1626745919454248,18.135496284917163,43.37738861432049,0.029684449317454,0.1980450351690277,31.0499,8.917730170755444,1,L,LL,col-0
72,-7.0489,0.0941922134757028,7.751404724092626,27.159250698531277,0.0512314156578091,0.1460906051735678,19.0489,9.883649353720417,1,L,LL,col-0
73,-13.0499,0.0985023684701497,11.199009685834868,43.71140401706651,0.0260684281547342,0.1073989372047031,31.0499,11.245114007720392,1,L,LL,col-0
74,-13.0499,0.1538685550047793,15.500951481527927,39.9071393798428,0.0339582038725366,0.193646024895963,31.0499,12.302062463173534,1,L,LL,col-0
75,-13.0499,0.1577727969578655,14.30368823607608,33.46272010208754,0.0385563131535296,0.2028845858095749,31.0499,13.15084157055843,1,L,LL,col-0
76,-13.0499,0.1342737403843975,11.235886269669544,31.83346753160152,0.0471459307507716,0.1948754211014536,31.0499,14.407562518092163,1,L,LL,col-0
77,-19.049100000000003,0.113292842375867,11.029215776988584,34.76983798085292,0.030446004726749,0.1235322813708715,43.0491,15.032883823102638,1,L,LL,col-0
78,-13.0499,0.1066737794837407,11.678284257988478,46.27806082937825,0.035200955021213,0.151230367133577,31.0499,16.154149611397276,1,L,LL,col-0
79,-19.049100000000003,0.0940209334466485,7.30743701426822,26.68099114706098,0.0485880056601776,0.1306169902228021,43.0491,16.98313007871482,1,L,LL,col-0
80,-19.049100000000003,0.1196214687414514,10.271728262438886,33.0765294451314,0.0392885048940421,0.1484617385452907,43.0491,17.944788223379543,1,L,LL,col-0
81,-25.05,0.0795318165804384,5.727231139803374,26.92055175336631,0.0515910165162856,0.1086986909277471,55.05,19.533428882692423,1,L,LL,col-0
82,-19.049100000000003,0.0915408373711298,6.949211640246285,28.37384308768948,0.0527776609375492,0.1349246174154435,43.0491,19.853900248027927,1,L,LL,col-0
83,-19.049100000000003,0.107153306650898,10.00735847993622,39.48569135492709,0.0407368104115908,0.1499726264031601,43.0491,21.320458080548203,1,L,LL,col-0
84,-25.05,0.1347322999381602,10.89030917972095,32.62386291301461,0.0462969632986159,0.1854804895965987,55.05,22.16298971580152,2,L,LL,col-0
85,-43.0497,0.0838767859785365,4.302067013807996,20.007053398229505,0.0733492124433589,0.116085544934188,91.0497,26.93989172928397,2,L,LL,col-0
86,-43.0497,0.0708839915217842,3.643851547700732,20.91665401642187,0.0765208915238151,0.1025761074849839,91.0497,27.71580642946843,2,L,LL,col-0
87,-43.0497,0.0736797180874521,3.4443111872660324,20.270501079834773,0.1030328406736701,0.1305520134346391,91.0497,30.339212870323912,2,L,LL,col-0
88,-43.0497,0.0961326368522336,4.773663877416447,22.29363662779562,0.089168711252695,0.1565920985257327,91.0497,31.559268807705465,2,L,LL,col-0
89,-55.0499,0.0758604188733149,2.5883917426806704,14.404566409272368,0.1285334947139335,0.1223916640623078,115.0499,33.9639315227426,2,L,LL,col-0
90,-55.0499,0.0685398648763186,2.3531557094977327,14.39970590808434,0.1282589456065172,0.1110308971602215,115.0499,35.630732116102976,2,L,LL,col-0
91,-55.0499,0.0767366421113422,2.592629757809036,13.719444982333645,0.1353046047476554,0.1290501746230712,115.0499,36.73882502428405,2,L,LL,col-0
92,-55.0499,0.0676063242643959,2.5227601827086854,17.057991808334055,0.1191059823877877,0.1105388803855736,115.0499,38.40811951298279,2,L,LL,col-0
93,-55.0499,0.0795302274752154,2.749547366808512,17.158435039265918,0.1544633203500512,0.156239949548477,115.0499,40.23408774232463,2,L,LL,col-0
94,-61.0465,0.0786857922361659,2.2160867706705143,11.415219042813057,0.1392284314484508,0.1135063633961114,127.0465,41.62216582478852,2,L,LL,col-0
95,,,,,,,139.0507,43.71880626753318,2,L,LL,col-0
96,-37.0506,0.033626653708361,2.024272232354249,19.61211075200187,0.0452172539477493,0.0336727526305202,79.0506,44.36866022960028,2,L,LL,col-0
97,,,,,,,139.0507,47.1731808357178,2,L,LL,col-0
98,,,,,,,151.049,50.10108167938247,2,L,LL,col-0
99,,,,,,,151.049,51.97690792105049,2,L,LL,col-0
100,,,,,,,151.049,54.07447409124059,2,L,LL,col-0
101,0.0,0.2028909661912629,22.11554893372742,42.08349338669264,0.0335785126085861,0.2731899359890671,0.0,0.1576292525199562,0,R,LL,col-0
102,0.0,0.068909965083133,6.012621109526249,23.98227769339101,0.0521147831954012,0.1152737152853223,0.0,1.0848284739719505,0,R,LL,col-0
103,0.0,0.0737076813577786,7.144102128983535,32.35458416748013,0.0428529550573605,0.1126247779951775,0.0,2.931084508613596,0,R,LL,col-0
104,-7.0489,0.1441369458060844,13.59473675924439,35.50486557573004,0.0372182018105063,0.1861365701558232,19.0489,7.288077846728131,1,R,LL,col-0
105,-13.0499,0.1061426054400535,8.339505540753603,26.908227421703597,0.0529256457208617,0.1623723158931232,31.0499,8.878165442977677,1,R,LL,col-0
106,-7.0489,0.1394310730843855,11.48920741126222,33.566916228717595,0.0429394484115902,0.1814897277246713,19.0489,10.098524138642208,1,R,LL,col-0
107,-7.0489,0.1467231869478311,13.652426020096712,35.12008651053325,0.0419546387076905,0.2107149432262268,19.0489,11.85967403512472,1,R,LL,col-0
108,-19.049100000000003,0.076380456891882,5.5942886696964536,26.893949573243063,0.0590883050128403,0.1216051374011828,43.0491,13.077906313136449,1,R,LL,col-0
109,-13.0499,0.1352688516598413,11.886705938768186,34.14257810173351,0.0441771849062806,0.1931812958780767,31.0499,14.010615179473051,1,R,LL,col-0
110,-13.0499,0.1394369071143791,12.90126486453254,37.63992456805929,0.0421298475541956,0.1999528953578646,31.0499,16.0716312600755,1,R,LL,col-0
111,-19.049100000000003,0.134380612896652,10.36428029550322,27.33870296537509,0.0511025151173499,0.1948439580239003,43.0491,17.729953978969505,1,R,LL,col-0
112,-25.05,0.104825854790182,9.92764685840542,36.09223665442455,0.034654451102808,0.1265641954482646,55.05,19.383571677976157,1,R,LL,col-0
113,-25.05,0.0985410620257198,7.274582791799439,28.629295306677975,0.0504649175343824,0.1350526707134361,55.05,19.873692270939,1,R,LL,col-0
114,-19.049100000000003,0.1300693367664052,8.162506014188148,27.57710484940621,0.0749092864340786,0.2249389649870594,43.0491,20.868585845719053,2,R,LL,col-0
115,-25.05,0.0833415979945963,6.020840470847669,24.79416933813836,0.0449485746558012,0.0995585500227477,55.05,21.53126657052029,2,R,LL,col-0
116,-49.0505,0.0761097022953071,2.8576251987000654,10.744819330495748,0.1234416587471138,0.1297694708885486,103.0505,23.899569279250212,2,R,LL,col-0
117,-43.0497,0.0882485334426989,4.664381486685991,22.64314749892162,0.0762503517869368,0.1308402703151281,91.0497,27.08516333146556,2,R,LL,col-0
118,-49.0505,0.0480513531130506,2.4079278932530785,21.81898108149145,0.0795295419050938,0.0704494288583293,103.0505,27.954675908988627,2,R,LL,col-0
119,-49.0505,0.073864844514858,3.952523454814602,21.906714737191127,0.0695375024992251,0.1011111529128031,103.0505,29.69738036977366,2,R,LL,col-0
120,-49.0505,0.0750448427213367,3.479494569196512,20.3912473819786,0.0879454059881755,0.1125731553358134,103.0505,31.83844204484185,2,R,LL,col-0
121,-55.0499,0.0853428157579593,3.278746591220211,16.33752694704518,0.1026988851654908,0.1238736970291828,115.0499,34.916037757140884,2,R,LL,col-0
122,-61.0465,0.060020500602082,1.7849400348190492,13.445525060598264,0.1438868522096942,0.0944822572495244,127.0465,38.45853857594428,2,R,LL,col-0
123,,,,,,,151.049,39.88600035399024,2,R,LL,col-0
124,,,,,,,151.049,43.724313026551314,2,R,LL,col-0
125,,,,,,,151.049,45.43367295939168,2,R,LL,col-0
126,,,,,,,151.049,46.49619394447503,2,R,LL,col-0
127,,,,,,,151.049,48.60971982216375,2,R,LL,col-0
128,0.0,0.1039122436080289,13.21631172230493,52.70308586456909,0.0299955411056809,0.1458386019365112,0.0,1.0975479642901875,0,L,LL,col-0
129,0.0,0.0844872543640591,9.734620906335278,48.21917529604573,0.0335961351739604,0.1203133672206087,0.0,3.571154934257641,0,L,LL,col-0
130,-19.0487,0.1563342323684315,11.740187035851864,27.437763326514155,0.0560071744620722,0.2418934992870335,43.0487,9.431873725944548,1,L,LL,col-0
131,-31.0522,0.1911091511495138,12.008881420015516,20.027018670823125,0.0572721628623192,0.2530181400915657,67.0522,9.829444708914885,1,L,LL,col-0
132,-7.049199999999999,0.1434629124853637,11.7783093661852,32.74320838500999,0.0499651975125319,0.2164990942748432,19.0492,10.742234955141065,1,L,LL,col-0
133,-7.049199999999999,0.1100990435340849,9.946796940517622,33.5252422397405,0.0429656105828087,0.1572207117813181,19.0492,13.57752478405883,1,L,LL,col-0
134,-19.0487,0.1836428791084461,14.864665920325177,30.419439990686826,0.044005980320543,0.2406425224613654,43.0487,15.11496174755228,1,L,LL,col-0
135,-13.051100000000002,0.152544091232704,13.968178004576323,36.68056930414741,0.0426894065808303,0.2193640202380339,31.0511,16.151538084538608,1,L,LL,col-0
136,-25.0501,0.1496572626159185,10.14089633943247,23.72993446987099,0.0626766784819656,0.233823326459811,55.0501,19.73247966789644,1,L,LL,col-0
137,-19.0487,0.1743522158445912,15.586531154553327,36.86738278558735,0.0401080995658822,0.2299784138968167,43.0487,20.529025350202232,1,L,LL,col-0
138,-37.0521,0.1063551830202955,6.012068435887127,18.257073490886164,0.0612845162959315,0.1355439683162828,79.0521,22.930164970744677,1,L,LL,col-0
139,-25.0501,0.1053654499991479,7.51857887005895,27.202495684675892,0.0557202944657659,0.1541184671205562,55.0501,25.028839363833136,1,L,LL,col-0
140,-19.0487,0.1221543190356991,9.75887215122277,34.37192234624753,0.052554897800921,0.1886767307165163,43.0487,25.566299536124998,1,L,LL,col-0
141,-25.0501,0.130694714621561,9.784328213779409,30.624220366184023,0.0519152185985336,0.1868663994807745,55.0501,27.089954442633868,2,L,LL,col-0
142,-31.0522,0.1087836266434879,6.819189292664763,24.136928243947168,0.0651806168686245,0.1635146731241542,67.0522,29.881182342419088,2,L,LL,col-0
143,-43.0512,0.1577891176645328,9.18474585561512,22.561369303370537,0.0612737656960657,0.2070366507412171,91.0512,31.8422550094638,2,L,LL,col-0
144,-43.0512,0.1027544780435009,5.099322721032173,19.221471357301105,0.0727117087944973,0.1364025116376713,91.0512,33.981192964457435,2,L,LL,col-0
145,-49.051,0.0839816835826002,3.708053146551247,16.551445952878698,0.0890384208119217,0.1214587806896987,103.051,36.83005367444289,2,L,LL,col-0
146,,,,,,,139.0532,37.507086190340935,2,L,LL,col-0
147,-49.051,0.1043461259804093,4.562807622280698,17.42735048191851,0.0882467685910231,0.1481277710622889,103.051,38.6676845491815,2,L,LL,col-0
148,-49.051,0.1177550286613755,5.103887874722473,17.997959259724816,0.0965095802144778,0.1812078759068416,103.051,40.24310858317583,2,L,LL,col-0
149,,,,,,,139.0532,43.030548023019,2,L,LL,col-0
150,-55.0496,0.0785847349976409,3.1039156826797245,16.408499256603463,0.1002351012922174,0.1144551310311611,115.0496,43.10404774818856,2,L,LL,col-0
151,-55.0496,0.0900860035753609,3.128643680644563,14.615180550317504,0.1218884405515471,0.140289169166612,115.0496,44.86804115225785,2,L,LL,col-0
152,-31.0522,0.057301231424994,,,,,67.0522,45.97009115225785,2,L,LL,col-0
153,-61.049800000000005,0.0883508917546768,2.3796027764641376,11.481438691114263,0.1701271882763444,0.1489305212344083,127.0498,46.15903077439134,2,L,LL,col-0
154,-55.0496,0.0767954446357907,2.468515272574616,16.20576640121493,0.1793929421929785,0.1629096045006117,115.0496,48.676142645273934,2,L,LL,col-0
155,,,,,,,139.0532,51.38271621982065,2,L,LL,col-0
156,,,,,,,139.0532,52.76051302143847,2,L,LL,col-0
157,,,,,,,151.0515,55.38188691118083,2,L,LL,col-0
158,,,,,,,151.0515,58.03956308137093,2,L,LL,col-0
159,-31.0522,0.0562853347491597,3.402012411671592,18.94475611170764,0.0629330604219442,0.0787626398478711,67.0522,8.315415661946526,1,R,LL,col-0
160,-7.049199999999999,0.1250305520168518,10.45876851799026,30.798721827890983,0.0530979688657001,0.204297935308873,19.0492,10.080142870469134,1,R,LL,col-0
161,-13.051100000000002,0.138800072273157,11.44306400141031,30.719815875524297,0.045831584694476,0.1929357550251702,31.0511,11.518068744080148,1,R,LL,col-0
162,-13.051100000000002,0.1646491312704805,16.310052412114555,41.27406889618769,0.0391363843757755,0.2348235100962336,31.0511,13.465146053742933,1,R,LL,col-0
163,-31.0522,0.0464139292072233,2.5928225715179023,18.04763436327456,0.0883045983447969,0.0842289983916072,67.0522,14.222225801185736,1,R,LL,col-0
164,-13.051100000000002,0.1102737371388584,8.788079293419436,31.06965561981132,0.0550110042044795,0.177848029552422,31.0511,15.938167814337692,1,R,LL,col-0
165,-13.051100000000002,0.1227315463469677,10.283278631627862,34.211414862033664,0.0503466561824332,0.1904617425148384,31.0511,17.76719221587818,1,R,LL,col-0
166,-19.0487,0.1028386729168938,7.660131555462947,29.91518880815776,0.0517237111826975,0.1457576723826459,43.0487,19.155522311496654,1,R,LL,col-0
167,-25.0501,0.1415199460072194,9.912943582620054,27.666059617488894,0.0570437218238121,0.208025227650026,55.0501,21.58741901668613,1,R,LL,col-0
168,-25.0501,0.132974533469967,10.316404142319438,31.88319643222558,0.048949933554733,0.1857744447258359,55.0501,23.535984137901,2,R,LL,col-0
169,-43.0512,0.0861634262657518,4.403503559863273,17.263479499214796,0.0678462008041186,0.1099080248546185,91.0512,25.79105929196463,2,R,LL,col-0
170,-37.0521,0.0903626820352506,5.0665134966623855,20.588621130856374,0.0697112256530951,0.1299323940374878,79.0521,28.22208588386026,2,R,LL,col-0
171,-43.0512,0.0821112993327993,4.146530263866393,19.370106343730065,0.073625472199653,0.1123100060748224,91.0512,28.48408614130288,2,R,LL,col-0
172,-43.0512,0.0752187589556944,3.817679340182503,20.34321050854408,0.0790494260649589,0.111020629863297,91.0512,30.99812215327228,2,R,LL,col-0
173,-43.0512,0.0880030092389296,4.425343523408842,19.39991987418416,0.0758088397707208,0.1234162530846469,91.0512,32.853263541506074,2,R,LL,col-0
174,-49.051,0.0712643651014714,3.161832705414547,17.160363214026475,0.0863444414523995,0.1004335444753026,103.051,34.579287939867285,2,R,LL,col-0
175,-43.0512,0.0909967458487266,5.104513115718954,24.068463633022823,0.0707903735026242,0.1329333795442518,91.0512,34.98218793986729,2,R,LL,col-0
176,-49.051,0.0801582877133141,3.4105861855332105,17.171683993360226,0.0948241664536975,0.1189744156679356,103.051,35.92851252916565,2,R,LL,col-0
177,-49.051,0.1020604641167218,4.429431560850615,17.189965170158256,0.0918736921448074,0.1497078880260096,103.051,38.10483277030664,2,R,LL,col-0
178,-55.0496,0.1074082133573928,3.641610403450511,15.513258972019887,0.1439366399022726,0.1928281165764792,115.0496,40.48721024526394,2,R,LL,col-0
179,,,,,,,139.0532,41.41360242754578,2,R,LL,col-0
180,-55.0496,0.0713014955996977,2.9040541174357943,17.067025133339936,0.0935550565390531,0.0999487780496963,115.0496,42.55501390283988,2,R,LL,col-0
181,,,,,,,151.0515,44.86693517950409,2,R,LL,col-0
182,-61.049800000000005,0.0561557625194622,2.4600296112271085,17.73841993103086,0.0826417829666739,0.0747903440674032,127.0498,47.24306213348191,2,R,LL,col-0
183,,,,,,,139.0532,50.33262213545267,2,R,LL,col-0
184,,,,,,,151.0515,52.25747135396861,2,R,LL,col-0
185,,,,,,,151.0515,54.55422770064879,2,R,LL,col-0
186,-7.048100000000002,0.0853415413805551,10.398476328350496,48.88073194400632,0.0276664490644392,0.1058348375338157,19.0481,0.581723836970775,1,L,LL,col-0
187,-13.047999999999998,0.1709855474142518,21.963118272726497,49.30723091873353,0.0254110882893261,0.205315994719189,31.048,7.041211894402819,1,L,LL,col-0
188,-13.047999999999998,0.1240515707386803,10.59854209275992,29.947756399771404,0.04179537540192,0.1629595727868533,31.048,8.593003567534236,1,L,LL,col-0
189,-19.0479,0.1018780850135482,8.383596905127371,27.929179499676337,0.0414899827120287,0.127961452347101,43.0479,9.551913525166514,1,L,LL,col-0
190,-19.0479,0.0925703229091255,8.009945118889188,30.16776517768992,0.0386561578736418,0.1139078736550706,43.0479,11.121247729797572,1,L,LL,col-0
191,-25.047,0.1491667652859319,20.69480715762827,53.0757443797072,0.0261924465563315,0.1994081793855218,55.047,11.245798063498452,1,L,LL,col-0
192,-19.0479,0.1030193835972659,8.300479288090429,31.734378144026596,0.045570495323046,0.1391529563332267,43.0479,12.698273820002498,1,L,LL,col-0
193,-31.052499999999995,0.0964856013385656,6.192345348919132,20.4286950232342,0.0491620249109095,0.1119928894470421,67.0525,14.071707450879869,1,L,LL,col-0
194,-37.0496,0.1074160136149218,6.380754296989667,20.476141721226597,0.0572423531907127,0.1343677418829287,79.0496,15.728447494702603,2,L,LL,col-0
195,-37.0496,0.0826841696463826,4.725486519161404,21.106006198433143,0.0634929084347864,0.1103766650424978,79.0496,18.050017849115743,2,L,LL,col-0
196,-49.051,0.1069799826891972,5.662410783431672,19.985468057943283,0.0622323427339326,0.1296352294620598,103.051,18.949045304516268,2,L,LL,col-0
197,-43.0505,0.0845404735434325,4.4015667930649,17.92412744785296,0.0666016071832236,0.1078443815035224,91.0505,20.3069633466395,2,L,LL,col-0
198,-43.0505,0.0905032622383519,4.351169770677871,17.150445609779972,0.0775315416126295,0.1241051963806738,91.0505,21.333093441901664,2,L,LL,col-0
199,-43.0505,0.0810972924851071,4.794386435248304,22.978752818350177,0.0611095399691264,0.1077823301560793,91.0505,22.668380382955576,2,L,LL,col-0
200,-49.051,0.0931336274350529,3.563190484950189,12.714842251755035,0.1035567311491574,0.1357447028560681,103.051,24.70927830671124,2,L,LL,col-0
201,-49.051,0.0933110594793913,3.978268445243339,14.809556206488264,0.0865215677571966,0.1266263193307533,103.051,26.394748954333195,2,L,LL,col-0
202,-49.051,0.091937984587299,4.418307544131064,18.54389787095061,0.0705782686809772,0.1147182362402969,103.051,27.6661748329761,2,L,LL,col-0
203,-49.051,0.0904327556108701,4.015012827726707,17.397465476532457,0.0896328899375166,0.1323914242878026,103.051,28.82829373410889,2,L,LL,col-0
204,-55.047700000000006,0.0865317095132368,3.127685254530507,12.3783624334268,0.0857715671512918,0.0986897175371786,115.0477,29.998903291195514,2,L,LL,col-0
205,-55.047700000000006,0.0964239676752263,3.3036827189407374,12.317611517520852,0.1119169800152831,0.136019079758969,115.0477,31.326925980952563,2,L,LL,col-0
206,-55.047700000000006,0.0929874429826142,3.100603573857577,11.908521038324698,0.1205909920044222,0.1375519112364825,115.0477,33.02407687817285,2,L,LL,col-0
207,-55.047700000000006,0.0999895068539778,3.495495174894646,13.229240775787323,0.1163697884119059,0.1496423327554377,115.0477,35.159600615200944,2,L,LL,col-0
208,,,,,,,139.0537,38.71772904554842,2,L,LL,col-0
209,,,,,,,139.0537,39.87623639680429,2,L,LL,col-0
210,,,,,,,151.0507,40.21657881261519,2,L,LL,col-0
211,,,,,,,151.0507,40.8864402224273,2,L,LL,col-0
212,,,,,,,151.0507,43.31881537011824,2,L,LL,col-0
213,,,,,,,151.0507,45.62180331437311,2,L,LL,col-0
214,-7.048100000000002,0.1025915248992573,8.614672634020728,24.92593794503196,0.0524427693402157,0.166199576937732,19.0481,6.335103475066754,1,R,LL,col-0
215,-13.047999999999998,0.108271112442503,7.999308595053296,21.521364216869078,0.0523056692155816,0.1539241387503248,31.048,7.681233653628648,1,R,LL,col-0
216,-13.047999999999998,0.0989591977665601,7.461818112092594,20.588535386691625,0.057337900268502,0.1573953731557726,31.048,9.2498800612043,1,R,LL,col-0
217,-13.047999999999998,0.1126951294049244,8.676890122409796,27.856526254927907,0.0478165072172608,0.1526326574447902,31.048,11.295799899187523,1,R,LL,col-0
218,-13.047999999999998,0.0849270377044828,6.737373935093966,25.591056712437982,0.047263122798754,0.1171436045746528,31.048,12.495296339347476,1,R,LL,col-0
219,-13.047999999999998,0.0947175102962722,8.214014015543606,31.001532443482795,0.0391972714026179,0.1184450167386393,31.048,13.198323895740833,1,R,LL,col-0
220,-19.0479,0.1534020151858826,12.858838230639094,30.723292855708586,0.0425615346833325,0.2013374344083227,43.0479,14.228803561329812,1,R,LL,col-0
221,-13.047999999999998,0.0797964728235845,6.243901446239898,25.441342926454197,0.052682300517929,0.121011401007531,31.048,14.927465554857442,1,R,LL,col-0
222,-19.0479,0.092668323353631,7.198483252070671,23.374042488046243,0.0427928287241577,0.1133228562448962,43.0479,15.24992493648558,1,R,LL,col-0
223,-13.047999999999998,0.1056688874110644,8.750742200154175,29.08772586504832,0.0483069750219516,0.1555106907829425,31.048,16.678957258497977,1,R,LL,col-0
224,-13.047999999999998,0.1073952559372478,8.985759367145008,30.94465953559462,0.0452131400003564,0.1494599978643687,31.048,17.69648105536672,1,R,LL,col-0
225,-19.0479,0.0645832702978616,4.639141699680247,22.60792958237984,0.0538210626171656,0.0918534396596901,43.0479,19.363051433746666,1,R,LL,col-0
226,-19.0479,0.0991493931131898,8.650104858518663,36.29702055609189,0.0438304634681418,0.1394771141930587,43.0479,20.741938522201384,1,R,LL,col-0
227,-55.047700000000006,0.0962595322898738,3.826705258242628,14.221676359912154,0.0804274257833037,0.1132230109217037,115.0477,24.429144377487773,2,R,LL,col-0
228,-37.0496,0.0983730682532243,5.976396119485628,23.084807706390045,0.0578992233449886,0.1272968424750792,79.0496,25.41312509794919,2,R,LL,col-0
229,-37.0496,0.125226864971076,7.144677869947121,23.695306025490755,0.0744880586276785,0.1957829311444836,79.0496,27.317501660711923,2,R,LL,col-0
230,-37.0496,0.0680438840811821,4.01361947651025,24.640734607271938,0.0718958098821298,0.1061561828509799,79.0496,27.65756890406241,2,R,LL,col-0
231,-43.0505,0.0764832130211598,3.8027625863662182,19.091882947796208,0.0778367270977732,0.1088903257026901,91.0505,29.592369170740103,2,R,LL,col-0
232,-43.0505,0.0627349629119849,3.1225010552143453,19.27412397649884,0.0747446877049251,0.0858595175035993,91.0505,30.786435460926853,2,R,LL,col-0
233,-43.0505,0.0693308458533325,3.869826614730514,23.72892865556583,0.0690272535589994,0.0982692449942897,91.0505,32.20400604506215,2,R,LL,col-0
234,-43.0505,0.0725083157476928,3.8739411549043,22.04124710431664,0.0745510234045536,0.1062458920497048,91.0505,33.224791548944715,2,R,LL,col-0
235,-55.047700000000006,0.0449538119045792,1.5919554132622078,14.952827831022816,0.1183394357360889,0.0693052145476976,115.0477,35.27396196278226,2,R,LL,col-0
236,-55.047700000000006,0.0671622326174016,3.0606396014253674,20.758696478375555,0.0937030430252109,0.1055046026701372,115.0477,35.58680196278225,2,R,LL,col-0
237,-55.047700000000006,0.0546422240624741,2.0641266901109425,15.121052737131684,0.0992109486003538,0.0753358113250914,115.0477,37.49130950238838,2,R,LL,col-0
238,-55.047700000000006,0.0801706296115216,2.7621296434139406,14.694658958387857,0.1304575590700949,0.1325619320786934,115.0477,39.307270667146085,2,R,LL,col-0
239,-55.047700000000006,0.0614126369366296,2.135224447138195,15.43676075380629,0.1355184901134066,0.1064504754804755,115.0477,40.52679469671001,2,R,LL,col-0
240,-61.0492,0.0665845574018743,1.6691368968424445,10.736738693936864,0.2151524554352417,0.1321124609131463,127.0492,41.46833583999585,2,R,LL,col-0
241,,,,,,,139.0537,42.292389923508665,2,R,LL,col-0
242,,,,,,,151.0507,44.04154174959325,2,R,LL,col-0
243,,,,,,,151.0507,44.651391561022265,2,R,LL,col-0
244,,,,,,,151.0507,45.65450134484804,2,R,LL,col-0
245,,,,,,,151.0507,46.101450283813925,2,R,LL,col-0
246,-13.05,0.1359072740961546,19.756098973426145,56.30394603693456,0.0233354793463636,0.1695990587629563,31.05,2.142227425517917,1,L,LL,col-0
247,-13.05,0.1486854929753093,14.944352806295338,38.86147351821168,0.0344605525729461,0.1894544745722472,31.05,4.456390939381571,1,L,LL,col-0
248,-19.051,0.0693661068621458,5.478334304029165,27.41765379036554,0.0431339494854869,0.0869307194937032,43.051,5.9082989517479305,1,L,LL,col-0
249,-13.05,0.0819512189140651,6.849834576214834,29.863737384259416,0.0467280457260961,0.1177506246565351,31.05,6.408062640669535,1,L,LL,col-0
250,-19.051,0.1121699707305584,8.371492531273695,23.51258756537579,0.048032870816676,0.1479268319743676,43.051,6.895851657561058,1,L,LL,col-0
251,-19.051,0.1096716543979598,7.489626346903194,20.6469085115302,0.0513966568665604,0.1416121578639814,43.051,8.611877384817996,1,L,LL,col-0
252,-19.051,0.0981636131267313,7.409553757619744,27.485521860140278,0.0542458536961028,0.1478645683023612,43.051,9.750725407701204,1,L,LL,col-0
253,-19.051,0.1001995977835499,7.420905975978194,24.78892790261687,0.0472382141428597,0.1289602652518218,43.051,10.423535606538357,1,L,LL,col-0
254,-19.051,0.1123997643680098,8.582071976926983,26.5046990594229,0.0484790762607606,0.153056580627121,43.051,12.186123699031356,1,L,LL,col-0
255,-19.051,0.116273179027077,10.43032789296596,36.562533091003175,0.039703561566341,0.1523466629986111,43.051,12.404630115927976,1,L,LL,col-0
256,-19.051,0.1388430425833206,11.294994104369485,30.461845844566195,0.0434086398762168,0.1803714119512441,43.051,13.345819198708824,1,L,LL,col-0
257,-25.0472,0.1428032994733105,15.5693797754367,44.25004481382209,0.0310794099900983,0.1780121296718712,55.0472,16.03929638563813,1,L,LL,col-0
258,-31.0547,0.1226221493226025,8.681068095694275,27.69709396188876,0.0510052867728601,0.1628897942369056,67.0547,17.418462900450013,2,L,LL,col-0
259,-43.053,0.132644176433811,6.956655064348458,20.42130152637441,0.0628904569346915,0.1609499100326647,91.053,20.12113337222718,2,L,LL,col-0
260,-43.053,0.0969597183821806,4.791553666669367,19.707638008489077,0.0804157103951346,0.1417499053878675,91.053,22.11101180575019,2,L,LL,col-0
261,-49.0525,0.0933231627324163,3.9717366513442895,15.409634302711462,0.0889704244807913,0.1299964897298146,103.0525,22.70278591824759,2,L,LL,col-0
262,-49.0525,0.1100234948003386,4.714127160126088,16.610335739914834,0.0924671205429649,0.160359297482171,103.0525,25.12338317481465,2,L,LL,col-0
263,-55.0482,0.1646473399959234,6.013398240279736,12.492671653805427,0.0979825286197935,0.2167574969643375,115.0482,25.828362445377195,2,L,LL,col-0
264,-61.049800000000005,0.070259241693117,1.945146367090184,9.85949691260342,0.1447718390866404,0.1035957397456391,127.0498,28.2367074734826,2,L,LL,col-0
265,-61.049800000000005,0.0644191732053334,1.663266727763239,9.242144448993306,0.1831360151995117,0.1120575642847034,127.0498,29.20012854435963,2,L,LL,col-0
266,,,,,,,139.0551,30.31132444314936,2,L,LL,col-0
267,,,,,,,163.054,31.72700444314936,2,L,LL,col-0
268,,,,,,,151.0532,32.73065798330888,2,L,LL,col-0
269,,,,,,,151.0532,33.922804367776834,2,L,LL,col-0
270,-13.05,0.1210444387268293,9.63980232635229,28.1935202104225,0.0447468221242024,0.1586849882502013,31.05,2.780049880746957,1,R,LL,col-0
271,-7.0503,0.0992337113680918,7.680618307823281,32.038768123679084,0.0590968214217981,0.166980525637305,19.0503,5.726683050489533,1,R,LL,col-0
272,-13.05,0.119475438500642,8.935961330124984,27.36109888989708,0.0617991864235834,0.2031559547404914,31.05,6.671479946625869,1,R,LL,col-0
273,-13.05,0.0999074661140391,15.932918582734086,60.97324859377629,0.0252954472720719,0.148266562238043,31.05,7.437107744579938,1,R,LL,col-0
274,-19.051,0.1325794325966211,10.135689503649289,28.06131526562492,0.0518935544832672,0.1934961084521808,43.051,9.688783738523734,1,R,LL,col-0
275,-13.05,0.1183744378078965,10.48988222651966,36.621606026192055,0.0457090276239642,0.1763916866324086,31.05,11.327961760868892,1,R,LL,col-0
276,-19.051,0.1338693500485329,13.279939232741745,40.14610234059809,0.0365367797102353,0.1784973909740085,43.051,13.691341854655672,1,R,LL,col-0
277,-19.051,0.1347103370712555,14.734506239018769,45.22257084613045,0.0337826586245257,0.1831196416288793,43.051,14.319758409795345,1,R,LL,col-0
278,-25.0472,0.1160844294687301,9.464821761313548,31.824835333338115,0.0415430510276584,0.1446493035716017,55.0472,14.99241917124944,1,R,LL,col-0
279,-25.0472,0.1276629591630415,9.775829702921545,31.739752787150465,0.0505812542023298,0.1819067184518065,55.0472,16.12830208532897,1,R,LL,col-0
280,-37.0529,0.1073713314254708,6.58650836990339,24.82951820731117,0.0618501478707774,0.1498654452844478,79.0529,17.384767285978906,2,R,LL,col-0
281,-37.0529,0.0868858234783686,5.202521623891067,25.792827023379523,0.0677841082880714,0.1297320555333206,79.0529,18.46848965223123,2,R,LL,col-0
282,-31.0547,0.1519818827148106,10.99955868075971,30.11408516994847,0.0526758869286649,0.2131535822616941,67.0547,18.833698714550337,2,R,LL,col-0
283,-37.0529,0.0845323223940196,5.159212242128561,23.52064715266216,0.0592089304470712,0.1123766622017393,79.0529,21.138777457811905,2,R,LL,col-0
284,-49.0525,0.0948574993497791,3.919381677575332,15.415699817999338,0.0948695809256936,0.1367886483831586,103.0525,23.24417008047409,2,R,LL,col-0
285,,,,,,,139.0551,23.410650010449352,2,R,LL,col-0
286,-55.0482,0.0576508709118477,2.3199478460385485,15.679428832717823,0.0866620113033931,0.0739626569812477,115.0482,23.990064662472346,2,R,LL,col-0
287,-61.049800000000005,0.0797440833147875,2.1933949546907496,9.97562227120531,0.1447854509882854,0.1168280913279536,127.0498,25.359698947678226,2,R,LL,col-0
288,-61.049800000000005,0.055591001805085,1.7038707538234728,13.468463109683908,0.1347440792625744,0.0844601518145459,127.0498,27.641515974006573,2,R,LL,col-0
289,,,,,,,151.0532,29.42454977869588,2,R,LL,col-0
290,-13.0501,0.0070378176595049,0.4690147196162398,7.959636869304717,0.1404538543317303,0.0242340306360949,31.0501,4.740712868976606,1,L,LL,col-0
291,-13.0501,0.1457518368677441,14.469291101418312,42.71796308679788,0.0401650980480157,0.2137969984161648,31.0501,6.479959414828525,1,L,LL,col-0
292,-25.0483,0.1227768594749651,7.318595515165177,15.0753266951199,0.1209142341213642,0.3255447475296917,55.0483,9.65632431083266,1,L,LL,col-0
293,-25.0483,0.1544343434898177,12.53130732314159,32.68631587332223,0.0442843505240379,0.2041513136027672,55.0483,12.218311909446951,1,L,LL,col-0
294,-31.056200000000004,0.2241498117331459,18.00048255962175,29.987949529720535,0.0400512459085113,0.2652196493827029,67.0562,13.01248472892644,1,L,LL,col-0
295,-31.056200000000004,0.243934665257768,19.26589051373844,30.03828784864473,0.0415095295621903,0.2941998299989731,67.0562,13.887259910252872,2,L,LL,col-0
296,-37.0534,0.1041376227346559,6.936424530776188,28.873041514717688,0.061431082543663,0.156757869418403,79.0534,17.475326138969198,2,L,LL,col-0
297,-37.0534,0.1309209912002756,7.490045625033317,22.776097494460235,0.0772688869886373,0.2129093028107835,79.0534,18.355639451031852,2,L,LL,col-0
298,-55.0493,0.1300507367534052,4.333881163801846,10.1786521096802,0.1100849895858338,0.1755135386582877,115.0493,19.926633970815036,2,L,LL,col-0
299,-50.3656,0.0968495033173554,4.07779225748288,15.857799048623482,0.0961674721874791,0.1442642809888875,104.3656,21.55273333366528,2,L,LL,col-0
300,-55.0493,0.073698418366539,2.775934255248549,14.488731342700044,0.0987131206219262,0.1008067412687027,115.0493,23.56321005386128,2,L,LL,col-0
301,-50.3656,0.0711639932004331,2.987527441113612,18.060142996254484,0.1043119009954934,0.1146439870200744,104.3656,25.13373005386128,2,L,LL,col-0
302,-55.0493,0.0715789521611305,2.6122233745401378,16.351403150107142,0.1230065488815654,0.1182072362202749,115.0493,27.508729425024946,2,L,LL,col-0
303,,,,,,,139.0585,29.34040630201108,2,L,LL,col-0
304,,,,,,,139.0585,32.29414546890561,2,L,LL,col-0
305,,,,,,,139.0585,33.2160311331576,2,L,LL,col-0
306,,,,,,,139.0585,36.1727219073232,2,L,LL,col-0
307,,,,,,,151.0554,37.449844067224646,2,L,LL,col-0
308,,,,,,,151.0554,43.25588399898929,2,L,LL,col-0
309,,,,,,,151.0554,46.65425157230647,2,L,LL,col-0
310,0.0,0.2027447095782013,20.244437941631425,29.244841493159356,0.045241886755174,0.3369395178926852,0.0,2.1000333902107355,0,R,LL,col-0
311,-43.0542,0.2193473532978646,13.413241923976964,23.612948972472804,0.0548344586707973,0.2705782204852061,91.0542,6.675658915651377,1,R,LL,col-0
312,-43.0542,0.0513629559164231,2.3752268233159133,11.809506887146386,0.0678968530549413,0.0593280744131883,91.0542,7.719424313034407,1,R,LL,col-0
313,-37.0534,0.0633002976954064,4.707154040603325,30.48029376785895,0.048319958136245,0.0836739898716636,79.0534,13.92490304277402,1,R,LL,col-0
314,,,,,,,139.0585,21.735890057815663,2,R,LL,col-0
315,,,,,,,151.0554,22.83621713956084,2,R,LL,col-0
316,,,,,,,151.0554,24.28661553177924,2,R,LL,col-0
317,-61.05029999999999,0.056887852701733,1.9695420797925869,13.44835107222688,0.0936062114938985,0.0678227586768328,127.0503,26.436718651353424,2,R,LL,col-0
318,,,,,,,139.0585,27.472245289540183,2,R,LL,col-0
319,,,,,,,163.0553,33.85754426519477,2,R,LL,col-0
320,,,,,,,151.0554,35.28428018142683,2,R,LL,col-0
321,-19.0522,0.116624070649561,8.547450873175965,24.35039169815973,0.0507196648053116,0.1594845091809746,43.0522,0.6398556717594417,1,L,LL,col-0
322,-13.0512,0.1233413402342738,11.616376647144412,38.8195729021649,0.0405698053606628,0.1733720671038573,31.0512,2.14602418376087,1,L,LL,col-0
323,-19.0522,0.0768952325513647,4.996382772538145,23.931773300806103,0.0700697353772938,0.1287928334178216,43.0522,3.126197290129896,1,L,LL,col-0
324,-19.0522,0.1205944692376346,10.054546960135388,33.40353269334812,0.0439597069278449,0.1626008506668958,43.0522,4.685581379013716,1,L,LL,col-0
325,-19.0522,0.1084154109335874,8.357668224161472,31.02048087063115,0.0538042641019438,0.1654273606589658,43.0522,6.087117304240035,1,L,LL,col-0
326,-25.0493,0.1258328088972722,9.114664411832752,28.296221660431915,0.0529413319291301,0.1775174556948034,55.0493,9.17341174827543,1,L,LL,col-0
327,-37.056700000000006,0.0878118228781094,5.851377334387563,25.72574124095218,0.0511809416926118,0.1101721679618963,79.0567,11.00583533771506,2,L,LL,col-0
328,-31.059700000000007,0.0921590138935939,7.314964021158088,33.66444736983759,0.0492508741712468,0.132535327573994,67.0597,12.192686810695204,2,L,LL,col-0
329,-43.0556,0.0861986163574822,4.71200269336104,20.783627116877383,0.0658363704412743,0.1141239850822458,91.0556,14.30511265520514,2,L,LL,col-0
330,-43.0556,0.084956440934355,4.740827088283246,23.33698817853101,0.0684874351693388,0.1194457044367267,91.0556,15.746415319480567,2,L,LL,col-0
331,-50.368300000000005,0.0704596252878945,3.0709388848880086,17.72771990413538,0.0910496445617642,0.1028619957697541,104.3683,16.661082831066288,2,L,LL,col-0
332,-50.368300000000005,0.0537860434563787,2.9379150498696984,22.428720690579084,0.0666541003403634,0.0720396547831423,104.3683,17.672342146572436,2,L,LL,col-0
333,,,,,,,151.0595,20.104775998761426,2,L,LL,col-0
334,-55.0518,0.0619971032527445,2.203459670003516,14.060941743459288,0.1051714608263758,0.0852527761985756,115.0518,21.68172580080088,2,L,LL,col-0
335,-55.0518,0.059854374885936,2.277490187793166,15.715387811256049,0.1035082059992883,0.0867235034466937,115.0518,24.294522725632213,2,L,LL,col-0
336,-55.0518,0.0643998739306793,2.255456085722401,14.541744267971564,0.1206033009924413,0.1000688914349304,115.0518,25.58747659765069,2,L,LL,col-0
337,-55.0518,0.0579078626439605,2.2782697173174,16.145945498722156,0.0968464578746504,0.0811697852280278,115.0518,26.69246502706091,2,L,LL,col-0
338,-61.0565,0.0451444731136413,2.073225637154948,18.30956906056553,0.0759020321876153,0.0578902589849303,127.0565,29.09068285626137,2,L,LL,col-0
339,,,,,,,139.0659,30.464035727688845,2,L,LL,col-0
340,,,,,,,139.0659,31.636245473165346,2,L,LL,col-0
341,,,,,,,139.0659,32.734898290576645,2,L,LL,col-0
342,,,,,,,139.0659,34.27808458645673,2,L,LL,col-0
343,,,,,,,151.0595,36.75559687382258,2,L,LL,col-0
344,,,,,,,151.0595,38.35626649595608,2,L,LL,col-0
345,-13.0512,0.1669009783127806,15.789811952953224,36.43642108880814,0.0341933750367267,0.1986206714161001,31.0512,2.8526534046324272,1,R,LL,col-0
346,-25.0493,0.1646046022850743,23.105320730303387,52.00981976618732,0.0268084284749458,0.2278709042248798,55.0493,6.288282422304723,1,R,LL,col-0
347,-19.0522,0.1543185930741163,17.23347965286592,45.81158232833135,0.0313690314786532,0.1988747303747893,43.0522,6.9520835270171215,1,R,LL,col-0
348,-25.0493,0.1182814312252231,8.042635771335352,24.874798860871127,0.0557013606365393,0.1648047494109316,55.0493,8.866287218109662,1,R,LL,col-0
349,-19.0522,0.1454029814443166,16.758362571849325,47.48345457183706,0.0299719181102429,0.1847785852837649,43.0522,9.766363170904755,1,R,LL,col-0
350,-31.059700000000007,0.0792785476249732,4.989989890763966,23.030086550298297,0.0617135502908246,0.1132884709930687,67.0597,11.51301212114668,1,R,LL,col-0
351,-19.0522,0.1233784810276865,10.535771708762686,35.28015749685304,0.0424016822929851,0.1643444178706163,43.0522,11.94084432744434,1,R,LL,col-0
352,-37.056700000000006,0.1363928468290542,10.144690386066998,27.758865195428776,0.0383783918661169,0.1432290423019225,79.0567,13.824435482319092,1,R,LL,col-0
353,-31.059700000000007,0.1334121864296384,8.992857377244945,23.66963566611114,0.0511149871925189,0.1691030653442601,67.0597,14.066773696391902,1,R,LL,col-0
354,-19.0522,0.1429261398893606,13.396361151246088,40.72450388018588,0.0433364028487158,0.2135724476686778,43.0522,15.697698588163243,1,R,LL,col-0
355,-1.0563000000000002,0.1159016445548374,32.247883855106735,90.96640856736832,0.0196859595637828,0.2335411034068799,7.0563,16.42261227384482,2,R,LL,col-0
356,-31.059700000000007,0.0957112170311052,6.240036766489863,26.627914438594036,0.0642688064435164,0.1475342662954514,67.0597,17.811265773786978,2,R,LL,col-0
357,-43.0556,0.1108440293989112,5.47740140061858,18.049637270880552,0.0844040822895124,0.1700761980271122,91.0556,19.60832568894758,2,R,LL,col-0
358,-43.0556,0.08447076467406,3.757329319058445,13.250577749015806,0.1002964786182546,0.138634226872758,91.0556,20.992679053866517,2,R,LL,col-0
359,-43.0556,0.0776916051935277,3.731219693042036,22.1744194354067,0.1052748980759843,0.1445044324586389,91.0556,23.66734639506352,2,R,LL,col-0
360,-55.0518,0.1064136435921433,3.681216541556231,11.075136909970764,0.1062642244343445,0.1439076760429614,115.0518,24.44786639506352,2,R,LL,col-0
361,-55.0518,0.0806459446559191,2.471185096534608,10.054858016849284,0.1367886257594695,0.1243542924112013,115.0518,25.435422344343426,2,R,LL,col-0
362,-50.368300000000005,0.1146610119308795,5.124409249088772,19.004484886393683,0.0941450435743123,0.1774789232658626,104.3683,26.348906282352186,2,R,LL,col-0
363,-55.0518,0.1287894879002792,5.054215001949624,15.315494987009227,0.0922983071699878,0.1716140997114919,115.0518,28.72919409789728,2,R,LL,col-0
364,-61.0565,0.0868921268849186,2.722101382676136,13.064981677504344,0.1226641696400515,0.1228365294158222,127.0565,29.600169097897275,2,R,LL,col-0
365,-55.0518,0.0938596508473008,3.507636786841154,15.062800678272106,0.1055803410576209,0.1362395482262726,115.0518,30.50669409789728,2,R,LL,col-0
366,-61.0565,0.1366282960229856,3.594386665949087,9.517374363326384,0.1544024672032133,0.2041665303039908,127.0565,32.12792349622204,2,R,LL,col-0
367,,,,,,,163.0565,36.70176849049602,2,R,LL,col-0
368,-13.049600000000002,0.0997322836604085,12.766998837287314,50.4166510150883,0.026839549280303,0.1260577512116151,31.0496,0.6171291952460193,1,L,LL,col-0
369,-19.0481,0.1237005024904042,9.863544327760303,27.140662002209396,0.0434398718754532,0.1576257095014519,43.0481,1.5911208409489772,1,L,LL,col-0
370,-19.0481,0.0809297194467442,7.255552674799519,34.617373681939775,0.0395782492279407,0.1056410225912651,43.0481,6.167617513026116,1,L,LL,col-0
371,-25.0472,0.059190705970285,4.703856566918351,28.741681798966937,0.0417130176357632,0.0721823800158337,55.0472,7.732140661464642,1,L,LL,col-0
372,,,,,,,151.0569,11.73008826625125,1,L,LL,col-0
373,-31.0568,0.1136392180702966,7.441951535641103,26.09495829244987,0.0566250500083725,0.1550247194583383,67.0568,13.978087307868822,1,L,LL,col-0
374,-55.0509,0.0673232847332818,2.2545159949498235,12.730839832819054,0.1185508607995483,0.0983249084364316,115.0509,15.288665812156935,2,L,LL,col-0
375,-50.3654,0.0797500263217419,3.886870457655263,18.521696799880928,0.0716213661251866,0.1024113722184247,104.3654,19.977707628879653,2,L,LL,col-0
376,-55.0509,0.0675205151622103,2.3206713699514294,11.236964193728175,0.1059439562280699,0.090447246295004,115.0509,24.54421884243642,2,L,LL,col-0
377,-55.0509,0.0738151671950213,2.864407869931763,14.749988057144916,0.0936348469804892,0.0986683535837832,115.0509,26.541838428960165,2,L,LL,col-0
378,-61.0549,0.0721160684547157,2.334611343923821,12.502852811234815,0.106318473210153,0.0913122072282667,127.0549,28.207632037222204,2,L,LL,col-0
379,,,,,,,139.0641,32.651637119855245,2,L,LL,col-0
380,-61.0549,0.0619616603022525,2.163114556017804,14.08232807091792,0.0959059110706579,0.0763186031974811,127.0549,34.34097040630529,2,L,LL,col-0
381,-61.0549,0.0697793561805371,1.9101027558321988,9.580282447834998,0.1369491662775503,0.0962324719891023,127.0549,36.07328585384927,2,L,LL,col-0
382,,,,,,,139.0641,37.186034996705565,2,L,LL,col-0
383,,,,,,,151.0569,39.05864566960149,2,L,LL,col-0
384,,,,,,,151.0569,40.79732685435097,2,L,LL,col-0
385,-1.0553999999999997,0.0717553753772979,7.704514413010209,39.39905982773527,0.0315671250069296,0.0894717269735996,7.0554,3.054998135138626,1,R,LL,col-0
386,-7.052199999999999,0.1514194495171257,17.083667981398968,44.32336687663636,0.0300305639080187,0.1887339928213426,19.0522,4.19259683710638,1,R,LL,col-0
387,-13.049600000000002,0.1323239409701198,11.508297775724053,34.819106830107444,0.0441269834840339,0.1868189164795321,31.0496,9.904212454688285,1,R,LL,col-0
388,-19.0481,0.1158372372185778,9.330180306585556,31.95467094098979,0.0475151288645145,0.1630900501026721,43.0481,12.527751948717205,1,R,LL,col-0
389,-19.0481,0.1121010943604579,8.92768417318059,30.35340324152776,0.0465801986539435,0.1529838804617846,43.0481,13.379945568148845,1,R,LL,col-0
390,-25.0472,0.1145903496726269,7.737242951929706,25.33050943149344,0.0613763078575518,0.1746998417951076,55.0472,15.146423087350067,1,R,LL,col-0
391,-31.0568,0.1728968349010157,15.520358688096124,36.22255604723976,0.0392217278363704,0.2239411962417584,67.0568,19.35554308735007,2,R,LL,col-0
392,-31.0568,0.1258582762413718,8.635218626071296,28.420216506243943,0.0583762903483683,0.1854450941986906,67.0568,21.589867500312057,2,R,LL,col-0
393,-37.0532,0.1510430148311684,9.59081245450241,25.129777285313857,0.0577574392239743,0.2037834199713868,79.0532,22.502433823707378,2,R,LL,col-0
394,-43.053,0.1698246541185312,10.267374065915284,22.858813196394014,0.054430892556303,0.2055939633507459,91.053,25.240366324993836,2,R,LL,col-0
395,-13.049600000000002,0.0923442444635628,12.00764419075821,57.421855625316766,0.0396251554548767,0.1750387920502592,31.0496,26.578112661891623,2,R,LL,col-0
396,-43.053,0.1165130261833297,5.051780262564544,15.863843135938716,0.1135842735503323,0.2110902501910854,91.053,28.07644477457525,2,R,LL,col-0
397,-43.053,0.1296352599188724,6.674011806124806,22.336957844205948,0.0815742426862397,0.2002836692883615,91.053,29.593803237635985,2,R,LL,col-0
398,-43.053,0.1368164386608693,7.454463038149201,22.37032308261207,0.071253063817711,0.1954003904315972,91.053,30.13491159251895,2,R,LL,col-0
399,-43.053,0.1195806557741685,6.288223356831409,23.562396000468308,0.0822402196896433,0.1902469658992363,91.053,31.36573054848939,2,R,LL,col-0
400,-55.0509,0.1935299096677689,6.605344433154891,10.66731549076986,0.107290414917806,0.2607125344725403,115.0509,32.697706948835105,2,R,LL,col-0
401,-55.0509,0.131343126218916,5.6534370266965,17.69256372286229,0.0842118160051862,0.1751423247231723,115.0509,34.882462894385085,2,R,LL,col-0
402,,,,,,,139.0641,37.1042330532045,2,R,LL,col-0
403,,,,,,,151.0569,39.784580501376006,2,R,LL,col-0
404,-7.050599999999999,0.1668540206422359,36.77976766096847,78.57902996699156,0.0182060634493792,0.2463375124236529,19.0506,4.502901179026599,1,L,LL,col-0
405,-19.047400000000003,0.0603680594959112,4.380261665113981,25.19590334538238,0.0576411763236995,0.0928834649665101,43.0474,5.460317691572223,1,L,LL,col-0
406,-7.050599999999999,0.220064673188732,16.706851296171052,29.02094109781573,0.0562402318951637,0.3456584896008818,19.0506,6.629160062766918,1,L,LL,col-0
407,-31.0561,0.0687342580131577,4.524877224666089,20.2934419604596,0.0495352107149893,0.0824567726703869,67.0561,7.795603267890257,1,L,LL,col-0
408,-13.047999999999998,0.2089857057706658,17.464164704268917,33.31767955665103,0.0393101456706265,0.2525561740335821,31.048,10.303080206970808,1,L,LL,col-0
409,-7.050599999999999,0.1543894986855386,19.33732615017981,51.4139236486063,0.0283452755126212,0.2016427552381439,19.0506,12.19201665182607,1,L,LL,col-0
410,-25.0466,0.1735897623197851,10.799983152108886,21.492236784060445,0.0518604724278794,0.2060464160182442,55.0466,12.227346525870567,1,L,LL,col-0
411,-13.047999999999998,0.1647736361926212,13.038845589927428,26.047128398455527,0.0635647071532317,0.3049023073555932,31.048,13.756601754627392,1,L,LL,col-0
412,-13.047999999999998,0.1245299862206149,10.57131096857263,33.27458840888048,0.0450609712204992,0.1752406738442705,31.048,14.96890627991714,1,L,LL,col-0
413,-13.047999999999998,0.1492434477660664,11.494253895441746,26.988374684069207,0.0672731562325271,0.2844645209296539,31.048,16.14747012337422,1,L,LL,col-0
414,-19.047400000000003,0.1286891635455812,9.95854401063967,27.716452863495324,0.0490189084778886,0.1795829087035103,43.0474,18.39401638223624,1,L,LL,col-0
415,-19.047400000000003,0.1720916957717687,11.73418268915266,27.70815997442445,0.0567149398881433,0.2448250431152129,43.0474,19.34187864402159,1,L,LL,col-0
416,-25.0466,0.1368026919136441,8.605320395871026,17.32949523513576,0.0899227451713042,0.2846702740583751,55.0466,21.2030318458134,1,L,LL,col-0
417,-19.047400000000003,0.1597738949349285,12.784847041080267,33.254008422275575,0.0517485805401776,0.2433881873000062,43.0474,23.24759656868288,1,L,LL,col-0
418,-25.0466,0.1315004243187931,9.43968798181226,28.224965802015667,0.0542884578651044,0.1885257436867234,55.0466,25.2988878533956,2,L,LL,col-0
419,-31.0561,0.1220524622783196,7.582781760570338,21.953266995413934,0.0623779253598463,0.1740063115342961,67.0561,26.122330462289234,2,L,LL,col-0
420,-31.0561,0.0985545026211043,5.802667066916834,21.86876544976341,0.0763596775778762,0.1630036229807384,67.0561,27.12326398382667,2,L,LL,col-0
421,-37.0517,0.1079827043833799,7.5715936503003425,27.21129519776561,0.0444035090507374,0.1236830278816995,79.0517,27.70241763749112,2,L,LL,col-0
422,-37.0517,0.0963612506461685,6.065727096281482,25.435826282317688,0.0559126588136795,0.1247666544508145,79.0517,28.303951671773472,2,L,LL,col-0
423,-43.0513,0.1071232412163267,5.732536769106229,20.596556123745263,0.0660753841982418,0.1393452163361466,91.0513,30.01870343194612,2,L,LL,col-0
424,,,,,,,139.0627,30.75862235357844,2,L,LL,col-0
425,-43.0513,0.099378440687291,4.59213942785168,19.733716589120807,0.0824496718584482,0.1392866571047373,91.0513,31.63430620881884,2,L,LL,col-0
426,-50.364900000000006,0.0795742955178915,3.4078111837541325,17.560370460627432,0.093570871677885,0.1173064027574666,104.3649,33.686754554711484,2,L,LL,col-0
427,-55.0522,0.1297050778748179,4.841009012317552,14.236888483557978,0.0962745794859326,0.1714561389731573,115.0522,34.7210030519306,2,L,LL,col-0
428,-55.0522,0.0862816125108258,3.121088157461844,13.991935756773556,0.1065801748907735,0.1223736693484714,115.0522,35.43722254897112,2,L,LL,col-0
429,-55.0522,0.0872077945479655,2.835851576280823,14.93233985658856,0.1619692460011374,0.1689746577313965,115.0522,38.06065610014084,2,L,LL,col-0
430,,,,,,,139.0627,40.64858377921024,2,L,LL,col-0
431,-1.0564999999999998,0.1889009801067487,19.917475424985803,39.49035620611812,0.0334238496242179,0.2449042246205087,7.0565,1.1238212800288263,1,R,LL,col-0
432,-31.0561,0.0850494002050585,8.20580790927787,37.64740719087308,0.0373441209737019,0.1127324915477025,67.0561,4.885697474671948,1,R,LL,col-0
433,-7.050599999999999,0.1207684714509507,10.180348584125753,26.440010325997136,0.0623200901884081,0.2333975216513164,19.0506,7.124540679375244,1,R,LL,col-0
434,-13.047999999999998,0.1488886659573486,11.577687509459397,26.19629790117979,0.0584658105099048,0.249017183201592,31.048,8.662930547806274,1,R,LL,col-0
435,-13.047999999999998,0.1443968298538297,15.640343746144309,43.00025584278625,0.0331955232994173,0.1909991045815694,31.048,9.307074670809817,1,R,LL,col-0
436,-13.047999999999998,0.1019727248403161,9.26249212175647,35.0208301212731,0.0417205157786968,0.1421618408621231,31.048,10.229923248280109,1,R,LL,col-0
437,-19.047400000000003,0.1303868535612879,9.612145484812633,28.35880846589541,0.0585820247338369,0.2071525250403287,43.0474,12.229869023635272,1,R,LL,col-0
438,-19.047400000000003,0.1281812185626855,10.872520088605713,31.266256249457825,0.0385955352560995,0.15437351933457,43.0474,12.953584961505848,1,R,LL,col-0
439,-19.047400000000003,0.1162423345096612,9.081280966201485,27.15106619894801,0.0406681286898831,0.1358647580747097,43.0474,13.91075646416892,1,R,LL,col-0
440,-19.047400000000003,0.1145977882921701,8.731465131877284,27.034568736801717,0.0468805868136165,0.1505863758641558,43.0474,14.839589012469023,1,R,LL,col-0
441,-25.0466,0.117242462419671,8.133450250368723,21.14966508667832,0.0509195762294579,0.1523579474711534,55.0466,16.949369332038472,1,R,LL,col-0
442,-19.047400000000003,0.1204982211879672,9.866181636936936,32.66878704583745,0.0455649145558253,0.1653808367376421,43.0474,17.723966800678248,1,R,LL,col-0
443,-25.0466,0.0938401875830919,7.651835973202933,31.89770880082156,0.0413064473359769,0.1162757137032463,55.0466,19.83015581017096,1,R,LL,col-0
444,-31.0561,0.0821040405915069,5.248464111091668,22.74771272907318,0.056224214442144,0.1085578281782494,67.0561,20.650956623990208,2,R,LL,col-0
445,-31.0561,0.0995924147349299,6.919062745708266,25.08360902167121,0.0474333290389578,0.120735891482019,67.0561,21.194460835243444,2,R,LL,col-0
446,-43.0513,0.1234767293510773,6.225409551730463,16.600147633989234,0.0670688900206243,0.1536011844640286,91.0513,23.449996970544294,2,R,LL,col-0
447,-50.364900000000006,0.0747143885494653,2.737800931702007,9.195476572302375,0.1156116122836541,0.1164417819050024,104.3649,24.97786103900525,2,R,LL,col-0
448,-50.364900000000006,0.0771559082485071,3.2294364438016334,13.872111070030847,0.0906193698732799,0.1076597328942189,104.3649,25.97533544861775,2,R,LL,col-0
449,-50.364900000000006,0.0739153825921962,3.14171411974229,15.693553137966124,0.0918084700197617,0.1061096621966282,104.3649,26.415911293642424,2,R,LL,col-0
450,-55.0522,0.114715654400774,4.619189516923387,15.470530715533862,0.0873874780470489,0.1484979659868931,115.0522,27.21157896296172,2,R,LL,col-0
451,-50.364900000000006,0.0926936808252385,4.378602469207962,18.795032759059616,0.0813507494435194,0.1310396106305278,104.3649,28.43473643964401,2,R,LL,col-0
452,-55.0522,0.1018794080103631,3.608533804650176,13.83734699268106,0.1152433280205102,0.1529861402039187,115.0522,29.379985561128954,2,R,LL,col-0
453,-55.0522,0.0850073895276335,3.2628290239260105,14.031774229191685,0.0902027112469473,0.1082728145448408,115.0522,31.0666304982316,2,R,LL,col-0
454,-55.0522,0.0895231700849353,3.109761462264777,12.936564886507316,0.1112852824304212,0.1273122893278353,115.0522,32.53920627754191,2,R,LL,col-0
455,-61.0562,0.1076947277914467,3.10500031351236,10.37333920234654,0.1245303117923099,0.1422467137545152,127.0562,33.692900769061175,2,R,LL,col-0
456,,,,,,,139.0627,35.51010645881415,2,R,LL,col-0
457,,,,,,,151.0564,37.69687166019755,2,R,LL,col-0
458,,,,,,,151.0564,38.36652248908153,2,R,LL,col-0
459,-7.052600000000002,0.1375107523679415,17.804898184901166,52.26803334143535,0.0251982248302446,0.1650497835969748,19.0526,1.2282008573217291,1,L,LL,col-0
460,-13.0489,0.0802439052988923,6.992479569209654,32.82576433770656,0.0425719309266505,0.1095115871024899,31.0489,3.99924353341876,1,L,LL,col-0
461,-13.0489,0.0613492179782097,5.7526537216830365,36.466232532232105,0.0391058488872983,0.0827590446236471,31.0489,4.822925734441259,1,L,LL,col-0
462,-13.0489,0.093768151077448,7.738204046776308,29.96671588689545,0.0492099429068004,0.1400872328087123,31.0489,4.945399941725896,1,L,LL,col-0
463,-19.0494,0.1093231175560042,9.753572356767553,34.762047374616024,0.0385641039025372,0.1383733554958596,43.0494,7.141425775375071,1,L,LL,col-0
464,-13.0489,0.1191613959123898,9.84018136961063,30.808920618042148,0.0490244698618847,0.1774686016510022,31.0489,8.176257024999856,1,L,LL,col-0
465,-19.0494,0.112714700850736,8.644513857554664,29.290623542383223,0.0512382388855773,0.1629447180368933,43.0494,10.20401587566661,1,L,LL,col-0
466,-13.0489,0.109074062075497,9.102838598004652,35.437935226005465,0.052826227962757,0.1769016817358392,31.0489,11.527053383978451,1,L,LL,col-0
467,-25.047,0.124799402322462,7.371804310408065,21.52081592817709,0.0716356799601858,0.194271325651643,55.047,13.286922390718017,1,L,LL,col-0
468,-31.057199999999995,0.1266412200707385,8.035353189831433,22.180858621618064,0.056953647754651,0.1683573315932815,67.0572,16.92043520189368,2,L,LL,col-0
469,-31.057199999999995,0.0979057482227796,5.8046626363936165,21.45921732731597,0.0718419415767165,0.1534124348808751,67.0572,17.238348720929817,2,L,LL,col-0
470,-31.057199999999995,0.1311629362656046,6.835964928176289,21.09619112423076,0.0688198701040175,0.1730689634412937,67.0572,18.060069388203623,2,L,LL,col-0
471,-37.0527,0.0782124609836267,5.4667976733125405,29.6983225847707,0.0571360931203046,0.1149076808968398,79.0527,19.879439388203615,2,L,LL,col-0
472,-37.0527,0.1203268956703734,6.610837067046164,22.733602949253548,0.0860536875609881,0.2092817976150338,79.0527,20.15176926224812,2,L,LL,col-0
473,-43.0544,0.091792969947166,4.471697946367416,19.481264769716358,0.0874984361405916,0.1439389297694888,91.0544,21.59976612093243,2,L,LL,col-0
474,-50.366,0.0849661083475393,3.3742508872402643,13.239410217891516,0.0976176041184519,0.1211744433040188,104.366,22.39134612093243,2,L,LL,col-0
475,-43.0544,0.0869247268353112,4.218976630687036,21.36211903104624,0.0946150954320303,0.1468497020282287,91.0544,22.78239612093243,2,L,LL,col-0
476,-55.052400000000006,0.0731908786551835,2.5405029529920244,13.945366986692672,0.1212396127740509,0.1133103974162576,115.0524,24.18767701893156,2,L,LL,col-0
477,-55.052400000000006,0.1205525861791801,5.928011351143882,19.193332697935364,0.0680237297973512,0.1483457079998348,115.0524,24.59036755380485,2,L,LL,col-0
478,-55.052400000000006,0.0776160444257172,2.8129089742000466,13.84384670156838,0.0978191441013241,0.1012243636441349,115.0524,25.11998581632985,2,L,LL,col-0
479,-55.052400000000006,0.0670884622615849,2.2639422685736155,16.664403967221098,0.1604797442549826,0.1336568094098978,115.0524,26.479269186404597,2,L,LL,col-0
480,-13.0489,0.1110182807102526,10.052699119217984,33.80579592001573,0.0382802264453865,0.1415672189109072,31.0489,3.9054770752217713,1,R,LL,col-0
481,-19.0494,0.1464177805829493,11.266567159684367,28.251515769583055,0.0491222667492173,0.2035989467949041,43.0494,5.548011254770217,1,R,LL,col-0
482,-13.0489,0.1390050722537165,16.562956584772895,50.00613843667692,0.0294359607042774,0.1793583483771481,31.0489,8.669647026155728,1,R,LL,col-0
483,-25.047,0.1069319334361505,7.17447016003393,22.07219575191444,0.0491509641941656,0.129726109432825,55.047,10.249630948702228,1,R,LL,col-0
484,-25.047,0.203158491489122,14.097639227492438,24.111655693725144,0.0555472366813456,0.2880808364383851,55.047,11.66574233281781,1,R,LL,col-0
485,-19.0494,0.1426357066059552,13.35447250708865,37.12140374352024,0.0363777954309464,0.178718138739303,43.0494,13.101477673071404,1,R,LL,col-0
486,-31.057199999999995,0.1868645846924016,14.37032471772418,30.2153108596611,0.0425440956141038,0.2249113621684897,67.0572,15.17578404098526,1,R,LL,col-0
487,-31.057199999999995,0.1211250237415966,8.194823873627909,24.77505453107663,0.0487088640979142,0.1468429646212083,67.0572,17.27921860128034,2,R,LL,col-0
488,-37.0527,0.1127120932895808,6.909494758649892,22.67207352625348,0.054863973049519,0.1394565972724236,79.0527,18.157235831666696,2,R,LL,col-0
489,-37.0527,0.0899908565238966,5.088052063141971,19.9173901642562,0.0673405077223347,0.1260472720902109,79.0527,18.566288799508275,2,R,LL,col-0
490,-37.0527,0.1024783158012745,5.981078260064945,23.19135122040894,0.0654194239472633,0.1439433874223259,79.0527,19.36536901575693,2,R,LL,col-0
491,-43.0544,0.0942762173165983,4.309262861336352,20.19351704479188,0.0923675965540249,0.1464293544745507,91.0544,21.124856620092768,2,R,LL,col-0
492,-50.366,0.088931046386987,3.823399292406531,17.230135683110007,0.0934111678969931,0.1313874777446065,104.366,22.140813412903785,2,R,LL,col-0
493,-55.052400000000006,0.0996992714831468,3.536061246188956,12.79632468358538,0.1056079877196157,0.1373795420157108,115.0524,23.10473320054174,2,R,LL,col-0
494,-55.052400000000006,0.1401733850498697,11.11044475660491,29.902149218260945,0.0435308423036075,0.1779237949351575,115.0524,23.61445194098671,2,R,LL,col-0
495,,,,,,,139.0667,24.760217115248253,2,R,LL,col-0
496,-61.05929999999999,0.0718025332341531,1.9123480168716944,11.84840367259473,0.177850302277691,0.1251200921479059,127.0593,26.048214621246306,2,R,LL,col-0
497,,,,,,,163.0555,27.54918948148057,2,R,LL,col-0
498,0.0,0.072115355032069,6.6670527151449575,11.223278636593015,0.0600472409822813,0.1472761642433625,0.0,0.7530400214630012,0,L,LH,col-0
499,0.0,0.0421945391531692,4.043855315077432,20.650044373243944,0.0462670707288378,0.0688292648396716,0.0,1.8326717776471968,0,L,LH,col-0
500,0.0,0.0510313218323907,4.688200717793435,23.197371386815952,0.0809451072081148,0.1396054322778135,0.0,4.4291239517562015,0,L,LH,col-0
501,-1.0591999999999997,0.086869170167863,7.756318307131336,28.22709127590688,0.0418576954986328,0.1194363316162918,7.0592,5.912606712134876,1,L,LH,col-0
502,-1.0591999999999997,0.1127680571821188,9.534468150406822,23.88965515192071,0.0603956981989221,0.2118400141112821,7.0592,7.729165248665067,1,L,LH,col-0
503,-1.0591999999999997,0.0969308177050536,8.621123968203687,28.81256903996457,0.0525508559850262,0.1666668405530842,7.0592,9.880843592621588,1,L,LH,col-0
504,-7.0533,0.157417979068119,13.281630278893994,25.633335736975194,0.0504740517340367,0.2466181713723452,19.0533,10.714942936824665,1,L,LH,col-0
505,-7.0533,0.1090876151839569,8.665027806436054,21.03994337061929,0.0630666839674464,0.2010367595134263,19.0533,12.034245992404204,1,L,LH,col-0
506,-13.0491,0.1207905639009573,8.718824650014312,22.4270420384817,0.0580767564597933,0.1862798222440287,31.0491,14.461617610934876,1,L,LH,col-0
507,-7.0533,0.1531765633916981,12.503094199978142,27.555317602755245,0.059463767724921,0.2735114076717264,19.0533,15.862050756995709,1,L,LH,col-0
508,-13.0491,0.1507953834581086,11.650787979840215,23.721866756112416,0.0497448259087804,0.2132105706220354,31.0491,16.999647762084326,1,L,LH,col-0
509,-37.055400000000006,0.0728774193192681,4.222750040346343,19.308804521106183,0.0604854893604908,0.0939619652249862,79.0554,19.822081596370985,1,L,LH,col-0
510,-19.051900000000003,0.1208289523638861,9.055167133732352,27.706903896834795,0.0476839094319954,0.1588451075881444,43.0519,20.73481128758332,1,L,LH,col-0
511,-31.058899999999998,0.1125879792757383,5.945082316920386,9.198457316989469,0.1195072246254321,0.2613710912630608,67.0589,22.62613792295192,1,L,LH,col-0
512,-37.055400000000006,0.1841567121209351,8.880907479349402,10.1660540462502,0.0907311081278928,0.2964279010169615,79.0554,25.998562351496908,2,L,LH,col-0
513,-43.057100000000005,0.1352817497811983,6.462356224533691,15.668664629390737,0.0794055274556473,0.1887761597208186,91.0571,29.621096033265644,2,L,LH,col-0
514,-50.369600000000005,0.0997437643694384,3.9254959761009576,14.153694629707166,0.1106393473080823,0.1597753066327638,104.3696,32.02636631657303,2,L,LH,col-0
515,-37.055400000000006,0.1374162079514126,7.512204969874009,21.3775459555168,0.0771986756564126,0.2133451612199276,79.0554,32.971996316573026,2,L,LH,col-0
516,-50.369600000000005,0.1304192675721939,5.617108721249307,15.04344048350763,0.0868022569538897,0.1793698171599147,104.3696,35.161846667433814,2,L,LH,col-0
517,-61.0641,0.1041111809737285,2.8404904589229294,10.341528577586567,0.1566291807215167,0.1636709221135444,127.0641,37.6202958385747,2,L,LH,col-0
518,-55.05500000000001,0.1551806240738141,5.789868809171693,13.508074507390956,0.0969501838189755,0.2065013419359676,115.055,39.738849436962525,2,L,LH,col-0
519,-55.05500000000001,0.1735800809512697,5.966910834609124,12.469118860446851,0.1141853385808713,0.2506486732900507,115.055,41.06545406895208,2,L,LH,col-0
520,-61.0641,0.1079437012515271,2.9831434638259164,10.90420869138947,0.1645460314969721,0.1805789279167384,127.0641,43.64052712158373,2,L,LH,col-0
521,-61.0641,0.1177387555209655,3.391968364644696,10.886979516328005,0.1326384449692044,0.1655109505427009,127.0641,45.85247411854045,2,L,LH,col-0
522,,,,,,,139.0703,47.907504330868974,2,L,LH,col-0
523,,,,,,,139.0703,49.74292631805855,2,L,LH,col-0
524,,,,,,,139.0703,51.92158188510562,2,L,LH,col-0
525,,,,,,,139.0703,54.01557758351708,2,L,LH,col-0
526,,,,,,,151.0608,57.62280166261274,2,L,LH,col-0
527,,,,,,,151.0608,59.01855669179282,2,L,LH,col-0
528,,,,,,,139.0703,61.67260412003016,2,L,LH,col-0
529,,,,,,,151.0608,64.0528931929098,2,L,LH,col-0
530,0.0,0.1768517527016352,20.357375586019018,43.85530910153985,0.0308368058463591,0.2309386877825492,0.0,5.059906910964147,0,R,LH,col-0
531,-1.0591999999999997,0.1107129680590668,9.150373687254064,17.450008891437673,0.0736413115198467,0.2478939130487724,7.0592,6.747302599445643,1,R,LH,col-0
532,-1.0591999999999997,0.0240317774901193,2.0260622926408947,20.346294443036143,0.0509022632398609,0.037939832095639,7.0592,7.486177518387272,1,R,LH,col-0
533,-13.0491,0.4631056492968652,48.69125888558585,42.16838673278664,0.0350333388782332,0.6275351419001014,31.0491,9.818831024927016,1,R,LH,col-0
534,-7.0533,0.4758372565582333,56.76323376757931,48.977171147389,0.0310664233900085,0.648729883247358,19.0533,10.753469137406915,1,R,LH,col-0
535,-7.0533,0.4605867722543706,49.7855651972972,44.456303715636,0.0322059159250305,0.5898541167577241,19.0533,12.30317545096122,1,R,LH,col-0
536,-13.0491,0.1652149695700755,12.137961097572578,16.39387612077476,0.0673908260136163,0.3009206830294939,31.0491,13.616264359016805,1,R,LH,col-0
537,-13.0491,0.2108364864947068,16.435953645792658,23.692248930304444,0.0414967255428114,0.2509078530170165,31.0491,14.506264839297572,1,R,LH,col-0
538,-13.0491,0.1946756920959171,14.373078903853424,21.27476167368425,0.0499467908681854,0.2640966652636075,31.0491,15.87487239962548,1,R,LH,col-0
539,-13.0491,0.4477151731839652,46.33774773510277,41.76375460039443,0.0354551747151067,0.6043938949420693,31.0491,16.92789824641178,1,R,LH,col-0
540,-13.0491,0.2865075032201555,24.33968793389963,30.054450177037747,0.0438011485336158,0.3921985848902782,31.0491,18.137838946658345,1,R,LH,col-0
541,-13.0491,0.4610054661046368,46.80876561919208,42.05347613414042,0.0348342103213224,0.5998444934551759,31.0491,18.60760671907361,1,R,LH,col-0
542,-13.0491,0.4260478016252689,47.98478634260852,47.22829423700428,0.0336803188989712,0.5945457492294776,31.0491,20.577136170551,1,R,LH,col-0
543,-19.051900000000003,0.2224228750409793,16.484656885031082,26.42501103548883,0.040930324723299,0.2482164844691545,43.0519,21.729522709503865,1,R,LH,col-0
544,-19.051900000000003,0.4810609539175012,45.501597508167,38.74407987854233,0.038153775791362,0.6386599547183631,43.0519,22.991237791168498,1,R,LH,col-0
545,-25.048900000000003,0.3019001373999976,46.47195994891324,57.33943851059895,0.0270845807819434,0.4630401234168954,55.0489,25.9735058905334,1,R,LH,col-0
546,-25.048900000000003,0.3459696501047807,26.521391749239672,31.02319631125696,0.0468892710392331,0.4574833680040975,55.0489,27.17877615675396,1,R,LH,col-0
547,-31.058899999999998,0.3367959819917979,27.16050142009871,32.611570999468434,0.0433822330348661,0.4334661658752609,67.0589,28.9265786688452,2,R,LH,col-0
548,-31.058899999999998,0.3076012532396825,21.589074557494083,28.40588450629418,0.055369983530496,0.4397581921683032,67.0589,30.241780387213904,2,R,LH,col-0
549,-31.058899999999998,0.3093469802341267,25.20859027670245,33.485775229116726,0.0462233915733186,0.4286628881420732,67.0589,31.152304653776856,2,R,LH,col-0
550,-31.058899999999998,0.2229829352359832,14.940608134905723,28.66649943400185,0.058641505185226,0.3223138014023273,67.0589,32.45118766295014,2,R,LH,col-0
551,-50.369600000000005,0.1980447621026413,8.047654483611549,12.472622281393855,0.0859765131900209,0.2545391962728137,104.3696,34.18346105090159,2,R,LH,col-0
552,-37.055400000000006,0.3005450820444547,19.887074645708267,26.891347149070203,0.0567089471195987,0.4148852604758437,79.0554,34.34146105090159,2,R,LH,col-0
553,-37.055400000000006,0.2866607895713031,19.55400201666525,28.98543424647664,0.0548431236806805,0.3945148511919305,79.0554,35.970633030662015,2,R,LH,col-0
554,-43.057100000000005,0.2381444038962266,14.339633201549429,24.69980012631908,0.0602569866705455,0.3178710454670188,91.0571,37.81453832118149,2,R,LH,col-0
555,-43.057100000000005,0.1847840143023866,9.390243954178954,21.913858571994915,0.0833523469134452,0.287938823515701,91.0571,39.45872552463492,2,R,LH,col-0
556,-43.057100000000005,0.2256309733177623,24.726401227950117,41.45327852897033,0.0349294255127215,0.3177297441520095,91.0571,39.73493692139513,2,R,LH,col-0
557,-50.369600000000005,0.3882976177274175,16.569963884660353,19.622423065092004,0.0858860207114046,0.523539629513661,104.3696,41.575249443260326,2,R,LH,col-0
558,-43.057100000000005,0.2613327617704108,14.189414525651967,24.265558489234618,0.0775095166884416,0.4045992032396089,91.0571,42.83924944326033,2,R,LH,col-0
559,-43.057100000000005,0.2332268934197811,13.219253779034736,26.10337163560364,0.0779016999552494,0.3788431099178709,91.0571,44.12300812451349,2,R,LH,col-0
560,-50.369600000000005,0.2642016854129813,12.04393287812082,19.417440681528483,0.0885571101074416,0.3923713423854246,104.3696,44.79593325927961,2,R,LH,col-0
561,-55.05500000000001,0.3783528140663079,82.73401626386843,51.95846742968111,0.0332704735581183,1.012624913151251,115.055,46.2388172269148,2,R,LH,col-0
562,-55.05500000000001,0.2154388897781776,11.33802070689826,21.554670168148995,0.0670787007715909,0.2797869192140645,115.055,49.11881112075456,2,R,LH,col-0
563,-55.05500000000001,0.2498126291223605,8.9065217899757,15.909602381046357,0.1269220022818654,0.4158632733058465,115.055,50.93820666696868,2,R,LH,col-0
564,-55.05500000000001,0.2135115118955148,7.567370247429952,16.200181116067192,0.1321300554538035,0.3678342105532148,115.055,52.74190523727226,2,R,LH,col-0
565,-55.05500000000001,0.1059745938711411,4.112652455670155,16.01256118904337,0.1035180884194212,0.1566187567776058,115.055,55.50000760830719,2,R,LH,col-0
566,-55.05500000000001,0.170427386556398,5.730651779950458,16.26764659846311,0.1608746775871726,0.3391542215424028,115.055,57.57710287558356,2,R,LH,col-0
567,-61.0641,0.1749506082919099,4.813680471313764,12.391036126613397,0.1696071560758431,0.300349524633425,127.0641,59.65719048661664,2,R,LH,col-0
568,,,,,,,151.0608,61.46184317718586,2,R,LH,col-0
569,-61.0641,0.1176689105694717,3.410595997097172,15.469301489465076,0.1961425187510956,0.2460976938849159,127.0641,62.6240886233702,2,R,LH,col-0
570,,,,,,,139.0703,64.93885636824636,2,R,LH,col-0
571,,,,,,,139.0703,67.87540440281686,2,R,LH,col-0
572,0.0,0.0341361546356259,3.051860522775593,16.105997183409144,0.0956547296320332,0.1073931665673765,0.0,2.3437776100982592,0,L,LH,col-0
573,-1.0602999999999998,0.164581735417303,15.869852242236002,35.44847769562603,0.0382713974449413,0.2234357807186652,7.0603,3.6406842372939607,1,L,LH,col-0
574,-7.055499999999999,0.1587049006565343,12.941569903079856,27.687792241488697,0.0518775955678897,0.2469859903474927,19.0555,4.985170500636717,1,L,LH,col-0
575,4.9397,0.0719135149361856,5.652127823995281,16.03626457183127,0.0787554418287891,0.1637563181974704,7.0603,6.449331502144757,1,L,LH,col-0
576,-7.055499999999999,0.0636461760226797,5.076853623861634,20.7848992486153,0.0853284821503203,0.1593654525767262,19.0555,9.187792423579957,1,L,LH,col-0
577,-31.059,0.2244957212381811,36.51397934146972,56.823722672260544,0.0260059110595638,0.3493307019321529,67.059,10.63265123285654,1,L,LH,col-0
578,-13.0491,0.0997909150981196,7.168352022157885,17.122020502393674,0.0825623781181436,0.217724366892767,31.0491,11.569772728768356,1,L,LH,col-0
579,-7.055499999999999,0.0580514703318968,3.726378598132218,24.25274212201252,0.0703650345025799,0.0964604758351676,19.0555,12.711823068935134,1,L,LH,col-0
580,-13.0491,0.0878292742053862,5.86534196185872,20.06538349561091,0.074451914584619,0.1606477791162066,31.0491,14.743282936122483,1,L,LH,col-0
581,-13.0491,0.0730879063823245,5.698562788071261,28.55359948092482,0.0517904153746134,0.1085726030107156,31.0491,16.683910133559625,1,L,LH,col-0
582,-13.0491,0.1421753270593422,7.089064504153291,21.028933690345205,0.1146570458494239,0.2990165277832869,31.0491,17.93633398860517,1,L,LH,col-0
583,-19.053,0.0844152701085876,5.272789443768489,19.55335664298921,0.0751888950619547,0.1458477219030804,43.053,19.306323610738666,1,L,LH,col-0
584,-19.053,0.0814862542070551,5.25360658774979,20.10193543293016,0.1041771776424113,0.2013425911269886,43.053,21.733203610738663,1,L,LH,col-0
585,-31.059,0.0950396770161842,5.385664910578593,18.953524442432293,0.0822827229503845,0.1630247346324496,67.059,23.74464693988592,2,L,LH,col-0
586,-37.055800000000005,0.0767381322666507,3.872049987228905,16.980934986184348,0.1033863590881966,0.1472684495757487,79.0558,25.992239671145114,2,L,LH,col-0
587,-43.0585,0.0593559901357671,2.834862658792827,23.442040759476857,0.1157213898987854,0.1206844130778159,91.0585,30.589319650586702,2,L,LH,col-0
588,-50.370000000000005,0.0833514029832033,3.7441324543527066,20.84336190511918,0.1074305310702257,0.1479736698958841,104.37,31.3816896505867,2,L,LH,col-0
589,,,,,,,139.0716,33.46624543497633,2,L,LH,col-0
590,-55.0551,0.0498704163635543,1.6262340070432832,10.705651339509798,0.1253221547815632,0.0749749889095396,115.0551,34.00296427899822,2,L,LH,col-0
591,-61.06529999999999,0.0584194693765167,1.6211334010516876,10.165510105102944,0.1412720918276641,0.0842520831727357,127.0653,35.57226536592924,2,L,LH,col-0
592,-61.06529999999999,0.083719539008449,2.559185502332178,13.613738125291,0.1385921901764016,0.1304806293896965,127.0653,39.44372752814634,2,L,LH,col-0
593,-55.0551,0.0891504705010043,3.194081926681785,18.750997788697664,0.1544819454868343,0.1815220132482934,115.0551,40.87781560261146,2,L,LH,col-0
594,-61.06529999999999,0.0705147584602757,1.947967569017004,12.726041926288898,0.1865015188517196,0.1336502000977258,127.0653,42.83333716289279,2,L,LH,col-0
595,,,,,,,139.0716,46.20227586255972,2,L,LH,col-0
596,,,,,,,139.0716,50.21537101535209,2,L,LH,col-0
597,,,,,,,151.062,52.784997058184,2,L,LH,col-0
598,,,,,,,151.062,56.8656883583808,2,L,LH,col-0
599,-13.0491,0.18107216065253,15.218864045393522,30.670372455595334,0.0437467777456398,0.2449253995537169,31.0491,5.145842906796332,0,R,LH,col-0
600,-1.0602999999999998,0.1788593830599635,13.663319858391375,30.15477537383046,0.0404477427975149,0.2033087377498609,7.0603,7.676548877376278,0,R,LH,col-0
601,6.0,0.1951094748523243,19.750557380219472,40.39524298858701,0.0381273388364313,0.2770265340260515,0.0,10.238010465343802,0,R,LH,col-0
602,-7.055499999999999,0.1879052624852173,18.716690347173447,37.196349026634856,0.0360233275494282,0.2480381025832283,19.0555,12.687781046862987,1,R,LH,col-0
603,-31.059,0.2087744313757778,13.831827542212492,22.146708208168057,0.0504870861946763,0.2569007606357923,67.059,12.645267594874234,1,R,LH,col-0
604,-7.055499999999999,0.3231364135110428,30.863140595742024,39.72126237360959,0.0392429609750728,0.4455612399298126,19.0555,13.612717236360927,1,R,LH,col-0
605,-7.055499999999999,0.3439019741556324,33.319730864345104,39.36990790441525,0.0405985280269175,0.4976423022745619,19.0555,15.9549007996891,1,R,LH,col-0
606,-7.055499999999999,0.2632812457074045,25.01175410475906,38.18558869194635,0.0413198025729056,0.3801963176851949,19.0555,16.932052562927545,1,R,LH,col-0
607,-13.0491,0.2700896785938005,25.021073283225583,36.62481688932429,0.0386728905112632,0.3559738425301603,31.0491,17.99803630464221,1,R,LH,col-0
608,-13.0491,0.2766540850272421,22.94660563043811,32.65988091578625,0.0446542865333283,0.3769529310982944,31.0491,19.819091863404765,1,R,LH,col-0
609,-19.053,0.1742125364307048,11.267954450371652,15.52936020694112,0.087489300867669,0.3626649182401393,43.053,20.708948045224457,1,R,LH,col-0
610,-19.053,0.3242139145915875,24.31019457508311,30.021573080636045,0.0563586762606969,0.5040280855161898,43.053,21.91658598384679,1,R,LH,col-0
611,-19.053,0.293331264330719,22.753253451763012,30.763311976993,0.0497341990953983,0.4162978339444433,43.053,23.033304494605098,1,R,LH,col-0
612,-25.051,0.2230800359541044,14.571520512385453,23.30032901443973,0.0653218624491029,0.3501619473812647,55.051,24.23345654757308,1,R,LH,col-0
613,-25.051,0.204882653905711,13.70989097819771,24.999518770887647,0.0566733680237799,0.285837064000741,55.051,24.870274784196035,1,R,LH,col-0
614,-19.053,0.235841174544038,18.14880973358008,32.87369723187895,0.0640966769015013,0.4279462053791352,43.053,26.02170429958016,1,R,LH,col-0
615,-25.051,0.1900465369176691,14.568117966106083,29.58428027248556,0.0485375627709551,0.2601278987452892,55.051,27.640679473841708,2,R,LH,col-0
616,-25.051,0.1747064217636004,11.28510658695664,24.02565282143404,0.0706061790522149,0.2931256972547562,55.051,28.53447158072024,2,R,LH,col-0
617,-31.059,0.3563092178378295,465.6956371858413,150.6455127646454,0.012181158039393,2.0868741774403694,67.059,29.809113624036414,2,R,LH,col-0
618,-31.059,0.2169299493545886,14.295203433511231,25.84305445803197,0.0600915479974725,0.3160161298453151,67.059,31.51097375377924,2,R,LH,col-0
619,-31.059,0.1945948405720208,13.04077073098217,28.097765620106266,0.0623340743943259,0.2990434488410656,67.059,33.090649243937385,2,R,LH,col-0
620,-31.059,0.2334292346745699,16.087091350306874,30.411068250508205,0.0620645629252155,0.3673049214182521,67.059,34.931070590262685,2,R,LH,col-0
621,-37.055800000000005,0.2305379844708161,13.55732704607684,24.343277299516835,0.06802010349181,0.3392476744286765,79.0558,36.40475673746764,2,R,LH,col-0
622,-43.0585,0.2114590044025784,10.331581997572146,19.972568532152437,0.0857869961164011,0.3260572084258245,91.0585,38.73556369570797,2,R,LH,col-0
623,-43.0585,0.2190250256040238,12.07681740900962,23.335548262103156,0.0721807975333288,0.3206857740504656,91.0585,41.772004508085686,2,R,LH,col-0
624,-43.0585,0.2297943589731386,12.551154347976563,23.165568675190126,0.0740869629232054,0.3420825968398951,91.0585,42.90615673916665,2,R,LH,col-0
625,-43.0585,0.1938410418844484,9.427932905901365,22.560981717831638,0.1013774423156123,0.3516117108671167,91.0585,44.82970393957925,2,R,LH,col-0
626,-43.0585,0.192535538806432,9.371957790632916,23.439473195180625,0.1050420794784858,0.3621588919905143,91.0585,47.10921417434495,2,R,LH,col-0
627,-55.0551,0.2055222423235873,7.166185584801336,15.295162331183864,0.1318314582667335,0.3475462646895438,115.0551,50.216710875217984,2,R,LH,col-0
628,-50.370000000000005,0.2543048805596439,8.897077203946596,19.528105307705413,0.293930543526342,0.9620498915796108,104.37,51.18864652385631,2,R,LH,col-0
629,-55.0551,0.1429179761825823,5.584451544942043,16.861993950046823,0.0981590538505883,0.2016584425451992,115.0551,53.71859731804184,2,R,LH,col-0
630,-55.0551,0.2069889635130706,9.060518418029712,19.55768163366895,0.0988475749775912,0.3294766069821933,115.0551,54.97881603120522,2,R,LH,col-0
631,-55.0551,0.1550933818271235,5.38265721865817,17.255109592066958,0.1518517723021877,0.3006921614201279,115.0551,56.66106476321286,2,R,LH,col-0
632,-61.06529999999999,0.135422652456899,3.896450509798536,14.573608953720068,0.1818619822616295,0.2606853366260417,127.0653,59.05713170470604,2,R,LH,col-0
633,-61.06529999999999,0.0807383870339197,2.512510754061821,17.027176458164355,0.193387757747287,0.1787485079571032,127.0653,62.91195553615699,2,R,LH,col-0
634,,,,,,,139.0716,63.66831614448097,2,R,LH,col-0
635,,,,,,,139.0716,64.78294203562112,2,R,LH,col-0
636,,,,,,,139.0716,65.9390426439451,2,R,LH,col-0
637,,,,,,,139.0716,68.2932920182033,2,R,LH,col-0
638,,,,,,,139.0716,69.91857218048601,2,R,LH,col-0
639,,,,,,,139.0716,71.82065511553853,2,R,LH,col-0
640,,,,,,,151.062,74.70724313979082,2,R,LH,col-0
641,,,,,,,151.062,77.01127574377514,2,R,LH,col-0
642,,,,,,,151.062,79.3566649753604,2,R,LH,col-0
643,-1.0593000000000004,0.1429113751754533,41.49736524988916,104.69831640614052,0.0132160450799257,0.2017565081364561,7.0593,6.51936836385835,1,L,LH,col-0
644,-7.056699999999999,0.131498792542482,9.542064054651528,21.210832914293,0.0761782786326279,0.2674108352840278,19.0567,8.159214265159234,1,L,LH,col-0
645,-13.0502,0.074313180508855,4.015898584636634,17.246157483161376,0.1319510346583653,0.1949400418227651,31.0502,9.395548111699076,1,L,LH,col-0
646,-7.056699999999999,0.1470127906830163,11.484171079691135,25.57274066448094,0.0691230927234319,0.2920305812599469,19.0567,10.819205268320712,1,L,LH,col-0
647,-13.0502,0.1223213226155282,8.912834863094584,22.741524619371564,0.07749350689272,0.2540894850069449,31.0502,12.860304013519762,1,L,LH,col-0
648,-19.0522,0.1696286414644684,11.682649131494683,19.506546228856987,0.0648975864477805,0.2789172645796127,43.0522,13.63593732522146,1,L,LH,col-0
649,-31.05840000000001,0.0578893928150194,2.454512182766916,14.037679901193838,0.1451983240990755,0.1311089423058657,67.0584,15.315155497586204,1,L,LH,col-0
650,-13.0502,0.1590142578873541,11.646372435221227,24.53353871065047,0.0714804554716821,0.3062552225257611,31.0502,15.769943752601655,1,L,LH,col-0
651,-19.0522,0.1145623265559135,7.743757889681271,20.056475597702736,0.0683529627383409,0.1947218235234186,43.0522,17.656088085981253,1,L,LH,col-0
652,-19.0522,0.1629482694800923,11.298761951745,24.474579814291115,0.0660549483781371,0.2745628248129315,43.0522,18.190436517624875,1,L,LH,col-0
653,-19.0522,0.1097431857744388,6.698541042451894,20.821977862493995,0.0881639989014753,0.2172586223125371,43.0522,18.87517538587375,1,L,LH,col-0
654,-25.0511,0.1411173983992652,7.795884561037688,18.539296709057112,0.0938994982888551,0.2692986581947788,55.0511,20.94504440294781,1,L,LH,col-0
655,-25.0511,0.1590584444689398,9.757542499976324,21.41078348646485,0.0841200582942531,0.3019573008630835,55.0511,22.20852087342605,2,L,LH,col-0
656,-31.05840000000001,0.1358582808576764,7.853870366055674,18.960180147417976,0.0789739454986636,0.2281776391795481,67.0584,24.129158188915724,2,L,LH,col-0
657,-31.05840000000001,0.1619224599794261,10.204070822675352,25.71909509608702,0.0643375074642712,0.2415145022295171,67.0584,25.381800544114117,2,L,LH,col-0
658,-37.056,0.1487963016705664,8.226521208487169,21.42045244430294,0.0775586983699687,0.2347211648046448,79.056,27.808403376192224,2,L,LH,col-0
659,-37.056,0.1457521837910656,7.73674716787504,19.261830832024376,0.0838734593996698,0.2387198202469442,79.056,29.646753113875068,2,L,LH,col-0
660,-37.056,0.1672531859831388,8.783057625079648,20.315228302718968,0.0837140221403457,0.2704889069220101,79.056,30.421348013161136,2,L,LH,col-0
661,-50.3703,0.113595985983013,5.180330186570372,19.188334043080303,0.0888270246809004,0.1692809452353784,104.3703,32.64054974460435,2,L,LH,col-0
662,-37.056,0.1442564895738939,8.888264224787825,27.63863571635197,0.0696829631937354,0.227850027303163,79.056,33.57621709778468,2,L,LH,col-0
663,-37.056,0.2361932694873573,13.750827605131509,26.18145749346396,0.0797903444221141,0.4036311684887125,79.056,35.53766284063963,2,L,LH,col-0
664,-43.0578,0.1943502751182315,9.788280357725528,21.14352579681791,0.0837592582890056,0.301609308536157,91.0578,37.76424717264199,2,L,LH,col-0
665,-43.0578,0.1184971045638726,6.722037368335821,25.91450179990047,0.0717724858123571,0.1774861335561056,91.0578,40.31579272024328,2,L,LH,col-0
666,-43.0578,0.2410921204797983,10.992353420199006,22.136417329900237,0.1256317515068002,0.5080373193475046,91.0578,41.27776232641596,2,L,LH,col-0
667,-50.3703,0.1673794823984648,7.668816975961752,18.68393501254257,0.0805187910519654,0.2271596216545627,104.3703,43.29613646147519,2,L,LH,col-0
668,-50.3703,0.210443575035549,9.761376957637433,21.101053063997902,0.0961131147445914,0.3451431465906783,104.3703,45.854654861388966,2,L,LH,col-0
669,-55.05629999999999,0.1969149866154178,6.795549455669734,15.396213487086271,0.1365694840657162,0.3414159169912051,115.0563,48.109376026946286,2,L,LH,col-0
670,-55.05629999999999,0.1035800795316938,4.0663491374419145,18.29872375781247,0.1139144588971092,0.1704076291239503,115.0563,49.91057602694629,2,L,LH,col-0
671,-55.05629999999999,0.0784719588120156,3.347934331653462,19.363825943079352,0.1108766007493809,0.1365596364363435,115.0563,50.24237602694629,2,L,LH,col-0
672,-55.05629999999999,0.1129060047342809,3.900542436259181,17.531129697540905,0.1568039441278357,0.2250025850300283,115.0563,51.711776026946296,2,L,LH,col-0
673,-55.05629999999999,0.1845829189236484,6.384239924613342,16.6592988030707,0.1488932386552689,0.3496952187870876,115.0563,52.76739596209959,2,L,LH,col-0
674,-55.05629999999999,0.1476155599006615,5.056909948180116,17.67784697329854,0.1657832278286848,0.3084120436928852,115.0563,56.169975753757086,2,L,LH,col-0
675,-61.0667,0.1831410492131473,5.095927778164148,12.724189958585878,0.1694889414139227,0.3177387258378819,127.0667,57.54370354514312,2,L,LH,col-0
676,-61.0667,0.1109904800356466,3.5573435633314023,17.266084138898567,0.1843005032339227,0.2411891960700759,127.0667,59.61130515948187,2,L,LH,col-0
677,-61.0667,0.129343050310441,3.403869785668649,14.204380260634112,0.2445252662328401,0.3061978919361663,127.0667,61.08332528456971,2,L,LH,col-0
678,-61.0667,0.1200396637913888,4.866563805891875,17.76719106327171,0.1067107958817947,0.1910452740769158,127.0667,63.36172946996322,2,L,LH,col-0
679,,,,,,,139.0708,66.05625921684097,2,L,LH,col-0
680,,,,,,,139.0708,66.90417619390888,2,L,LH,col-0
681,,,,,,,139.0708,69.75811836776165,2,L,LH,col-0
682,,,,,,,151.0631,76.06097252269005,2,L,LH,col-0
683,,,,,,,151.0631,79.02684068059085,2,L,LH,col-0
684,-1.0593000000000004,0.2786648117498891,26.456279229708183,40.27842996921649,0.0435039158391103,0.4234114847751777,7.0593,6.855554340110791,1,R,LH,col-0
685,-1.0593000000000004,0.1365907989919783,11.682150546733302,25.83592486241321,0.0766797463395324,0.3295406426387905,7.0593,8.446078626784843,1,R,LH,col-0
686,-19.0522,0.1461539273867788,9.948826161266805,17.22699313253409,0.0670615782184966,0.2454432711174161,43.0522,10.88618743540359,1,R,LH,col-0
687,-13.0502,0.1158619682166836,8.195195178788843,17.25528210030409,0.1207500005909576,0.3640423933682912,31.0502,11.979588532897097,1,R,LH,col-0
688,-7.056699999999999,0.4344196467782865,52.199658140262166,51.238170677683065,0.0308483312370325,0.5923860903280619,19.0567,12.908979465766574,1,R,LH,col-0
689,-13.0502,0.36597904508949,37.86965876217967,42.39378600471006,0.0356052613054876,0.4960335906528945,31.0502,15.216906979329016,1,R,LH,col-0
690,-7.056699999999999,0.2678905077194896,27.10582602891614,42.873968890664855,0.0384722431004786,0.3836327482698521,19.0567,16.226284634124283,1,R,LH,col-0
691,-13.0502,0.3528784283205065,39.73005713477386,47.70186560498549,0.0343688938641981,0.5023313265709621,31.0502,18.569570648482262,1,R,LH,col-0
692,-19.0522,0.2968342388498515,34.048700266195496,46.8205237149388,0.0278488029981864,0.3488290051937352,43.0522,19.844269370533866,1,R,LH,col-0
693,-19.0522,0.3025158663936905,30.036494973429864,41.426350054310944,0.035528283376625,0.3925807448970582,43.0522,21.30375978787377,1,R,LH,col-0
694,-31.05840000000001,0.3266654966709392,23.369913083580805,27.44094633032305,0.0479525820054161,0.4122632399139916,67.0584,25.795462762210917,2,R,LH,col-0
695,-19.0522,0.2917815030493037,28.782187796888635,43.36494836012773,0.0418796282298257,0.4434372153596891,43.0522,26.74425276221092,2,R,LH,col-0
696,-25.0511,0.2403107079371951,23.016163019851263,42.47711867775751,0.043145914435323,0.3653239299498599,55.0511,28.767898837574165,2,R,LH,col-0
697,-37.056,0.2352766639853859,15.921612705693434,28.12666357435353,0.0561075405086456,0.3286349930662166,79.056,29.6024686871374,2,R,LH,col-0
698,-43.0578,0.2076874954922979,12.314482962372164,22.794539155527897,0.0555296638955139,0.2515629883510669,91.0578,30.74898398300908,2,R,LH,col-0
699,-31.05840000000001,0.2463736584818899,16.651718811057272,28.29957812820366,0.0543147228840307,0.332722487895263,67.0584,31.530472446566687,2,R,LH,col-0
700,-31.05840000000001,0.2462513904469592,19.48400204017368,33.29769871920072,0.0469382785886369,0.3364424932721879,67.0584,33.32960601265232,2,R,LH,col-0
701,-37.056,0.2729952699770739,17.689260162747672,26.93679178253665,0.0600024912820579,0.3904671206601909,79.056,34.80465092797245,2,R,LH,col-0
702,-31.05840000000001,0.27576813680498,19.893060894808603,31.841321039530484,0.0571907061105693,0.4185357777709176,67.0584,36.0684578493283,2,R,LH,col-0
703,-37.056,0.2977787825828354,18.634929432449997,26.605221257575185,0.0631128212365278,0.4326641033730645,79.056,38.969378784813216,2,R,LH,col-0
704,-43.0578,0.2151079974651447,11.194596116227595,22.56638025353044,0.0810061344250118,0.3336044660015689,91.0578,41.41471734030355,2,R,LH,col-0
705,-43.0578,0.2407327361940012,14.964167027538686,24.36292039806533,0.0534736416189637,0.294372899961787,91.0578,42.10818127247496,2,R,LH,col-0
706,-43.0578,0.2649842646500674,13.71290104847437,23.936370465549174,0.0916589144023281,0.4623912098629713,91.0578,43.998275760438034,2,R,LH,col-0
707,-43.0578,0.2496364066787345,13.852910326588342,23.93921999651349,0.07804585776713,0.3977373713389446,91.0578,44.93409236773884,2,R,LH,col-0
708,-43.0578,0.1722217181218307,7.624906937430343,18.520118484148306,0.1400212286191662,0.3927660577016163,91.0578,46.67278344905898,2,R,LH,col-0
709,-55.05629999999999,0.1022689010725242,3.585847766413926,16.357380388171446,0.1370462494860962,0.180785885580417,115.0563,48.03730862351982,2,R,LH,col-0
710,-43.0578,0.211578455391077,11.28603470663474,24.870816495955346,0.0849141831535117,0.3525552090010269,91.0578,50.11571961924909,2,R,LH,col-0
711,-50.3703,0.2262677755787614,11.075237966642153,23.646159680674536,0.1002797748024809,0.4085751365259862,104.3703,53.704878868101616,2,R,LH,col-0
712,-55.05629999999999,0.2232214528918882,7.886927143458824,15.410033586459884,0.1248126483812584,0.3621362045903697,115.0563,56.00438204880204,2,R,LH,col-0
713,-55.05629999999999,0.2037010269869786,6.998335156270075,16.855806732198776,0.1509448774498087,0.3886141721790164,115.0563,58.10253133201577,2,R,LH,col-0
714,-55.05629999999999,0.1814796375913197,6.845036228333916,17.39364802514429,0.1209002508351731,0.3044447372296762,115.0563,60.218633850529706,2,R,LH,col-0
715,-55.05629999999999,0.1837180217739565,6.670524805804421,17.107537864317155,0.1359976593792146,0.3337313117877318,115.0563,60.7178236998638,2,R,LH,col-0
716,-61.0667,0.2232253380420057,6.207175419849047,13.254024991726755,0.1752480574666341,0.4001775766200962,127.0667,63.20907010224682,2,R,LH,col-0
717,-61.0667,0.1784900937883313,5.041919002981718,12.456801780353745,0.157727119268792,0.2925551543629678,127.0667,64.18676461870662,2,R,LH,col-0
718,,,,,,,139.0708,65.82023132537681,2,R,LH,col-0
719,,,,,,,139.0708,66.71401499506428,2,R,LH,col-0
720,,,,,,,139.0708,67.79952261249696,2,R,LH,col-0
721,,,,,,,139.0708,70.49631153713962,2,R,LH,col-0
722,,,,,,,151.0631,72.62738241709616,2,R,LH,col-0
723,,,,,,,139.0708,74.73593170189932,2,R,LH,col-0
724,,,,,,,163.0614,76.32655780952743,2,R,LH,col-0
725,,,,,,,151.0631,77.35479906440565,2,R,LH,col-0
726,,,,,,,151.0631,80.21179443801357,2,R,LH,col-0
727,,,,,,,151.0631,81.65143322807825,2,R,LH,col-0
728,,,,,,,151.0631,83.6465832120405,2,R,LH,col-0
729,0.0,0.1409793046324765,17.186009859297172,45.02027131233788,0.0264261580263737,0.1670762051343515,0.0,1.5004466123571074,0,L,LH,col-0
730,0.0,0.0696729075678552,7.093646730181499,35.37618710003176,0.0395166569732265,0.1031229365517041,0.0,3.269319360146453,0,L,LH,col-0
731,-7.058,0.1386938832233979,12.564282170242471,30.11021964431626,0.0384164823553271,0.1775664021467901,19.058,5.271143480516714,1,L,LH,col-0
732,-7.058,0.1814601694323807,18.440275097365063,40.415162724061446,0.0356565611380559,0.241886911624798,19.058,7.062650293230526,1,L,LH,col-0
733,-13.0513,0.1765235573955878,14.845577615182563,30.68448999288466,0.0432368540384119,0.2361330108392161,31.0513,8.79444021218721,1,L,LH,col-0
734,-19.0512,0.213600523318615,18.414789315874295,32.48772652353492,0.0406737522810361,0.2755411786591456,43.0512,10.40679634362964,1,L,LH,col-0
735,-13.0513,0.1535837854175029,13.345285466761888,31.60470816081013,0.0428429312036719,0.2103354925011437,31.0513,10.88731339482495,1,L,LH,col-0
736,-25.0586,0.1459122476739623,8.864902480708876,16.546370333870794,0.0691035315342718,0.225361499205247,55.0586,13.73981844204798,1,L,LH,col-0
737,-19.0512,0.2104839624869053,21.99660716368953,40.85041004377,0.0319130984505478,0.2582439696441602,43.0512,13.918498210348702,1,L,LH,col-0
738,-19.0512,0.1997513478664432,16.227627824164333,29.374888293018685,0.0431993890962452,0.2578921733374976,43.0512,15.501092481358398,1,L,LH,col-0
739,-7.058,0.1045483762062443,8.360351889823706,27.809147927291832,0.0816134575872294,0.2510104792045189,19.058,16.740316648040608,1,L,LH,col-0
740,-13.0513,0.2364192144683326,21.14061164471335,35.15782601569005,0.0415956224015384,0.3234973247088061,31.0513,19.54186701344292,1,L,LH,col-0
741,-19.0512,0.2034264712758148,17.67948485530726,36.458497026773806,0.0444519024096465,0.2891115730580628,43.0512,23.43309416548767,1,L,LH,col-0
742,-25.0586,0.1600711596368355,11.893723508028678,29.75670263183709,0.051961018579405,0.2273531690896544,55.0586,25.51145024251105,1,L,LH,col-0
743,-25.0586,0.2045368406962762,16.984526426645854,34.36041937509172,0.0448793113272297,0.2804175200917675,55.0586,27.39179902247153,2,L,LH,col-0
744,-37.057,0.1182019913834421,9.278175299314322,31.817843647454424,0.0461989085406651,0.1576884219986385,79.057,31.119131347266578,2,L,LH,col-0
745,-13.0513,0.0742978375618985,7.162919575495912,53.15542475236798,0.0683242498636108,0.1800406056889864,31.0513,34.9233093671468,2,L,LH,col-0
746,-50.3714,0.0933633072969746,4.53434531165121,20.448185836682537,0.0827475572842454,0.1380305730238085,104.3714,38.48863295505646,2,L,LH,col-0
747,-43.0619,0.1371468910102068,7.648636537017674,24.65455343101155,0.0752340272713392,0.2116917104731398,91.0619,40.354127883310895,2,L,LH,col-0
748,,,,,,,151.0661,41.44111725790472,2,L,LH,col-0
749,-50.3714,0.1139649307904066,5.465263100904364,19.57133967757066,0.0795738489916896,0.1599878335418042,104.3714,43.24627991807803,2,L,LH,col-0
750,,,,,,,139.0722,44.30764719663904,2,L,LH,col-0
751,-55.0566,0.1129762634397379,4.054740350456184,15.82639735180746,0.1218712067536383,0.1817898697659673,115.0566,46.071763613624825,2,L,LH,col-0
752,-55.0566,0.114678610033102,3.902823313247608,14.88579421138398,0.1371405359608213,0.1969020560471402,115.0566,48.81061873389038,2,L,LH,col-0
753,-61.0669,0.0700675169717721,3.079304619798456,17.74653124478279,0.081635557966142,0.0924778101200308,127.0669,52.23930495813772,2,L,LH,col-0
754,-61.0669,0.1101721902844131,3.186122561726812,11.229312368108785,0.1299928115840305,0.1523657427695681,127.0669,52.59242758100695,2,L,LH,col-0
755,-61.0669,0.0819392527233282,3.453485086412852,17.077511961621692,0.0843366815966886,0.1071469003259393,127.0669,54.8094779820682,2,L,LH,col-0
756,-61.0669,0.1005083113484026,2.7523071668288743,12.926090181085446,0.1829205827383128,0.1852102403659053,127.0669,57.25780612305351,2,L,LH,col-0
757,,,,,,,139.0722,60.46400306527492,2,L,LH,col-0
758,,,,,,,139.0722,62.596550546164856,2,L,LH,col-0
759,,,,,,,139.0722,66.01600457365993,2,L,LH,col-0
760,,,,,,,151.0661,69.57785138593876,2,L,LH,col-0
761,,,,,,,151.0661,74.07148480888203,2,L,LH,col-0
762,-1.0610999999999997,0.1820434346480232,17.645985514487837,36.4950557735956,0.0484558616740915,0.3145558434158988,7.0611,6.9321731716097394,1,R,LH,col-0
763,-1.0610999999999997,0.2024549416235186,30.062233229065004,60.31132075728648,0.0243911167907617,0.2697481306038505,7.0611,7.9487179059563875,1,R,LH,col-0
764,-7.058,0.2098534200115575,28.862116976033967,55.58000699474983,0.0239751257722727,0.254562598075687,19.058,9.690437339676988,1,R,LH,col-0
765,-7.058,0.2207899271711993,42.61305083864652,67.00101866574819,0.0216187415265766,0.3389054520008358,19.058,10.604191446699222,1,R,LH,col-0
766,-7.058,0.2250346417419795,25.093362952868773,46.57046491766592,0.032095268871365,0.2962820935000812,19.058,12.113872145257693,1,R,LH,col-0
767,-7.058,0.2101516305126521,18.88555213228731,35.70557606590424,0.0432015335882309,0.3001472497198022,19.058,13.922771932794436,1,R,LH,col-0
768,-7.058,0.2124932438673885,18.07394225203297,31.31154795418603,0.0457615647769215,0.304270098295736,19.058,16.04589867344933,1,R,LH,col-0
769,-13.0513,0.2381085190412701,18.97463818908027,30.144082441613843,0.0483371982866099,0.3374119780222312,31.0513,17.605800634631507,1,R,LH,col-0
770,-50.3714,0.0951207925107138,5.0894008430821644,20.826207977777923,0.0603755489794413,0.1130402913562893,104.3714,18.53510393065493,1,R,LH,col-0
771,-13.0513,0.2945989013826814,26.456942667538843,35.468213817879594,0.0441241071887258,0.4294584034394383,31.0513,20.52117570545664,1,R,LH,col-0
772,-19.0512,0.3679038426009924,34.40319737197494,39.523756503622586,0.0352849246056886,0.4465740868940412,43.0512,22.781089829733027,1,R,LH,col-0
773,-19.0512,0.2627011851425853,22.35475114452123,33.19208576489006,0.0331299337128929,0.2724557166340803,43.0512,24.497997516670857,1,R,LH,col-0
774,-19.0512,0.2924349915323413,29.618083948464037,41.03713583393282,0.0346550442595516,0.3775973482113144,43.0512,25.179410329651517,1,R,LH,col-0
775,-19.0512,0.2982896128191294,24.56943913620712,33.285912444273976,0.043850294898023,0.3963449044621179,43.0512,26.77785453559484,1,R,LH,col-0
776,-19.0512,0.2919431450285085,28.455586333258573,42.176590729316864,0.0413856646662025,0.4332344577147873,43.0512,28.766463028152764,1,R,LH,col-0
777,-19.0512,0.2933371223099046,22.41578506604104,31.357900882193416,0.0539645175391395,0.4450079508627301,43.0512,29.480849061290343,1,R,LH,col-0
778,-31.0599,0.2274827546681745,16.631069610160548,25.833450312445976,0.041647677336907,0.254810010367563,67.0599,31.144956090531288,2,R,LH,col-0
779,-25.0586,0.3442703530684785,29.067020628086784,35.786674849406694,0.0453956578309113,0.4854230009493481,55.0586,32.93177449733603,2,R,LH,col-0
780,-25.0586,0.190178459253392,14.09912721445919,31.25583240662489,0.0574510713830587,0.2979860129131292,55.0586,35.16374032943854,2,R,LH,col-0
781,-31.0599,0.1607295382102788,9.510252772082996,23.717575948898528,0.069349016735365,0.2426263059789544,67.0599,36.66053406093295,2,R,LH,col-0
782,-37.057,0.1929044741460308,14.924401426398871,31.481935363809303,0.0445474409463805,0.2445823991618529,79.057,37.97310148849679,2,R,LH,col-0
783,-37.057,0.1883487544396545,12.637730287817329,27.735872188642382,0.0539715750468939,0.2509225502338727,79.057,38.51968004159482,2,R,LH,col-0
784,-37.057,0.2255853811266418,13.022578417900425,23.017940541501357,0.0698047550884044,0.3344163535818512,79.057,40.563940836483496,2,R,LH,col-0
785,-37.057,0.2138099863349713,12.92615080258837,25.544777307344617,0.0669005125787583,0.3181296748960405,79.057,42.21496378085408,2,R,LH,col-0
786,-37.057,0.2831034064841256,18.86147185479748,27.967855821616205,0.0572635338129659,0.3973372150053255,79.057,44.7546245413139,2,R,LH,col-0
787,-43.0619,0.2597842830814426,14.098684377847178,21.968163232076265,0.0693079601809311,0.3594737842239417,91.0619,46.08217872649073,2,R,LH,col-0
788,-43.0619,0.1895751986390833,9.768786858363228,22.58043993126985,0.0849822266239755,0.3054036744634943,91.0619,48.49661947151334,2,R,LH,col-0
789,-43.0619,0.1979112338601867,11.871051811092304,25.584946470326955,0.0667078551719314,0.2913209354019602,91.0619,50.41684242333093,2,R,LH,col-0
790,,,,,,,139.0722,52.04359024974089,2,R,LH,col-0
791,-43.0619,0.1806103021529625,8.430032448347909,21.27490089320341,0.1181773534471179,0.3664958187149554,91.0619,53.571900791269954,2,R,LH,col-0
792,-50.3714,0.1631908986563855,7.558887932637393,21.314135233872648,0.0965753693278549,0.2685528726858134,104.3714,56.05784317039803,2,R,LH,col-0
793,-50.3714,0.1781187600508885,8.545457331003783,20.41533002716546,0.0837504625520802,0.2632861672758723,104.3714,58.81042437588188,2,R,LH,col-0
794,-55.0566,0.172419867024615,5.552764877204907,11.71560659534546,0.1621798909491035,0.3312926543608655,115.0566,59.70086056741948,2,R,LH,col-0
795,-55.0566,0.2309737989164267,10.71918857913456,19.660612570242854,0.0735988906512616,0.2902275915051844,115.0566,61.56312603145703,2,R,LH,col-0
796,-55.0566,0.1927531191384226,6.845853157297536,16.417101509777467,0.1324750383298343,0.333631579300782,115.0566,64.08480603145702,2,R,LH,col-0
797,-61.0669,0.2482186515503824,7.328309375126233,10.845574161131736,0.1240963658484186,0.3345556563506134,127.0669,66.5385944598649,2,R,LH,col-0
798,-61.0669,0.1791071821071042,5.242088458173625,11.867082425214829,0.1314141832619221,0.2534265454396076,127.0669,68.07503138693397,2,R,LH,col-0
799,-61.0669,0.1585578003654942,4.409773535611309,11.202345718010225,0.149943326416556,0.2432478140237911,127.0669,68.96039549282487,2,R,LH,col-0
800,-61.0669,0.1751624775805108,5.001409077599568,11.777698300608275,0.1434684578350593,0.2639698503124829,127.0669,69.75595283525959,2,R,LH,col-0
801,-55.0566,0.1566826398402704,5.441538996282938,17.91257623333519,0.1619766028853389,0.3242496756069113,115.0566,70.95623817449189,2,R,LH,col-0
802,,,,,,,139.0722,73.62973000670632,2,R,LH,col-0
803,,,,,,,151.0661,79.53330957151414,2,R,LH,col-0
804,,,,,,,151.0661,82.87842981801474,2,R,LH,col-0
805,-13.0502,0.2663498682045822,23.47200520683336,33.586448076313744,0.0406161357735754,0.3507149775191815,31.0502,2.8670527855192613,1,L,HL,col-0
806,-19.0502,0.1982739760224317,16.287069143020787,34.20489096400006,0.0481652698576635,0.2885907826962614,43.0502,3.288640487901577,1,L,HL,col-0
807,-19.0502,0.2713629759207919,25.50870215045189,37.18958029593679,0.0375570974500369,0.35244057568217,43.0502,8.646368467656927,1,L,HL,col-0
808,-19.0502,0.2605578430925466,20.423470803717425,28.8980594686894,0.0474728047099998,0.3566809853247963,43.0502,9.63383884221254,1,L,HL,col-0
809,-25.05,0.2666981601688751,20.805951443400087,29.061730389689185,0.045990668310366,0.3520163368260593,55.05,11.828219861508984,1,L,HL,col-0
810,-25.05,0.2017150747182044,22.39612608164637,44.34332066618564,0.0291449167955564,0.2401271363250809,55.05,13.641072276582744,1,L,HL,col-0
811,-25.05,0.1734527366560529,11.081410783772206,22.99634375494714,0.0764587783161713,0.3116936300262787,55.05,14.731351302938734,2,L,HL,col-0
812,-43.0506,0.0386489015050817,1.8863953695163067,18.544122842222908,0.0800788443728761,0.0555720012692151,91.0506,16.879308838888207,2,L,HL,col-0
813,-43.0506,0.1801330146521707,8.967557503674103,16.296474900887215,0.0687602214898752,0.2268385984559121,91.0506,17.414019800530102,2,L,HL,col-0
814,-43.0506,0.1797581821605291,9.3807300214129,18.90495667386486,0.0729071596049799,0.2516009832836514,91.0506,19.004752255205204,2,L,HL,col-0
815,-43.0506,0.0906726756445803,4.7511300406954176,22.49498971481565,0.0855287279045416,0.1494907938666871,91.0506,20.23116252335353,2,L,HL,col-0
816,-49.0504,0.133269114048887,5.161841014954714,12.685854264848317,0.1036224553601107,0.1967723267500011,103.0504,21.67839506957854,2,L,HL,col-0
817,-49.0504,0.1105142170533229,4.187692672571388,11.768315714127516,0.1307566013802048,0.2014391796161292,103.0504,24.29248021900049,2,L,HL,col-0
818,-43.0506,0.1363370776338065,6.265455561766352,19.74558486120567,0.1092523798472128,0.2518193381508097,91.0506,25.077284837089053,2,L,HL,col-0
819,-49.0504,0.1658278808697927,7.554395328802999,19.217652075010715,0.092463952434352,0.256967192672846,103.0504,28.087905702378944,2,L,HL,col-0
820,-55.049800000000005,0.2165070969582647,7.507976257290372,11.863960629849675,0.1131491212628879,0.3125212798323466,115.0498,29.15587679173958,2,L,HL,col-0
821,-49.0504,0.1333108198600564,5.487227344820344,17.510772361259406,0.1141947371929544,0.2305178506508907,103.0504,30.98367211112588,2,L,HL,col-0
822,-55.049800000000005,0.178193995295036,6.536504593693572,14.895914854257729,0.1122981556740252,0.2700372723466636,115.0498,32.93600571260242,2,L,HL,col-0
823,-55.049800000000005,0.1414773688618825,6.37556474792025,19.47317275938013,0.0904633870933771,0.2121763739475656,115.0498,34.146054519591644,2,L,HL,col-0
824,-61.0474,0.1500640248077057,4.020880781427746,10.758000368168275,0.1749577291880155,0.258797363646847,127.0474,35.999929234470024,2,L,HL,col-0
825,-61.0474,0.1931584540979769,5.193107735524056,10.745171117355392,0.1620484453109461,0.3095834383556085,127.0474,39.00239665127191,2,L,HL,col-0
826,,,,,,,139.0486,40.77881845851581,2,L,HL,col-0
827,,,,,,,151.049,41.66199147653309,2,L,HL,col-0
828,,,,,,,139.0486,43.00387596629221,2,L,HL,col-0
829,,,,,,,151.049,44.42441200740387,2,L,HL,col-0
830,,,,,,,139.0486,44.92881850106746,2,L,HL,col-0
831,,,,,,,151.049,47.386792089356405,2,L,HL,col-0
832,,,,,,,139.0486,48.21111308362987,2,L,HL,col-0
833,,,,,,,151.049,49.839357960737615,2,L,HL,col-0
834,,,,,,,151.049,52.12435455095454,2,L,HL,col-0
835,,,,,,,167.8557,54.74412689009006,2,L,HL,col-0
836,,,,,,,167.8557,59.7159722058453,2,L,HL,col-0
837,,,,,,,167.8557,60.78315317947782,2,L,HL,col-0
838,-7.0502,0.0832210530080975,6.468152400717784,15.253161038259824,0.103815004606908,0.2470278336295096,19.0502,8.779964586442157,1,R,HL,col-0
839,-13.0502,0.0730175023074545,4.438353925068938,16.1821088460378,0.078623891015596,0.1283754508601059,31.0502,10.473390435782672,1,R,HL,col-0
840,-25.05,0.137779462819244,8.415684640858563,12.3893693803548,0.0865566559701021,0.2679757163460148,55.05,11.407329362468392,1,R,HL,col-0
841,-19.0502,0.0819557333279869,5.228281237390888,11.118878962465294,0.083871503748113,0.1613165363528918,43.0502,12.41667539756254,1,R,HL,col-0
842,-13.0502,0.1019584683453578,7.372884176096269,20.79047920191368,0.0678830755218302,0.1841214726522206,31.0502,13.687022328994312,1,R,HL,col-0
843,-13.0502,0.1409812870188321,10.08437198124875,18.06405138033871,0.1081223832532822,0.4011159993823525,31.0502,15.45960424370102,1,R,HL,col-0
844,-13.0502,0.0954966724017661,6.917829777546477,22.96225656172157,0.0830512104705753,0.2113592971999967,31.0502,18.77843648087583,1,R,HL,col-0
845,-37.0489,0.1340345772014012,6.224911736903064,12.230751449899348,0.0963433858090861,0.220627996264809,79.0489,20.005763495840483,1,R,HL,col-0
846,-25.05,0.1363493742798898,8.6474707841072,17.19137950767989,0.0685832797313936,0.2181789619995664,55.05,20.275925015676304,1,R,HL,col-0
847,-31.050799999999995,0.1144619606750493,6.9060215176284325,23.004077314589228,0.0759631632995271,0.1929907468759582,67.0508,21.53162173809546,1,R,HL,col-0
848,-25.05,0.109635782048943,7.067201973190727,22.254118776025493,0.0695752621991845,0.1808872152811609,55.05,23.8856901665444,1,R,HL,col-0
849,-61.0474,0.0336847621787779,1.377756663201936,16.8952417514049,0.0912613483141769,0.0462556639330984,127.0474,27.853181929445668,2,R,HL,col-0
850,-55.049800000000005,0.0547071606530842,1.827524994047674,17.792671850721565,0.1872768928322626,0.125907916859587,115.0498,31.43376912023698,2,R,HL,col-0
851,-61.0474,0.0192286633806594,1.2391354854892929,24.050288065997403,0.0557614630802026,0.0254190006724393,127.0474,34.45516719000443,2,R,HL,col-0
852,,,,,,,139.0486,40.43245382559101,2,R,HL,col-0
853,,,,,,,151.049,41.54748139314975,2,R,HL,col-0
854,-61.0474,0.0443525488289402,1.382105954903911,16.86055674951648,0.1882210297406307,0.0957006750805313,127.0474,45.120286518970296,2,R,HL,col-0
855,,,,,,,139.0486,49.44871034256293,2,R,HL,col-0
856,,,,,,,139.0486,52.225472155455215,2,R,HL,col-0
857,0.0,0.2143802235005447,32.17572714778586,59.56135961769117,0.0228173339067304,0.2700839560992347,0.0,0.2227901549103997,0,L,HL,col-0
858,0.0,0.2827083867508788,41.92427126399894,61.6052671131728,0.0258196032116468,0.3982177409424606,0.0,3.0441455702196745,0,L,HL,col-0
859,0.0,0.2429309394458172,29.12605528348241,54.74496377208124,0.030968090913653,0.3318192832441835,0.0,3.833764896002675,0,L,HL,col-0
860,-1.0540000000000005,0.2624479026038945,27.95206045049149,43.46121826144962,0.0357305693223492,0.3674170290852274,7.054,4.904088396224032,1,L,HL,col-0
861,-7.0504,0.316111104935239,30.82860582910427,39.04910969991189,0.0373512225988004,0.4236080698763714,19.0504,5.984548878574895,1,L,HL,col-0
862,-1.0540000000000005,0.2979956930909815,36.0302913415022,50.33740164393313,0.0300747151580481,0.3986344380528955,7.054,7.79281325050204,1,L,HL,col-0
863,-7.0504,0.2560464174278603,24.88967665034926,37.749632119151386,0.0379314002324516,0.3473150858738958,19.0504,9.05333245781306,1,L,HL,col-0
864,-7.0504,0.3934723895773168,43.70266200883817,46.56044079305108,0.0337160729237538,0.5420637859641847,19.0504,9.893678596020406,1,L,HL,col-0
865,-13.0501,0.2771576159779622,24.74231824874924,35.54348887255727,0.0401816407080199,0.365740936699826,31.0501,11.46532775769107,1,L,HL,col-0
866,-7.0504,0.2807261408379759,33.33478362763269,47.89446438612498,0.0283822938271849,0.3480572226469416,19.0504,11.64848683417924,1,L,HL,col-0
867,-25.0473,0.1393839839599976,11.418246729281622,30.959677171401072,0.0406682361365339,0.1708284804724867,55.0473,13.451718492850354,1,L,HL,col-0
868,-13.0501,0.3599680815836962,29.827862745220685,30.7064733994904,0.0434524905556003,0.4768066764310396,31.0501,15.483128646536708,1,L,HL,col-0
869,-13.0501,0.4046512359969385,40.19447166428608,39.89413892467285,0.0347564864127441,0.51393442491544,31.0501,17.44300452706606,1,L,HL,col-0
870,-13.0501,0.3808040912767004,38.06090906917996,40.56365973707536,0.0355112575005895,0.497222447103055,31.0501,18.350547322741228,1,L,HL,col-0
871,-25.0473,0.3169033803203949,25.446861702087933,29.399587099736426,0.0371719167794,0.3479803365433729,55.0473,22.02498593152799,1,L,HL,col-0
872,-25.0473,0.3337953914186917,32.419085554248966,39.3331210410563,0.0367856033786531,0.4387166961908683,55.0473,23.37619067516472,1,L,HL,col-0
873,-19.0511,0.3959341992807905,36.76362951983565,40.02752465792243,0.0421308853197797,0.5698026757281107,43.0511,25.3168285997984,1,L,HL,col-0
874,-37.0539,0.3122927506603878,20.857165382698344,27.51521638275853,0.0595595091524794,0.4569954886575571,79.0539,26.9157411892593,2,L,HL,col-0
875,-37.0539,0.3673172931266661,26.309347445824752,27.00936920566232,0.0453137903404037,0.4385771341556472,79.0539,27.57890093734829,2,L,HL,col-0
876,-37.0539,0.3645435825162984,23.98605433441864,26.8793471042994,0.0605025880722723,0.5338734010877554,79.0539,28.87843867014923,2,L,HL,col-0
877,-37.0539,0.1886167231140607,12.573004484682604,26.33094544225221,0.0488776124663533,0.2260760581578149,79.0539,30.162269360211997,2,L,HL,col-0
878,-37.0539,0.1720360910066544,9.844217142938016,22.741272179357768,0.0719198149568874,0.2604565383556543,79.0539,31.60619363192909,2,L,HL,col-0
879,-37.0539,0.2251791764411758,13.414468092421844,25.319009574517764,0.0691652966298821,0.3413243082562972,79.0539,32.95940433018196,2,L,HL,col-0
880,-43.054,0.1482752939142227,11.823688950517116,34.271448308213145,0.0534759860188269,0.2326040730542072,91.054,35.59201123083007,2,L,HL,col-0
881,-43.054,0.2293793418236764,11.806121569323391,22.66861899056936,0.0836007542280423,0.3630972540705652,91.054,37.611655358432536,2,L,HL,col-0
882,-43.054,0.260454902956334,20.8106528886492,33.83770610555007,0.0595726398068238,0.4560768922857167,91.054,38.98867509118628,2,L,HL,col-0
883,-50.36409999999999,0.2099183006419795,10.587985478506283,21.029801012757925,0.0770130313538333,0.2999736263889833,104.3641,40.0199563176551,2,L,HL,col-0
884,-50.36409999999999,0.2187322949528633,9.801689359711816,18.57039108359529,0.0913152026875929,0.3292680108413536,104.3641,41.58926435215168,2,L,HL,col-0
885,-50.36409999999999,0.2388012779005388,11.00856373833752,20.937253356530025,0.0960946642652599,0.3891665041508764,104.3641,45.526131879400566,2,L,HL,col-0
886,-55.0482,0.2077972223301619,7.252146827297452,15.34011922569097,0.1302740966608539,0.3475603106663992,115.0482,47.67667555046527,2,L,HL,col-0
887,-55.0482,0.2106135423004486,7.439508059959583,17.343517025516604,0.1448729056363649,0.3964942626138515,115.0482,50.78043785055702,2,L,HL,col-0
888,-55.0482,0.1801754123061485,6.452808560378108,17.751051976618378,0.1427805533908393,0.3389404172628499,115.0482,53.33964235142297,2,L,HL,col-0
889,-55.0482,0.1711360936685669,6.010499281246755,18.089087597831256,0.1612268026611784,0.3564948900320863,115.0482,54.88580778259152,2,L,HL,col-0
890,-61.0501,0.1457965737963613,4.209545933968838,14.800670275335971,0.1870600772367107,0.2896822468132672,127.0501,56.148227782591526,2,L,HL,col-0
891,-61.0501,0.1630327068967556,4.666119354383475,13.908111447477724,0.1739275820221301,0.2985587617287815,127.0501,58.3333760314353,2,L,HL,col-0
892,,,,,,,139.0562,60.1767158923267,2,L,HL,col-0
893,,,,,,,139.0562,61.03183642985343,2,L,HL,col-0
894,,,,,,,151.0544,62.14997518938811,2,L,HL,col-0
895,,,,,,,139.0562,62.96962826722043,2,L,HL,col-0
896,,,,,,,139.0562,64.11619836473398,2,L,HL,col-0
897,,,,,,,139.0562,65.18806860199226,2,L,HL,col-0
898,,,,,,,139.0562,66.83028291180152,2,L,HL,col-0
899,,,,,,,151.0544,68.32338291180152,2,L,HL,col-0
900,,,,,,,151.0544,68.91813484047015,2,L,HL,col-0
901,,,,,,,151.0544,72.32048479978354,2,L,HL,col-0
902,0.0,0.0891957633836067,9.1254421571726,26.47932458275219,0.0343009270997597,0.1151503581818422,0.0,2.981585862479755,0,R,HL,col-0
903,0.0,0.0638993544686423,6.926362449432647,29.43220880073453,0.0291630884376722,0.074309484229854,0.0,4.597354031087914,0,R,HL,col-0
904,0.0,0.1525508417229402,13.959631620544188,37.76121482419197,0.0470898564931155,0.2418281440967548,0.0,8.17534653546884,0,R,HL,col-0
905,-7.0504,0.1853621566458996,15.721000616183312,30.20517100195621,0.045080983504064,0.2607228441236729,19.0504,9.927083977823992,1,R,HL,col-0
906,-1.0540000000000005,0.1658360777332525,15.046972825214697,32.57718066731728,0.0477386230077054,0.2642558087942337,7.054,11.779458637396491,1,R,HL,col-0
907,-7.0504,0.1893194732953341,16.38595885580463,28.5801193373097,0.0463723880215982,0.2795354161632562,19.0504,13.111352038140025,1,R,HL,col-0
908,-7.0504,0.1027558933299389,8.536220353292466,25.7707999218266,0.0510664952710541,0.1603641137354766,19.0504,15.917758545152406,1,R,HL,col-0
909,-7.0504,0.1047253774813543,8.619231095443594,24.665579723453146,0.0622595087551478,0.1974148111616595,19.0504,17.722303543435515,1,R,HL,col-0
910,-13.0501,0.1077117019380616,8.00546555904618,20.458564182466667,0.0666622884448537,0.1963235190131129,31.0501,20.402628491676943,1,R,HL,col-0
911,-7.0504,0.1144709663437002,9.152402496209916,27.45004815266969,0.0585432843338244,0.1971141093846644,19.0504,21.5309326558956,1,R,HL,col-0
912,-13.0501,0.1465141644102951,11.073826425824878,23.555758575916563,0.0613239643317296,0.2498235943173035,31.0501,22.7686579224317,1,R,HL,col-0
913,-13.0501,0.115283164542662,8.419216418027508,20.60924288129012,0.0742543457542387,0.2299847647653128,31.0501,23.692959019653276,1,R,HL,col-0
914,-13.0501,0.1705701616263189,16.29692360886286,37.4240885669274,0.0385198923551794,0.2309384319762921,31.0501,25.055868326590723,1,R,HL,col-0
915,-19.0511,0.1343732419516496,9.179563849823992,18.70170711158829,0.0690773627885885,0.2332723765639733,43.0511,26.515943765370054,1,R,HL,col-0
916,-25.0473,0.2050819696412922,14.812620364326088,24.018673115806536,0.0499464954099179,0.2721713647532545,55.0473,28.15435247876845,1,R,HL,col-0
917,-25.0473,0.1459971931141538,8.904586029666733,17.25362746504726,0.0805786294726228,0.2639606132004202,55.0473,29.03546257618156,1,R,HL,col-0
918,-25.0473,0.151299872311565,11.376920767555372,29.144527626315824,0.0456783928289423,0.1911793878630845,55.0473,29.719707820865,1,R,HL,col-0
919,-31.054900000000004,0.1629309657207763,9.578565255144046,17.150029100335477,0.0580002288539366,0.2043787259563365,67.0549,31.46319971410832,1,R,HL,col-0
920,-25.0473,0.1486438533541738,9.332796465722804,21.385381058352287,0.0674827047343152,0.2316913359196674,55.0473,33.757475735116486,2,R,HL,col-0
921,-37.0539,0.1636068300943591,8.754294344635195,18.435863406505515,0.0738149044735383,0.2377227386862987,79.0539,35.64264002117689,2,R,HL,col-0
922,-43.054,0.1069727905970643,4.835690940050206,16.344934903198975,0.1050789445347948,0.1869303229551428,91.054,38.455535564171456,2,R,HL,col-0
923,-43.054,0.1376082598808661,6.166861654226436,13.737096486248095,0.106179643694471,0.240885682383439,91.054,41.64929866773991,2,R,HL,col-0
924,-55.0482,0.1159401188419389,3.718459126321084,8.801121180678132,0.1241012565317108,0.1697636518432131,115.0482,43.08981010423803,2,R,HL,col-0
925,-50.36409999999999,0.1120851939204181,4.99297037267069,17.033964482720858,0.0834854082899955,0.1533469288497449,104.3641,44.823520371434206,2,R,HL,col-0
926,-50.36409999999999,0.1039278734918991,4.167153049318913,15.175314883355824,0.1218450471199387,0.1867896677726363,104.3641,46.00914941866944,2,R,HL,col-0
927,-61.0501,0.0964875594596558,2.558650025079806,9.169082065702517,0.1540871111590483,0.1450383057061715,127.0501,48.35026953299269,2,R,HL,col-0
928,-50.36409999999999,0.2021954561570002,8.863742475315007,18.90481821214761,0.1004022511860267,0.3273905189438454,104.3641,50.14516130695707,2,R,HL,col-0
929,,,,,,,151.0544,51.712627254560665,2,R,HL,col-0
930,-55.0482,0.1781810905524083,6.386621175897059,14.23541952734511,0.1097965946294173,0.2579678269413067,115.0482,53.094709490115655,2,R,HL,col-0
931,-61.0501,0.1689407296813133,4.462927779500916,9.366702922970816,0.1724168892173301,0.2830773897272322,127.0501,55.579292661262905,2,R,HL,col-0
932,,,,,,,139.0562,57.51457243077295,2,R,HL,col-0
933,,,,,,,151.0544,58.7250837145979,2,R,HL,col-0
934,-61.0501,0.1479817383864683,4.43470846305017,11.168994755138884,0.1197216328857027,0.1953184298294002,127.0501,58.92868313011768,2,R,HL,col-0
935,-61.0501,0.1401966832494514,3.845128194009867,12.327602780057092,0.1769128113148,0.2502508869927261,127.0501,61.63247738862351,2,R,HL,col-0
936,-61.0501,0.1576465091759679,4.801546148815005,13.785761363803584,0.140269932701685,0.2477714224135914,127.0501,62.65892976215977,2,R,HL,col-0
937,-61.0501,0.1418187992070997,5.637572963831815,16.569840124314098,0.0943647442410635,0.1957074962951505,127.0501,64.86188122513624,2,R,HL,col-0
938,,,,,,,139.0562,66.90769746160218,2,R,HL,col-0
939,,,,,,,139.0562,67.6343367766912,2,R,HL,col-0
940,,,,,,,139.0562,69.71550580607942,2,R,HL,col-0
941,,,,,,,151.0544,71.71574182629303,2,R,HL,col-0
942,,,,,,,139.0562,72.78560599502543,2,R,HL,col-0
943,,,,,,,151.0544,75.60361806978966,2,R,HL,col-0
944,,,,,,,163.054,76.93117119511034,2,R,HL,col-0
945,,,,,,,151.0544,79.37879467871844,2,R,HL,col-0
946,,,,,,,163.054,82.97243835672703,2,R,HL,col-0
947,-7.054200000000002,0.1837808835092345,16.120384530173734,29.76903354954014,0.0420432252082613,0.2493313791639016,19.0542,1.7696533653584194,1,L,HL,col-0
948,-7.054200000000002,0.1327658044279611,10.653693913783076,16.330829942599784,0.0818817392701852,0.3209170506824395,19.0542,4.164098714165915,1,L,HL,col-0
949,-19.0522,0.2850538585205386,28.571125320439997,41.20702144156378,0.0353326538329266,0.3713719710720871,43.0522,5.199615049095398,1,L,HL,col-0
950,-7.054200000000002,0.2595227418144355,26.62937660422997,43.169796573302,0.0351091538802069,0.3439433215289135,19.0542,7.068754537361994,1,L,HL,col-0
951,-7.054200000000002,0.3065365686737446,35.665352437752034,48.70411167219678,0.0359782359473462,0.4720542409239878,19.0542,8.598167438037008,1,L,HL,col-0
952,-13.0512,0.1599738915556706,11.160339939319792,18.4894630546037,0.0692861657197289,0.2844654128312256,31.0512,10.236847140263738,1,L,HL,col-0
953,-19.0522,0.1656148397121647,11.137901247102649,14.086672690024024,0.1067823584813488,0.4375305574448813,43.0522,12.608949677458751,1,L,HL,col-0
954,-25.0503,0.1606135428464774,9.59185944366504,11.4900424862026,0.125020899406159,0.4411547331368002,55.0503,14.359040816357954,1,L,HL,col-0
955,-19.0522,0.3507029758698431,30.005613563536244,35.0862918678902,0.0454192580678744,0.5013581342666505,43.0522,15.874562530030657,1,L,HL,col-0
956,-31.059700000000007,0.1313711473661961,8.444275711548173,21.2639424994421,0.0513423798556114,0.1594938415320949,67.0597,16.00751274702935,1,L,HL,col-0
957,-19.0522,0.2788132573243798,26.668326521860948,41.227786924230784,0.039010989454891,0.3827262478201803,43.0522,18.50826185846644,1,L,HL,col-0
958,-25.0503,0.2958932602914916,22.654572940950583,32.08001376052682,0.0523972139138239,0.4366863259304611,55.0503,20.006248517953097,1,L,HL,col-0
959,-31.059700000000007,0.2875946013183588,23.00907432027553,31.50044617958444,0.044272885041192,0.3747507310024863,67.0597,21.1385017850195,2,L,HL,col-0
960,-31.059700000000007,0.3087875580799513,27.242730767970247,36.724203879567725,0.0419826884991194,0.4207522074138403,67.0597,21.543771015038256,2,L,HL,col-0
961,-25.0503,0.3370634099179124,28.793243124126672,36.77319451280381,0.045739520914069,0.4844932310813591,55.0503,23.43270524311816,2,L,HL,col-0
962,-31.059700000000007,0.2945397984920917,24.037557883258124,34.648330467995066,0.0438787966441411,0.3880168359066624,67.0597,24.551000024256133,2,L,HL,col-0
963,-31.059700000000007,0.3096726860174815,21.58910516518422,31.06232016316804,0.0617981503945663,0.4908125249979999,67.0597,26.95298799831745,2,L,HL,col-0
964,-37.057,0.3056407749962796,23.186715313635062,31.89741218419373,0.04674559649376,0.398736005486711,79.057,27.889408974258853,2,L,HL,col-0
965,-31.059700000000007,0.1959376261639174,13.716304870823867,31.578415135955733,0.0629664215515949,0.3177251989048135,67.0597,29.765744918994447,2,L,HL,col-0
966,-37.057,0.2824092371645394,23.20523080059994,34.04426202946534,0.0471508966100469,0.4025143481577922,79.057,30.25516905278867,2,L,HL,col-0
967,-43.0557,0.2754016773935092,15.896744290872007,22.141731338243225,0.0568816629794195,0.3326488231486982,91.0557,31.69255249586243,2,L,HL,col-0
968,-43.0557,0.252318990156991,12.03283346799338,19.08651518129049,0.0937629940058769,0.4150542745498758,91.0557,33.56795928287086,2,L,HL,col-0
969,-50.368300000000005,0.0776686124071494,3.186048668806339,20.10346182140887,0.1302691273952168,0.1526860738201588,104.3683,34.60105409165479,2,L,HL,col-0
970,-43.0557,0.2027198949976825,10.640530717917027,22.79107837786951,0.0800467452740419,0.3133375807616543,91.0557,35.78793965667041,2,L,HL,col-0
971,-43.0557,0.1750623271374631,8.955817240977058,23.196104859004286,0.0879396510635835,0.2897313423925622,91.0557,36.60194831172268,2,L,HL,col-0
972,-50.368300000000005,0.2124640018709466,8.756665439213572,16.71302394625764,0.1072842545127749,0.3456051958366551,104.3683,37.1942322140262,2,L,HL,col-0
973,-43.0557,0.2127789680298375,10.929811122475348,24.067811912178566,0.0906267688189323,0.3643968978715821,91.0557,39.420092721036944,2,L,HL,col-0
974,-50.368300000000005,0.1929296046608961,8.045679284944214,17.00716336033063,0.1122480753255095,0.3322363431805269,104.3683,40.16303384502952,2,L,HL,col-0
975,-55.052800000000005,0.1324443647330283,4.769954922276536,18.105060935368392,0.1441259330748583,0.2529076259498222,115.0528,41.1043699599961,2,L,HL,col-0
976,-50.368300000000005,0.1935210721026947,8.534170898864668,20.33003392358806,0.1052179076559462,0.3303364633334726,104.3683,43.03287146975101,2,L,HL,col-0
977,-50.368300000000005,0.2415708810008453,11.799388937552765,22.369434172154936,0.0915314720422652,0.397315476028352,104.3683,44.26948309716141,2,L,HL,col-0
978,-55.052800000000005,0.2397387271797885,8.111822957075331,15.272225541460424,0.1477844780365135,0.441014433854921,115.0528,45.74865909021618,2,L,HL,col-0
979,-55.052800000000005,0.1727042529987526,6.287049155807616,16.57752293500423,0.1271756704609643,0.2941415725330189,115.0528,48.310895593731125,2,L,HL,col-0
980,-55.052800000000005,0.1592844963526666,5.415201097795391,16.7838592939359,0.1578376644012325,0.3144349068556828,115.0528,49.71240392395339,2,L,HL,col-0
981,,,,,,,139.0668,51.0400231945755,2,L,HL,col-0
982,,,,,,,139.0668,52.70315146339237,2,L,HL,col-0
983,-61.0566,0.1553712863863115,4.429652287627313,14.045860605707617,0.1769456560463804,0.2883467497319415,127.0566,54.16269245347835,2,L,HL,col-0
984,-61.0566,0.1588284693112193,4.573940323427224,13.816814918613028,0.169663259712591,0.285485344778781,127.0566,55.330681562002894,2,L,HL,col-0
985,,,,,,,139.0668,56.24099013350933,2,L,HL,col-0
986,,,,,,,139.0668,58.78995469579411,2,L,HL,col-0
987,,,,,,,139.0668,60.61485469579412,2,L,HL,col-0
988,,,,,,,139.0668,62.2928411473112,2,L,HL,col-0
989,,,,,,,139.0668,63.885267216250426,2,L,HL,col-0
990,,,,,,,151.0606,64.36109714227442,2,L,HL,col-0
991,,,,,,,151.0606,65.43297465386014,2,L,HL,col-0
992,,,,,,,151.0606,68.00839201636649,2,L,HL,col-0
993,-13.0512,0.04422970337063,3.267466854808012,14.789429964948337,0.0779579714584628,0.093708122955373,31.0512,6.978530311398552,1,R,HL,col-0
994,-7.054200000000002,0.0673794161157989,5.548992788587024,26.928568278695185,0.0511616759587272,0.1044394175669194,19.0542,8.548222938029637,1,R,HL,col-0
995,-13.0512,0.0584174110619859,4.262016783773497,15.66878165614396,0.0754794909323748,0.1183449242887464,31.0512,10.0602263036775,1,R,HL,col-0
996,-13.0512,0.0683109539616668,5.184926546319193,23.8762928760746,0.0562849320767363,0.1073594486881733,31.0512,13.64784061550864,1,R,HL,col-0
997,-19.0522,0.0629814663474879,3.442867904112018,16.63798594683345,0.1176516687028305,0.14901293523042,43.0522,15.804890741957951,1,R,HL,col-0
998,-19.0522,0.1230775053035599,8.672896337798399,22.5430387787828,0.0534623144597747,0.1705758050670032,43.0522,16.20709307909686,1,R,HL,col-0
999,-19.0522,0.1062542205428516,7.392044128753781,23.38249447171107,0.0626050196410327,0.1702469048731248,43.0522,18.33969022332882,1,R,HL,col-0
1000,-25.0503,0.0836370195106431,5.692807543791764,27.841664034680885,0.0668057642009989,0.139909097883281,55.0503,21.812011590434896,1,R,HL,col-0
1001,-25.0503,0.1112551619920879,7.322733728974464,23.472265694778034,0.0661185002766052,0.1781155165795199,55.0503,22.583469638839272,1,R,HL,col-0
1002,-37.057,0.0502489230772017,2.5134258624793047,16.1362915974406,0.1057806847983491,0.0978088092777565,79.057,24.425180893703867,2,R,HL,col-0
1003,-37.057,0.0691286440345927,3.457622809616184,15.969267723377412,0.1166886540163353,0.1484266081339369,79.057,26.06254559652993,2,R,HL,col-0
1004,-37.057,0.0780082718117386,4.117126349741094,18.86091211460653,0.0925072629909321,0.1401120685923513,79.057,27.49047313941325,2,R,HL,col-0
1005,-37.057,0.1064474628599611,5.858806686677713,21.195676830396454,0.079503460824716,0.1713565543562194,79.057,28.90429068041186,2,R,HL,col-0
1006,-43.0557,0.0970254514513462,4.481472877448696,19.069093345480365,0.1050968942703524,0.1732671264052391,91.0557,30.51330354184025,2,R,HL,col-0
1007,-55.052800000000005,0.0726516988849929,2.315192433246678,8.79184056232295,0.1476492596725772,0.1257546017449584,115.0528,33.52735998102717,2,R,HL,col-0
1008,-43.0557,0.1649606124691971,8.803980365053214,24.242858098166824,0.0839603807301263,0.2719311646244781,91.0557,34.439196754928744,2,R,HL,col-0
1009,-55.052800000000005,0.0708976756945307,2.371343200285513,14.925544710179883,0.1613474209073302,0.1407543932518206,115.0528,36.05172661356283,2,R,HL,col-0
1010,-50.368300000000005,0.1758629907522305,8.993382430064667,22.595437059811427,0.0767207369685336,0.2538290624065138,104.3683,37.10539814735549,2,R,HL,col-0
1011,-55.052800000000005,0.1094607282645134,3.855666601496389,15.192434683965674,0.134347620164304,0.1905614151685207,115.0528,40.020338903238205,2,R,HL,col-0
1012,-55.052800000000005,0.1508486535992646,5.905311310525037,19.29497398241137,0.1209460279694968,0.2627483064683658,115.0528,41.37642447103989,2,R,HL,col-0
1013,-55.052800000000005,0.1451857648486175,5.145501571355061,17.095121797635002,0.1451910689505374,0.2748356942279309,115.0528,42.64004965921873,2,R,HL,col-0
1014,-55.052800000000005,0.1567710374415672,5.442794354466945,17.598866227868402,0.1598163778895288,0.3199990781756384,115.0528,44.6328907949348,2,R,HL,col-0
1015,,,,,,,139.0668,45.76224557607277,2,R,HL,col-0
1016,-61.0566,0.1693750796838856,4.660083358493693,13.175826451640816,0.1839578393957167,0.3153679125752766,127.0566,47.63716438049771,2,R,HL,col-0
1017,,,,,,,139.0668,49.38510280312288,2,R,HL,col-0
1018,,,,,,,139.0668,51.1740987622828,2,R,HL,col-0
1019,,,,,,,139.0668,52.45526011974323,2,R,HL,col-0
1020,,,,,,,151.0606,54.79075667380344,2,R,HL,col-0
1021,,,,,,,151.0606,57.44861914021179,2,R,HL,col-0
1022,0.0,0.3082209645041832,36.7866766351647,51.06583188356792,0.0330577043499274,0.4473719639699895,0.0,1.0634715525706826,0,L,HL,col-0
1023,-13.0488,0.1706700317253099,12.971567021012932,19.970015477052407,0.0702447049687132,0.3352058233378547,31.0488,4.390060377115431,1,L,HL,col-0
1024,-13.0488,0.2637975820108486,23.153531460234586,34.22326259447136,0.0429252364251792,0.3656246389182561,31.0488,5.339510149714853,1,L,HL,col-0
1025,-7.051300000000001,0.2998266070034353,29.623101343804617,40.17683494829224,0.0390118167964437,0.4251402450135622,19.0513,6.73862489648372,1,L,HL,col-0
1026,-13.0488,0.1498798476610127,11.12331771167909,23.256651370152987,0.0586971878426293,0.2401912348896497,31.0488,9.659088804754893,1,L,HL,col-0
1027,-37.0525,0.2110863181550489,6.575885325297505,11.967198875804982,0.1471390317355623,0.3559488900077993,79.0525,10.187270421720118,1,L,HL,col-0
1028,-13.0488,0.3328580820001808,28.79928994654069,32.95236047759348,0.0452732555454662,0.4796550525509123,31.0488,11.33549132816626,1,L,HL,col-0
1029,-19.0483,0.3793724546411838,32.014504654776566,31.545946004739783,0.0446942664538423,0.5263857435413516,43.0483,12.4371943152679,1,L,HL,col-0
1030,-19.0483,0.152862461425017,9.923587672271609,19.413471584840263,0.1130965368703851,0.4128797048611382,43.0483,15.018482293196746,1,L,HL,col-0
1031,-25.0464,0.3545443689248192,29.90842304876787,32.512877649491024,0.0420990982705963,0.4632034941580815,55.0464,16.058495969675867,1,L,HL,col-0
1032,-19.0483,0.2408220716776567,17.95053148211172,27.0618130721137,0.0602155716878739,0.3976414454086553,43.0483,16.38046918999085,1,L,HL,col-0
1033,-25.0464,0.1734839264589913,10.527831556812446,20.09181775879577,0.0633652724995029,0.2454119762130978,55.0464,17.707279469379344,1,L,HL,col-0
1034,-25.0464,0.2555052846365103,16.59728660646358,24.24447186656391,0.0666173817507399,0.4067524442511592,55.0464,19.400112261651955,2,L,HL,col-0
1035,-31.0561,0.2495737408362979,14.235790744517464,20.08260553449037,0.0824339317193461,0.4317110131548426,67.0561,22.018857693562687,2,L,HL,col-0
1036,-25.0464,0.161387431431287,11.606075854415709,31.12617009219272,0.0601554564312285,0.2568419444548983,55.0464,23.00763382499993,2,L,HL,col-0
1037,-37.0525,0.2009342872630336,11.974932613318568,22.75301672714334,0.0652465934950931,0.2874328747564968,79.0525,25.036655170756333,2,L,HL,col-0
1038,-37.0525,0.1916979858947621,11.754361201163553,24.81420003014141,0.0631733097388965,0.2731732571544725,79.0525,26.001434079367005,2,L,HL,col-0
1039,-31.0561,0.2258848492239555,14.816835064624572,28.570554980866024,0.0655553448600321,0.3573296639908415,67.0561,27.136052775972253,2,L,HL,col-0
1040,-43.0521,0.2789327970162387,14.761836376114688,19.819518549536564,0.0685188511919486,0.3720968368273579,91.0521,30.82169233195703,2,L,HL,col-0
1041,-43.0521,0.2318085446070228,11.900101168287426,21.408558521461213,0.0792249079697575,0.3468310055336779,91.0521,33.62926159192669,2,L,HL,col-0
1042,,,,,,,139.0633,35.082114422592625,2,L,HL,col-0
1043,-43.0521,0.2657868237066954,13.609849067858564,23.287568315009185,0.0895063006334572,0.4481386843299791,91.0521,36.6485911190075,2,L,HL,col-0
1044,-43.0521,0.1688580251939385,9.780002172512749,26.158790032824168,0.0759397694588126,0.2732207906154916,91.0521,38.50870898745025,2,L,HL,col-0
1045,-50.3647,0.1756031282308403,7.352642805409427,21.28089922254132,0.1322213077536449,0.3576435809556125,104.3647,40.26847433248162,2,L,HL,col-0
1046,-55.0512,0.2066294261078879,7.707096431631037,17.437731904672983,0.1284069214428578,0.3640698752012744,115.0512,43.1367927917816,2,L,HL,col-0
1047,-55.0512,0.1424698826726738,4.594356083198711,13.844585358677584,0.1386504251408304,0.2343426709897013,115.0512,43.91687253987059,2,L,HL,col-0
1048,-55.0512,0.1615449982582323,5.583912575432819,16.515212291188465,0.1454120875888301,0.2987064755413902,115.0512,45.74582940498992,2,L,HL,col-0
1049,-55.0512,0.1599646110041583,5.447946398364954,17.194860562506847,0.1613084119097644,0.3232922990137303,115.0512,47.16230182798358,2,L,HL,col-0
1050,-55.0512,0.1844458060944225,6.424507674599322,17.148684561190947,0.1509630315560354,0.3567927154052053,115.0512,49.01729817995282,2,L,HL,col-0
1051,-61.05500000000001,0.1663616577162104,4.521985499728799,11.967358315475105,0.169592245356689,0.2821244163649277,127.055,50.52145817995283,2,L,HL,col-0
1052,-61.05500000000001,0.1349148074416559,4.48533818380952,14.51547299906827,0.1184750601027371,0.1954913965669181,127.055,51.03709909817249,2,L,HL,col-0
1053,-61.05500000000001,0.1988397994433209,5.74272272903253,12.54132174720908,0.1482137730533484,0.3131208082833847,127.055,53.03002758168087,2,L,HL,col-0
1054,,,,,,,139.0633,55.32513469937673,2,L,HL,col-0
1055,,,,,,,139.0633,56.02544418988789,2,L,HL,col-0
1056,,,,,,,139.0633,58.47843452885258,2,L,HL,col-0
1057,,,,,,,139.0633,60.34979183480425,2,L,HL,col-0
1058,,,,,,,139.0633,62.78136272599536,2,L,HL,col-0
1059,,,,,,,139.0633,65.16480140724852,2,L,HL,col-0
1060,,,,,,,151.0563,68.00971395549973,2,L,HL,col-0
1061,-7.051300000000001,0.0372269111119867,2.899409457574486,12.548602476790355,0.1091113864478757,0.1163818197524333,19.0513,2.288823635931857,1,R,HL,col-0
1062,-19.0483,0.0405798126569742,2.757914099815636,12.323192382172287,0.1100357619261344,0.111640072093656,43.0483,5.144524171188681,1,R,HL,col-0
1063,-13.0488,0.0419831517522429,3.0539903936574277,12.40112445326909,0.1252059073164494,0.1406688718477595,31.0488,6.571078224220491,1,R,HL,col-0
1064,-31.0561,0.0356710397824437,1.9558211434234825,11.789748448452691,0.0953040771995456,0.0685718924689282,67.0561,6.478131442404228,1,R,HL,col-0
1065,-19.0483,0.0505108804442744,3.2949132333305555,9.207608175087088,0.1141025869735098,0.1383072644786775,43.0483,7.844603063845887,1,R,HL,col-0
1066,-19.0483,0.0656320965406477,4.346418311184127,10.035281102221576,0.1239476502559409,0.1981870794486622,43.0483,9.094069291485331,1,R,HL,col-0
1067,-31.0561,0.0537633383614033,2.905902726881647,11.55496762018736,0.131130834029497,0.1401817295745945,67.0561,13.008918654219414,1,R,HL,col-0
1068,-31.0561,0.0625575780410428,3.3813462415743536,7.551558632412817,0.1305451785520555,0.1623887722866762,67.0561,15.129009752471436,1,R,HL,col-0
1069,-43.0521,0.0149655033109704,0.6328613907374044,5.915608506289823,0.1628463330243833,0.0379133450090863,91.0521,17.752440911871393,2,R,HL,col-0
1070,0.0,0.0975399437676604,9.345542670498364,33.54961180881277,0.0439001478333325,0.150930157617311,0.0,0.0,0,L,HH,col-0
1071,-1.0526999999999995,0.0801300126701255,6.969192814605782,21.186124456071614,0.0580259091331864,0.1487681463923908,7.0527,1.8700090150183764,1,L,HH,col-0
1072,-1.0526999999999995,0.1575243471220448,14.924919159701354,32.4382395625782,0.036502907401264,0.200421801872829,7.0527,3.159670404686222,1,L,HH,col-0
1073,-7.0504,0.1735567528564819,15.9086367030051,38.23912655133008,0.042356369437812,0.2478889739797164,19.0504,5.932442392472091,1,L,HH,col-0
1074,-7.0504,0.2017694997850943,31.971725993775124,62.90237455412405,0.0239616368000363,0.2818305585949525,19.0504,6.752332780136463,1,L,HH,col-0
1075,-13.0504,0.2266717962362842,21.73415305497919,37.009552775049336,0.035929527579437,0.2872762652602731,31.0504,8.3830167870489,1,L,HH,col-0
1076,-13.0504,0.1154659620046857,8.825396119245333,28.775029437907023,0.0634402747326475,0.205970384883438,31.0504,10.899999184452165,1,L,HH,col-0
1077,-13.0504,0.2057364896499901,18.93054038502697,35.962244830739124,0.0383899321694167,0.2673535001790335,31.0504,11.076648554674646,1,L,HH,col-0
1078,-13.0504,0.1657381328509912,18.23857902111629,45.27372326626384,0.0309862903418381,0.207905559701012,31.0504,12.093767421075118,1,L,HH,col-0
1079,-13.0504,0.1495333661189286,13.1402816854713,34.55747129624515,0.0409493159514828,0.1979506101230424,31.0504,14.104614563105226,1,L,HH,col-0
1080,-19.0496,0.0633977812242624,3.9755121701186704,10.156468833502446,0.1366133708073665,0.1997983110358724,43.0496,14.990665157177176,1,L,HH,col-0
1081,-13.0504,0.0881541626042737,4.305005021139473,17.795734805231454,0.1447796149162747,0.2292907831144678,31.0504,16.548935502622964,1,L,HH,col-0
1082,-19.0496,0.1938825752983089,14.172597021811368,28.660619757398557,0.064925647634197,0.3385098008109127,43.0496,20.079050486948898,1,L,HH,col-0
1083,-31.050799999999995,0.161374701576411,12.461895381383291,33.63549093764382,0.0522990328408818,0.2397636142754421,67.0508,23.239290542824826,2,L,HH,col-0
1084,-37.04900000000001,0.1552931011697813,14.605611139360974,37.88354861501468,0.041313952854764,0.2219841679803461,79.049,23.784653249599756,2,L,HH,col-0
1085,-37.04900000000001,0.1307689515440836,8.09401146201029,25.674483090219105,0.0576712582212692,0.1717231157507042,79.049,24.59153612612001,2,L,HH,col-0
1086,-13.0504,0.0289869396730847,,,,,31.0504,28.148112511382603,2,L,HH,col-0
1087,-37.04900000000001,0.2612203155334103,16.79594865211384,28.801241821312395,0.0670209824333831,0.414114889699814,79.049,26.36493358317602,2,L,HH,col-0
1088,-43.0488,0.1107859501674859,4.88489918469408,17.300120306267825,0.119004064382379,0.2138567278015866,91.0488,29.06205760694168,2,L,HH,col-0
1089,-43.0488,0.1847458058371603,9.168611693007676,22.533097262332653,0.0905098556233118,0.3052846514707283,91.0488,31.145590572327105,2,L,HH,col-0
1090,-49.0505,0.1552153079474288,6.309881161635272,15.657623475970512,0.1015731591884001,0.2357792915291611,103.0505,33.57829348903324,2,L,HH,col-0
1091,-43.0488,0.2003453910438292,12.980673409891452,29.66427734330341,0.0669090815642977,0.319512468077783,91.0488,35.91277168490733,2,L,HH,col-0
1092,-49.0505,0.1688038071520962,7.40732638684269,21.770302639663427,0.1184979210107969,0.3229072011222849,103.0505,38.071298454869805,2,L,HH,col-0
1093,-55.05,0.1639381168729204,5.528609567988443,15.192462010332276,0.1437712249554647,0.2924108021355509,115.05,40.93837652623333,2,L,HH,col-0
1094,-61.0475,0.1021655511488039,2.635461691220576,10.556289612076355,0.1956236831985143,0.1896634548954835,127.0475,42.0240105872747,2,L,HH,col-0
1095,-55.05,0.1683165832556601,5.862963458822779,17.549702533914,0.1571033097608769,0.3388504292471729,115.05,44.542194501129984,2,L,HH,col-0
1096,-55.05,0.1033301225068753,3.7394717847898535,18.475032613025505,0.1472220316984425,0.202529637608567,115.05,48.40330076102157,2,L,HH,col-0
1097,-61.0475,0.1516624255720912,4.153316970429409,13.512506232572338,0.1938198082139018,0.2961411470408542,127.0475,50.60140330436798,2,L,HH,col-0
1098,-61.0475,0.1091642288756696,2.929565157003458,14.874359155251604,0.2405094971850436,0.2592035290472975,127.0475,52.80237308239021,2,L,HH,col-0
1099,,,,,,,151.0482,55.46195830761352,2,L,HH,col-0
1100,,,,,,,139.0487,57.91567527556312,2,L,HH,col-0
1101,,,,,,,139.0487,59.66534752528421,2,L,HH,col-0
1102,,,,,,,151.0482,61.325569694151966,2,L,HH,col-0
1103,-49.0505,0.0203258343464319,,,,,103.0505,63.07319390740466,2,L,HH,col-0
1104,-19.0496,0.103650155518039,13.643270500526846,50.29640044710539,0.0250032934280125,0.125493498161594,43.0496,3.3387423551951083,1,R,HH,col-0
1105,-7.0504,0.1467826786998421,11.60222703443029,23.70688851496059,0.0577909438809107,0.2466645085952861,19.0504,5.829508840849091,1,R,HH,col-0
1106,-13.0504,0.2161472372497158,15.838322037706249,20.787206241052903,0.0625803964911857,0.3646305039079121,31.0504,8.07019551379253,1,R,HH,col-0
1107,-19.0496,0.1938796768762321,14.80007964068846,25.39468716722974,0.0487420031875238,0.2653829052857948,43.0496,12.365061063809843,1,R,HH,col-0
1108,-19.0496,0.2124419201878502,16.70484117083235,28.92390883695917,0.0462992060007664,0.2845256420732845,43.0496,13.143858745495248,1,R,HH,col-0
1109,-19.0496,0.2364834165292633,20.412776076164278,35.7672743356194,0.0457769833271102,0.3437595396899391,43.0496,13.996921021547706,1,R,HH,col-0
1110,-25.0501,0.3177819720173069,24.27655640994876,30.49550809672929,0.0484490975785757,0.4326914295874038,55.0501,16.38712156688783,1,R,HH,col-0
1111,-37.04900000000001,0.0905323854807299,10.711027694105796,44.59241108603764,0.0337927191686592,0.1331557114811146,79.049,18.638775175199065,1,R,HH,col-0
1112,-43.0488,0.1001943874029943,6.869738413112612,28.7230243134817,0.055680361688579,0.1407173882940882,91.0488,19.27903191979098,2,R,HH,col-0
1113,-37.04900000000001,0.2466187460879089,13.255047155202268,20.160591912878232,0.0754041428774304,0.3676901559925974,79.049,21.3459915289978,2,R,HH,col-0
1114,-37.04900000000001,0.1750508572670904,8.822077031255372,18.43008526906299,0.0904057587238021,0.2934083431601347,79.049,23.427222716245595,2,R,HH,col-0
1115,-49.0505,0.1513357167030501,6.070380874449188,13.02902145546498,0.1013377136337521,0.2263041720922154,103.0505,25.925638191987844,2,R,HH,col-0
1116,-49.0505,0.1413740902720436,5.663146589887279,13.968880268628276,0.1019755952741365,0.2124513869688889,103.0505,27.16870089918931,2,R,HH,col-0
1117,-49.0505,0.2175217380399774,9.26054202958768,16.016982454101576,0.0892320760120182,0.3039925373614026,103.0505,28.055386476221337,2,R,HH,col-0
1118,-49.0505,0.1921381993204266,8.266810430725585,17.59627227452765,0.09443260223042,0.2871874479481547,103.0505,29.97321332122877,2,R,HH,col-0
1119,-49.0505,0.1318791524180946,5.682991073763053,18.338430954764284,0.0958323756448867,0.2003524909248036,103.0505,31.0864355539831,2,R,HH,col-0
1120,-55.05,0.2251645617906264,8.073506516991413,14.490476177460168,0.1136436499302285,0.3375303983275751,115.05,34.2464252970952,2,R,HH,col-0
1121,-55.05,0.143090199893161,5.011462722930035,16.59211583581072,0.1418952326824178,0.2616000525422099,115.05,36.80913106382221,2,R,HH,col-0
1122,-61.0475,0.1988659055041934,5.080959548740459,10.186897325148053,0.209349785917239,0.3913125499521738,127.0475,37.182455634547736,2,R,HH,col-0
1123,,,,,,,139.0487,38.86650678488503,2,R,HH,col-0
1124,-61.0475,0.1145826099088614,3.105181230452477,10.952754190429545,0.1640276841186337,0.1873741275342684,127.0475,41.06626815362884,2,R,HH,col-0
1125,-61.0475,0.1725892994908165,5.092758357654367,13.305103980400926,0.1494936856459759,0.2800795741704563,127.0475,42.31351795825942,2,R,HH,col-0
1126,,,,,,,151.0482,45.15047870045561,2,R,HH,col-0
1127,,,,,,,151.0482,46.37492164717744,2,R,HH,col-0
1128,,,,,,,151.0482,49.90147112640459,2,R,HH,col-0
1129,,,,,,,139.0487,51.17413414304028,2,R,HH,col-0
1130,,,,,,,167.8538,53.549968846835085,2,R,HH,col-0
1131,,,,,,,167.8538,58.49987842782473,2,R,HH,col-0
1132,0.0,0.1271016368534009,14.207718090257474,38.66087510247967,0.0290589004589868,0.1518829509919444,0.0,1.064329716908106,0,L,HH,col-0
1133,0.0,0.0995242937783259,12.405722912610583,47.23845814918356,0.0276722876503828,0.1262910745142693,0.0,2.854246193153498,0,L,HH,col-0
1134,0.0,0.0909072730930923,8.609243756802876,33.18126511885053,0.0401383651334868,0.1271247763259483,0.0,3.852125960070461,0,L,HH,col-0
1135,0.0,0.3617393542748939,45.90419927972916,51.80634557042861,0.0284701590800304,0.4807815886685196,0.0,4.427347356093012,0,L,HH,col-0
1136,-1.0532000000000004,0.1194855534906596,10.462010687134423,25.492709449121588,0.0528549605051851,0.2034259861814202,7.0532,5.361540636546325,1,L,HH,col-0
1137,-1.0532000000000004,0.0808243519311917,7.133570523104818,28.11087540821436,0.0507630199862152,0.1332170856039335,7.0532,6.309462552288586,1,L,HH,col-0
1138,-13.0497,0.0717848499547052,4.974475061625865,19.577274598748694,0.0758324647418032,0.1387739493272364,31.0497,7.797416110864847,1,L,HH,col-0
1139,-1.0532000000000004,0.1471958302383465,14.022496481033071,36.12144815839847,0.0404582970897091,0.2087076927158236,7.0532,8.778057901276636,1,L,HH,col-0
1140,-1.0532000000000004,0.1513432988835329,16.325598378236254,44.85601534503838,0.0358052737802494,0.2150411754363653,7.0532,10.05234639578543,1,L,HH,col-0
1141,-7.0489,0.1253394653025476,10.556361237343143,29.366038749557564,0.0482740396487702,0.1874707013757759,19.0489,12.286960929099845,1,L,HH,col-0
1142,-7.0489,0.1256945128325572,11.199217025040875,32.54735965022771,0.043455634871653,0.1790355513521063,19.0489,14.08380818650781,1,L,HH,col-0
1143,-7.0489,0.1344805187716458,8.034688207998116,24.255641441764944,0.0726456570899944,0.2147257868085503,19.0489,16.302360432568992,1,L,HH,col-0
1144,-7.0489,0.178315229771583,16.541166881600127,36.27511909064981,0.044073224362964,0.2681924116791321,19.0489,18.044386742831225,1,L,HH,col-0
1145,-25.0499,0.0929615764847299,5.126865596664957,15.89220087657006,0.0918126390604206,0.1731649219038951,55.0499,22.895404381335457,1,L,HH,col-0
1146,-25.0499,0.2023018626407027,13.447648975899726,24.137805151750705,0.0635301666067868,0.3142909506159648,55.0499,24.093303877627225,1,L,HH,col-0
1147,-25.0499,0.1506653302101185,10.432396393286982,25.952832966479107,0.0568094805447417,0.2180270690605471,55.0499,25.78339159206692,1,L,HH,col-0
1148,-25.0499,0.1186632148384402,9.234200271738136,33.137719605403696,0.0523812356157,0.1779428516544506,55.0499,26.780655322660344,1,L,HH,col-0
1149,-49.05029999999999,0.0815712972020827,3.0082452353501936,11.759749465942772,0.137674863009203,0.1523608576339955,103.0503,27.62754816803297,2,L,HH,col-0
1150,-25.0499,0.1391235300171246,9.9679123469139,29.62341596278605,0.0577965860259316,0.2119395043684432,55.0499,28.138228023911388,2,L,HH,col-0
1151,-31.0496,0.1822508257947242,12.362523778568915,28.34591603275344,0.0577646167769509,0.2627087599926308,67.0496,30.3912366176766,2,L,HH,col-0
1152,-31.0496,0.1795607689266963,12.729697434685168,31.030348785810745,0.0578751971318811,0.2710291996761975,67.0496,32.57033712961014,2,L,HH,col-0
1153,-37.0496,0.1569991494034656,8.704601803179056,21.774742474028294,0.0724141227457194,0.231887693479284,79.0496,33.993199774894826,2,L,HH,col-0
1154,-37.0496,0.070478884656981,4.155116213912542,25.396724541385456,0.0734017622098454,0.1122006000609502,79.0496,34.97282143594567,2,L,HH,col-0
1155,-37.0496,0.1442020951411569,7.843110367435865,22.603244787769395,0.0832963403495892,0.2403365183571408,79.0496,36.58617017639064,2,L,HH,col-0
1156,-43.0497,0.196364814544912,10.086549577817488,21.60230089456604,0.0794723710379169,0.294892899679601,91.0497,38.97106614266384,2,L,HH,col-0
1157,-37.0496,0.1628865913457745,9.405355801878716,26.61082924689158,0.0796058005879648,0.2754390183477238,79.0496,40.81043347394918,2,L,HH,col-0
1158,-55.0489,0.0672375661181979,2.5079157374116967,17.0262529987363,0.1188003091518121,0.10960642925686,115.0489,42.26257625260593,2,L,HH,col-0
1159,-49.05029999999999,0.1348914916133638,5.6347605187167416,17.240501569339646,0.1105822922972116,0.2292274215947474,103.0503,45.68387158029034,2,L,HH,col-0
1160,-49.05029999999999,0.1993656747326412,8.73774229074778,20.704474052596225,0.1098545060746612,0.3531202517370756,103.0503,48.61900910298679,2,L,HH,col-0
1161,-55.0489,0.1797738055262716,6.304303552964453,15.607811484295157,0.1292871378675796,0.2998457901156026,115.0489,51.17413411897533,2,L,HH,col-0
1162,-55.0489,0.1611505420051271,5.571306924052825,16.519666750358525,0.1467824141705094,0.3008407266074139,115.0489,52.98733677703647,2,L,HH,col-0
1163,-55.0489,0.1531058754431201,5.712145855686656,18.660852262579137,0.1356800131668629,0.285115405178556,115.0489,54.25798330115396,2,L,HH,col-0
1164,-61.046400000000006,0.1431966312410259,4.139688058264047,13.853447143970168,0.1647016187516637,0.2508251047351961,127.0464,57.1157786902169,2,L,HH,col-0
1165,-61.046400000000006,0.1310093744299158,3.78016629066358,14.019026438030894,0.170686026059242,0.2373637476590273,127.0464,59.08254831546472,2,L,HH,col-0
1166,-61.046400000000006,0.1920764716064623,6.600497388937305,16.19552211700514,0.1304092338694586,0.3166580442972801,127.0464,61.81980699000386,2,L,HH,col-0
1167,,,,,,,151.0489,64.77964530922691,2,L,HH,col-0
1168,,,,,,,139.0495,68.38234187571648,2,L,HH,col-0
1169,,,,,,,151.0489,71.00383772470363,2,L,HH,col-0
1170,,,,,,,151.0489,73.86063141482896,2,L,HH,col-0
1171,,,,,,,163.0489,76.21184050485053,2,L,HH,col-0
1172,-31.0496,0.2369102467996091,15.224943774502272,24.37347692212293,0.0587191732439247,0.328882789769744,67.0496,1.3175716472840162,1,R,HH,col-0
1173,-19.049100000000003,0.2022634213567643,15.099065850475627,28.205191385560404,0.044399080744361,0.2466207281530197,43.0491,9.55821250436391,1,R,HH,col-0
1174,-25.0499,0.2451215149855751,26.077025967130997,42.5462885110531,0.0336933885825819,0.3232274739837055,55.0499,12.828716961684671,1,R,HH,col-0
1175,-25.0499,0.1199758883008328,8.46592586358355,28.883337812193886,0.0586456546937252,0.1826483772434484,55.0499,13.804056985781871,1,R,HH,col-0
1176,-25.0499,0.2269097294925163,17.035329350729985,31.401629979323225,0.0519739588863821,0.3257180686789698,55.0499,14.992216985781877,2,R,HH,col-0
1177,-31.0496,0.0784745345147838,4.470782648267878,21.64975198603758,0.073078760322096,0.1201932964361413,67.0496,16.390854466671808,2,R,HH,col-0
1178,-31.0496,0.2781267058265418,20.50156187265389,31.33454496769029,0.0528990577697752,0.3989701489072364,67.0496,17.94956195918908,2,R,HH,col-0
1179,-37.0496,0.2241525304155709,12.10336405127392,21.40898147868523,0.0896185003847935,0.3990334352127428,79.0496,20.94117988003883,2,R,HH,col-0
1180,-43.0497,0.1894773665794572,9.900407442751884,21.310115849138136,0.0758537611618036,0.2762712584488585,91.0497,24.030181030263364,2,R,HH,col-0
1181,-49.05029999999999,0.1396363977789437,6.314932214690932,19.28402363438453,0.0916115163564066,0.2128258040865882,103.0503,25.665156259025547,2,R,HH,col-0
1182,-43.0497,0.1425127129612787,5.936756447951328,15.039268980527936,0.146343914159244,0.3196166662732844,91.0497,27.54974516772562,2,R,HH,col-0
1183,-55.0489,0.1181886190213392,3.8039683523952728,15.971442417534789,0.1649922506067858,0.2308904445182105,115.0489,32.85051655225307,2,R,HH,col-0
1184,-55.0489,0.0710108017771607,2.7403195613526314,16.288694600569823,0.0942767912244638,0.0950411147472557,115.0489,33.67344181611956,2,R,HH,col-0
1185,-55.0489,0.2118590353875293,7.743624059786886,15.361017546459076,0.1132230287906137,0.3225407169653047,115.0489,34.30170195077718,2,R,HH,col-0
1186,-49.05029999999999,0.1906341916187462,8.559752955008697,20.947991355960543,0.1036714632520628,0.3264569937639526,103.0503,36.74588663480291,2,R,HH,col-0
1187,-55.0489,0.2109179712345076,7.381384468943549,16.015895705773755,0.1369850393370081,0.3719773392345463,115.0489,38.697031396575554,2,R,HH,col-0
1188,-55.0489,0.1718177789098217,5.887936400535412,16.70966657116876,0.1526696896502324,0.3306902961786074,115.0489,41.08571580809885,2,R,HH,col-0
1189,,,,,,,139.0495,42.37060613536642,2,R,HH,col-0
1190,-61.046400000000006,0.1416134356560579,3.978837954720541,13.167813201896914,0.1669941009041323,0.2444347234107275,127.0464,43.945615940826336,2,R,HH,col-0
1191,-61.046400000000006,0.1920862309145155,5.459037874288476,13.287778688736251,0.1644601878694314,0.3302801000957178,127.0464,46.51647743739616,2,R,HH,col-0
1192,,,,,,,139.0495,49.835600690428365,2,R,HH,col-0
1193,,,,,,,139.0495,53.093796729666046,2,R,HH,col-0
1194,,,,,,,151.0489,54.11705993725626,2,R,HH,col-0
1195,,,,,,,139.0495,55.460849937256256,2,R,HH,col-0
1196,,,,,,,151.0489,57.27850953966653,2,R,HH,col-0
1197,,,,,,,151.0489,59.48627324006778,2,R,HH,col-0
1198,0.0,0.0901139960683218,8.915868678389751,27.363079891346292,0.0375051147173078,0.1230154556038145,0.0,0.0167816901711359,0,L,HH,col-0
1199,0.0,0.1575567884944455,17.471785055719412,38.613774621281046,0.0305005782692593,0.1960427877700006,0.0,0.5202323953052143,0,L,HH,col-0
1200,-7.0473,0.1567368457173114,11.891906945047,28.02167461977389,0.0562514206504612,0.2460880446238316,19.0473,1.784983473649215,1,L,HH,col-0
1201,-1.0518999999999998,0.1562032228139376,16.3290448466654,41.48336149926148,0.0377749095923706,0.2269184108706718,7.0519,2.126789734563201,1,L,HH,col-0
1202,-1.0518999999999998,0.2270177883261973,20.038113665947204,33.967445902523814,0.043954196392298,0.324013196197366,7.0519,4.113247646679296,1,L,HH,col-0
1203,-7.0473,0.1197386638476731,9.499412285423716,22.981850524622825,0.0549032919840035,0.191867157011717,19.0473,6.344732872231143,1,L,HH,col-0
1204,-7.0473,0.1086032776210123,8.835183452744259,25.93587125508264,0.059390893932315,0.1930371743727327,19.0473,7.6294502577385535,1,L,HH,col-0
1205,-7.0473,0.1760790201076682,11.647474943179112,26.32431494520013,0.057622105474283,0.2469030336215734,19.0473,8.943264541011533,1,L,HH,col-0
1206,-13.047999999999998,0.1610728333594477,11.97886946127037,22.9665017857228,0.0536960343645867,0.2366265997539716,31.048,9.937500683156886,1,L,HH,col-0
1207,-25.047,0.1208910453922191,7.772352467165658,21.74521937706819,0.0632522960661665,0.1808565742656838,55.047,12.667474983007022,1,L,HH,col-0
1208,-13.047999999999998,0.1980698922264639,15.311286046813809,26.033884047245092,0.0511163698013779,0.2879235521164813,31.048,14.12343978919122,1,L,HH,col-0
1209,-13.047999999999998,0.1882982313519082,14.7266912665778,26.34161459899317,0.0479512975457455,0.2597832010628267,31.048,15.346830315997067,1,L,HH,col-0
1210,-19.0479,0.2395389615725656,19.719126455435752,27.62201302736804,0.0359122369894264,0.2605167481451037,43.0479,17.380132963525064,1,L,HH,col-0
1211,-19.0479,0.1757933747341867,12.797496597190724,23.558912371326468,0.0511969117197134,0.2410317784786599,43.0479,18.4461562528362,1,L,HH,col-0
1212,-19.0479,0.2319564915523466,15.8420184044229,22.293797295063555,0.0624293244431227,0.3638351610378429,43.0479,21.283756177414304,1,L,HH,col-0
1213,-19.0479,0.1835734157533349,13.546180425073286,28.771627665343527,0.0534896321435578,0.2665581619615165,43.0479,23.763047771149743,1,L,HH,col-0
1214,-25.047,0.1839623510241208,12.046631823056869,22.787108986217863,0.0609154620558784,0.2699595516681778,55.047,24.99212802096998,2,L,HH,col-0
1215,-31.0523,0.1519235448475722,10.512666570055496,29.325959609409978,0.0604321448949558,0.233714908712794,67.0523,26.438432266279385,2,L,HH,col-0
1216,-31.0523,0.1661134363314354,9.701194832486069,20.78782172127609,0.0729946020315819,0.2605082551096592,67.0523,28.917884843617298,2,L,HH,col-0
1217,-31.0523,0.2052002980024516,12.245476266294714,22.62708388666612,0.074718300291486,0.336595404971659,67.0523,30.764421753716533,2,L,HH,col-0
1218,-37.0495,0.163690337640159,8.383647600609956,16.485058912579397,0.0833682735205455,0.2571220610571236,79.0495,32.20828799692169,2,L,HH,col-0
1219,-37.0495,0.1584452859591077,8.42296968158178,19.448027494385048,0.0808073937909534,0.2503928109377403,79.0495,33.05931490672812,2,L,HH,col-0
1220,-37.0495,0.2367383138863266,12.443018364159393,18.79785084518907,0.0793011876684365,0.3630036165224923,79.0495,35.02789284071355,2,L,HH,col-0
1221,-43.05029999999999,0.2366932901181792,11.60623545062779,17.587423252545978,0.0758560033457837,0.3238820294339614,91.0503,36.25408557755158,2,L,HH,col-0
1222,-43.05029999999999,0.2842168036480745,14.062869336466465,17.50478670836085,0.0722883971795204,0.3739797225714719,91.0503,39.65375741952788,2,L,HH,col-0
1223,-43.05029999999999,0.2157710141735909,10.107466107235972,18.46739812488409,0.0932181087557769,0.3466155955446942,91.0503,41.0463676137575,2,L,HH,col-0
1224,-49.0499,0.1949515312008505,8.07712472101999,14.552268393373655,0.0925751476096236,0.2750785461173645,103.0499,41.96433537615442,2,L,HH,col-0
1225,-49.0499,0.1821851146246582,7.165689881287309,13.59053840230275,0.1014048021730197,0.2673142119546405,103.0499,44.59453439673668,2,L,HH,col-0
1226,-49.0499,0.1641870237855248,7.519495365111298,17.481867566196094,0.0720846713708987,0.1994055018851077,103.0499,46.91584107475638,2,L,HH,col-0
1227,-49.0499,0.275487955272895,11.672692927297344,15.88370571809569,0.0886552057381019,0.3806981977192084,103.0499,48.330071522092055,2,L,HH,col-0
1228,-49.0499,0.2139461796212042,9.217717598811577,18.074475127892384,0.0974806688881732,0.3305578059445783,103.0499,49.8661327993962,2,L,HH,col-0
1229,-55.047700000000006,0.2075674383109995,7.418182586569489,14.0094454152388,0.1134588462337551,0.3096288356165894,115.0477,52.06305710209146,2,L,HH,col-0
1230,-49.0499,0.2296329544718056,9.539445856614687,18.13734851845393,0.1160970947174294,0.4074271981559073,103.0499,53.442074657207925,2,L,HH,col-0
1231,-61.04900000000001,0.196986885355214,5.623728519379838,11.233786074113914,0.1341120582525954,0.2774582822471361,127.049,55.24099919442537,2,L,HH,col-0
1232,-55.047700000000006,0.2064007146345493,7.403893296367868,14.95763347426731,0.1159094005990914,0.3157070856659926,115.0477,57.46851389096573,2,L,HH,col-0
1233,-61.04900000000001,0.3004353338457401,8.302089395761437,9.766677979814482,0.1403322455830444,0.4285982548758875,127.049,59.30348255404964,2,L,HH,col-0
1234,-61.04900000000001,0.2024285645901183,5.460358146441923,10.503724161210384,0.1603531689025129,0.3221099898316912,127.049,60.77321985612252,2,L,HH,col-0
1235,-61.04900000000001,0.2276312849199317,6.873044530968598,12.584069378779972,0.1336082227959979,0.3378219489113959,127.049,63.55288357867563,2,L,HH,col-0
1236,,,,,,,139.0537,64.90661779123363,2,L,HH,col-0
1237,,,,,,,139.0537,65.59643865313087,2,L,HH,col-0
1238,,,,,,,151.0497,68.80635423211736,2,L,HH,col-0
1239,,,,,,,151.0497,70.0229251064563,2,L,HH,col-0
1240,,,,,,,151.0497,71.52915413965728,2,L,HH,col-0
1241,,,,,,,139.0537,73.00831763328748,2,L,HH,col-0
1242,,,,,,,151.0497,75.70726740237039,2,L,HH,col-0
1243,,,,,,,151.0497,77.73881457707195,2,L,HH,col-0
1244,,,,,,,151.0497,79.83248761912668,2,L,HH,col-0
1245,,,,,,,163.0495,82.74401082250778,2,L,HH,col-0
1246,,,,,,,151.0497,84.36770483314605,2,L,HH,col-0
1247,0.0,0.1409645205595132,14.015099721957904,32.99213747512256,0.0407958186517251,0.2103378173141669,0.0,2.5167117336192897,0,R,HH,col-0
1248,,,,,,,0.0,4.110021626071349,0,R,HH,col-0
1249,0.0,0.3488930876560931,29.760847355417887,34.580966739665776,0.0475106727667371,0.5201660347211413,0.0,5.143695816407885,0,R,HH,col-0
1250,-1.0518999999999998,0.0858888663132508,12.085796107651326,54.17116672092979,0.0245435224138253,0.1091233456926787,7.0519,5.367837658654347,1,R,HH,col-0
1251,-7.0473,0.1305442927552691,12.289073721734669,30.94350282488111,0.0369602109380829,0.1670933279373935,19.0473,7.046582997652421,1,R,HH,col-0
1252,-1.0518999999999998,0.1262330572125541,10.72685324344385,30.8525010491483,0.0628692119703017,0.2480937786788251,7.0519,9.751807878703232,1,R,HH,col-0
1253,-7.0473,0.1950131311947701,16.646245196170476,34.81348061879025,0.0391359689320635,0.2396612919279774,19.0473,11.06685379192997,1,R,HH,col-0
1254,-7.0473,0.1594047490245955,12.6619655112445,25.5878364357113,0.066384081875445,0.3092221514349062,19.0473,14.40240892020156,1,R,HH,col-0
1255,-13.047999999999998,0.2301773667599266,16.042881418512142,27.99763392783698,0.0498930465312977,0.2944610896228039,31.048,16.238629968768425,1,R,HH,col-0
1256,-19.0479,0.1874654892140061,9.250034373915671,19.34942495301514,0.0702326089909231,0.2389943678886665,43.0479,17.210650736236374,1,R,HH,col-0
1257,-19.0479,0.4558304809365819,40.66446782554699,37.352599023864485,0.0396593209375012,0.5932884380720344,43.0479,19.94586507917186,1,R,HH,col-0
1258,-19.0479,0.190294755809341,8.577303115244847,18.26218872578313,0.1107181118964802,0.3493614224033781,43.0479,20.661422444226638,1,R,HH,col-0
1259,-55.047700000000006,0.035653110345341,1.1426803283352374,15.12940854061183,0.1997594220186885,0.0839725886957682,115.0477,22.101984790673328,1,R,HH,col-0
1260,-19.0479,0.1933588172524493,13.714835800795084,23.89243030650413,0.0631681348790043,0.3187088949489601,43.0479,24.14596291157558,1,R,HH,col-0
1261,-19.0479,0.2049276295695317,14.915507672160036,28.620113914597816,0.0642815359587773,0.3527197705305265,43.0479,25.20956464756513,1,R,HH,col-0
1262,-31.0523,0.2209876308599171,13.575761581866947,26.08594851208473,0.0547814088508452,0.2735916996875351,67.0523,28.18930974846358,2,R,HH,col-0
1263,-31.0523,0.2546724866394194,17.88458051551424,29.105920634579302,0.04944977855086,0.3253483640688399,67.0523,31.20206670451213,2,R,HH,col-0
1264,-31.0523,0.2072430305687339,10.992570724603242,21.40189957724226,0.0803935548269422,0.3251067744283182,67.0523,32.37342081636245,2,R,HH,col-0
1265,-37.0495,0.1884708049175253,12.701369741082798,28.37955592616249,0.0563762794708141,0.2634222701592896,79.0495,34.19988205580778,2,R,HH,col-0
1266,-31.0523,0.1806756680897012,12.269729060289109,30.320122129883934,0.0648153787544586,0.2925624296683219,67.0523,34.96832690484332,2,R,HH,col-0
1267,-37.0495,0.1497623032920595,7.824545433942138,19.459217280111613,0.0775397206526392,0.2231972641062365,79.0495,36.89165509522928,2,R,HH,col-0
1268,-37.0495,0.1433475972406199,7.558915452371987,20.22576018987594,0.0836429269502336,0.2325917078893013,79.0495,38.29116352076418,2,R,HH,col-0
1269,-37.0495,0.2240288048870667,12.640862582749692,23.877191394230145,0.0718181764049362,0.3339770326144287,79.0495,40.40540839992363,2,R,HH,col-0
1270,-43.05029999999999,0.212966647058167,9.91857444040805,18.48394880365701,0.0983331539618852,0.3588019083672285,91.0503,42.59802605365669,2,R,HH,col-0
1271,-43.05029999999999,0.2266087188931929,11.594529555365964,22.5138083954452,0.0850846806853441,0.3629192656135807,91.0503,45.992373222068494,2,R,HH,col-0
1272,-43.05029999999999,0.202028654534848,10.18221623846972,23.678170965417905,0.0983010828964318,0.3682189506798178,91.0503,48.13783671772382,2,R,HH,col-0
1273,-49.0499,0.2554599502088596,10.399078955085711,16.90806548676139,0.1104239154659626,0.4224385431407655,103.0499,50.25189021899799,2,R,HH,col-0
1274,-49.0499,0.2135442660250805,9.02784207409706,18.96535905721866,0.1114541616369724,0.3701568245150905,103.0499,52.23652020497021,2,R,HH,col-0
1275,-55.047700000000006,0.1437424206429676,8.200592877109719,23.11564570602449,0.0611285769722705,0.1844144958254124,115.0477,54.77459491446649,2,R,HH,col-0
1276,-55.047700000000006,0.1619652381188439,5.443970077441596,15.956681742512991,0.1600181240821175,0.3204722447212979,115.0477,56.16401723676705,2,R,HH,col-0
1277,-55.047700000000006,0.1910960200369785,6.557711480900235,15.57487594535402,0.1420746156170139,0.3427475136028624,115.0477,58.47710171412994,2,R,HH,col-0
1278,-55.047700000000006,0.1351582246473871,4.520715975626282,17.066294467150673,0.1701550653130957,0.2829812251405538,115.0477,60.11974328993101,2,R,HH,col-0
1279,-55.047700000000006,0.1879736925178063,6.740893833730056,17.040328527668454,0.1363692857607192,0.3381734991090729,115.0477,60.67322385255267,2,R,HH,col-0
1280,-61.04900000000001,0.2772500606963425,18.914657682156903,24.622663793908085,0.0735323250575378,0.5116609846981406,127.049,64.9433352278244,2,R,HH,col-0
1281,-61.04900000000001,0.1459741071012455,3.653742127766279,13.485614144586323,0.301642393075535,0.4054485843085283,127.049,67.7112361364988,2,R,HH,col-0
1282,,,,,,,151.0497,68.84477905478641,2,R,HH,col-0
1283,,,,,,,139.0537,69.93470498749386,2,R,HH,col-0
1284,,,,,,,163.0495,70.68204498749387,2,R,HH,col-0
1285,,,,,,,139.0537,73.13500937576634,2,R,HH,col-0
1286,,,,,,,139.0537,74.3712999470313,2,R,HH,col-0
1287,,,,,,,139.0537,76.48498143834941,2,R,HH,col-0
1288,,,,,,,151.0497,77.74740143834943,2,R,HH,col-0
1289,,,,,,,139.0537,78.94881330107883,2,R,HH,col-0
1290,,,,,,,151.0497,81.07353186507643,2,R,HH,col-0
1291,,,,,,,163.0495,83.26567790902307,2,R,HH,col-0
1292,,,,,,,163.0495,84.53017600103937,2,R,HH,col-0
1293,-7.0503,0.0833488131940982,6.501159469748043,22.11709692615597,0.0615195295005366,0.1471327467224333,19.0503,1.8383030649081888,1,L,HH,col-0
1294,-25.0483,0.0299081547358875,1.7789347478402038,4.657518567926835,0.2742984578435308,0.1795101055483475,55.0483,3.4011102339945545,1,L,HH,col-0
1295,-19.0502,0.1585439368981235,10.84617014958873,17.537567793516228,0.0630477065444367,0.2515655829218969,43.0502,4.853626871342224,1,L,HH,col-0
1296,-31.056,0.0562686708588528,3.029678372975236,6.033730436518653,0.1963456779054905,0.2188383293260825,67.056,7.6006766423281,1,L,HH,col-0
1297,-19.0502,0.1351843507310298,8.098095840629817,18.915554888688938,0.1070726819238903,0.3189826864363339,43.0502,8.713758718184094,1,L,HH,col-0
1298,-37.05329999999999,0.0627235439677478,3.193295649222633,15.361274449384878,0.0802951296572943,0.094326528435706,79.0533,11.274577217848028,1,L,HH,col-0
1299,-37.05329999999999,0.066913923550724,3.5854686957912043,17.90426923949251,0.07781226653727,0.102635952938,79.0533,12.23300905025355,2,L,HH,col-0
1300,-31.056,0.2021314829629523,11.972660486616324,23.447287187273705,0.0617246025507911,0.2718657433805851,67.056,13.675911989262268,2,L,HH,col-0
1301,-37.05329999999999,0.098396464110682,5.530038293691398,22.78041482692625,0.0782603945622061,0.1592119603925455,79.0533,14.922042069278238,2,L,HH,col-0
1302,-37.05329999999999,0.1254514137331281,5.5462972213576265,15.29064464741314,0.1139529937733897,0.2325061243149375,79.0533,18.12637945926435,2,L,HH,col-0
1303,-43.0532,0.1210747313663393,5.498164184172448,15.213020516413287,0.0999397865905395,0.2021443654050536,91.0532,19.68086242768625,2,L,HH,col-0
1304,-43.0532,0.10733399962084,4.212627234474264,17.279032171337263,0.1212062572334071,0.1878380581676456,91.0532,22.72736610424597,2,L,HH,col-0
1305,-50.36450000000001,0.1405780015469804,6.084199246424057,19.171180242284944,0.1028751557051133,0.2302605043611792,104.3645,24.524166179594378,2,L,HH,col-0
1306,-55.0483,0.147303610168039,5.009964003961911,14.847530266080254,0.1407682616480349,0.2594447405612609,115.0483,29.146472050507867,2,L,HH,col-0
1307,-50.36450000000001,0.160113757074114,6.682935232197538,20.67709849372038,0.1268306446137325,0.3118149761137648,104.3645,30.170312050507867,2,L,HH,col-0
1308,-61.0502,0.0996334007103408,2.5855359258478905,11.4672494754404,0.1969152845940701,0.1872990273989174,127.0502,32.423416264711804,2,L,HH,col-0
1309,-55.0483,0.1281948367905549,4.600804382419872,17.40237445066316,0.1382066955854153,0.233920546454011,115.0483,34.40536885647198,2,L,HH,col-0
1310,-55.0483,0.1115895269724602,3.944144937600488,18.54223888664093,0.1571131789959761,0.22796648348953,115.0483,36.785972608754506,2,L,HH,col-0
1311,-61.0502,0.1563539499572115,5.906059203837987,15.95882330959298,0.1023048091402981,0.2222794756945673,127.0502,38.54041303236541,2,L,HH,col-0
1312,,,,,,,139.0573,41.403670402489865,2,L,HH,col-0
1313,,,,,,,139.0573,42.91258622941526,2,L,HH,col-0
1314,,,,,,,139.0573,45.02006039753713,2,L,HH,col-0
1315,,,,,,,151.0544,47.53857419208066,2,L,HH,col-0
1316,,,,,,,151.0544,51.2399166414662,2,L,HH,col-0
1317,,,,,,,151.0544,53.0723113811443,2,L,HH,col-0
1318,,,,,,,151.0544,56.52122539029625,2,L,HH,col-0
1319,-13.0492,0.0839328070609214,6.1963522988665085,18.239732939533106,0.0648792481938469,0.1478929353409137,31.0492,5.704217022635459,1,R,HH,col-0
1320,-19.0502,0.1869476689468423,10.980457410322533,22.729921721020933,0.058334196437614,0.2356400844248441,43.0502,7.242092351648106,1,R,HH,col-0
1321,-19.0502,0.1274789875580545,8.597898195753656,21.538701976725463,0.0750920565509091,0.237515422711152,43.0502,8.02483206981756,1,R,HH,col-0
1322,-13.0492,0.1681705473020914,14.65481406947908,36.619024387975145,0.0475777814786573,0.2565015643735829,31.0492,10.533054871522316,1,R,HH,col-0
1323,-19.0502,0.1524453667612463,10.876432659194856,28.45767160580752,0.069182457628248,0.2768139542093761,43.0502,13.515527313919996,1,R,HH,col-0
1324,-37.05329999999999,0.1348994092543066,7.017497087832071,16.257433961333263,0.0738753272439587,0.1907160208222437,79.0533,14.103716550230672,2,R,HH,col-0
1325,-37.05329999999999,0.16261856765997,8.691337935099378,20.850495132760763,0.0858634294350125,0.2745366847812471,79.0533,19.891409529100404,2,R,HH,col-0
1326,-37.05329999999999,0.1073012718086133,5.584927118027698,23.33542508113925,0.1076898186083085,0.2212573332110944,79.0533,22.32894232647947,2,R,HH,col-0
1327,-43.0532,0.1494174130485878,7.433727836118238,20.44582487246135,0.0863009842644468,0.2360086516028028,91.0532,23.494931896666717,2,R,HH,col-0
1328,-50.36450000000001,0.0945010671153433,4.609813343767165,21.034652165911684,0.0867653023647099,0.147141420153469,104.3645,24.885434274644524,2,R,HH,col-0
1329,-50.36450000000001,0.1476872607410118,6.082407079077971,17.8319811977099,0.1175670581133186,0.2630671695069215,104.3645,27.038683563520927,2,R,HH,col-0
1330,-55.0483,0.1193580761972802,4.037771024183505,14.748297513243196,0.1370016519803352,0.203504027742797,115.0483,29.417573882629817,2,R,HH,col-0
1331,-55.0483,0.1345784723201685,4.477339466716773,15.247911866207335,0.1554006749588707,0.25596373704275,115.0483,30.40347854208844,2,R,HH,col-0
1332,-55.0483,0.1117853350994539,3.68092139137822,15.496888679734846,0.166312198612542,0.2252092197029791,115.0483,32.99112342065596,2,R,HH,col-0
1333,-61.0502,0.1277629390051843,3.361653124737827,11.799317223612778,0.2019220049950876,0.2497135256316894,127.0502,35.08117778422821,2,R,HH,col-0
1334,,,,,,,139.0573,36.69888985582809,2,R,HH,col-0
1335,-61.0502,0.1264710064589344,3.497355131660748,13.249997186758232,0.1815068757308708,0.2335276631816085,127.0502,39.93807082213272,2,R,HH,col-0
1336,,,,,,,151.0544,42.05841404815582,2,R,HH,col-0
1337,,,,,,,139.0573,44.03222750551075,2,R,HH,col-0
1338,,,,,,,151.0544,45.51109737723904,2,R,HH,col-0
1339,,,,,,,151.0544,47.73380072963824,2,R,HH,col-0
1340,,,,,,,151.0544,49.4207204117922,2,R,HH,col-0
1341,0.0,0.1945702318000988,20.49429279609773,34.45825213480728,0.0336675698065042,0.253834251520088,0.0,1.961861800077084,0,L,HH,col-0
1342,-7.052,0.1385125774995011,10.459096094162517,16.69487544083412,0.0913753106115497,0.3515835423370803,19.052,2.039052657692862,0,L,HH,col-0
1343,0.0,0.2035574228231604,21.550879066570783,37.94744713072378,0.0371949936102805,0.2948865716515625,0.0,2.964412185346093,0,L,HH,col-0
1344,0.0,0.1274261752528767,12.441813971531056,32.18820617995066,0.0451357086142119,0.206590090906653,0.0,4.275380677013776,0,L,HH,col-0
1345,0.0,0.0600132250536617,5.498515982064058,25.010623372479188,0.047101291195528,0.0952760672947882,0.0,4.955203103828307,0,L,HH,col-0
1346,-7.052,0.1053197722577779,7.010341845464988,25.23910084948016,0.0593476116665784,0.1530551545975909,19.052,8.268051267220512,1,L,HH,col-0
1347,-1.0564999999999998,0.1234522043185207,11.54578413883531,36.50185271970109,0.0478669015854292,0.2033125878686153,7.0565,10.20933153270354,1,L,HH,col-0
1348,-1.0564999999999998,0.0527925865549446,4.679685097975755,31.70483667147781,0.0473921417639474,0.081588412670081,7.0565,11.898542281913569,1,L,HH,col-0
1349,-13.0507,0.1497826116181826,10.54166042201492,21.16861693050964,0.0638850711693295,0.2477501483667348,31.0507,15.280437050390644,1,L,HH,col-0
1350,-13.0507,0.1350067534092152,11.071077525931036,30.918566207405046,0.0516452583856002,0.2103419349118219,31.0507,17.57917731738921,1,L,HH,col-0
1351,-19.0492,0.1996338126973138,14.65177659837378,21.556116462049317,0.0541674330120007,0.2919671974738251,43.0492,18.82175125535217,1,L,HH,col-0
1352,-19.0492,0.3245871127006652,25.508686097929225,29.957104380078828,0.0495973090241409,0.4654271584179359,43.0492,21.699374137518163,1,L,HH,col-0
1353,-19.0492,0.2679007043733418,30.19812267909212,44.649108256960616,0.0332067285845733,0.368902463706908,43.0492,23.596303461269507,1,L,HH,col-0
1354,-25.0482,0.1501580171291001,9.356584992370092,20.86839188369616,0.0778830887906142,0.2680810106252997,55.0482,24.242876836533288,1,L,HH,col-0
1355,-25.0482,0.1575034920970255,9.391315787606976,21.211379160955584,0.0856850353014558,0.2960308296084196,55.0482,26.749150467206867,1,L,HH,col-0
1356,-25.0482,0.2432154063892327,15.785468133117092,23.49479860792397,0.0673650191391776,0.3911987166949245,55.0482,28.574819396906417,2,L,HH,col-0
1357,-31.058000000000007,0.1082514424928404,6.309929618585309,21.92269207228444,0.0790817808830088,0.183572014593883,67.058,31.45667603549945,2,L,HH,col-0
1358,-31.058000000000007,0.1928883255591949,12.403252908595404,26.349223543281973,0.062036102371033,0.2830646399926926,67.058,33.66532304781265,2,L,HH,col-0
1359,-31.058000000000007,0.2802444103409724,19.406583891545804,29.464983099383915,0.0568363795075059,0.4057710114736055,67.058,35.23674553325064,2,L,HH,col-0
1360,-31.058000000000007,0.1910405363104496,12.44531052946095,28.4343229225137,0.0656034444334324,0.3003570966146432,67.058,37.579028564626135,2,L,HH,col-0
1361,-37.0543,0.2073142421931009,12.04671552807542,24.93445245874855,0.0745592749210756,0.3304272447213243,79.0543,39.46236722599849,2,L,HH,col-0
1362,-43.0539,0.1718185266506613,9.062034528976763,22.750961633503827,0.0642451881310031,0.2141765092451046,91.0539,40.91916660050849,2,L,HH,col-0
1363,-43.0539,0.1989027908968683,10.08636282242438,22.24104810364262,0.08562631147821,0.3177220388530291,91.0539,44.04828060764601,2,L,HH,col-0
1364,-43.0539,0.1736913909877675,8.730151858362664,21.55680920049441,0.0830111559763458,0.2666022301383484,91.0539,45.98593734168437,2,L,HH,col-0
1365,-43.0539,0.2424195137399481,11.642394629475511,22.177907950369796,0.1038912241176868,0.4449658666934719,91.0539,47.48752697772523,2,L,HH,col-0
1366,-43.0539,0.1324376465276917,6.675474728169868,24.59917439699673,0.0993901999097644,0.2440794625410488,91.0539,48.84623262351696,2,L,HH,col-0
1367,-50.3665,0.2341462937512137,10.215320081824409,19.371637251562586,0.1044757291358435,0.3926204423437727,104.3665,50.65306702361912,2,L,HH,col-0
1368,-55.0519,0.1204312779431579,3.93578703342625,14.50216783557231,0.1668503660448705,0.2415818331736749,115.0519,53.5897631540502,2,L,HH,col-0
1369,-55.0519,0.1769753309545222,6.463647692777695,16.512801051362704,0.1213568272622647,0.2885674944828028,115.0519,54.20606708342842,2,L,HH,col-0
1370,-55.0519,0.1779875317002696,6.258883500402027,16.591296045569592,0.1399303062290834,0.322191568105319,115.0519,56.069719506357536,2,L,HH,col-0
1371,-61.055800000000005,0.1019542570569159,2.787448000199815,16.091631765028296,0.2576886009260904,0.2642454390878628,127.0558,59.208310019938686,2,L,HH,col-0
1372,-61.055800000000005,0.1513912884806256,3.980163697159948,12.360459663177544,0.2071425948524718,0.3033024124046383,127.0558,59.913780019938685,2,L,HH,col-0
1373,-61.055800000000005,0.0811308770244287,2.635912737241162,15.118622192305995,0.1340830811451127,0.1300201096658539,127.0558,60.95954611050461,2,L,HH,col-0
1374,-55.0519,0.1565562535157906,5.445187580402807,17.673816737179703,0.1537310898167512,0.3079499013781434,115.0519,61.98427447509691,2,L,HH,col-0
1375,-61.055800000000005,0.1897110907261464,5.142423114906765,12.785498053773136,0.1858728359971322,0.3516326961604187,127.0558,64.73523853740097,2,L,HH,col-0
1376,,,,,,,139.065,66.44614241855646,2,L,HH,col-0
1377,-61.055800000000005,0.1169772985167056,3.633147191896069,15.19517090581076,0.1543811226020322,0.206339657717278,127.0558,67.90359897770296,2,L,HH,col-0
1378,,,,,,,139.065,70.63856582548063,2,L,HH,col-0
1379,,,,,,,139.065,71.27492835627577,2,L,HH,col-0
1380,,,,,,,139.065,72.89067106504622,2,L,HH,col-0
1381,,,,,,,151.058,74.1295361585895,2,L,HH,col-0
1382,,,,,,,151.058,75.7418082877019,2,L,HH,col-0
1383,,,,,,,151.058,79.02106151291511,2,L,HH,col-0
1384,,,,,,,151.058,82.30601942514062,2,L,HH,col-0
1385,-19.0492,0.2479270494833803,2663.1222084287247,292.47899395551224,0.0071516136215345,7.006492432908147,43.0492,4.136927629536805,1,R,HH,col-0
1386,-13.0507,0.0852389453754284,6.964139276370497,27.81665194014251,0.0472242863030612,0.1209869056249217,31.0507,5.307756203934014,1,R,HH,col-0
1387,-1.0564999999999998,0.1062851245086915,9.756098156773854,31.76441848923529,0.0432633438940408,0.1552750804576421,7.0565,7.024971446383253,1,R,HH,col-0
1388,-7.052,0.0725543399956609,3.615521671034679,17.747537114228717,0.0943270280797301,0.1254621248672704,19.052,9.192024469415552,1,R,HH,col-0
1389,-7.052,0.1235408698095621,12.393839491350844,40.7603881774189,0.0368221107513676,0.1678881584710085,19.052,12.479886943670726,1,R,HH,col-0
1390,-13.0507,0.1812494135755736,16.23887271995764,33.86718659562921,0.0412320815308124,0.2463182871429282,31.0507,13.779075246323998,1,R,HH,col-0
1391,-13.0507,0.1682388354587576,13.594333976381971,29.90293178206714,0.0497355458289365,0.2487312439120776,31.0507,16.412599867001333,1,R,HH,col-0
1392,-13.0507,0.3581697141086408,33.582056133703254,41.42204080831402,0.0420798606826978,0.5198608285388321,31.0507,18.617122694227685,1,R,HH,col-0
1393,-25.0482,0.2356055906422823,16.515028445598308,27.357361926431786,0.0572796010335199,0.3480044749286956,55.0482,22.833330675304037,2,R,HH,col-0
1394,-25.0482,0.2237907148863613,15.791522178113588,29.241932998065064,0.0635264878533131,0.3690492763960187,55.0482,24.53804114315337,2,R,HH,col-0
1395,-31.058000000000007,0.1970153735988201,11.353179029507922,19.322066457679856,0.0782713657845777,0.3269082768875965,67.058,25.75540397337538,2,R,HH,col-0
1396,-31.058000000000007,0.1691959117554839,9.87468111656399,21.840135952957,0.0794599417408371,0.2886535082627254,67.058,27.58028060830602,2,R,HH,col-0
1397,-31.058000000000007,0.1513823985027922,9.202465104400677,25.51590836708925,0.0745213118290488,0.2522842791579642,67.058,29.848951785877748,2,R,HH,col-0
1398,-37.0543,0.1566311471755505,9.128369642846955,22.64073534842977,0.0641592428288477,0.2154556891103921,79.0543,31.909427174956686,2,R,HH,col-0
1399,-37.0543,0.2038227948865479,12.916417648648164,26.83015864509137,0.0632129092878988,0.3003678016754668,79.0543,32.92900825925101,2,R,HH,col-0
1400,-43.0539,0.1509349397702375,7.213619588142335,19.32399746924981,0.0890526742419074,0.2363228523850467,91.0539,35.099630003385954,2,R,HH,col-0
1401,-43.0539,0.1520055317234051,6.994217537856426,18.211657317009617,0.1001984907624966,0.2578136063820425,91.0539,37.282595500337074,2,R,HH,col-0
1402,-43.0539,0.2052932694778787,9.973092924808466,22.06017473040721,0.0978462227414821,0.3589876007431844,91.0539,40.77481598092668,2,R,HH,col-0
1403,-55.0519,0.2097386990488457,7.058460009998451,11.333511561599684,0.1100960096978815,0.2858821604062408,115.0519,43.66353396623217,2,R,HH,col-0
1404,-55.0519,0.2572663876876437,9.75330010264418,15.33351665193066,0.1035141267238277,0.3714126814337578,115.0519,44.66346637783164,2,R,HH,col-0
1405,-61.055800000000005,0.1347178180770326,3.4816290630824063,8.022365624746675,0.1827697047497066,0.2340950482931709,127.0558,45.89490919217442,2,R,HH,col-0
1406,-55.0519,0.2438134967945943,9.19777528740157,15.36573904924468,0.1034802030234989,0.3501431103059652,115.0519,48.37905427184469,2,R,HH,col-0
1407,,,,,,,115.0519,50.64179832210933,2,R,HH,col-0
1408,,,,,,,151.058,55.68361448949295,2,R,HH,col-0
1409,,,,,,,151.058,58.843134058909314,2,R,HH,col-0
1410,,,,,,,151.058,65.9506522905379,2,R,HH,col-0
1411,,,,,,,151.058,68.06691797570717,2,R,HH,col-0
1412,-25.0465,0.1064073324026309,9.411696671327418,32.103364803219506,0.0318844448257598,0.1103957360461925,55.0465,3.0164038880385124,1,L,HH,col-0
1413,-7.0505,0.1864986321780384,15.57042900984828,28.05443431343308,0.0518333298456597,0.296903424161655,19.0505,4.699200441539064,1,L,HH,col-0
1414,-13.047999999999998,0.299778903232726,27.58536875050483,34.11869540903827,0.0390574029411933,0.3963580417931274,31.048,6.340629142781774,1,L,HH,col-0
1415,-7.0505,0.1962542161731565,17.288231370210507,33.89654254108622,0.0477534639725939,0.303711309564697,19.0505,9.012932335255073,1,L,HH,col-0
1416,-13.047999999999998,0.132900875275444,9.589585725826478,22.653041927011262,0.0705552640906257,0.248905667661743,31.048,10.221202887447369,1,L,HH,col-0
1417,-25.0465,0.1836768276004802,13.685624953064751,25.10103446383836,0.0442527168364859,0.2227973859949767,55.0465,12.224132695509384,1,L,HH,col-0
1418,-19.047400000000003,0.1794748379918714,7.554617847600093,17.861536593681727,0.1024429793085768,0.2847083594288765,43.0474,13.661790806176835,1,L,HH,col-0
1419,-13.047999999999998,0.2233964782909024,18.76354271280189,32.383720891085936,0.0477378967549605,0.3295214114309874,31.048,14.821882099123687,1,L,HH,col-0
1420,-19.047400000000003,0.2046131102273434,16.4284622255355,32.258895947131386,0.0501177179394717,0.3028961262877603,43.0474,18.150941725042784,1,L,HH,col-0
1421,-37.05159999999999,0.0929066862752945,4.792052925896767,17.801985529231466,0.0970257524696197,0.1710464809577717,79.0516,19.62971305252113,1,L,HH,col-0
1422,-19.047400000000003,0.1930099250224599,14.697933557670174,32.72114002243525,0.0568500156762753,0.3073918768886743,43.0474,20.25017746326521,1,L,HH,col-0
1423,-31.0552,0.1950450622849465,15.7862129569208,32.659959013491395,0.0494082351020714,0.2869345308426176,67.0552,21.52272807811596,2,L,HH,col-0
1424,-25.0465,0.1759550683437999,11.172047841644408,23.516235204758548,0.0729375114887966,0.2997707446196844,55.0465,22.85876646470115,2,L,HH,col-0
1425,-31.0552,0.2630846679510755,16.896610067996562,25.55571130049564,0.0683428004787535,0.4248130707252698,67.0552,24.75937307973565,2,L,HH,col-0
1426,-37.05159999999999,0.1755423032354705,10.53055383994682,23.725457042653968,0.0646121554921433,0.2503058273802099,79.0516,26.263588985074197,2,L,HH,col-0
1427,-31.0552,0.2547149971341535,16.440873757192747,26.479418108395784,0.0628864588792397,0.3803536192038564,67.0552,27.964569050725075,2,L,HH,col-0
1428,-31.0552,0.1503570197821096,9.428198153000793,26.805026266170213,0.0631982747448876,0.219199440979364,67.0552,30.377563651944584,2,L,HH,col-0
1429,-37.05159999999999,0.1606987101189306,7.9518734221248755,16.806374864984498,0.0878902070405983,0.2571079253498077,79.0516,31.030665087658324,2,L,HH,col-0
1430,-37.05159999999999,0.2117041599555627,12.46689038080796,25.00486135314922,0.0709083144802921,0.3252077008566806,79.0516,32.580221844523614,2,L,HH,col-0
1431,-37.05159999999999,0.1881639866298839,11.288112648708733,26.69200189238537,0.0725907477615805,0.3014450265634287,79.0516,34.502835023178974,2,L,HH,col-0
1432,-50.3648,0.1449478191049079,7.470882227314578,22.744479583501004,0.0751500920700441,0.2065413090538215,104.3648,35.89435952271689,2,L,HH,col-0
1433,-43.0512,0.1811732224444617,9.112350545991166,22.065641847350104,0.0865369500403175,0.290093181543033,91.0512,37.54574667998085,2,L,HH,col-0
1434,-43.0512,0.2690529228019053,13.829414522035574,22.69433242486603,0.0845205348201864,0.4300030627490584,91.0512,39.273476679980845,2,L,HH,col-0
1435,-43.0512,0.2346983416160994,11.85671482449637,24.28071758812518,0.0952955702667885,0.4156641849500893,91.0512,41.58649942403077,2,L,HH,col-0
1436,-43.0512,0.1538662987383866,6.683799446763185,21.90151619869897,0.1680412831617791,0.4131853524793547,91.0512,43.849833748106725,2,L,HH,col-0
1437,-61.0552,0.1215430320944523,3.325744667197508,12.31550491604692,0.175480648881888,0.2146958516608758,127.0552,45.48350771919742,2,L,HH,col-0
1438,-55.0513,0.2721771363563792,9.613208312345748,14.08264321599227,0.1176983530846901,0.4162404259842903,115.0513,47.362311306365605,2,L,HH,col-0
1439,-61.0552,0.1999676506028359,5.465849347911766,11.08227238535514,0.1623311394305554,0.3264111702152901,127.0552,50.37520995161308,2,L,HH,col-0
1440,,,,,,,139.0626,52.25277432546181,2,L,HH,col-0
1441,-55.0513,0.2435112935274794,8.941874645438881,17.17171592098571,0.1274894429605532,0.4193805828501395,115.0513,53.22089468356161,2,L,HH,col-0
1442,-61.0552,0.1871426917211749,5.47614774166999,12.729888091664115,0.1508952041951471,0.3039877701535158,127.0552,56.15315348673306,2,L,HH,col-0
1443,,,,,,,139.0626,56.97689357726926,2,L,HH,col-0
1444,,,,,,,139.0626,58.939431636706885,2,L,HH,col-0
1445,,,,,,,151.0563,61.388815059342754,2,L,HH,col-0
1446,,,,,,,151.0563,62.95530129088884,2,L,HH,col-0
1447,,,,,,,151.0563,64.62001067681479,2,L,HH,col-0
1448,,,,,,,151.0563,66.65862917015689,2,L,HH,col-0
1449,,,,,,,151.0563,68.86459333060506,2,L,HH,col-0
1450,,,,,,,151.0563,70.99275968152257,2,L,HH,col-0
1451,,,,,,,151.0563,71.67020356755668,2,L,HH,col-0
1452,,,,,,,151.0563,73.41489871060938,2,L,HH,col-0
1453,,,,,,,151.0563,74.98896727661412,2,L,HH,col-0
1454,-13.047999999999998,0.1430072611107647,10.54456839959853,21.88112337419494,0.0732880813251916,0.2842939897982937,31.048,11.684851600475934,1,R,HH,col-0
1455,-19.047400000000003,0.2688656888905332,19.613135858288103,24.73872016501942,0.0594401408358639,0.4288766328215708,43.0474,14.682621420560965,1,R,HH,col-0
1456,-19.047400000000003,0.1700757901585179,11.88039777135774,26.03336766454847,0.0580640887998358,0.2537722409616882,43.0474,16.939707955482806,1,R,HH,col-0
1457,-25.0465,0.1756029525682444,10.928321667294204,19.50014978276118,0.0709697854564864,0.2853201739449536,55.0465,17.445368436240397,1,R,HH,col-0
1458,-37.05159999999999,0.1488969077589423,9.230629371116336,23.407592731503893,0.0532223614199499,0.1807303008024211,79.0516,19.85597588011499,1,R,HH,col-0
1459,-19.047400000000003,0.1586767181002326,10.925650494257075,26.478164492370244,0.0795272005109565,0.3196454423793037,43.0474,20.52510727916902,1,R,HH,col-0
1460,-25.0465,0.2577476760519203,17.064229310353344,25.316719700817988,0.0652508155098473,0.4096171584897055,55.0465,22.05339365668268,2,R,HH,col-0
1461,-31.0552,0.1844369363755321,11.892362064494067,24.240805985291,0.058105470189274,0.2542088469944407,67.0552,24.56796508763395,2,R,HH,col-0
1462,-50.3648,0.1421374504573146,6.880895761091814,19.041909235149564,0.0747210034446461,0.1891442713864057,104.3648,25.95766862309724,2,R,HH,col-0
1463,,,,,,,151.0563,27.93133658960465,2,R,HH,col-0
1464,-37.05159999999999,0.2039747147034384,10.83462150139397,19.34105673219409,0.0817871806831089,0.3259901666892068,79.0516,29.315475931019712,2,R,HH,col-0
1465,-43.0512,0.1718216017309761,8.34144006536405,18.75463559055042,0.0913140131028109,0.2802102267139668,91.0512,30.86067095260284,2,R,HH,col-0
1466,-37.05159999999999,0.2080830702993862,12.18531040630318,24.853060182506542,0.0715230883913512,0.3206183494814934,79.0516,32.72763273583578,2,R,HH,col-0
1467,-50.3648,0.1094896824748194,4.7189506671260695,19.909851382584574,0.1100368961342891,0.1910245946483577,104.3648,35.27310749014775,2,R,HH,col-0
1468,-43.0512,0.1937805395752583,9.29500608712554,19.94911229959172,0.0971665459566134,0.3322553337464924,91.0512,36.48102617140091,2,R,HH,col-0
1469,-50.3648,0.2248688996439468,10.068910920045786,17.093588376346286,0.0826984316691398,0.3063270088429712,104.3648,37.24349292818158,2,R,HH,col-0
1470,-43.0512,0.2495950825568533,14.163280217386422,25.58278058530158,0.070272381140338,0.366145781947048,91.0512,39.44475174477181,2,R,HH,col-0
1471,-43.0512,0.2505043955275195,13.290013866764504,25.274250585139782,0.0892199552246877,0.4362073239478573,91.0512,41.45880684779576,2,R,HH,col-0
1472,-61.0552,0.1120660738484696,3.101966751121733,11.117605829772666,0.1482513065724398,0.1691769480939941,127.0552,44.39322671810236,2,R,HH,col-0
1473,-50.3648,0.2136318607183061,9.43972366583633,21.702837258121395,0.1126089855569674,0.3910550020306486,104.3648,45.86787777272139,2,R,HH,col-0
1474,-55.0513,0.2565900696519444,9.596819538303771,17.00406691378014,0.1198316100343751,0.4230622168916934,115.0513,48.40822835356103,2,R,HH,col-0
1475,-61.0552,0.2069173933015378,6.015512943852031,12.45340069262213,0.1439851255664833,0.3186367129041749,127.0552,51.08247302087476,2,R,HH,col-0
1476,-61.0552,0.2213634008995348,5.865141899430722,11.345343920065243,0.1907653398743091,0.4116077207822935,127.0552,52.5233970330009,2,R,HH,col-0
1477,-61.0552,0.2272153179795381,6.311573355035258,11.994204956131208,0.1599880357105611,0.371475912741408,127.0552,53.79879305685118,2,R,HH,col-0
1478,-61.0552,0.1689042793333594,5.205366696665425,14.048246675121176,0.1387945156838562,0.2657841957579924,127.0552,55.06747057140055,2,R,HH,col-0
1479,,,,,,,151.0563,61.258795080420846,2,R,HH,col-0
1480,,,,,,,151.0563,61.64288317685837,2,R,HH,col-0
1481,-1.0568,0.1197009192167468,10.4933943815136,29.67364399494581,0.0484127772584861,0.1868880406582618,7.0568,1.9695366498988416,1,L,HH,col-0
1482,-1.0568,0.1791234395889537,17.000092357432116,35.375360705536515,0.0419522654412672,0.2623688168159327,7.0568,3.822215657525011,1,L,HH,col-0
1483,-7.0516000000000005,0.3126019790317587,34.42860601698413,44.77471656358868,0.0335114030239607,0.4244412333221382,19.0516,6.594388174924207,1,L,HH,col-0
1484,-19.0484,0.2162366186184953,15.97986377463862,25.600174826186212,0.0500172899082332,0.2940348093204404,43.0484,8.010293871218986,1,L,HH,col-0
1485,-13.0489,0.1622674738360437,10.938265986548728,16.504178262110923,0.0660543340933666,0.2658002081731106,31.0489,10.670091181070203,1,L,HH,col-0
1486,-19.0484,0.1928422491673759,12.58926586234922,11.845756227275468,0.1128608741891437,0.5226961883601778,43.0484,12.639494947142532,1,L,HH,col-0
1487,-25.0471,0.2042608411742031,12.32272023960049,9.906675215332958,0.0972593747871009,0.4409035345901978,55.0471,14.016026250018331,1,L,HH,col-0
1488,-25.0471,0.1688202904257954,10.254189048569977,11.213816594374771,0.1249277880082898,0.4712657614250678,55.0471,16.143021865340963,1,L,HH,col-0
1489,-25.0471,0.3031314087301481,20.353877375808597,25.51383829776346,0.0574324839689729,0.4300414047778274,55.0471,17.058446445358342,1,L,HH,col-0
1490,-19.0484,0.2775644486705297,20.671657795400773,28.412167707628303,0.0570988637980163,0.4342184686596321,43.0484,18.412271054348047,1,L,HH,col-0
1491,-25.0471,0.333404952772479,26.177127981915785,31.86094397403425,0.0490329657035251,0.4721887940816225,55.0471,20.0363107438572,2,L,HH,col-0
1492,-31.057199999999995,0.2014048251720792,11.87023069645056,18.55494556898267,0.0662834612514108,0.2894475356366983,67.0572,21.029919678915363,2,L,HH,col-0
1493,-37.0527,0.2384122636753036,13.936637010008118,21.64565883370431,0.067324107464445,0.3451708494430252,79.0527,22.55133739595947,2,L,HH,col-0
1494,-31.057199999999995,0.1975314363972039,12.176096957058812,24.07557720894942,0.0692013211438905,0.3099759513465291,67.0572,24.683495294544848,2,L,HH,col-0
1495,-31.057199999999995,0.1674956029975587,9.94111563695352,24.558005865481217,0.0804861134818352,0.29434834641317,67.0572,27.081637609310413,2,L,HH,col-0
1496,-37.0527,0.1125118355955394,6.10017651706061,23.73393400765744,0.0925816717667438,0.2077652633766311,79.0527,30.619332073461056,2,L,HH,col-0
1497,-50.366,0.2140302468727276,8.905349097436405,15.378530623279463,0.0911711029445095,0.2986851807707627,104.366,32.894072342562346,2,L,HH,col-0
1498,-43.0532,0.1494256132742223,6.682354480871854,18.098182381073297,0.1202058142054676,0.2955020530884802,91.0532,34.61559969619523,2,L,HH,col-0
1499,-43.0532,0.188889333935988,9.603624920932866,22.10950688630976,0.0846455947933023,0.2990508692268187,91.0532,36.72483484243047,2,L,HH,col-0
1500,-50.366,0.2814812349645433,59.24599430010524,51.31062093570292,0.0368698317049865,0.8035921132864176,104.366,38.03408537249747,2,L,HH,col-0
1501,-50.366,0.1584479923721986,6.841384307825951,19.151753519496683,0.1055038372851992,0.265532546795399,104.366,40.02222421863168,2,L,HH,col-0
1502,-50.366,0.1519538549043713,6.53698871140208,19.325674667301943,0.1099825287110482,0.2644885975797228,104.366,41.43360297324442,2,L,HH,col-0
1503,-55.052400000000006,0.1575705884099945,4.717467544855748,15.061217005880566,0.1692407972330827,0.2937105195840473,115.0524,43.92231106434117,2,L,HH,col-0
1504,-55.052400000000006,0.1427625437294541,4.989355694504986,16.11511941618212,0.1384167365975925,0.254061343355811,115.0524,45.673488918537686,2,L,HH,col-0
1505,-55.052400000000006,0.1983486363245197,6.6494783781395705,16.03926586846808,0.1632260160244478,0.3992845233857551,115.0524,46.477680204862025,2,L,HH,col-0
1506,-55.052400000000006,0.1804129354952582,6.37842908673245,15.884313239631751,0.1299413325065781,0.3049064177788282,115.0524,47.697180400091206,2,L,HH,col-0
1507,-55.052400000000006,0.1488375062356109,5.32162592264746,17.040752532623724,0.1362522814367199,0.2667433763939575,115.0524,49.01473278584586,2,L,HH,col-0
1508,-61.0591,0.2050217685831016,5.472953965489738,10.544179359393333,0.1688293958893501,0.3399189524978929,127.0591,51.3122784218981,2,L,HH,col-0
1509,-61.0591,0.2505092250078093,7.053698781015446,11.6060495566098,0.1516601356406073,0.3935445187091669,127.0591,52.85622666334791,2,L,HH,col-0
1510,-61.0591,0.1761304689989895,4.859809358794832,12.890237621351687,0.1769822270301812,0.31641306440591,127.0591,55.36031791213885,2,L,HH,col-0
1511,,,,,,,139.0656,58.30842656804828,2,L,HH,col-0
1512,,,,,,,139.0656,60.09647779404936,2,L,HH,col-0
1513,,,,,,,139.0656,61.6061098744624,2,L,HH,col-0
1514,,,,,,,139.0656,63.417350028439024,2,L,HH,col-0
1515,,,,,,,151.0573,65.23228111142812,2,L,HH,col-0
1516,,,,,,,139.0656,68.11878818810135,2,L,HH,col-0
1517,,,,,,,151.0573,72.19267374342827,2,L,HH,col-0
1518,,,,,,,151.0573,74.89616735383986,2,L,HH,col-0
1519,,,,,,,167.8619,78.78568991354446,2,L,HH,col-0
1520,,,,,,,167.8619,80.87544765444031,2,L,HH,col-0
1521,0.0,0.1316076165018551,13.311910579284117,34.00381337907955,0.0431506706103599,0.2113165244999208,0.0,1.880531284167663,0,R,HH,col-0
1522,-13.0489,0.1231735823699944,9.705899834933376,27.233889119516803,0.0537660086100762,0.1919769645038586,31.0489,4.763843211833519,1,R,HH,col-0
1523,-7.0516000000000005,0.1353691913804651,11.44603849104228,26.574013143081448,0.0561418409323292,0.2363999440903063,19.0516,5.812899260336171,1,R,HH,col-0
1524,-13.0489,0.0973240375066975,8.22285594390262,25.54967786767899,0.0454517540034671,0.1374924489636451,31.0489,8.070418150597707,1,R,HH,col-0
1525,-7.0516000000000005,0.1560311452714858,12.797988435212982,25.685808463004005,0.0647592225512881,0.3048939858287605,19.0516,11.493242574364125,1,R,HH,col-0
1526,-13.0489,0.1700612669300972,12.779399793127949,23.03433042729398,0.061601301527292,0.2896048716334009,31.0489,13.497886823458533,1,R,HH,col-0
1527,-19.0484,0.1171145769405496,8.41015771094109,20.37485175469843,0.0616080020549827,0.1906104834729774,43.0484,14.508373174019544,1,R,HH,col-0
1528,-13.0489,0.1963600005625458,15.43964265739943,27.327659999787382,0.0561641884152539,0.3190084965420788,31.0489,16.180776362501113,1,R,HH,col-0
1529,-13.0489,0.1973030907736445,14.915266055051374,27.63435377693014,0.0664798022351205,0.3647759872588801,31.0489,18.53997403764409,1,R,HH,col-0
1530,-25.0471,0.1559575392335627,8.743156526232525,17.296043997112335,0.0756026071603163,0.243170307535267,55.0471,20.368200419064145,1,R,HH,col-0
1531,-25.0471,0.2058954497145548,10.793550975836672,19.576170755979923,0.0749809850394685,0.2977289094047828,55.0471,21.46952829328438,1,R,HH,col-0
1532,-25.0471,0.1777200720114424,11.645417123255475,23.392111394992007,0.0640902723359465,0.274569747360684,55.0471,22.767278276963477,2,R,HH,col-0
1533,-25.0471,0.2250248614450543,15.069579525451829,25.135234830702665,0.0641717201289121,0.3557544437236964,55.0471,24.3125115312056,2,R,HH,col-0
1534,-31.057199999999995,0.0644901900362446,3.441516538694412,17.244071290261193,0.1084958858765372,0.1373626464022953,67.0572,25.502719600291663,2,R,HH,col-0
1535,-37.0527,0.1380462220277102,7.53947036220896,17.712441129156677,0.0662056241030454,0.1836289878078692,79.0527,26.57560572776491,2,R,HH,col-0
1536,-31.057199999999995,0.1873509971933933,14.421512163880978,32.52228498491022,0.0493362588590438,0.2617474942469167,67.0572,28.815736032257544,2,R,HH,col-0
1537,-37.0527,0.1487534724982285,7.567087672126298,18.5265930234211,0.0833523036858981,0.2320341412216413,79.0527,30.810699987433477,2,R,HH,col-0
1538,-43.0532,0.1652315570899299,8.805651198106668,22.106275184127306,0.0718808989206471,0.2328522808322621,91.0532,36.64877324727877,2,R,HH,col-0
1539,-43.0532,0.1402835599279722,7.462712270468395,24.33206955052417,0.0843967049209824,0.2317008923824343,91.0532,39.44865997112748,2,R,HH,col-0
1540,-43.0532,0.2294856067218243,11.864135959393364,23.17185525901252,0.0880583690783324,0.3843370662195181,91.0532,40.48998385058657,2,R,HH,col-0
1541,-55.052400000000006,0.2364779506868614,7.719894155258489,11.602224950755382,0.1431727895694209,0.4066093404360476,115.0524,42.42664319151971,2,R,HH,col-0
1542,-55.052400000000006,0.2937622409413515,11.579756423396896,15.357314372940367,0.0911190799376847,0.3881631183917975,115.0524,46.23761881924688,2,R,HH,col-0
1543,-61.0591,0.2063684138444637,6.593643905614126,13.052398764245144,0.1179512451113992,0.286110329085803,127.0591,49.72942685042577,2,R,HH,col-0
1544,,,,,,,139.0656,53.42969010928033,2,R,HH,col-0
1545,,,,,,,139.0656,54.456654216162,2,R,HH,col-0
1546,,,,,,,139.0656,56.48548751819629,2,R,HH,col-0
1547,,,,,,,151.0573,61.90354541550502,2,R,HH,col-0
1548,,,,,,,151.0573,64.05708858585785,2,R,HH,col-0
1549,0.0,0.3817999110417767,43.188679965602354,47.16177331117888,0.0351673008301744,0.5587460744162311,0.0,1.2148492983277726,0,L,HH,col-0
1550,0.0,0.1586554875828567,72.05528214462119,135.3770556923105,0.0108540018581957,0.2877141575617608,0.0,4.446077477489764,0,L,HH,col-0
1551,0.0,0.0846873643543134,8.134958351623554,27.859485189793244,0.0419768811509216,0.1256235377504545,0.0,4.645464463022923,0,L,HH,col-0
1552,0.0,0.1583381832556644,18.640516673478142,40.59849963465527,0.0267618013940659,0.1835180590458461,0.0,4.824912750002766,0,L,HH,col-0
1553,-19.052,0.045762344145969,2.9209704087523183,10.124261722970472,0.0501706384933305,0.0539116102285478,43.052,6.426754692488879,1,L,HH,col-0
1554,-1.0591,0.0634459445008075,7.115208676528273,41.54028213135797,0.0262795324113402,0.0687877007713629,7.0591,9.222500922182345,1,L,HH,col-0
1555,-13.0491,0.0149487180901312,1.073563835408466,4.009852020013067,0.2771928421239498,0.1094751131478729,31.0491,10.67565052819565,1,L,HH,col-0
1556,-25.0488,0.1083587689267574,7.141105185125645,25.54549544656991,0.0495979130976432,0.1302969804988076,55.0488,13.647477322937254,1,L,HH,col-0
1557,-19.052,0.1447211272998344,11.075577126182813,25.373595827619845,0.0490354894711923,0.199793980106246,43.052,14.762246106417647,1,L,HH,col-0
1558,-19.052,0.1949133872331956,14.66330840273508,24.432292981032344,0.0504302532457142,0.2720374129084095,43.052,15.294719221382437,1,L,HH,col-0
1559,-19.052,0.1757514964946842,14.89656260569308,32.29912379936917,0.0447875419141438,0.2454419608350035,43.052,17.610928961033732,1,L,HH,col-0
1560,-31.0587,0.185967195729244,11.941252955053468,23.44131293577578,0.0610109331819826,0.2680174581319709,67.0587,21.11498663041897,1,L,HH,col-0
1561,-31.0587,0.2328327538307231,14.47756026449999,21.35347545601178,0.0577634570103183,0.3076479860172593,67.0587,22.133505440965,2,L,HH,col-0
1562,-37.055400000000006,0.1075743577211552,5.953774137504493,19.739272512031505,0.0697192153656457,0.1527039827089589,79.0554,24.150034254644588,2,L,HH,col-0
1563,-31.0587,0.1897992942849752,12.12988590054078,26.060924796232914,0.0626661333686178,0.2796373207631358,67.0587,25.95008895225972,2,L,HH,col-0
1564,-37.055400000000006,0.1811569524871337,9.718048091361158,19.30866796428606,0.0775568749195013,0.2772712646615669,79.0554,27.15553248008345,2,L,HH,col-0
1565,-37.055400000000006,0.2718286627912527,15.663367525997607,23.295238392422288,0.0682856987112779,0.3934779626182539,79.0554,30.410347955863777,2,L,HH,col-0
1566,-43.057,0.2016538152111281,9.75547918332762,18.50379727298871,0.0872854691997492,0.3132536033866099,91.057,33.23417107376411,2,L,HH,col-0
1567,-55.054100000000005,0.1906182000714112,6.667336766889351,11.848572207637018,0.1080332894975002,0.2649814730663923,115.0541,35.27486154004723,2,L,HH,col-0
1568,-43.057,0.221443194541323,10.93743590227572,20.427469258102267,0.0887855519295457,0.3572426792214087,91.057,37.60802702832946,2,L,HH,col-0
1569,-50.3697,0.1470596286813383,6.429924797166677,18.391610571741964,0.09502295446341,0.2247708257501327,104.3697,39.830932614859336,2,L,HH,col-0
1570,-50.3697,0.260091341304527,11.083608721452528,17.580681080716175,0.0977800452711162,0.3986914642935799,104.3697,40.444888295364855,2,L,HH,col-0
1571,-50.3697,0.2332762121069821,9.819891263760628,18.178017694465822,0.1098199457690614,0.396728519741315,104.3697,42.81366836916119,2,L,HH,col-0
1572,-50.3697,0.2474431654663516,10.932141309996576,19.53275412037956,0.1004227828567939,0.4038713136510649,104.3697,44.62775406723596,2,L,HH,col-0
1573,-55.054100000000005,0.155867900334071,6.296562591986319,17.00399232789146,0.0955037520433392,0.2212225922325798,115.0541,46.68845978544567,2,L,HH,col-0
1574,-55.054100000000005,0.2772845345497391,9.299554332856513,15.06281263575117,0.1547550559857715,0.5294348203180129,115.0541,49.11590157972017,2,L,HH,col-0
1575,-61.0632,0.2045227626150196,5.743273165696333,12.155524611727074,0.1625637571592441,0.3434699281114401,127.0632,51.562243717988345,2,L,HH,col-0
1576,,,,,,,139.0704,54.6468981446428,2,L,HH,col-0
1577,-61.0632,0.1889292772919747,4.954075740942532,12.404077760293436,0.2195511343764751,0.4001325165490643,127.0632,56.08381727950949,2,L,HH,col-0
1578,,,,,,,139.0704,57.91302855944904,2,L,HH,col-0
1579,,,,,,,139.0704,60.14592039843653,2,L,HH,col-0
1580,,,,,,,151.0609,61.90193517436845,2,L,HH,col-0
1581,,,,,,,151.0609,63.13014246088069,2,L,HH,col-0
1582,,,,,,,163.0581,64.49203151478045,2,L,HH,col-0
1583,,,,,,,151.0609,66.46147188285815,2,L,HH,col-0
1584,,,,,,,151.0609,68.27360437673957,2,L,HH,col-0
1585,,,,,,,163.0581,69.94898972027109,2,L,HH,col-0
1586,,,,,,,151.0609,71.40933324062888,2,L,HH,col-0
1587,,,,,,,151.0609,74.33157294836742,2,L,HH,col-0
1588,0.0,0.0491426777166944,4.401048174514121,21.740228783996265,0.051508387860701,0.0833949202739626,0.0,2.8033628090669644,0,R,HH,col-0
1589,-1.0591,0.0438465982546083,3.7900144737301495,16.66292185430163,0.0659331272479033,0.0919284762719041,7.0591,3.8433245259735616,1,R,HH,col-0
1590,-13.0491,0.0761147306434001,6.034332414937929,29.11367609476767,0.0518792284569703,0.1151670539317601,31.0491,6.488727662365779,1,R,HH,col-0
1591,-7.053100000000001,0.0746649203354305,5.902349457028864,20.631970569872923,0.0610733811806926,0.1326118706591682,19.0531,6.92251877503497,1,R,HH,col-0
1592,-37.055400000000006,0.0372734629417302,1.8805288497380863,11.285802052605655,0.0795504558154321,0.0550336339685349,79.0554,8.576855113005736,1,R,HH,col-0
1593,-13.0491,0.0933120986156468,7.364408099415695,24.319964587798182,0.0523035995922583,0.1417016618487196,31.0491,9.405565035165925,1,R,HH,col-0
1594,-13.0491,0.0633341484512531,4.522773717782875,17.912550208629458,0.0626595424987111,0.1042551692081621,31.0491,10.18000683414116,1,R,HH,col-0
1595,-19.052,0.1072850778342422,6.254974184011458,17.7514702349927,0.0663646594283714,0.152710152092837,43.052,12.39764290039728,1,R,HH,col-0
1596,-19.052,0.1241357928782685,8.220979654856746,16.02384548907982,0.0778773541151089,0.235526771746593,43.052,13.282488042102877,1,R,HH,col-0
1597,-19.052,0.0716384611078009,4.54761820313104,17.69427299342183,0.0843025453364137,0.1410360712890044,43.052,14.774556483318634,1,R,HH,col-0
1598,-25.0488,0.1176576500058895,7.640926999736228,20.99071880107447,0.0609790902214087,0.1714085611042937,55.0488,16.313027315506766,1,R,HH,col-0
1599,-19.052,0.1185531071600452,7.990546190097073,21.098806161219485,0.0736349113717714,0.2164540682867273,43.052,17.48739190124875,1,R,HH,col-0
1600,-19.052,0.1560519581174442,11.543461414205234,28.3427516355041,0.060913015227542,0.258673340468391,43.052,18.658622786087427,1,R,HH,col-0
1601,-19.052,0.1708966502262399,13.015296639133895,31.262222479980338,0.0589951926940673,0.282472525533318,43.052,20.5363874373804,2,R,HH,col-0
1602,-37.055400000000006,0.1717530013921635,11.212828305944182,25.256905067751507,0.052869965438644,0.2180869690545592,79.0554,22.69557737254099,2,R,HH,col-0
1603,-31.0587,0.1712567391167266,10.446884121216884,22.42280901673781,0.0691529010085709,0.2657680068045261,67.0587,24.044468763588505,2,R,HH,col-0
1604,-37.055400000000006,0.0792076718367615,4.63286510616317,22.611682823549533,0.0675714893042522,0.1151645100561965,79.0554,25.796787811284997,2,R,HH,col-0
1605,-31.0587,0.164188293862418,10.548009069715024,26.28653105714613,0.0687446721419158,0.2667565289426129,67.0587,26.935691971743296,2,R,HH,col-0
1606,-37.055400000000006,0.079819166554574,3.964895573336376,20.52699111326436,0.0874894202272605,0.1276123804901702,79.0554,29.12586013107452,2,R,HH,col-0
1607,-37.055400000000006,0.1574027708608985,8.496062634294738,19.82049725820741,0.0788596894301963,0.2464780707082865,79.0554,29.70584975320801,2,R,HH,col-0
1608,-37.055400000000006,0.1324024652288075,7.468817987408954,22.35303194120817,0.0757336005568729,0.2080875029838502,79.0554,31.50268104615486,2,R,HH,col-0
1609,-43.057,0.1383552305470619,6.315874668426114,15.917289352625374,0.0948858909298722,0.2204655119424282,91.057,34.175829272244606,2,R,HH,col-0
1610,-43.057,0.1661132784206985,7.996041247324077,20.774360808116896,0.0963590125258822,0.2834476655958635,91.057,36.3842652488788,2,R,HH,col-0
1611,-43.057,0.1154734046123544,5.256598336806008,20.826873597245942,0.1181110268585736,0.2284024492394836,91.057,37.94157880492839,2,R,HH,col-0
1612,-43.057,0.2088573600702109,11.227214948662372,24.829082045196515,0.0847899443930614,0.3502046481051158,91.057,38.95369562941358,2,R,HH,col-0
1613,-50.3697,0.1451926918305403,6.000613263004104,17.829324196586036,0.1116332370007959,0.2464306222871654,104.3697,40.77586340409601,2,R,HH,col-0
1614,-50.3697,0.1643001801365831,6.631404682535954,17.351095652553624,0.1264115056614335,0.3083881302494902,104.3697,43.20861509227905,2,R,HH,col-0
1615,-55.054100000000005,0.1759940668308814,7.075745258813548,16.140921858636283,0.090612970638981,0.23586748462695,115.0541,46.34434279884829,2,R,HH,col-0
1616,-61.0632,0.1332687018502664,4.005394697609629,14.0678878377831,0.1525412730984594,0.2247699263698319,127.0632,49.585430605101536,2,R,HH,col-0
1617,,,,,,,139.0704,50.203930439451554,2,R,HH,col-0
1618,-61.0632,0.2131729267770525,5.4792149170496085,10.125021363015858,0.1993011453863991,0.401729429727777,127.0632,51.96497906465301,2,R,HH,col-0
1619,-61.0632,0.1573574861448428,4.61542609889204,13.616974188531778,0.156730751284622,0.2661163358429523,127.0632,54.88304081934248,2,R,HH,col-0
1620,,,,,,,151.0609,57.10462773022151,2,R,HH,col-0
1621,0.0,0.1106814635792678,10.58190950868085,18.25133316481148,0.0475598419999041,0.1851441373816058,0.0,0.2411985275659867,0,L,LM,col-0
1622,-13.0501,0.0708009243274461,5.414328649107981,23.55609114562432,0.055121803334071,0.1097927212173368,31.0501,2.0188558885353727,0,L,LM,col-0
1623,0.0,0.3661027495658328,64.77560918754557,70.45453786685297,0.0225009102330743,0.5361880259663553,0.0,2.873685622202581,0,L,LM,col-0
1624,0.0,0.1004210910188048,7.837241132344078,29.04451692578529,0.0407343966288525,0.1174437784259612,0.0,4.44154944250606,0,L,LM,col-0
1625,0.0,0.0921790530449854,8.708989512026166,33.82458199494557,0.0396218409315495,0.1269427597636728,0.0,5.616194701722647,0,L,LM,col-0
1626,-1.0621999999999998,0.0833585606269857,7.689679030478511,29.404697291580817,0.0465490951243478,0.1316815633014633,7.0622,9.029555368499352,1,L,LM,col-0
1627,-1.0621999999999998,0.0557796596529894,4.804440038625856,23.32841879679384,0.0728587912025549,0.128774614153188,7.0622,10.00636818659483,1,L,LM,col-0
1628,-1.0621999999999998,0.0752828507422387,5.468310475651675,26.99273121844338,0.0666268132680897,0.1340317612172392,7.0622,10.589311108329026,1,L,LM,col-0
1629,-1.0621999999999998,0.0806231781975579,7.620464575860157,33.2273393978554,0.0435024342937531,0.1219552571880147,7.0622,12.875443802909832,1,L,LM,col-0
1630,-37.057100000000005,0.032607280430229,1.759322771267873,17.264587215005285,0.0820679802721276,0.0531159296924579,79.0571,15.647742213276407,1,L,LM,col-0
1631,-13.0501,0.1257156606319366,11.697458981626742,37.37895837954266,0.0408900265025171,0.1759601976377746,31.0501,17.079919615136944,1,L,LM,col-0
1632,-7.058,0.0891819177942322,7.229577037430862,25.085296076799693,0.0559490334918767,0.1488027634090542,19.058,17.758319437070885,1,L,LM,col-0
1633,-7.058,0.0908643952502301,8.315242334538743,34.60591990973622,0.0460708739660015,0.1409311122859042,19.058,18.58747477499014,1,L,LM,col-0
1634,-7.058,0.1476858349144456,12.694425387561983,31.048347478988152,0.0504349550521922,0.2355321538525096,19.058,19.949553999487037,1,L,LM,col-0
1635,-13.0501,0.1561642155513788,12.105839937942742,26.43486868660507,0.0562656442538057,0.2505784632816864,31.0501,22.669201027944958,1,L,LM,col-0
1636,-19.0511,0.1355439204329286,9.536992228912776,22.46874754616444,0.0605780400404004,0.212535834606809,43.0511,24.608911041496345,1,L,LM,col-0
1637,-25.0585,0.1337168060698864,10.04305766349262,29.30676297020141,0.0534742447324258,0.1975677862894414,55.0585,25.683311041496346,1,L,LM,col-0
1638,-19.0511,0.1199681862918296,9.92045973155763,34.52162492753029,0.0457972521707588,0.1671385914511877,43.0511,26.760876684209546,1,L,LM,col-0
1639,-19.0511,0.1367890534950024,9.345882773571814,27.71631618407219,0.0604844978901366,0.2079552682806325,43.0511,28.12735726095,1,L,LM,col-0
1640,-19.0511,0.168572548919393,15.110626046304924,38.17056270015483,0.0432899551364684,0.2406440409452737,43.0511,29.72644049185047,2,L,LM,col-0
1641,-31.061800000000005,0.0980141344257685,5.81704400721675,21.01131668195653,0.0774995850617703,0.1658468566892191,67.0618,32.80744439014438,2,L,LM,col-0
1642,-31.061800000000005,0.1214600104581207,7.922236994767505,26.080233772951363,0.0615658398703447,0.1794292148549106,67.0618,34.464237644531146,2,L,LM,col-0
1643,-50.3723,0.0574797143927311,2.178684698378309,12.33165356975188,0.1179089970545263,0.0945032722487995,104.3723,35.90521099742265,2,L,LM,col-0
1644,-43.0617,0.1074109259078769,5.084577059822815,14.338389568918965,0.0776614046109797,0.1452665401300402,91.0617,37.19341158567702,2,L,LM,col-0
1645,-43.0617,0.1121983187444417,5.87036563224277,19.28225248262589,0.070150207599224,0.1514954643310947,91.0617,39.065752482128566,2,L,LM,col-0
1646,-43.0617,0.0788350920123574,3.5019904986836776,17.171228614184432,0.1088455253614552,0.1402268122640295,91.0617,40.539993358710205,2,L,LM,col-0
1647,-55.056700000000006,0.062357366243433,2.129672266314754,14.25508466791193,0.1293087312998111,0.1013085604143063,115.0567,41.97241465417772,2,L,LM,col-0
1648,-50.3723,0.0894948952137927,3.9606064283044207,18.075108037598817,0.0904710893619634,0.1318187004567597,104.3723,42.152783955335096,2,L,LM,col-0
1649,-55.056700000000006,0.0615979055921133,1.9315336713366609,7.354048277363789,0.1295410450149128,0.0920481782451102,115.0567,43.89904214795877,2,L,LM,col-0
1650,-50.3723,0.0830516228071473,3.606467043057928,18.986806123602445,0.101617385304926,0.1348203660367647,104.3723,45.64064260301144,2,L,LM,col-0
1651,-55.056700000000006,0.1280724492720648,4.489764893038368,13.97288241887802,0.1218991548900338,0.2013398832992147,115.0567,46.55626602856764,2,L,LM,col-0
1652,-55.056700000000006,0.0815108911495633,3.206041730890233,16.49573719088812,0.1001868011998676,0.1181640042501643,115.0567,48.95811621863851,2,L,LM,col-0
1653,,,,,,,151.069,49.64598652352824,2,L,LM,col-0
1654,-55.056700000000006,0.0819429932873556,2.9738007959096944,16.61398314597721,0.1305452606599406,0.1428165380014492,115.0567,51.90208344653668,2,L,LM,col-0
1655,-61.0659,0.0662055776087871,1.900524150842056,12.332280650383858,0.1413336891032311,0.0988153938477246,127.0659,54.00781626772695,2,L,LM,col-0
1656,,,,,,,139.0715,55.8887835397442,2,L,LM,col-0
1657,-61.0659,0.0708608137408724,2.8616504213577247,16.51368365950403,0.0894166446629465,0.0941326893323526,127.0659,57.087050844034906,2,L,LM,col-0
1658,,,,,,,139.0715,58.979006546682186,2,L,LM,col-0
1659,,,,,,,139.0715,60.29682092689986,2,L,LM,col-0
1660,,,,,,,139.0715,61.28466467507059,2,L,LM,col-0
1661,,,,,,,151.069,62.8280024350361,2,L,LM,col-0
1662,,,,,,,151.069,66.92650002848748,2,L,LM,col-0
1663,-7.058,0.3584280821879326,35.680965887675576,42.8454427289617,0.0369621679770904,0.4851762760275426,19.058,12.006770506108356,1,R,LM,col-0
1664,-13.0501,0.4803722742857811,53.18407757970333,43.83287919178145,0.0306913858921776,0.6004870544433252,31.0501,14.604984385355408,1,R,LM,col-0
1665,-13.0501,0.4527011785875758,44.11783134230448,39.240837266041446,0.0374466834016899,0.6077612870557149,31.0501,16.409642951216675,1,R,LM,col-0
1666,-25.0585,0.2876170009980586,25.59814798145494,36.492623276560245,0.0397056359742199,0.3739092594170196,55.0585,20.56156935457941,1,R,LM,col-0
1667,-25.061800000000005,0.2950759429960313,15.667669519661723,14.530093224405489,0.0657488111770949,0.3789638859548755,67.0618,23.065739261928208,1,R,LM,col-0
1668,-19.0511,0.3712562348897092,32.654257496460154,37.15568895341176,0.0445950551395141,0.5357128162167217,43.0511,22.992002166786072,1,R,LM,col-0
1669,-25.0585,0.4045474931133652,32.93014356939823,32.057710483137626,0.0438325869491628,0.5310021080751272,55.0585,23.766241665778477,1,R,LM,col-0
1670,-25.0585,0.3609483592198843,26.63204820515981,30.442115192693716,0.0523260802204358,0.5126586493820956,55.0585,24.79856099776833,1,R,LM,col-0
1671,-25.0585,0.3231349620477809,28.030036829860983,37.61993107524549,0.0462859125607312,0.4772852543095203,55.0585,27.24860882912929,2,R,LM,col-0
1672,-31.061800000000005,0.2904925333502318,21.294164862460992,29.925204478887284,0.050833650253823,0.3982148273710169,67.0618,28.79931569605164,2,R,LM,col-0
1673,-37.057100000000005,0.2453271937577779,18.7696371828593,30.535960293339983,0.0454081403430533,0.3135415579298564,79.0571,29.483877021281163,2,R,LM,col-0
1674,-37.057100000000005,0.2246914775410063,13.214551246247977,22.958590265527388,0.0622678653997139,0.3027066177260391,79.0571,30.57353556116397,2,R,LM,col-0
1675,-43.0617,0.2112806594178101,8.850479908451026,10.69761953527829,0.1075056150330218,0.3500285643430906,91.0617,31.98201209042436,2,R,LM,col-0
1676,-43.0617,0.2009886095898445,12.517649638625215,24.48258081198324,0.0543910623860032,0.2504700783018358,91.0617,32.765825337869046,2,R,LM,col-0
1677,-37.057100000000005,0.2847513044535896,19.67215542467898,28.24336387881891,0.0523778967528263,0.3790578721278136,79.0571,34.15388143722299,2,R,LM,col-0
1678,-43.0617,0.2058570367426439,11.289672837061657,22.88755213577232,0.0660396945570875,0.2742786042283375,91.0617,36.00240809698474,2,R,LM,col-0
1679,-43.0617,0.1723283606549554,8.832170432931193,21.665745526288383,0.0852597932830376,0.2770238970324691,91.0617,36.97902584591706,2,R,LM,col-0
1680,-43.0617,0.158389501084971,8.623437326733338,24.68487117507944,0.0810345300405151,0.2570727522766871,91.0617,39.03101238657239,2,R,LM,col-0
1681,-50.3723,0.1738495401680453,9.96937645791444,23.63735488459528,0.0646190152618035,0.236992089171943,104.3723,39.79557006941656,2,R,LM,col-0
1682,-50.3723,0.2194932081800485,9.729808201532212,16.852934489251492,0.0851832063474663,0.3049044624715138,104.3723,40.50472082010359,2,R,LM,col-0
1683,-55.056700000000006,0.1512997235972784,5.439900779639331,12.767341927150529,0.1055368509127815,0.211203265073723,115.0567,41.52166648916749,2,R,LM,col-0
1684,-50.3723,0.2471436545672104,9.773830416447067,14.165947216409046,0.1087591502599127,0.3910534513928116,104.3723,43.1000510468519,2,R,LM,col-0
1685,-50.3723,0.1802257576489246,7.889321903360964,19.136153542370792,0.0931480065081498,0.2703452601218124,104.3723,45.46763355566968,2,R,LM,col-0
1686,-55.056700000000006,0.2070175476323803,7.3494649782874255,17.54140024052456,0.1542016249378456,0.4169175654307193,115.0567,47.36819002994737,2,R,LM,col-0
1687,-55.056700000000006,0.1603236475041885,5.84289595259727,16.42048486680332,0.1222674628199291,0.2628116246687644,115.0567,49.4918377013488,2,R,LM,col-0
1688,-55.056700000000006,0.1705131395699547,5.869497556595539,15.568532537348176,0.1405788883620239,0.3035474221661443,115.0567,51.32808291054193,2,R,LM,col-0
1689,-55.056700000000006,0.1742271717998099,6.240079707119255,16.859821717375755,0.1363670610793179,0.3130438211562964,115.0567,53.25975511246321,2,R,LM,col-0
1690,,,,,,,139.0715,54.41425031167368,2,R,LM,col-0
1691,-61.0659,0.2334036974015259,5.590529054361365,10.234511156249908,0.2715736436863748,0.5585294098397914,127.0659,55.44609847978417,2,R,LM,col-0
1692,-61.0659,0.120642608722659,15.910804925296684,38.61572756436659,0.0397526592441488,0.2326825717162658,127.0659,56.45669966361386,2,R,LM,col-0
1693,-61.0659,0.1851303325486745,5.029184657665923,12.620915009643385,0.1789164587805904,0.3310193593919394,127.0659,59.66087956655364,2,R,LM,col-0
1694,,,,,,,139.0715,62.128720408582765,2,R,LM,col-0
1695,,,,,,,139.0715,62.71281309386482,2,R,LM,col-0
1696,,,,,,,139.0715,64.45113556631145,2,R,LM,col-0
1697,,,,,,,151.069,65.54288012434688,2,R,LM,col-0
1698,,,,,,,139.0715,67.03314687049996,2,R,LM,col-0
1699,,,,,,,151.069,68.794003318211,2,R,LM,col-0
1700,,,,,,,151.069,70.60768733255937,2,R,LM,col-0
1701,,,,,,,151.069,73.19416502776807,2,R,LM,col-0
1702,,,,,,,151.069,73.91862561054673,2,R,LM,col-0
1703,,,,,,,151.069,76.40367906198641,2,R,LM,col-0
1704,,,,,,,151.069,78.01457659741175,2,R,LM,col-0
1705,0.0,0.1823454189870875,16.535217306076227,20.337636435970808,0.0382792624097476,0.2328514709677128,0.0,1.7683496654225377,0,L,LM,col-0
1706,0.0,0.0573125817758985,5.301361374294265,17.652022959247553,0.0737952625620567,0.1439200860104214,0.0,3.456315583128172,0,L,LM,col-0
1707,-7.061,0.0144573266176151,1.147616778874218,9.587791090246824,0.1137394491312709,0.0480190460298785,19.061,3.7142974586543422,0,L,LM,col-0
1708,0.0,0.1249803621228705,13.093782856854672,35.52314012890012,0.0334428335998548,0.1610919061776086,0.0,5.035449462354541,0,L,LM,col-0
1709,-1.0635000000000003,0.0712242944240529,6.097134359161036,21.876671230232272,0.0691222624137059,0.1550419521380036,7.0635,6.294778275677586,0,L,LM,col-0
1710,0.0,0.130611693880374,12.904598584226102,36.37340057279288,0.0403192339807013,0.1914089717619135,0.0,7.105089174098679,0,L,LM,col-0
1711,0.0,0.1366979044550821,13.380952353991493,33.32679835557659,0.0470834139257502,0.2317717433886809,0.0,8.179222225494081,0,L,LM,col-0
1712,-1.0635000000000003,0.078314796086176,6.745040799555907,24.687677826858987,0.0713836109580089,0.1771285682339803,7.0635,8.943632662506063,0,L,LM,col-0
1713,-1.0635000000000003,0.059029236842471,5.145606230029551,21.702876023415087,0.0669710426873931,0.1267736887602923,7.0635,8.928726972317415,0,L,LM,col-0
1714,0.0,0.0983841139163591,8.810008446041877,32.172477219593965,0.0526294983569956,0.1705733085442889,0.0,10.480500483918972,0,L,LM,col-0
1715,-1.0635000000000003,0.105875211956587,9.408969462146954,27.672944656544004,0.0522448687598692,0.1808386347467693,7.0635,11.958034351059425,1,L,LM,col-0
1716,-1.0635000000000003,0.1452595110804325,14.33088689075342,38.15493066709646,0.0395225152538538,0.2083642283928065,7.0635,14.755825654818736,1,L,LM,col-0
1717,-13.051100000000002,0.1235383559748629,9.60017797560162,25.914998152286053,0.0527861978651938,0.1864254430337919,31.0511,16.76495982631499,1,L,LM,col-0
1718,-7.061,0.1170248978200575,9.724868124596096,27.33408810019907,0.0534880227261895,0.1913576295922436,19.061,17.708274177972555,1,L,LM,col-0
1719,-7.061,0.1372929642601547,11.63568466256435,29.70657262116617,0.0491420975036939,0.210354181903986,19.061,20.11255283603524,1,L,LM,col-0
1720,-13.051100000000002,0.1154501754061721,9.642090723946817,31.55531367615982,0.043742260085484,0.1551593494828344,31.0511,21.648535921684296,1,L,LM,col-0
1721,-19.0522,0.0640602045291933,3.4739677071116533,20.497402050331125,0.0798747304690106,0.1020800092758928,43.0522,22.19616584378697,1,L,LM,col-0
1722,-7.061,0.1168524538536585,9.873974028599388,31.189070307719,0.0527161486252361,0.1914878277019719,19.061,23.403011691435687,1,L,LM,col-0
1723,-13.051100000000002,0.132232691798743,10.522009958716332,26.080964728923757,0.0511595156775047,0.1980298465766386,31.0511,24.863299308046624,1,L,LM,col-0
1724,-13.051100000000002,0.1302411331681265,8.164252355199244,25.126942625354037,0.0651961772106397,0.1958141491324662,31.0511,26.94840909134341,1,L,LM,col-0
1725,-19.0522,0.0857371177761843,6.349974116053857,27.251489400494147,0.0582120425407122,0.1359847825586559,43.0522,28.184029703667445,1,L,LM,col-0
1726,-19.0522,0.0968358654279557,6.653776078351731,23.2923560991087,0.0704083896765426,0.172344770891774,43.0522,29.11074516291046,1,L,LM,col-0
1727,-19.0522,0.116518838657682,8.611617658439405,28.114638129362174,0.051506615060532,0.1631748669832237,43.0522,30.809723504856,1,L,LM,col-0
1728,-19.0522,0.0954399075645325,6.914355334971181,26.531126443646404,0.0619870176617735,0.1576732264408375,43.0522,31.65921267582877,1,L,LM,col-0
1729,-19.0522,0.1250146332457558,10.458020379377045,35.268892786907145,0.0456867957315365,0.175770384007496,43.0522,32.58374121086026,1,L,LM,col-0
1730,-25.0606,0.1219625122529713,7.862380043904801,22.35633213134508,0.0712518470192144,0.2060894106821897,55.0606,34.40286921520153,2,L,LM,col-0
1731,-31.062200000000004,0.07400410499924,4.300722829873255,19.082829406606237,0.0675030827622106,0.1067998343964344,67.0622,36.67908681826077,2,L,LM,col-0
1732,-31.062200000000004,0.1110684823186078,7.793957908006293,28.796167397950928,0.0550885496050453,0.1579519210773804,67.0622,38.44290531673407,2,L,LM,col-0
1733,-37.0603,0.0976107350889797,5.175915191757461,19.04360115208664,0.0797356411940187,0.1518256540803938,79.0603,39.48811225210919,2,L,LM,col-0
1734,-37.0603,0.0937321013979439,5.069024929932059,19.514813703670026,0.0773090449807526,0.1441651385128179,79.0603,41.73509382334744,2,L,LM,col-0
1735,-43.06399999999999,0.0919600616284478,4.320069339489435,19.91520755889391,0.0773450130170548,0.1229216984784858,91.064,43.94257638379466,2,L,LM,col-0
1736,-43.06399999999999,0.1222941784674051,6.365768255457131,20.47002239524676,0.0727360094160259,0.170335752136359,91.064,45.998032581505335,2,L,LM,col-0
1737,-50.3737,0.0588350757185771,2.3234112096787536,16.061608170885634,0.1256885915811734,0.1074304656533639,104.3737,48.745455227642594,2,L,LM,col-0
1738,-50.3737,0.0791114283608336,3.410194457374807,18.217642547543083,0.1030734665507834,0.1293098311785978,104.3737,51.01419253682194,2,L,LM,col-0
1739,-61.0688,0.0412747212650096,1.2651844501814096,11.436544414011353,0.1146064259349501,0.0533418817966949,127.0688,54.10703610907255,2,L,LM,col-0
1740,-55.0589,0.070536057062159,2.338152815438526,15.170805470281516,0.1638017358446591,0.1408954310142377,115.0589,56.75228792729075,2,L,LM,col-0
1741,,,,,,,139.0727,57.76907269983135,2,L,LM,col-0
1742,-61.0688,0.1267006796674925,3.403524701716356,11.462990447324286,0.1719498593589512,0.2152961431952056,127.0688,59.374816970240126,2,L,LM,col-0
1743,-55.0589,0.0580825040166647,1.888704089536974,16.038916008561042,0.1762965972081493,0.1224935915887873,115.0589,61.46968002405417,2,L,LM,col-0
1744,-55.0589,0.098269528774174,3.3555827738012103,15.235191130266934,0.138762718924923,0.1712956266695311,115.0589,63.56064749019794,2,L,LM,col-0
1745,-61.0688,0.0551834846354028,1.5458706304302503,14.791768320582364,0.2047982119331302,0.1164675191797633,127.0688,66.45438536491172,2,L,LM,col-0
1746,-61.0688,0.0654741194169474,1.7164187345958786,13.509690168988367,0.2341778245786348,0.1478681132785757,127.0688,69.00661005733475,2,L,LM,col-0
1747,,,,,,,139.0727,71.13468943059306,2,L,LM,col-0
1748,,,,,,,139.0727,72.72724441523032,2,L,LM,col-0
1749,,,,,,,139.0727,75.77486680645036,2,L,LM,col-0
1750,,,,,,,139.0727,77.70000753458248,2,L,LM,col-0
1751,,,,,,,151.0701,79.75345640548214,2,L,LM,col-0
1752,,,,,,,151.0701,81.59954503578152,2,L,LM,col-0
1753,0.0,0.1696225665296086,16.60637156099266,28.79231608860283,0.0419666503834033,0.2563802554027816,0.0,2.0853435054884057,0,R,LM,col-0
1754,-1.0635000000000003,0.2325458576026758,24.17942480820394,40.09139816852284,0.0336130982957795,0.2989923172441255,7.0635,6.706481995491144,1,R,LM,col-0
1755,-7.061,0.2910374311513018,30.503840221356352,41.72790235197205,0.0325619160302609,0.3654012153888282,19.061,8.484141568328418,1,R,LM,col-0
1756,-7.061,0.2900109681785477,34.094197669833186,48.85140063594762,0.0313396646181664,0.393079447911316,19.061,10.236265415745391,1,R,LM,col-0
1757,-1.0635000000000003,0.2711869553599731,35.216761198122946,53.88806293284806,0.0301766322865298,0.3909540364329076,7.0635,11.50939643492606,1,R,LM,col-0
1758,-7.061,0.2218361460020911,10.83070624399858,19.25679931512427,0.0805899867981558,0.3211022727961042,19.061,12.623386076709142,1,R,LM,col-0
1759,-7.061,0.2159095892757211,16.3567814246398,28.78663586330471,0.0581541001881847,0.3499320400725229,19.061,14.851365360275308,1,R,LM,col-0
1760,-13.051100000000002,0.1661204608425579,12.519733061354128,25.582582736733592,0.0726019360628941,0.3343865414279757,31.0511,16.522349822949934,1,R,LM,col-0
1761,-13.051100000000002,0.3515791255488516,40.78887854090807,46.99353720148554,0.030458026044058,0.4570345546588043,31.0511,17.079344643841473,1,R,LM,col-0
1762,-13.051100000000002,0.3095541421559255,33.37510859108722,43.90944594135355,0.0328621925089956,0.4034825351978645,31.0511,18.025008632370167,1,R,LM,col-0
1763,-19.0522,0.3280963412234824,33.425834817830214,39.56362266949968,0.0317848416468264,0.3908479450050215,43.0522,19.205929894262518,1,R,LM,col-0
1764,-13.051100000000002,0.2870033858544076,31.744248055888782,45.16885728016448,0.0317890184511097,0.3712339451341245,31.0511,20.89717607346392,1,R,LM,col-0
1765,-19.0522,0.287456841389799,28.40565787596013,41.51566989881309,0.0362459586070163,0.3787651040439688,43.0522,24.605744495750315,1,R,LM,col-0
1766,-31.062200000000004,0.2482094283726812,17.594144100951173,26.250753039781276,0.0475074307991777,0.30749298126329,67.0622,28.308238441761617,1,R,LM,col-0
1767,-25.0606,0.2920366372968144,24.62395688157004,34.382537743992565,0.0429056359507338,0.3886670317132386,55.0606,28.569679509690893,1,R,LM,col-0
1768,-37.0603,0.2103442814975652,16.707524758615662,32.787186774310065,0.0484663014445664,0.2978910879901884,79.0603,31.54670466978157,2,R,LM,col-0
1769,-31.062200000000004,0.2490006032425977,17.132864214123497,28.75170307038208,0.0532871760540104,0.3358599325975699,67.0622,31.73630466978157,2,R,LM,col-0
1770,-31.062200000000004,0.2591151999688759,17.24220095698033,25.05183232052828,0.0536747105173787,0.3404614397812553,67.0622,32.28140466978157,2,R,LM,col-0
1771,-31.062200000000004,0.175035670889139,11.051455232626408,24.14466167384929,0.0650523855118966,0.2644771850856349,67.0622,33.82190466978157,2,R,LM,col-0
1772,-31.062200000000004,0.1975902829349178,12.58232038965274,25.24530583922177,0.0625011724530003,0.2893039891225676,67.0622,35.00469792416834,2,R,LM,col-0
1773,-31.062200000000004,0.1881462959850467,12.476307237243182,28.34716560035529,0.0629967716277846,0.2891411293538459,67.0622,37.00448088804083,2,R,LM,col-0
1774,-43.06399999999999,0.1720550667409418,8.310426548833368,17.28477925635836,0.0795227611509341,0.2431197746261264,91.064,37.91673907049133,2,R,LM,col-0
1775,-37.0603,0.2032464714705973,12.316505622095509,25.36313400484474,0.0654657805553536,0.2966247450221042,79.0603,40.17316080827038,2,R,LM,col-0
1776,-43.06399999999999,0.2272304877253436,12.73644830259183,22.254528499298537,0.0581613178436581,0.2725135452000923,91.064,41.80544631820922,2,R,LM,col-0
1777,,,,,,,139.0727,43.03765658085773,2,R,LM,col-0
1778,-43.06399999999999,0.2056232271736899,11.59314769452145,23.63727637720615,0.0685339919597193,0.2922892992793823,91.064,43.511919841083525,2,R,LM,col-0
1779,-43.06399999999999,0.1696265864063205,8.877446807178526,22.370576498944494,0.0790543324757714,0.2581780241044791,91.064,45.33903645693341,2,R,LM,col-0
1780,-50.3737,0.19685361563129,8.037362082911375,16.6074442546386,0.1097563428992792,0.3245253893625023,104.3737,47.42650269374792,2,R,LM,col-0
1781,-50.3737,0.1950326006430187,8.40958114314065,18.07646895783101,0.0959277763460588,0.2967729139110436,104.3737,48.480968704311216,2,R,LM,col-0
1782,-55.0589,0.1545319942371758,5.700384918609134,15.232472502069683,0.1090737357382668,0.2287335594526055,115.0589,50.20074458797775,2,R,LM,col-0
1783,-50.3737,0.1531975022838305,7.409046356474894,21.465962730726027,0.0881218950461022,0.2401881948300797,104.3737,52.01591651878098,2,R,LM,col-0
1784,-61.0688,0.1165555188232626,3.0669054119169394,11.284827568464593,0.1697965527085123,0.1915732066390562,127.0688,53.16977259414424,2,R,LM,col-0
1785,-50.3737,0.1508885339591808,7.107475415330074,20.95781294873872,0.0916449418256874,0.2396234872138615,104.3737,53.809672594144246,2,R,LM,col-0
1786,-55.0589,0.1342857877917322,4.661081964049979,14.993735880386025,0.1331703995379101,0.2283494452020668,115.0589,54.97437423668112,2,R,LM,col-0
1787,-55.0589,0.1587357573807544,5.384994845216494,15.519257086790509,0.1474008024220629,0.2920052486513331,115.0589,56.73259606866984,2,R,LM,col-0
1788,-55.0589,0.163922541130862,5.520780745979982,15.63178737533486,0.1490225658607027,0.3026621094644516,115.0589,59.4353490275628,2,R,LM,col-0
1789,-55.0589,0.1456714747121724,5.058251066573692,16.828324809036545,0.146686697788298,0.2729585055426163,115.0589,61.73892874732958,2,R,LM,col-0
1790,-61.0688,0.151943688052712,4.076368403848176,11.4877272002445,0.171586702114712,0.2573134999094003,127.0688,63.844913620306414,2,R,LM,col-0
1791,,,,,,,139.0727,65.2254259056556,2,R,LM,col-0
1792,-61.0688,0.1390232108158724,3.697473371357743,12.543919361284631,0.2002820808520093,0.2724285807885576,127.0688,66.49342870115711,2,R,LM,col-0
1793,,,,,,,139.0727,68.56236228327741,2,R,LM,col-0
1794,-61.0688,0.1067590739476968,2.865132185642475,14.393817168066676,0.2286676554668607,0.2410210202026438,127.0688,69.59736100362275,2,R,LM,col-0
1795,,,,,,,139.0727,72.04837559469392,2,R,LM,col-0
1796,,,,,,,139.0727,72.93657242254234,2,R,LM,col-0
1797,,,,,,,139.0727,75.21016915934185,2,R,LM,col-0
1798,,,,,,,139.0727,76.32829905822244,2,R,LM,col-0
1799,,,,,,,151.0701,77.83865656519684,2,R,LM,col-0
1800,,,,,,,139.0727,79.71227049602372,2,R,LM,col-0
1801,,,,,,,139.0727,81.29860308561521,2,R,LM,col-0
1802,,,,,,,163.0622,82.99820958189817,2,R,LM,col-0
1803,,,,,,,151.0701,83.92999350408213,2,R,LM,col-0
1804,,,,,,,163.0622,87.41475612829313,2,R,LM,col-0
1805,0.0,0.1720581764644685,15.85990595224791,31.207568168949923,0.0467125524775609,0.2725459447681855,0.0,1.2920321106694894,0,L,LM,col-0
1806,0.0,0.1231855588197265,12.910655247573471,30.781832235852075,0.0284315281422262,0.1350373806582273,0.0,2.309758950147215,0,L,LM,col-0
1807,0.0,0.1291553454275916,13.6766252740996,36.22980254410272,0.0336232210399455,0.1691701683972337,0.0,3.817407990995607,0,L,LM,col-0
1808,0.0,0.1198721866061815,11.42033875568575,26.15895610495603,0.0526023142609189,0.2209985152765717,0.0,5.253095530541007,0,L,LM,col-0
1809,-25.0623,0.1210011799618824,7.931599504208078,19.97729721923774,0.0545283248684723,0.1591066937813613,55.0623,5.627825433270961,0,L,LM,col-0
1810,0.0,0.1174481761041421,10.89652062159344,29.08118715318747,0.0463545296892769,0.1858170419914874,0.0,6.738396550879993,0,L,LM,col-0
1811,0.0,0.1145216982244593,11.554327594110733,35.733055278636115,0.0387358109046636,0.1646504215016327,0.0,7.300316287974189,0,L,LM,col-0
1812,-7.0639,0.0754536993341005,6.044059463074457,21.764327390535428,0.0680229931836708,0.1512481198064299,19.0639,8.868208975068356,1,L,LM,col-0
1813,-1.0666000000000002,0.0519177565692847,4.543605444573058,24.682118694304855,0.0620002911910265,0.1036334267004086,7.0666,9.211039849407292,1,L,LM,col-0
1814,-7.0639,0.0902053632349108,7.23412665392074,16.66878048973428,0.078319914821891,0.2084317297103178,19.0639,10.864283659945128,1,L,LM,col-0
1815,-7.0639,0.1495698369407383,13.050476172161137,28.71248114330692,0.048648792151885,0.2335629426410523,19.0639,12.7670866551508,1,L,LM,col-0
1816,-7.0639,0.1219882055116937,10.2125860064097,27.199862425860065,0.0545238699827588,0.204846203131514,19.0639,14.12806289473282,1,L,LM,col-0
1817,-7.0639,0.1144382054364746,9.578238435543811,28.764419838231845,0.0547238952376465,0.1928271422117539,19.0639,16.860290847603384,1,L,LM,col-0
1818,-7.0639,0.123740029601579,11.909440246002758,38.89878943834534,0.0392662938582236,0.1720349875022332,19.0639,18.15781361548665,1,L,LM,col-0
1819,-7.0639,0.1187836429944207,9.12807149924668,28.594738907189697,0.0594017271989376,0.1994727726072567,19.0639,19.535545975615392,1,L,LM,col-0
1820,-13.0515,0.1192775751716459,8.237599761098517,23.37240779167904,0.064857416164434,0.1965467415144657,31.0515,21.27658580647728,1,L,LM,col-0
1821,-19.0525,0.1061126614000888,7.439034061225303,20.44636084139939,0.0782078725427751,0.21402895814945,43.0525,22.537667876665573,1,L,LM,col-0
1822,-13.0515,0.1305578079469858,10.317007275047905,27.527948254806443,0.0555982643432537,0.2110184792849662,31.0515,24.271885013013204,1,L,LM,col-0
1823,-19.0525,0.155985126617731,13.66683066080382,34.539321259980056,0.0398285525210204,0.2002478466621286,43.0525,26.461275657700583,1,L,LM,col-0
1824,-19.0525,0.1092118754424355,7.113733515993113,26.162340260479287,0.0579972057222533,0.1517784733948005,43.0525,27.079930907254,1,L,LM,col-0
1825,-19.0525,0.1131456116824227,8.205355793806264,25.712130220432197,0.0624676002013201,0.1885635550628844,43.0525,29.483178699889717,1,L,LM,col-0
1826,-25.0623,0.1327782267514853,10.801635048245316,33.67731517620921,0.0460231017848824,0.1828819749534066,55.0623,30.93496888224285,1,L,LM,col-0
1827,-25.0623,0.1127125801606916,7.658672128390658,25.09094446170667,0.0617046745668394,0.1738509474436524,55.0623,33.54114886947935,2,L,LM,col-0
1828,-43.0642,0.0935060990144033,5.178810768304806,22.04884305443485,0.0658368907696103,0.1254309966316659,91.0642,35.20042135389012,2,L,LM,col-0
1829,-37.06270000000001,0.0873700583020024,4.317319054654344,14.478445736172898,0.0981847475211587,0.155942212066298,79.0627,37.13984168889654,2,L,LM,col-0
1830,-43.0642,0.1455983914322944,7.625434574766219,20.136564535305144,0.0716690600914707,0.2010489578530221,91.0642,38.7033543802271,2,L,LM,col-0
1831,-50.375,0.0819634653645687,3.755034683609126,17.812155935183117,0.0798287066918803,0.1102753802925578,104.375,39.93138358688258,2,L,LM,col-0
1832,-61.071200000000005,0.0682377208202125,2.003185740434677,10.654368301241751,0.1178720544572415,0.0868635533712627,127.0712,43.448455562357424,2,L,LM,col-0
1833,-43.0642,0.0741041853644463,3.714842524272012,23.13920095009865,0.0950921332706127,0.129954258862727,91.0642,44.12914039397922,2,L,LM,col-0
1834,-50.375,0.0666728028434147,2.817675759252571,16.686566203129782,0.1042298586328797,0.1080410217165281,104.375,45.96006522560102,2,L,LM,col-0
1835,-55.057100000000005,0.0843996120440579,2.903602066881916,12.778776623020862,0.1196421183513756,0.1277987802788341,115.0571,47.147113473232,2,L,LM,col-0
1836,-55.057100000000005,0.1006840953296446,3.358812216678427,14.301508474811662,0.147078112389313,0.1817352989403873,115.0571,49.85895938437096,2,L,LM,col-0
1837,-55.057100000000005,0.0746811877452634,2.8166815255112585,15.387363110348536,0.1114817087304301,0.1155172602509124,115.0571,51.94345955066629,2,L,LM,col-0
1838,,,,,,,139.0739,53.67607779127812,2,L,LM,col-0
1839,-61.071200000000005,0.0608473845235351,2.3203449519855925,16.327792771846248,0.1043656985730119,0.0890873121797005,127.0712,55.83151073768562,2,L,LM,col-0
1840,-61.071200000000005,0.0561324307782936,2.07079405107028,15.638810332264496,0.1053194067044821,0.0802325934649417,127.0712,58.60122604858673,2,L,LM,col-0
1841,,,,,,,139.0739,61.68248063374711,2,L,LM,col-0
1842,,,,,,,139.0739,63.96956911350726,2,L,LM,col-0
1843,,,,,,,151.0717,65.73083269374769,2,L,LM,col-0
1844,,,,,,,139.0739,67.08617854703995,2,L,LM,col-0
1845,,,,,,,139.0739,71.09094461536714,2,L,LM,col-0
1846,0.0,0.1449668427700819,36.607286300629184,90.90552762623066,0.0167569176580201,0.2256665500247102,0.0,2.0390013083238667,0,R,LM,col-0
1847,-7.0639,0.2592409397566896,27.88033972794101,43.10829060618084,0.033747594235564,0.3461357032363381,19.0639,9.468135196576329,1,R,LM,col-0
1848,-13.0515,0.2267189299847837,17.81722942862163,31.505843483708464,0.041444408440371,0.2716512048105752,31.0515,11.000870456860874,1,R,LM,col-0
1849,-7.0639,0.247256887513775,25.073531139379128,42.2491198623434,0.0374451445696867,0.345395384892387,19.0639,12.549287654906298,1,R,LM,col-0
1850,-19.0525,0.2687296838434503,23.289121975811703,31.978470052401462,0.0386141618329387,0.330830275031062,43.0525,14.761885279914395,1,R,LM,col-0
1851,-13.0515,0.0995320458612595,8.159630491394372,27.06115113578001,0.0448891708559174,0.1347465312149013,31.0515,15.29157783179453,1,R,LM,col-0
1852,-13.0515,0.2421248337370987,33.21650690249111,54.74955449403758,0.0268531123114328,0.3281361708369001,31.0515,17.152371338501922,1,R,LM,col-0
1853,-25.0623,0.304185157757181,24.789772671082385,31.69290830725073,0.0418717220118026,0.3818553540519986,55.0623,19.066082160428007,1,R,LM,col-0
1854,-19.0525,0.2798225021341016,25.046136577575783,35.982916853218114,0.0405854107113835,0.3739522992399073,43.0525,20.91436293158717,1,R,LM,col-0
1855,-19.0525,0.252767756596767,22.764574381188076,36.03142656860058,0.0381509314485799,0.3194995116327359,43.0525,22.30409216751768,1,R,LM,col-0
1856,-25.0623,0.3191218672036307,24.884590570919578,31.138826939125583,0.0474709712678413,0.4345743960896724,55.0623,24.388686021413445,1,R,LM,col-0
1857,-25.0623,0.2717049618071815,21.26316814628239,30.738169666301008,0.044241486733593,0.3460694036979923,55.0623,24.96092747150248,1,R,LM,col-0
1858,-25.0623,0.2096151958717261,16.598798792600466,31.44573378483173,0.0461232254490827,0.2816448724630865,55.0623,26.15924208339365,1,R,LM,col-0
1859,-31.064400000000006,0.2486347175231833,18.169043787359712,28.235475583520543,0.0474488751132767,0.3171491199213878,67.0644,27.06415190149981,2,R,LM,col-0
1860,-25.0623,0.2952082488870736,26.577759175864895,37.931813199884665,0.040860486136886,0.3995097745146422,55.0623,28.704650026138022,2,R,LM,col-0
1861,-31.064400000000006,0.237991214732323,15.418659450401368,23.90262230256391,0.0575586228777385,0.3264844709236897,67.0644,31.082427042069853,2,R,LM,col-0
1862,-31.064400000000006,0.2090913253155635,14.572216896627326,28.99904104436864,0.0545191441532851,0.2922672643073709,67.0644,33.370946118863664,2,R,LM,col-0
1863,-31.064400000000006,0.1445325397623696,8.944990604194155,24.44304611493488,0.0649001364643699,0.213565460654903,67.0644,33.990868515106726,2,R,LM,col-0
1864,-43.0642,0.1954818133804922,10.742668531361632,21.238813022248817,0.0632966822891074,0.2501489249009394,91.0642,35.46183244528604,2,R,LM,col-0
1865,-43.0642,0.1331185214498015,5.764975709939259,18.913278927579903,0.1315026850385434,0.2788930040667481,91.0642,36.21391244528604,2,R,LM,col-0
1866,-37.06270000000001,0.1628393271877112,10.422990355849294,25.528568674928543,0.0576034731199981,0.2208749801095949,79.0627,36.77797678591263,2,R,LM,col-0
1867,-37.06270000000001,0.1912406607211122,12.03259671599699,26.18474017838415,0.0616103178652113,0.272720841766699,79.0627,37.68914743127001,2,R,LM,col-0
1868,-43.0642,0.1843719309344897,11.524495468930228,23.74337129014605,0.0459269953449291,0.1947132354757564,91.0642,39.93612123696384,2,R,LM,col-0
1869,-43.0642,0.1982241754532042,10.98682073360658,23.23260925390545,0.0719610973829129,0.2908541963759007,91.0642,41.03670817650669,2,R,LM,col-0
1870,-43.0642,0.1873142387728112,9.458973873956555,20.978374353224268,0.081554109963978,0.2837888946564286,91.0642,42.71135615962901,2,R,LM,col-0
1871,-43.0642,0.1718063498208782,9.14587058462094,23.35270194059309,0.0778341894378843,0.2618791827267242,91.0642,43.71900639786087,2,R,LM,col-0
1872,-43.0642,0.162730917232825,8.365684860745809,23.558982017931783,0.0883723345451822,0.2719714686951686,91.0642,46.730669099081226,2,R,LM,col-0
1873,-43.0642,0.1708942374801675,9.023744454570098,25.344870887327723,0.0931667559371104,0.309281027609405,91.0642,48.354253866600594,2,R,LM,col-0
1874,-50.375,0.1495577971151398,6.500738608161464,19.2709293309242,0.105724460991839,0.2528387889000906,104.375,50.64905392286688,2,R,LM,col-0
1875,-55.057100000000005,0.1622660844851898,6.140689328634447,16.557122070873074,0.1105715715193868,0.2497848685779379,115.0571,51.35290801285997,2,R,LM,col-0
1876,-55.057100000000005,0.1518425733335151,5.332814718108998,15.028647251332456,0.1274729654861968,0.2500806573434491,115.0571,52.89543208769468,2,R,LM,col-0
1877,-55.057100000000005,0.1762172844059245,5.898841075293059,14.023169772419832,0.1390792703405191,0.3018106893910696,115.0571,54.62513744034392,2,R,LM,col-0
1878,-55.057100000000005,0.1363691935047525,5.037030725376284,16.289264170003356,0.1181489913583349,0.218932449686983,115.0571,57.3653689452851,2,R,LM,col-0
1879,-61.071200000000005,0.1686172044317246,4.79048619988843,11.177862718921428,0.1388896652452425,0.2447682273775249,127.0712,58.4610063854997,2,R,LM,col-0
1880,-61.071200000000005,0.1017212616902656,2.8886907483647524,13.028808461294863,0.157278732078143,0.1671385260763131,127.0712,59.835527892362585,2,R,LM,col-0
1881,-61.071200000000005,0.0786372389838018,2.2157757147839283,14.857652313366671,0.2021927313319482,0.1648150457030185,127.0712,60.423576363691,2,R,LM,col-0
1882,-61.071200000000005,0.1620968681107716,4.220636396262621,11.788458741983712,0.1954256193732833,0.3034344979441016,127.0712,61.74378416164508,2,R,LM,col-0
1883,,,,,,,139.0739,63.08217194885418,2,R,LM,col-0
1884,,,,,,,139.0739,63.769862297775845,2,R,LM,col-0
1885,,,,,,,139.0739,66.00662435003538,2,R,LM,col-0
1886,,,,,,,139.0739,67.54729362640006,2,R,LM,col-0
1887,,,,,,,139.0739,69.37458749407469,2,R,LM,col-0
1888,,,,,,,151.0717,71.46631814157116,2,R,LM,col-0
1889,,,,,,,139.0739,73.05481819813903,2,R,LM,col-0
1890,,,,,,,151.0717,74.7150235387052,2,R,LM,col-0
1891,,,,,,,151.0717,77.45849258929537,2,R,LM,col-0
1892,,,,,,,151.0717,79.89066847671602,2,R,LM,col-0
1893,,,,,,,167.8728,82.36999901049278,2,R,LM,col-0
1894,0.0,0.1053563365205325,13.006592292383884,49.73850499380941,0.031654561177926,0.1514625772519709,0.0,0.1617210271578808,0,L,LM,col-0
1895,-1.0656999999999996,0.0957254782775891,8.936113997257674,32.582214440874,0.0412143411223804,0.1354885452772341,7.0657,1.4098047248313397,1,L,LM,col-0
1896,-7.0655,0.0823392488164387,7.516291923151463,32.97944997549412,0.0427435573177495,0.1181897518022579,19.0655,3.2046262726367605,1,L,LM,col-0
1897,-7.0655,0.1127771448058748,9.535260250763098,31.59048301513384,0.0475575165591788,0.1668235031865013,19.0655,4.80154177892842,1,L,LM,col-0
1898,-13.052700000000002,0.2102478375669068,20.519487447608,37.98816959626677,0.0349627373659931,0.2639231307822871,31.0527,7.557555341271138,1,L,LM,col-0
1899,-19.053600000000003,0.1710134222593511,14.043886262143944,28.98985697716836,0.0407009043937153,0.210279473631976,43.0536,9.638189960542078,1,L,LM,col-0
1900,-19.053600000000003,0.1527532501824076,13.502519886920858,32.91867678611568,0.0387157635360824,0.1923127917091745,43.0536,11.307696506254938,1,L,LM,col-0
1901,-19.053600000000003,0.186824684530022,14.468308363715703,27.40245771811255,0.0500365901293739,0.2663244141506216,43.0536,12.083008808988978,1,L,LM,col-0
1902,-19.053600000000003,0.2370753516288705,26.063166622495075,44.42151548203734,0.0326036438328192,0.3126071008600919,43.0536,13.502738761668112,1,L,LM,col-0
1903,-25.0653,0.2114075027060798,17.536341200167254,32.547388184462775,0.0410555341019083,0.2648599003342872,55.0653,15.377389373946508,1,L,LM,col-0
1904,-31.06610000000001,0.2634963520448074,17.232995945823326,22.88672720709563,0.0541902472421941,0.3435480093531316,67.0661,16.327500231646233,2,L,LM,col-0
1905,-31.06610000000001,0.1696983981884437,10.452616345550542,23.16353908878896,0.0653468397262647,0.2512783766207329,67.0661,18.226374001950237,2,L,LM,col-0
1906,-13.052700000000002,0.1240714618871515,7.008921396138325,18.034289884410597,0.0525586337604678,0.135519183058502,31.0527,8.315922841806099,1,R,LM,col-0
1907,-13.052700000000002,0.1832532502579516,14.332104130897026,32.93954590118529,0.0436709554949276,0.2302545214761212,31.0527,10.04064275711091,1,R,LM,col-0
1908,-19.053600000000003,0.1739425656698412,16.82218211172314,37.96777530639997,0.0352132622053031,0.217918504021075,43.0536,12.276842271759378,1,R,LM,col-0
1909,-19.053600000000003,0.2018660925680653,18.247410153249238,34.8232452100267,0.0424508575712318,0.2849661140171597,43.0536,12.879566988900043,1,R,LM,col-0
1910,-19.053600000000003,0.2357264658270024,22.96934017154016,38.18197891402353,0.0350188772688701,0.2959076928642359,43.0536,15.073002896556597,1,R,LM,col-0
1911,-31.06610000000001,0.1599994487911366,9.161443552263206,16.46186791100413,0.0637822582443169,0.2149657744916157,67.0661,16.925174592761106,1,R,LM,col-0
1912,-19.053600000000003,0.1807108611416137,12.59897680727696,26.7696024049455,0.068322642965243,0.3166689285558495,43.0536,17.74569789064974,1,R,LM,col-0
1913,-19.053600000000003,0.2204810318139597,18.06774001826114,34.42444165426734,0.0461181907527135,0.3065360890503991,43.0536,18.80284751278323,1,R,LM,col-0
1914,-25.0653,0.2520417613985358,18.30971891752598,28.09309151552024,0.051308240736744,0.3456004657821274,55.0653,19.419151442161454,1,R,LM,col-0
1915,-19.053600000000003,0.2159261452302565,19.143306240702863,37.93008039598652,0.0442198012762171,0.3114148021265054,43.0536,21.657865749384406,1,R,LM,col-0
1916,-31.06610000000001,0.1902975103581958,14.940041782780597,29.884393260830763,0.0411164453822162,0.2259815025574276,67.0661,23.10556129769926,2,R,LM,col-0
1917,-31.06610000000001,0.2173645995655808,14.805085595283163,25.53728836320809,0.0505753014958618,0.2754577026613738,67.0661,23.911637082961093,2,R,LM,col-0
1918,-31.06610000000001,0.1495614256126887,10.814769124131187,28.49586524594209,0.0466397966223642,0.1855578870397112,67.0661,24.72767833350106,2,R,LM,col-0
1919,-37.0647,0.1791904704132727,13.009127647721034,29.50210849714852,0.0513099554294249,0.2455587028511541,79.0647,25.537286444168505,2,R,LM,col-0
1920,-37.0647,0.1928824647848563,11.464266748809903,24.51591246947653,0.0650994131308645,0.2745546946271889,79.0647,27.18214164386128,2,R,LM,col-0
1921,-50.37949999999999,0.1905538094284289,7.516271914156497,11.77090706610288,0.0859352697350209,0.2376180599018166,104.3795,28.795983845729275,2,R,LM,col-0
1922,-43.0651,0.1674698732539655,9.767208583651191,23.31371308307337,0.0602184166729351,0.2163741191454012,91.0651,29.39643145571741,2,R,LM,col-0
1923,-50.37949999999999,0.1438612516551561,6.584297879685986,17.358616848854872,0.0748311196823555,0.1812580202319831,104.3795,31.100090188922685,2,R,LM,col-0
1924,-43.0651,0.1590997172614307,8.935200645411452,25.181164085612192,0.0746337763545223,0.2453269413313409,91.0651,31.707994033950825,2,R,LM,col-0
1925,,,,,,,139.0773,32.78649862454721,2,R,LM,col-0
1926,-43.0651,0.1918830820609579,10.691056766436049,24.809900691218942,0.0758626807316298,0.2983694397190751,91.0651,32.998477868814184,2,R,LM,col-0
1927,-50.37949999999999,0.1148813948750981,5.105541045214296,18.24659653579213,0.0941366118965188,0.1768096048258325,104.3795,34.481965144560085,2,R,LM,col-0
1928,-55.0609,0.1359476239374607,5.041079198955096,14.5342400087817,0.1048661329620107,0.1944752291742058,115.0609,35.71041047625619,2,R,LM,col-0
1929,-55.0609,0.1372403619022712,4.393459511997618,14.98541007857922,0.1746586234902082,0.2822943458958665,115.0609,37.92295716325984,2,R,LM,col-0
1930,-55.0609,0.0764380331600784,2.858259666423647,14.920269396003372,0.1100712435019235,0.1157393587525812,115.0609,38.80775716325984,2,R,LM,col-0
1931,-55.0609,0.04947998918691,3.339673458540152,26.30831158901238,0.0579698422479171,0.0712215861961883,115.0609,40.101395484134216,2,R,LM,col-0
1932,,,,,,,139.0773,46.56557338087652,2,R,LM,col-0
1933,0.0,0.1917773373037737,25.01588829668024,51.88936296633959,0.026605471128331,0.2448456546553811,0.0,6.361869331572286,0,L,ML,col-0
1934,0.0,0.1253706975846794,12.90004013716408,36.33498537456603,0.0339564287277867,0.1611456505050906,0.0,7.434469012086595,0,L,ML,col-0
1935,0.0,0.1615998385765588,21.11694714749704,51.46520971876669,0.0275694576070172,0.2141730754616328,0.0,8.03262996868607,0,L,ML,col-0
1936,-1.0660999999999996,0.1141169082834212,10.07982064872748,27.50408163867791,0.0425805477907497,0.157895432460966,7.0661,9.822952402859938,1,L,ML,col-0
1937,-1.0660999999999996,0.2239161370073747,33.08258600868887,57.88486060071305,0.022477006560087,0.2735542337651864,7.0661,11.056785278552848,1,L,ML,col-0
1938,-7.063199999999998,0.2442458723654721,22.310475323914677,33.832048561054705,0.0410661535633274,0.3370531326555241,19.0632,12.94772152047492,1,L,ML,col-0
1939,-7.063199999999998,0.2404276355274078,21.10596740539808,32.430621840040224,0.0402082921156797,0.3121953338080989,19.0632,17.438432236284545,1,L,ML,col-0
1940,-13.052499999999998,0.2562439767557519,26.16294635872967,41.00040179269115,0.034795103551713,0.33489626360265,31.0525,18.062807175723982,1,L,ML,col-0
1941,-13.052499999999998,0.2601385566309667,22.444080202295996,31.60772515446935,0.0453585017092903,0.3745122523945208,31.0525,20.47104201336997,1,L,ML,col-0
1942,-7.063199999999998,0.3180145771130456,41.04639681200515,54.1229507877464,0.0294648600055868,0.4449230845519448,19.0632,21.565722910550143,1,L,ML,col-0
1943,-13.052499999999998,0.279934439268338,27.770156138126207,40.79490586792319,0.0368703151955208,0.3766697033110698,31.0525,23.136710164986034,1,L,ML,col-0
1944,-13.052499999999998,0.2678320545464478,22.60866014963756,34.02022533289758,0.0487897130867291,0.4057967906151577,31.0525,24.034417167520825,1,L,ML,col-0
1945,-19.0545,0.2392138073792808,17.313386435510054,25.002672012540813,0.0537838267584053,0.3425620430154846,43.0545,25.22293928015428,1,L,ML,col-0
1946,-19.0545,0.2570902760623219,20.93107356245444,28.76850481584432,0.0413691036750939,0.3185467169631421,43.0545,26.13888832437017,1,L,ML,col-0
1947,-19.0545,0.2668856051239142,21.941714063027018,33.57192429149254,0.0485931308451574,0.3922391605126999,43.0545,27.43161258774936,1,L,ML,col-0
1948,-25.0631,0.1780489638813785,13.766434438114018,30.63758912604349,0.0438696297781767,0.2221728357386559,55.0631,27.627838155910084,1,L,ML,col-0
1949,-31.0658,0.3396181348330234,27.861246759522885,31.187666682793548,0.0393375832741261,0.403193702378172,67.0658,29.11004734490292,1,L,ML,col-0
1950,-31.0658,0.3360627959616915,24.720369034566897,30.061274877054498,0.0505548753192745,0.4597518775665145,67.0658,30.883096986354676,2,L,ML,col-0
1951,-37.0642,0.2305083349471716,16.925586349053344,30.043281280648586,0.0438300955829988,0.2729113882565488,79.0642,31.86358991378338,2,L,ML,col-0
1952,-43.0656,0.217056183195361,10.18778645002354,18.742994746994707,0.0817957730099796,0.3065605115760451,91.0656,34.19801282058617,2,L,ML,col-0
1953,-50.3783,0.1935410111254167,9.355331410257673,19.74787200525221,0.0767410957001352,0.2641147711560337,104.3783,36.27774464434454,2,L,ML,col-0
1954,-50.3783,0.1981858083231867,8.042520700938477,15.326339786498234,0.101965986999526,0.3016845246323092,104.3783,37.80575509038369,2,L,ML,col-0
1955,-50.3783,0.1749390262901989,7.768523468052963,19.209264394795213,0.092061621829729,0.2631010744374117,104.3783,39.83893673365905,2,L,ML,col-0
1956,-61.0724,0.1273597273416143,3.992759313750011,13.046813047757164,0.1200059934556508,0.1762712913206276,127.0724,41.68072535909956,2,L,ML,col-0
1957,-50.3783,0.170911552774086,20.931159448333105,40.932565830735854,0.0432477411512224,0.3330138017107787,104.3783,42.68788075910327,2,L,ML,col-0
1958,-55.060500000000005,0.1205084592645771,4.52892075927328,16.228547117171285,0.1108578171822273,0.1846998586783497,115.0605,43.53280539068166,2,L,ML,col-0
1959,-61.0724,0.0671252148480664,1.7561847288495662,14.337609130479937,0.2541622688113127,0.1642051572662789,127.0724,44.736038646048094,2,L,ML,col-0
1960,-61.0724,0.1086585628930033,3.797750988680313,14.008038713107116,0.0964540300333858,0.1347573250449702,127.0724,46.53366938823552,2,L,ML,col-0
1961,-61.0724,0.1335382985660624,3.861487174036865,11.440235055403985,0.1370531678475565,0.1946924870937586,127.0724,47.06410497544694,2,L,ML,col-0
1962,-61.0724,0.1258133740853213,3.35766573834479,12.0944982496923,0.1824621574352474,0.225380211923097,127.0724,49.17251140311372,2,L,ML,col-0
1963,-61.0724,0.1379221184434463,3.774389488543477,11.82294660293571,0.1624647295006591,0.2255855742647422,127.0724,50.56186907506968,2,L,ML,col-0
1964,-61.0724,0.1304853266931813,4.264262667838726,14.133046081506649,0.1193530669986975,0.1872332819084907,127.0724,51.8773240095088,2,L,ML,col-0
1965,-61.0724,0.125950134557257,3.509917046290013,13.116354571571051,0.1748212662550191,0.2257338205547076,127.0724,54.59076989965755,2,L,ML,col-0
1966,,,,,,,151.0722,55.45344989965756,2,L,ML,col-0
1967,,,,,,,139.077,57.23541383230626,2,L,ML,col-0
1968,,,,,,,139.077,58.90185197871205,2,L,ML,col-0
1969,,,,,,,151.0722,61.83559505407494,2,L,ML,col-0
1970,,,,,,,151.0722,62.96883210918728,2,L,ML,col-0
1971,,,,,,,151.0722,63.97305635670374,2,L,ML,col-0
1972,,,,,,,151.0722,66.88732733403016,2,L,ML,col-0
1973,,,,,,,163.065,68.6877258793176,2,L,ML,col-0
1974,,,,,,,163.065,70.10240930742336,2,L,ML,col-0
1975,,,,,,,163.065,72.28825562861911,2,L,ML,col-0
1976,-1.0660999999999996,0.0874925594358652,8.35798960585656,31.447276318710788,0.0433166907439732,0.1331872387946863,7.0661,6.324247122789375,1,R,ML,col-0
1977,-13.052499999999998,0.1373565485101172,10.861956757538652,22.682733305881232,0.0458013179626146,0.1830170550896187,31.0525,7.953202929938534,1,R,ML,col-0
1978,-7.063199999999998,0.1673254220167392,16.496183534402697,38.265915514126206,0.0365583530024693,0.221858268899987,19.0632,9.391441579858055,1,R,ML,col-0
1979,-7.063199999999998,0.2323567260492589,22.591845770554347,38.75283044397138,0.0378885667827426,0.3148947427972572,19.0632,10.232292582117076,1,R,ML,col-0
1980,-13.052499999999998,0.1982690207711089,16.150806117579457,27.771949418454643,0.0459340976667187,0.2729197163568906,31.0525,13.024052075645988,1,R,ML,col-0
1981,-13.052499999999998,0.2230580647014559,18.56568683889325,30.35673844683468,0.0454617686527475,0.3105009021185977,31.0525,14.086798235977794,1,R,ML,col-0
1982,-13.052499999999998,0.1753740011773441,16.872203714909023,38.0166812497918,0.0351345192644403,0.2180777431717155,31.0525,15.924213356833793,1,R,ML,col-0
1983,-13.052499999999998,0.1702539398132202,16.342546023762697,40.09727588547694,0.0435151334739983,0.2616167551442357,31.0525,17.00173839430138,1,R,ML,col-0
1984,-19.0545,0.1655351497073474,12.200815231293372,25.576975712084074,0.0580455736937092,0.2605334414617486,43.0545,18.2533137973181,1,R,ML,col-0
1985,-19.0545,0.170540806413363,13.908568355989155,31.13727866172705,0.0395220679773098,0.2022216306923842,43.0545,19.248307428654503,1,R,ML,col-0
1986,-19.0545,0.2258644649354469,18.906740723216423,31.85535317050583,0.0432110932787103,0.3005504905466076,43.0545,20.609987871549933,1,R,ML,col-0
1987,-25.0631,0.1727153775763362,17.65739097743657,39.72017940299023,0.0303343057549855,0.1970453141161309,55.0631,22.067971343678465,1,R,ML,col-0
1988,-31.0658,0.1508600842470922,9.214820168593722,21.93426178839908,0.0639671920088251,0.2168451280069726,67.0658,23.817965125671744,2,R,ML,col-0
1989,-37.0642,0.161016741026511,9.431630982404211,22.274958412824528,0.0627107127117796,0.2175875565030587,79.0642,25.01766217139229,2,R,ML,col-0
1990,-43.0656,0.1445943667590431,7.467340545712023,20.92108474031823,0.0746863990836564,0.2051695928846253,91.0656,27.5708170600886,2,R,ML,col-0
1991,-43.0656,0.1155803556959903,5.739135706065143,22.17211657695049,0.0936041265410271,0.19762733181025,91.0656,28.410212042203693,2,R,ML,col-0
1992,-55.060500000000005,0.1576421466225374,5.539968751549152,12.267283776793304,0.0977706429373762,0.1992605406184045,115.0605,29.699618631320835,2,R,ML,col-0
1993,-55.060500000000005,0.1569837032381388,5.61077726735846,15.95195155268539,0.1182816534711234,0.244143931469227,115.0605,33.039129646881605,2,R,ML,col-0
1994,-61.0724,0.0539936172815498,4.71032258931977,28.7943639206103,0.0534679842015954,0.0926509720785423,127.0724,36.35665003457432,2,R,ML,col-0
1995,-61.0724,0.0901192693084687,2.349401992927327,11.400244018967882,0.1867951402367641,0.1614464218341094,127.0724,37.56028258317778,2,R,ML,col-0
1996,-37.0642,0.0754126904241908,,,,,79.0642,38.90754561020621,2,R,ML,col-0
1997,,,,,,,139.077,41.31435356098967,2,R,ML,col-0
1998,,,,,,,139.077,43.75171677225832,2,R,ML,col-0
1999,,,,,,,139.077,46.09486763701864,2,R,ML,col-0
2000,,,,,,,151.0722,48.80460274981146,2,R,ML,col-0
2001,,,,,,,151.0722,50.8589825223949,2,R,ML,col-0
2002,,,,,,,151.0722,51.96834759958996,2,R,ML,col-0
2003,,,,,,,151.0722,54.58169798139664,2,R,ML,col-0
2004,0.0,0.2825511309155442,43.99887503677173,63.29868231849126,0.0237612886534719,0.3846069083901561,0.0,3.352521399968985,0,L,ML,col-0
2005,-1.0648999999999995,0.1763994824425302,22.202940154992728,51.73526640234732,0.0281281206599326,0.229750636282969,7.0649,4.8000711267168805,1,L,ML,col-0
2006,-1.0648999999999995,0.2178289879383794,25.20122479852921,48.57790118946866,0.0336092561332968,0.3115918335836096,7.0649,6.7251854140718414,1,L,ML,col-0
2007,-7.0638000000000005,0.2256186952482982,24.11425697286622,41.704689470661314,0.0318279091783103,0.2823498184770307,19.0638,8.446494689939051,1,L,ML,col-0
2008,-13.052700000000002,0.2138637668107595,17.511269080492035,26.260150549689516,0.0409623440001241,0.2638808899224704,31.0527,9.713632421280208,1,L,ML,col-0
2009,-19.0548,0.1497178227976916,9.768673271400164,14.393247366661267,0.0876649332948458,0.3150409504087008,43.0548,11.442600134581186,1,L,ML,col-0
2010,-19.0548,0.1134801649878985,7.33064274612737,13.71162939860794,0.0899377552075973,0.2425434868132496,43.0548,12.64120275563622,1,L,ML,col-0
2011,-13.052700000000002,0.1636124899007933,12.06918704443748,23.651470532907467,0.0599635199246466,0.266238375372459,31.0527,12.931954820236236,1,L,ML,col-0
2012,-13.052700000000002,0.2730967441080369,25.009694193139264,34.85870698692192,0.0391894190961131,0.3605643009268741,31.0527,15.103061100453768,1,L,ML,col-0
2013,-25.0645,0.214265058483479,14.462318391820924,23.74307893607384,0.0556352023202242,0.2960009522649757,55.0645,16.41148230889243,1,L,ML,col-0
2014,-19.0548,0.2809631412383049,26.802778155408703,38.030731818175006,0.0357253236303276,0.3522585163057457,43.0548,16.935836213400457,1,L,ML,col-0
2015,-25.0645,0.3199059918419883,30.105652460858224,38.02557241857448,0.0393486940500943,0.4357966475213947,55.0645,19.56418637847147,1,L,ML,col-0
2016,-31.065600000000003,0.2132253771898431,14.724074201586102,25.04934971003909,0.0490378322963266,0.2656224508646189,67.0656,21.00118714458476,1,L,ML,col-0
2017,-31.065600000000003,0.3353807697917108,27.105866973142135,31.826907678699143,0.0421615256701066,0.4204217142732688,67.0656,22.69976315403789,2,L,ML,col-0
2018,-31.065600000000003,0.2438667880111508,20.609321355307895,34.92018982838069,0.042791522452989,0.3244344380643059,67.0656,23.749289240949786,2,L,ML,col-0
2019,-37.063,0.1536586170761672,8.697064135264986,20.458555365370525,0.0653713297855074,0.209153680019416,79.063,24.48370920468134,2,L,ML,col-0
2020,-37.063,0.1492999074062711,8.174136746273847,22.494039550400508,0.0807409794696063,0.2427959456973557,79.063,25.68513634351034,2,L,ML,col-0
2021,-37.063,0.1772227250324787,12.081460719920717,29.833864448892367,0.0594042305340838,0.2640233511774962,79.063,27.83075871475367,2,L,ML,col-0
2022,-50.3781,0.0940660680942328,3.771258967080772,15.383825647578169,0.1121574464448702,0.1556037240884168,104.3781,28.16592732903609,2,L,ML,col-0
2023,-55.0592,0.1968504140624486,6.66803567588677,11.092377174311276,0.112685241757524,0.2764206434809033,115.0592,29.821779971055754,2,L,ML,col-0
2024,-50.3781,0.1092703128482811,4.266787927648421,13.237228159482909,0.1151265092133086,0.180709886120276,104.3781,31.393956981050103,2,L,ML,col-0
2025,-61.0733,0.0850485147771601,2.5645324251407327,11.552302334794502,0.1160804243304002,0.1095147710596895,127.0733,32.75775529947489,2,L,ML,col-0
2026,-50.3781,0.1124068485780565,5.133635377231818,20.630252344692277,0.0966550089209858,0.182538678656699,104.3781,33.4029546401441,2,L,ML,col-0
2027,-55.0592,0.0967627934111161,2.890194515414616,13.81517921502153,0.263653385517744,0.280327654335184,115.0592,34.96606817602871,2,L,ML,col-0
2028,-55.0592,0.0766921678200729,2.652252436226359,13.384642061954086,0.126175069797178,0.1231101693566128,115.0592,35.64153443470352,2,L,ML,col-0
2029,-55.0592,0.0923312302269247,3.345070182485418,16.1243124980839,0.1196512304338315,0.1472407161875459,115.0592,38.86032340437892,2,L,ML,col-0
2030,-55.0592,0.1018469979644646,3.586804283244664,16.295117473583698,0.1335524017707906,0.1762239373761466,115.0592,39.80609891949865,2,L,ML,col-0
2031,-61.0733,0.0736915327247915,2.127941950590972,13.852679672312512,0.1681652369599183,0.1316441358698039,127.0733,40.92594546542046,2,L,ML,col-0
2032,-55.0592,0.1097024271698472,3.772374139218914,17.287875599086277,0.1565883188572883,0.2173099633660372,115.0592,42.62266855588911,2,L,ML,col-0
2033,-55.0592,0.1024435194797071,3.557642717530111,18.060311215573208,0.1579225125936909,0.2066863968926637,115.0592,44.68140110233769,2,L,ML,col-0
2034,-61.0733,0.1155170265634318,3.309900647899941,12.843762174324745,0.1543112550155384,0.1878962356319481,127.0733,47.64757128267147,2,L,ML,col-0
2035,,,,,,,139.0758,49.4446627554188,2,L,ML,col-0
2036,,,,,,,139.0758,51.515146484747405,2,L,ML,col-0
2037,,,,,,,139.0758,54.46586087001859,2,L,ML,col-0
2038,,,,,,,151.0711,56.11792333213224,2,L,ML,col-0
2039,,,,,,,151.0711,58.28935531521974,2,L,ML,col-0
2040,,,,,,,163.064,64.0946997066325,2,L,ML,col-0
2041,-19.0548,0.0395852641623276,2.8056737330880224,20.69327336021896,0.0525481823148891,0.0542375898256225,43.0548,0.5590990241450968,0,R,ML,col-0
2042,0.0,0.0791368157149065,7.704893750257008,28.199407269918765,0.048722704332785,0.1381031415429451,0.0,2.4227624379620867,0,R,ML,col-0
2043,0.0,0.0820581464033046,7.764398903652472,30.03036582500999,0.0536500402901174,0.1532439755320149,0.0,3.867101583670253,0,R,ML,col-0
2044,-7.0638000000000005,0.0914233562090117,7.341399594667631,20.467190416300777,0.0573784273419177,0.1549647865134774,19.0638,5.338172323285732,1,R,ML,col-0
2045,-25.0645,0.047288348460998,2.943884829250129,14.482401728328826,0.0719629448562652,0.0779354882972594,55.0645,7.10803810679138,1,R,ML,col-0
2046,-7.0638000000000005,0.0684903180999056,5.585497272554373,19.74770108873553,0.0682711504894258,0.140282851049704,19.0638,8.055835476630433,1,R,ML,col-0
2047,-7.0638000000000005,0.0486039712872196,3.820967951891988,17.227407486408143,0.0921767587473674,0.1295687729637033,19.0638,9.50452925699906,1,R,ML,col-0
2048,-7.0638000000000005,0.0461433146733833,3.661644443737944,19.19299992591513,0.0896706097405771,0.1207902309781139,19.0638,10.654004872277431,1,R,ML,col-0
2049,-7.0638000000000005,0.0892472583768704,5.463324164680329,21.8439343403282,0.0709451867288927,0.1425888033263425,19.0638,12.167727333496794,1,R,ML,col-0
2050,-7.0638000000000005,0.1170977470593852,9.084583228868604,27.84774896055492,0.0633585696909904,0.2117463294621537,19.0638,13.667910240299584,1,R,ML,col-0
2051,-13.052700000000002,0.0824447483438851,5.916918550134243,20.90847631353459,0.0654896502759874,0.1425521527984685,31.0527,15.503237250534868,1,R,ML,col-0
2052,-13.052700000000002,0.060988389519824,4.477453083973146,17.10441471686831,0.0895313623504868,0.1474727418884868,31.0527,16.788489777455645,1,R,ML,col-0
2053,-19.0548,0.0896091769126932,6.218233350764463,19.186741693781524,0.0617328136408725,0.1412175281456415,43.0548,18.17854859923262,1,R,ML,col-0
2054,-19.0548,0.1146922245806943,7.99359161324104,21.227272471929908,0.0630262242028143,0.1853398319214996,43.0548,20.12710862753737,1,R,ML,col-0
2055,-31.065600000000003,0.104281618026165,5.79212660309996,12.944657174970024,0.0764945092295517,0.1629948290353431,67.0656,20.27458281782164,1,R,ML,col-0
2056,-19.0548,0.1080773605371061,7.863926716704928,27.32628622733153,0.0622783458408122,0.1801698199952232,43.0548,22.37558267237785,1,R,ML,col-0
2057,-25.0645,0.0961403006559664,6.010817602561813,18.88660274146285,0.0814861481351146,0.1801867519576387,55.0645,23.06543544311955,1,R,ML,col-0
2058,-25.0645,0.1212450961046111,7.736427568806758,24.664147586139883,0.0615752204787524,0.1752475509639203,55.0645,24.842146833381623,2,R,ML,col-0
2059,-43.064400000000006,0.0970940696975286,4.926475075237429,19.781154374046075,0.0789374451675899,0.143062191730688,91.0644,28.903182874516983,2,R,ML,col-0
2060,-55.0592,0.0815107719239101,2.7026574089947606,12.51386078913081,0.132171252201091,0.1314115447035501,115.0592,31.5463531845133,2,R,ML,col-0
2061,-50.3781,0.0777249818994813,3.34031148286342,19.915014218400795,0.1089081704668772,0.1338298363986719,104.3781,33.7819407737563,2,R,ML,col-0
2062,-55.0592,0.1095780944905776,3.981623544559577,14.552189981131688,0.1088681115392529,0.1594653768487856,115.0592,36.77073918910912,2,R,ML,col-0
2063,,,,,,,163.064,44.85588515120186,2,R,ML,col-0
2064,,,,,,,139.0758,48.17515775931516,2,R,ML,col-0
2065,,,,,,,151.0711,49.24506511623911,2,R,ML,col-0
2066,,,,,,,139.0758,52.05350557103145,2,R,ML,col-0
2067,-0.4889000000000001,0.2282341025017618,21.21629290484808,35.82732790639303,0.0505038323703115,0.3941843296628654,6.4889,1.9137999403754276,1,L,ML,col-0
2068,-12.477,0.2809782879982385,25.481541472132218,35.04844020639714,0.0395081925186791,0.3703551396377492,30.477,3.951860080426382,1,L,ML,col-0
2069,-18.4812,0.1723097825667652,13.595879899347867,25.44471128776441,0.0428394059601596,0.2142674877549083,42.4812,4.171185764512856,1,L,ML,col-0
2070,-6.486999999999998,0.2766140729656178,30.38324737534053,45.69850398736827,0.0330482922670963,0.3693930587958792,18.487,6.176449161874908,1,L,ML,col-0
2071,-6.486999999999998,0.25807444967701,25.784783097622903,40.64470351502737,0.0383659676921664,0.3639277373360937,18.487,7.677916466278036,1,L,ML,col-0
2072,-18.4812,0.2517337064194762,9.703365786112226,10.30817352387329,0.123160389498252,0.4396417976788898,42.4812,9.31966419951844,1,L,ML,col-0
2073,-12.477,0.2112707813758055,15.67632739809889,25.159840954875325,0.0639414103337655,0.3687500215003533,30.477,10.104847898024715,1,L,ML,col-0
2074,-18.4812,0.3301921481367266,32.13114850313124,38.87513489807019,0.0366956292742679,0.4337566109897268,42.4812,11.682167323963714,1,L,ML,col-0
2075,-24.4942,0.2008240985559972,11.90509286886822,9.474331777111336,0.1070582160430118,0.4688763287984493,54.4942,11.95381967604111,1,L,ML,col-0
2076,-18.4812,0.3412540760930206,32.17168395955492,37.55785668809632,0.0368996141697446,0.4367180447847466,42.4812,13.986958003356788,1,L,ML,col-0
2077,-18.4812,0.214644380420492,15.809639414457596,27.497202038203778,0.057157119208255,0.3324281666422857,42.4812,14.720221006650966,1,L,ML,col-0
2078,-18.4812,0.3307026576946769,31.772706526623097,39.17947133700476,0.0356649316420033,0.4168704637207627,42.4812,16.302833489651103,1,L,ML,col-0
2079,-18.4812,0.3598962410220688,35.66397085415365,42.78189158410032,0.0400224475162902,0.5250961790602929,42.4812,18.52973461125157,1,L,ML,col-0
2080,-24.4942,0.1460088312214124,9.436298443126605,24.69123410613535,0.0734300601109777,0.2549065938084544,54.4942,19.54126640889352,2,L,ML,col-0
2081,-42.4909,0.1686276222108875,8.077050495882572,15.55399545042556,0.0761967936373806,0.2264096913682989,90.4909,22.612833127284777,2,L,ML,col-0
2082,-42.4909,0.1814319184894362,9.316222658694278,19.47203068658433,0.0729813846138371,0.2501252158197826,90.4909,23.847679274568577,2,L,ML,col-0
2083,-42.4909,0.131019570353172,6.74242317218851,23.028514400002283,0.0852196405979378,0.2113787001323692,90.4909,25.697879503330043,2,L,ML,col-0
2084,-42.4909,0.1371554223304878,6.787411849497811,21.55227817824991,0.089760036829921,0.2241262591731094,90.4909,26.667516374767214,2,L,ML,col-0
2085,-42.4909,0.1141737652427656,6.044205125232325,24.02967621704629,0.0841808246607349,0.1871793301686944,90.4909,28.621823621678555,2,L,ML,col-0
2086,-49.8023,0.1177130139086066,5.180108304160819,19.00928029229736,0.0996062522374086,0.1898151872846216,103.8023,29.09345848350788,2,L,ML,col-0
2087,-49.8023,0.1356849208048546,7.442366454059853,22.167023241085285,0.0649849492958245,0.177921877560501,103.8023,30.269589937385376,2,L,ML,col-0
2088,-49.8023,0.1368870399982618,6.327889968087134,19.45722478219999,0.0864151524045215,0.2011658873139289,103.8023,30.49011458498741,2,L,ML,col-0
2089,-49.8023,0.173016630553363,9.324007953688898,22.99609217135721,0.0663466271346719,0.2275762846322662,103.8023,31.6680077797178,2,L,ML,col-0
2090,-54.4868,0.1542540630018352,5.28068408186016,15.75112003160326,0.1438233984714716,0.2793992598397616,114.4868,36.16342900722049,2,L,ML,col-0
2091,-54.4868,0.1647674971154118,5.012799234886451,15.075737677155889,0.2334826720413129,0.4305667453295016,114.4868,38.68487727314468,2,L,ML,col-0
2092,-60.4987,0.1109235226519194,3.6144251180572735,13.787544435700369,0.1168134419834789,0.1553236439325201,126.4987,40.18661448525237,2,L,ML,col-0
2093,-60.4987,0.1414596504484755,4.146002146131681,11.270038494753594,0.1288530629793816,0.1965304222892155,126.4987,42.20277477715323,2,L,ML,col-0
2094,-60.4987,0.1571776625663094,4.187904518215176,11.678937371312522,0.1776967045119702,0.2737673569776576,126.4987,43.58169327362092,2,L,ML,col-0
2095,,,,,,,138.4994,45.81161133204676,2,L,ML,col-0
2096,-60.4987,0.0930442760939127,2.531683584159187,13.780333280419333,0.2051204152718508,0.1910397894297972,126.4987,47.13098698745164,2,L,ML,col-0
2097,,,,,,,138.4994,48.731069411540346,2,L,ML,col-0
2098,,,,,,,138.4994,51.36575390272278,2,L,ML,col-0
2099,,,,,,,150.4982,53.033896106038114,2,L,ML,col-0
2100,,,,,,,138.4994,55.05137908559092,2,L,ML,col-0
2101,,,,,,,150.4982,58.30962005232649,2,L,ML,col-0
2102,,,,,,,150.4982,59.70729593560243,2,L,ML,col-0
2103,,,,,,,162.4883,61.87615091630324,2,L,ML,col-0
2104,,,,,,,162.4883,63.32934222865619,2,L,ML,col-0
2105,,,,,,,162.4883,66.5479808266235,2,L,ML,col-0
2106,-6.486999999999998,0.2207546173311437,22.660725335301105,39.88925452388335,0.0407750078558457,0.3399173860091849,18.487,3.258098402519556,1,R,ML,col-0
2107,-12.477,0.1840794881049367,14.984673625015512,27.43840892883256,0.0488682149265508,0.2693886423567019,30.477,5.510377872856218,1,R,ML,col-0
2108,-12.477,0.1406850502720314,11.087273232099768,22.733360546750628,0.0468246479357818,0.1909874319231984,30.477,8.764427932700142,1,R,ML,col-0
2109,-12.477,0.1634652052824771,13.31816239092761,28.33290680530676,0.0506260496932452,0.2480412236754829,30.477,10.0966662952786,1,R,ML,col-0
2110,-12.477,0.114623196161641,7.646022520011995,24.74452801212269,0.0634646650635604,0.1785143296109528,30.477,13.650244506060227,1,R,ML,col-0
2111,-18.4812,0.0703559144536263,4.4334682798731215,20.011378666265745,0.077202652457885,0.1259161236376041,42.4812,14.44223443092241,1,R,ML,col-0
2112,-12.477,0.0986946970591738,7.3527054550193744,24.79343775378008,0.0709436092992658,0.1918960196225047,30.477,15.919751915956391,1,R,ML,col-0
2113,-18.4812,0.1421730538994087,13.472379732069294,39.28165215191578,0.0395590179310317,0.1960628606698674,42.4812,19.27439431073382,1,R,ML,col-0
2114,-30.4909,0.0738173016314612,4.747165513396323,27.59518323150764,0.067419670849167,0.1177406746529774,66.4909,20.913782090255044,2,R,ML,col-0
2115,-42.4909,0.0706130625639328,3.475094573914569,21.333066172255297,0.0927754453959172,0.1186055998728524,90.4909,24.82780684184073,2,R,ML,col-0
2116,-42.4909,0.0791252958394066,3.779173297838664,20.615772785474316,0.1044131513357384,0.1451635328390142,90.4909,30.72433737565784,2,R,ML,col-0
2117,-49.8023,0.0929313443101216,3.884096192254491,16.77320475565837,0.1003788622779657,0.1434292620709247,103.8023,32.58052624917257,2,R,ML,col-0
2118,-60.4987,0.0851793455963289,2.306974106969521,11.449323776271637,0.1616313896932526,0.1371746766622849,126.4987,37.19058326593768,2,R,ML,col-0
2119,-60.4987,0.0657074359211627,2.2246047110266085,13.390439972749766,0.1032121179537972,0.0844673872411573,126.4987,40.94241910823478,2,R,ML,col-0
2120,-60.4987,0.0906302909810805,2.306922392012326,11.00488778798466,0.2059509084439996,0.1747842175048044,126.4987,42.092388600991725,2,R,ML,col-0
2121,,,,,,,150.4982,48.84293141327365,2,R,ML,col-0
2122,,,,,,,138.4994,50.935379268657655,2,R,ML,col-0
2123,,,,,,,150.4982,52.57968697453829,2,R,ML,col-0
2124,0.0,0.1618835533877603,16.775970250832412,38.94775618454442,0.0403846195666499,0.2492350753878098,0.0,0.9496444071335316,0,L,ML,col-0
2125,0.0,0.684401822192587,224.69330468702643,104.50844236455156,0.0157387019258976,1.300961846630423,0.0,0.7228469781357589,0,L,ML,col-0
2126,0.0,0.2152206607109499,26.054222937027927,49.5801508498746,0.0320257761138388,0.3069610744057083,0.0,4.060356491284767,0,L,ML,col-0
2127,0.0,0.1256735783282622,14.276638683748477,43.825830889732295,0.0332811165379812,0.1747951484757693,0.0,4.70388023070702,0,L,ML,col-0
2128,-24.493,0.1384228401492476,9.899592362375255,27.268903584755,0.0524979996520187,0.1911901815897135,54.493,6.585056904652264,1,L,ML,col-0
2129,-6.4891000000000005,0.1617210242634243,37.05974696267614,81.7571784424704,0.0176904487315467,0.2411830689457868,18.4891,7.797308497399595,1,L,ML,col-0
2130,-30.490799999999997,0.0696867488673286,4.439788159060571,25.547564716348013,0.0681754893840667,0.1113514895095064,66.4908,9.45416885095991,1,L,ML,col-0
2131,-12.477799999999998,0.1274335583342109,9.757283771382232,20.52073841326962,0.0602481829915903,0.2162610999361904,30.4778,11.272351830299131,1,L,ML,col-0
2132,-24.493,0.1387287964433864,8.534939387694806,19.415598344907515,0.071919503580201,0.2258149237594272,54.493,13.3055059581597,1,L,ML,col-0
2133,-12.477799999999998,0.2222117164367149,19.695534770283786,35.37597497666626,0.0446696051091167,0.3236573012373024,30.4778,14.928240571828862,1,L,ML,col-0
2134,-18.4803,0.2281449867440026,21.7157521470436,38.61454857769172,0.0390612365921448,0.3120515774013415,42.4803,17.069756661529176,1,L,ML,col-0
2135,-18.4803,0.3370826662761997,28.021128017146037,34.98873016450159,0.0447201703423279,0.4609932660372149,42.4803,18.175739732828188,1,L,ML,col-0
2136,-24.493,0.290137780858437,23.80204470565871,33.86352670823203,0.044992799264045,0.3939696790463472,54.493,20.99647873152714,1,L,ML,col-0
2137,-30.490799999999997,0.2919897869053343,22.204199372467876,29.701032605376977,0.0439133789249419,0.358705050580016,66.4908,22.795444993420254,2,L,ML,col-0
2138,-42.491,0.1576143872614838,7.57766106061977,16.34727078136377,0.0765322300464275,0.2133462738975691,90.491,25.62986913199424,2,L,ML,col-0
2139,-36.4871,0.2177303772655446,14.078762951295714,25.133346097469595,0.0541944289089193,0.2806885253403069,78.4871,25.73425680368012,2,L,ML,col-0
2140,-30.490799999999997,0.2007628769222023,13.97100590043834,29.066610252313893,0.0567672628009778,0.291763626288077,66.4908,26.596029768101392,2,L,ML,col-0
2141,-36.4871,0.190341883446141,10.65743474643064,22.767114628958968,0.0808391141198622,0.3169419648366943,78.4871,29.03542419440136,2,L,ML,col-0
2142,-42.491,0.2102418153504679,9.9409864800099,19.01424166808741,0.0928509547485277,0.3395637921526251,90.491,31.616261552688165,2,L,ML,col-0
2143,-49.8014,0.1562917351910655,6.383953168013998,14.999532574031718,0.101286718789349,0.2378744037955627,103.8014,33.17774780277811,2,L,ML,col-0
2144,-49.8014,0.1688321407132165,6.956034935609117,15.405051147472648,0.1012896574452083,0.2591984349923578,103.8014,34.94918600280397,2,L,ML,col-0
2145,-60.49850000000001,0.1260518978315132,3.1306466854619472,7.78813042258243,0.1984960813697079,0.2286080467121895,126.4985,37.7177348837766,2,L,ML,col-0
2146,-49.8014,0.1445480246689051,6.070942729743097,18.28169402107161,0.1094029122907731,0.2443377312943684,103.8014,39.41830557262419,2,L,ML,col-0
2147,-60.49850000000001,0.073237520526952,1.9243779182582332,10.821063607335976,0.192153157007331,0.1360327278787481,126.4985,40.79955610114656,2,L,ML,col-0
2148,-54.4857,0.1576599057823632,5.880429191093559,16.760693012540536,0.1198243460230752,0.2592146902432208,114.4857,41.54740368028497,2,L,ML,col-0
2149,-54.4857,0.1251085454168715,4.317589126358446,16.2364061595209,0.1461513301777649,0.2321397977839766,114.4857,43.36591201569782,2,L,ML,col-0
2150,-54.4857,0.12336105904007,5.304124897243382,19.99808551684977,0.1092459735365861,0.2131693197123281,114.4857,44.64650512566256,2,L,ML,col-0
2151,-54.4857,0.1490567349038651,4.966592184313695,15.525994603926875,0.1595543297244036,0.2915228578163497,114.4857,46.08159794157066,2,L,ML,col-0
2152,-60.49850000000001,0.1253459784512663,3.4949930020026283,12.194935415862176,0.1590361461026093,0.2044785098715018,126.4985,48.69687559220107,2,L,ML,col-0
2153,-60.49850000000001,0.1302797232914968,3.462866166869697,12.014767891092427,0.1828817594730888,0.2329762318191882,126.4985,49.96797219079952,2,L,ML,col-0
2154,-60.49850000000001,0.112151987008872,3.114020153424476,14.533542635368375,0.2042535731349591,0.2339896240677112,126.4985,53.97977996092212,2,L,ML,col-0
2155,,,,,,,138.4993,56.48816774044335,2,L,ML,col-0
2156,,,,,,,150.4973,57.78575576020698,2,L,ML,col-0
2157,,,,,,,150.4973,60.152765663273456,2,L,ML,col-0
2158,,,,,,,150.4973,61.254129101896496,2,L,ML,col-0
2159,,,,,,,138.4993,63.35112395111983,2,L,ML,col-0
2160,,,,,,,150.4973,66.5510372090973,2,L,ML,col-0
2161,0.0,0.0526197465722007,5.125937122505007,27.868384941784463,0.0510216609466477,0.0962129177188906,0.0,0.3123738319706062,0,R,ML,col-0
2162,0.0,0.049736633638389,4.722331597717,26.685558325516237,0.0536353705537368,0.0931779782616412,0.0,1.9487805446414468,0,R,ML,col-0
2163,-12.477799999999998,0.0625540833544968,4.642740163337991,18.388061962148218,0.0606058233828971,0.1035128467571201,30.4778,4.667791120304964,1,R,ML,col-0
2164,-12.477799999999998,0.0612648247823886,3.9373708849918567,21.94670805561492,0.070176974782873,0.1016497901041887,30.4778,6.628856315336371,1,R,ML,col-0
2165,-6.4891000000000005,0.0593173838506208,4.182780463241913,24.848379751507423,0.0694780896429147,0.1069100315277086,18.4891,7.90290698088981,1,R,ML,col-0
2166,-12.477799999999998,0.0700797652910651,4.838001626570375,22.479645058436084,0.0724197521397384,0.1288927715219638,30.4778,11.035496516722366,1,R,ML,col-0
2167,-30.490799999999997,0.052207263302459,2.970012831190281,19.418972452580824,0.0899830775534916,0.0983161098771575,66.4908,11.578156941665997,1,R,ML,col-0
2168,-18.4803,0.078997228235527,4.9037632225794745,19.9372407145803,0.0749871004334715,0.1352762548105564,42.4803,13.330640625163024,1,R,ML,col-0
2169,-18.4803,0.0826000740015131,5.623603400271488,25.54923622736858,0.0601775571749588,0.1244958162932549,42.4803,15.14723891481323,1,R,ML,col-0
2170,-24.493,0.1301182886563753,9.90743010090184,29.99673201185552,0.0493883111686855,0.1800075457895863,54.493,18.935104348631874,1,R,ML,col-0
2171,-30.490799999999997,0.0931636271484012,6.043389054361354,25.03602152514842,0.0580515185768538,0.1290623761978692,66.4908,20.50303876224946,2,R,ML,col-0
2172,-42.491,0.080784124874243,4.197050498530527,20.659398592032236,0.0732601342417242,0.1131142767179318,90.491,22.97235098206544,2,R,ML,col-0
2173,-54.4857,0.0722484651171574,2.813395185291379,15.774713034306714,0.0941117850233093,0.0974047797736455,114.4857,26.529177848009383,2,R,ML,col-0
2174,,,,,,,138.4993,30.77998396510655,2,R,ML,col-0
2175,-54.4857,0.0756201391977169,2.767556768967351,15.039184654054516,0.1105287302387312,0.112532310790958,114.4857,34.52031256936625,2,R,ML,col-0
2176,-54.4857,0.0663723685285239,2.5284186413448144,16.363360634825842,0.1071751491719627,0.0996893119095449,114.4857,36.39569652687254,2,R,ML,col-0
2177,-60.49850000000001,0.0755681653754091,1.92897543155199,10.87822164138094,0.1968658329999463,0.1397019805647555,126.4985,39.393195035049935,2,R,ML,col-0
2178,,,,,,,150.4973,44.49919191960005,2,R,ML,col-0
2179,,,,,,,138.4993,49.09949107015052,2,R,ML,col-0
2180,0.0,0.1781756674933596,18.4719812064232,33.39903990477524,0.0337789140918462,0.2295433312857346,0.0,1.1597473925728572,0,L,MM,col-0
2181,-31.060900000000004,0.0829181446492014,5.395736205174435,22.010512954832343,0.0530523578152734,0.1053078914911537,67.0609,2.042550539312919,0,L,MM,col-0
2182,0.0,0.1823051350575542,18.59047001998877,33.848951639498885,0.036556451292184,0.2500114611625037,0.0,3.3919906670679976,0,L,MM,col-0
2183,0.0,0.146010757605296,22.567035168581032,58.88981667245022,0.0204536993154059,0.1698055539884949,0.0,4.750143673756924,0,L,MM,col-0
2184,0.0,0.1373757020071954,14.714383674390312,43.79471419586434,0.0388129655910425,0.2100992109310692,0.0,6.6314801392818055,0,L,MM,col-0
2185,-7.056799999999999,0.1691219845831167,16.042841007193093,34.021309466696906,0.038854442648913,0.2293123690537174,19.0568,8.841259787462926,1,L,MM,col-0
2186,-1.0612000000000004,0.1787702074743359,18.59530072469928,41.92042524647192,0.0373771153070735,0.2556904483119029,7.0612,9.553366714044357,1,L,MM,col-0
2187,-7.056799999999999,0.1778133453391193,15.910029912140622,33.43556908280211,0.0469847452985775,0.2750004415614402,19.0568,12.56513733617029,1,L,MM,col-0
2188,-7.056799999999999,0.2391259866359808,22.563888397708016,40.04290236434321,0.0439877695869619,0.365133266695513,19.0568,13.906484886939223,1,L,MM,col-0
2189,-13.0501,0.1195496020769248,8.339063281150173,18.845242115575854,0.0748237721167723,0.2295421188794975,31.0501,15.568520599973091,1,L,MM,col-0
2190,-13.0501,0.2626555886371036,26.98131421395106,41.992578731506114,0.0353631109900243,0.3510096705997416,31.0501,17.251262548691848,1,L,MM,col-0
2191,-19.0502,0.1772068583673038,13.815742690625212,31.27294198766934,0.0507625376963019,0.2580020039838324,43.0502,20.26666797445817,1,L,MM,col-0
2192,-19.0502,0.2047203869752233,16.45984474470362,32.03108344125175,0.048215766598396,0.291957965560311,43.0502,21.293783951798368,1,L,MM,col-0
2193,-31.060900000000004,0.1986086844126655,13.981906239470137,30.89109891004103,0.0587099236273812,0.301983642347284,67.0609,24.10494878287963,2,L,MM,col-0
2194,-31.060900000000004,0.2003388098764311,15.07222587508347,32.563647408435884,0.0534290338644122,0.296251278385073,67.0609,25.70439947172722,2,L,MM,col-0
2195,-43.0608,0.2087124907356428,10.76374568425627,21.113130168645974,0.0803997260127916,0.3183636791539589,91.0608,25.74231947172722,2,L,MM,col-0
2196,-37.0561,0.1809587466422863,13.578361683553952,29.88965715681812,0.0449405009968243,0.2244867954405308,79.0561,26.32793292885305,2,L,MM,col-0
2197,-37.0561,0.1650248172398605,9.569354244264169,23.504552161317918,0.0680121228177079,0.2394277478270151,79.0561,28.13126301226935,2,L,MM,col-0
2198,-50.371300000000005,0.1141366445217138,4.499631040860183,14.365713000316408,0.1034097284767543,0.1711763729976085,104.3713,29.46931687947757,2,L,MM,col-0
2199,-50.371300000000005,0.1405166899012875,5.900839991468624,17.204201166278906,0.1031926661118426,0.2240104041618894,104.3713,30.9836037597725,2,L,MM,col-0
2200,-55.0557,0.1212903638948776,4.286934730900435,13.187881728877608,0.1100159388179606,0.1735034035594071,115.0557,33.31318624901983,2,L,MM,col-0
2201,-55.0557,0.1287403825223125,4.485992707935237,14.650145112603973,0.1271249831553155,0.2097949305552397,115.0557,35.32274206494216,2,L,MM,col-0
2202,-61.0658,0.0911831615143087,2.411128269831324,11.733706464082593,0.1859284512313309,0.1649193767314223,127.0658,36.999439229921634,2,L,MM,col-0
2203,-55.0557,0.1204274442952742,4.050128742255607,17.153236064142174,0.1623921875214778,0.2419577173023834,115.0557,38.25001564599883,2,L,MM,col-0
2204,-61.0658,0.1089792492204067,3.869823947293627,15.114821279961092,0.1070623221066055,0.152416991352171,127.0658,41.99974870455958,2,L,MM,col-0
2205,,,,,,,139.0713,44.28387825259486,2,L,MM,col-0
2206,,,,,,,139.0713,46.25104714801928,2,L,MM,col-0
2207,,,,,,,139.0713,47.084230391010166,2,L,MM,col-0
2208,,,,,,,151.068,49.51321342709476,2,L,MM,col-0
2209,,,,,,,151.068,51.1394719778564,2,L,MM,col-0
2210,0.0,0.2530336681202459,40.13767178877526,63.86683590720119,0.0229555657797417,0.3389578502664804,0.0,4.413602121602937,0,R,MM,col-0
2211,-1.0612000000000004,0.2060133806186094,26.74168291677341,50.63116161047705,0.0259524285186566,0.2553126048595073,7.0612,5.603365607561159,1,R,MM,col-0
2212,-13.0501,0.1574861973039948,14.491120647554018,36.4809899330607,0.0389109229843655,0.2074335609982608,31.0501,9.797893503797985,1,R,MM,col-0
2213,-25.0585,0.2525315853718667,20.328499115683385,30.467313772141253,0.0431391444123013,0.322613369171488,55.0585,11.114647869144754,1,R,MM,col-0
2214,-7.056799999999999,0.1198821765790045,10.917551301373988,31.53147456773226,0.042649716500726,0.1712958763182007,19.0568,11.76383430471238,1,R,MM,col-0
2215,-13.0501,0.1188410254412384,10.15128631815045,29.28832272215431,0.0361536168924405,0.1350138578971167,31.0501,13.507327987423702,1,R,MM,col-0
2216,-13.0501,0.1479718426284156,13.306099600167816,34.860949778712985,0.0428657675460427,0.2098296675619629,31.0501,14.769330231917529,1,R,MM,col-0
2217,-13.0501,0.1835740356891378,16.219816928349417,32.944929567609215,0.0421852571504998,0.2517167796557484,31.0501,16.134560025395086,1,R,MM,col-0
2218,-13.0501,0.2084993894792326,18.68354635723605,36.6799043741161,0.0426766110323701,0.2933288345031633,31.0501,17.462502881948932,1,R,MM,col-0
2219,-37.0561,0.1166609191886094,6.078620033679674,17.793229759809442,0.0784608262347582,0.1754540479270421,79.0561,18.655258342969123,1,R,MM,col-0
2220,-25.0585,0.3106092387128767,27.584841753157207,32.84935904974439,0.0356889089813457,0.3621673427259512,55.0585,19.97920501032397,1,R,MM,col-0
2221,-19.0502,0.1514734577645032,10.58923858971833,24.40746990441721,0.0520218555751481,0.2026544248641774,43.0502,21.14623777609343,1,R,MM,col-0
2222,-25.0585,0.2146451210089996,18.504800975735872,34.21428494147676,0.0402189959022715,0.2737922561316509,55.0585,23.13024744814079,1,R,MM,col-0
2223,-25.0585,0.2605028762598466,19.96026674534366,29.136626127490867,0.0468999812610551,0.3443852386906333,55.0585,24.31082298250987,1,R,MM,col-0
2224,-31.060900000000004,0.2332355732848232,21.049924896775885,35.13030396056014,0.0369952338547612,0.286484972245444,67.0609,25.80354332222192,1,R,MM,col-0
2225,-25.0585,0.2589215166518812,22.028449657195985,34.734691744336715,0.0422908368880363,0.3427170654622324,55.0585,26.343986473718907,1,R,MM,col-0
2226,-25.0585,0.2990386420062256,25.66505932938216,36.20499811622442,0.044139559231165,0.4167501671755733,55.0585,28.651181292999546,2,R,MM,col-0
2227,-31.060900000000004,0.1946963262825742,12.16775569485394,22.337574287654704,0.0629654946863033,0.2818503764132807,67.0609,30.11346627822577,2,R,MM,col-0
2228,-37.0561,0.1764194645382359,9.917082099374916,20.49461441091096,0.0696109039106321,0.2539608078404364,79.0561,32.10924202087438,2,R,MM,col-0
2229,-37.0561,0.152411353221045,9.078882658431324,22.365482530129004,0.0644972973901112,0.2154167344460808,79.0561,34.04982866792072,2,R,MM,col-0
2230,-37.0561,0.2331067281588474,13.614541728547271,22.906168753737777,0.0635505152642272,0.3182933913905378,79.0561,34.624849728337864,2,R,MM,col-0
2231,,,,,,,79.0561,36.85737899248864,2,R,MM,col-0
2232,-43.0608,0.1714762905691464,7.800933410495089,16.777061540961803,0.0987440463370874,0.2833759627474426,91.0608,36.86728554208979,2,R,MM,col-0
2233,-43.0608,0.124869691465264,6.258054650838384,21.43040205808722,0.0828435348324991,0.1907231851468133,91.0608,39.24988851775655,2,R,MM,col-0
2234,-43.0608,0.1663885141768731,8.622437732003275,21.779569130901717,0.0799428922920152,0.2535802592974333,91.0608,39.24988851775655,2,R,MM,col-0
2235,-50.371300000000005,0.1609890457794232,6.384122321794882,15.868924462834938,0.1259893864017361,0.295897079403473,104.3713,41.2880528994818,2,R,MM,col-0
2236,-50.371300000000005,0.1853309516432526,8.12535198677151,18.227233570785263,0.0931660478727139,0.2784872871740977,104.3713,43.57557721378666,2,R,MM,col-0
2237,-55.0557,0.200583614642464,9.404143527747769,19.06989924065028,0.0757540648766169,0.2620780860363813,115.0557,45.737197483517726,2,R,MM,col-0
2238,-55.0557,0.2147540352689119,72.23233248114883,56.77663059878532,0.0308349263629495,0.8193700262282684,115.0557,47.729272832672365,2,R,MM,col-0
2239,-61.0658,0.1828852651915374,5.190401292914886,9.750920486850877,0.1081019774751617,0.2064144481927433,127.0658,50.02838166979181,2,R,MM,col-0
2240,-55.0557,0.1259909104952953,4.081879908800067,14.81983064007103,0.1663775823601814,0.2498391828251833,115.0557,51.43197258661274,2,R,MM,col-0
2241,-61.0658,0.1449633154484531,4.150071094129615,11.850703311341434,0.1419975580006409,0.2167913402965722,127.0658,52.82897109901492,2,R,MM,col-0
2242,-61.0658,0.1567872973940571,4.484773215571848,12.271600796742934,0.1493060167082562,0.2463334072451563,127.0658,55.5460732887385,2,R,MM,col-0
2243,,,,,,,139.0713,58.16702049992349,2,R,MM,col-0
2244,,,,,,,139.0713,59.19908554477926,2,R,MM,col-0
2245,,,,,,,139.0713,61.609468882236726,2,R,MM,col-0
2246,,,,,,,139.0713,64.54450110212366,2,R,MM,col-0
2247,,,,,,,139.0713,66.50162835723715,2,R,MM,col-0
2248,,,,,,,139.0713,68.52615771775592,2,R,MM,col-0
2249,,,,,,,139.0713,70.61816656895932,2,R,MM,col-0
2250,,,,,,,163.0608,72.91918845467359,2,R,MM,col-0
2251,,,,,,,151.068,73.8388039376787,2,R,MM,col-0
2252,-13.0503,0.0329715904759937,2.433103179168324,14.80820898057218,0.0928400868745833,0.08310010689983,31.0503,5.513526797875049,1,L,MM,col-0
2253,-1.0635000000000003,0.0680650004863836,6.072105528145471,27.21621019015618,0.0492862672349837,0.1100958011807231,7.0635,6.703891237696016,1,L,MM,col-0
2254,-7.059899999999999,0.0992345603769156,7.755793826738351,21.19807721546105,0.0575048219741471,0.1640725912248793,19.0599,8.345148133171076,1,L,MM,col-0
2255,-7.059899999999999,0.1247786021302738,11.40468302688349,33.11679745531396,0.0406222964736346,0.1704328117325933,19.0599,9.836199728940736,1,L,MM,col-0
2256,-7.059899999999999,0.1281734890265586,10.789402833659844,30.06170326857613,0.0506305631896884,0.2009628053388023,19.0599,13.571457213713511,1,L,MM,col-0
2257,-13.0503,0.1054154178461277,7.577569255272483,21.645396645037756,0.0698133322838928,0.1946138751265681,31.0503,15.195670952088983,1,L,MM,col-0
2258,-19.0522,0.1602853705699229,11.45315093688577,23.17104484459617,0.0553641301130049,0.2332700502335651,43.0522,17.552574879575857,1,L,MM,col-0
2259,-13.0503,0.1638968014504707,13.211150963455411,30.27892313958713,0.0509071209158504,0.2474142498739483,31.0503,19.247654962167825,1,L,MM,col-0
2260,-25.059600000000003,0.1517624555167251,9.346592799822687,17.897078162998138,0.0695327983755477,0.2390829184245524,55.0596,22.134283688390614,1,L,MM,col-0
2261,-25.059600000000003,0.1988940943356401,13.657770078229712,24.568331511973373,0.0574257726662843,0.2885307886141494,55.0596,24.05581711374103,1,L,MM,col-0
2262,-31.0621,0.2043213681477203,13.51781820192656,26.391405773142143,0.0574206243081792,0.2855485962907345,67.0621,26.9492227711026,2,L,MM,col-0
2263,-37.0603,0.1167722367354734,6.00029751248944,15.769874384763233,0.0838039280481152,0.1849876255432305,79.0603,28.177246820450115,2,L,MM,col-0
2264,-37.0603,0.1378041002509633,8.3827851349461,21.868565265675745,0.0589345128317767,0.1817454514573162,79.0603,29.559610826177828,2,L,MM,col-0
2265,-31.0621,0.194189444636184,13.18292704800763,29.17863848801378,0.0597943956873118,0.2899865451671691,67.0621,32.50219407186677,2,L,MM,col-0
2266,-43.0639,0.1461698354479012,6.524261742053735,16.53833423804108,0.1091709876190958,0.262025846771473,91.0639,35.327491748924395,2,L,MM,col-0
2267,-43.0639,0.1571732397740628,6.4606387469130215,17.089351039420904,0.1052625213317482,0.2501812419866592,91.0639,37.9289617489244,2,L,MM,col-0
2268,-50.372600000000006,0.1382524656916655,5.614984677695893,15.902389411320646,0.1069818675929447,0.2209857495409903,104.3726,39.915838600036814,2,L,MM,col-0
2269,-55.058800000000005,0.1171778850235504,3.791442834152106,14.566647868506204,0.1663700983751421,0.2320519935415214,115.0588,44.29691438626587,2,L,MM,col-0
2270,-55.058800000000005,0.1174028837252519,4.205585537068401,15.891248189661948,0.1206765503464874,0.1867045386858204,115.0588,45.420019488129455,2,L,MM,col-0
2271,-50.372600000000006,0.1495598731375459,6.637358536469111,20.360980004291008,0.1043370018866734,0.2547646395203571,104.3726,47.096363130269445,2,L,MM,col-0
2272,-55.058800000000005,0.1244223117840316,4.265235767550919,15.764760750337526,0.1432649980786438,0.224796041251376,115.0588,49.99768672269667,2,L,MM,col-0
2273,-55.058800000000005,0.1143246097125188,3.9163175714818856,16.277227118821394,0.1481220450889122,0.2134042768605732,115.0588,51.066231684165686,2,L,MM,col-0
2274,-55.058800000000005,0.1515347503328805,5.488892715957286,17.013362181676833,0.129586860265048,0.2616683693154128,115.0588,53.094257946410615,2,L,MM,col-0
2275,-61.068,0.1104065964652113,3.1530533310228512,13.56765984900204,0.1689688562514963,0.1959943260721131,127.068,54.10735958494233,2,L,MM,col-0
2276,-61.068,0.1518815603345887,4.221497251662764,13.028577244472958,0.1761249383102912,0.2735223902253188,127.068,56.189018266195504,2,L,MM,col-0
2277,-61.068,0.130024715986576,3.8042105094813263,14.05653195485548,0.1622983442612617,0.2271350455446023,127.068,57.82672852938772,2,L,MM,col-0
2278,,,,,,,139.0726,62.25679914470653,2,L,MM,col-0
2279,,,,,,,139.0726,64.09966677293002,2,L,MM,col-0
2280,,,,,,,151.0702,66.57870356499085,2,L,MM,col-0
2281,,,,,,,151.0702,69.4636632567358,2,L,MM,col-0
2282,,,,,,,151.0702,71.60240189083481,2,L,MM,col-0
2283,,,,,,,151.0702,73.74045316642004,2,L,MM,col-0
2284,-25.059600000000003,0.0322484266541546,1.9391252242500308,15.910454701217542,0.0716173894533224,0.0510892891715359,55.0596,1.7984123102975813,0,R,MM,col-0
2285,-50.372600000000006,0.0985304732849082,6.819583136877486,26.71623194035856,0.0469867482213566,0.1178796225146084,104.3726,2.642585906606018,0,R,MM,col-0
2286,0.0,0.1752705486464337,15.395987396965904,23.042204452267253,0.0554462414092202,0.3140401502920708,0.0,2.8040828858603795,0,R,MM,col-0
2287,-50.372600000000006,0.118386580013758,4.0038221035228405,8.743998108508578,0.166407975642343,0.2451062741559072,104.3726,3.2776621577283267,1,R,MM,col-0
2288,-19.0522,0.0932444269803972,6.201713206032988,15.68751557911298,0.082021568779091,0.1871307974586255,43.0522,3.5823690449197847,1,R,MM,col-0
2289,-1.0635000000000003,0.4261687851589076,43.61626786633647,37.94898564445275,0.0364119618797871,0.5842491629309572,7.0635,4.33468876276237,1,R,MM,col-0
2290,-19.0522,0.1603281793588461,13.11147006725433,29.98489699740385,0.0439813862041713,0.2121415898436277,43.0522,6.121227318022616,1,R,MM,col-0
2291,-1.0635000000000003,0.0898557884019463,8.101108350914814,28.608301355637785,0.0452593283206866,0.1348832629408994,7.0635,6.535807997746117,1,R,MM,col-0
2292,-19.0522,0.1642308811712993,11.263216717166804,18.888131124261967,0.0619400593259702,0.2566489995108624,43.0522,7.8980438799137,1,R,MM,col-0
2293,-1.0635000000000003,0.3632233249721587,34.9274275237178,39.911780157285214,0.0453322325533919,0.5824775968481856,7.0635,9.026526726350165,1,R,MM,col-0
2294,-1.0635000000000003,0.1218477699282088,12.994477399575068,41.69380077018406,0.0341737686837698,0.1633643208626718,7.0635,10.332133185466043,1,R,MM,col-0
2295,-13.0503,0.1304581750177334,10.990080892722707,34.09246416397519,0.0488292260169199,0.1974177725932126,31.0503,12.681050695128745,1,R,MM,col-0
2296,-19.0522,0.1413755572856823,9.9344757676742,20.075609241981454,0.0595942115089974,0.2177983327304232,43.0522,16.26403272217628,1,R,MM,col-0
2297,-7.059899999999999,0.1729975150494878,19.652698456417586,47.56610340604211,0.0329571960694137,0.2382747180738023,19.0599,17.88726578871409,1,R,MM,col-0
2298,-13.0503,0.1500675620711257,12.81972602533316,32.23535938284982,0.0446365456980597,0.2105110222845353,31.0503,20.671105552165336,1,R,MM,col-0
2299,-19.0522,0.1720252628813053,12.719891685771197,25.64843479901626,0.0532952749385622,0.249389197795655,43.0522,22.60502555216534,1,R,MM,col-0
2300,-19.0522,0.1588278735637206,12.799512200489316,29.799782811887027,0.046108593082044,0.2171104899875587,43.0522,24.446831986228,1,R,MM,col-0
2301,-19.0522,0.2050661318556886,16.624502880505467,33.50331084689273,0.048764820447788,0.2982365145195977,43.0522,26.344756634363428,1,R,MM,col-0
2302,-19.0522,0.1617823316281826,11.86512601440404,29.60113973370879,0.061211880331291,0.2671859356544753,43.0522,29.62063772905275,2,R,MM,col-0
2303,-31.0621,0.1633296722434137,11.323198827851929,28.108201673379632,0.0505709745066708,0.2106570383034485,67.0621,30.663602233091723,2,R,MM,col-0
2304,-31.0621,0.1347801599571185,6.553696999154044,16.124413837030453,0.1057379942744193,0.2549311732572142,67.0621,32.65651247204549,2,R,MM,col-0
2305,-31.0621,0.1372740253527857,7.86853921482381,21.18713350099988,0.0862519561514523,0.249671278462579,67.0621,35.252293683704785,2,R,MM,col-0
2306,-37.0603,0.1902222009351579,10.87735075485925,22.300270866835707,0.0696177092186866,0.2785790031016508,79.0603,37.22166507618508,2,R,MM,col-0
2307,-31.0621,0.2204068670856573,15.235220733132902,31.83958298428561,0.0653487243435878,0.3662615956814194,67.0621,38.924171903508814,2,R,MM,col-0
2308,,,,,,,151.0702,39.47164190350881,2,R,MM,col-0
2309,-43.0639,0.1640572540934899,8.425642951099693,21.877173903176416,0.0826584435274635,0.2562098325363317,91.0639,42.33472574383015,2,R,MM,col-0
2310,-43.0639,0.1423066865919357,6.485862097632992,18.78020370708187,0.1051693117142918,0.2509355893640194,91.0639,44.1141230134976,2,R,MM,col-0
2311,-43.0639,0.1737184829054623,8.332055124371758,22.346163674731265,0.1057558308463004,0.3241619037105615,91.0639,48.17553692731367,2,R,MM,col-0
2312,-50.372600000000006,0.1439008220591957,6.937905826495945,19.585278447704443,0.0702827004100635,0.179383444193228,104.3726,49.26487558918241,2,R,MM,col-0
2313,-50.372600000000006,0.1432888140442943,6.284907632676947,19.42419432083033,0.1020813948584713,0.2360211994883598,104.3726,52.07959262778957,2,R,MM,col-0
2314,-55.058800000000005,0.1265905323977127,4.644708405381914,16.89356904000005,0.1240503313930223,0.2119638997249265,115.0588,53.98874373601053,2,R,MM,col-0
2315,-55.058800000000005,0.1810605066862845,6.487585025106051,16.748982140178924,0.1316987663546453,0.3143187492489285,115.0588,59.50330977645266,2,R,MM,col-0
2316,,,,,,,139.0726,61.74277396352665,2,R,MM,col-0
2317,,,,,,,163.0621,65.4601011111572,2,R,MM,col-0
2318,,,,,,,151.0702,66.2898361968924,2,R,MM,col-0
2319,,,,,,,151.0702,68.74820353336774,2,R,MM,col-0
2320,,,,,,,151.0702,70.92171198884304,2,R,MM,col-0
2321,0.0,0.2251603126561994,32.806646131828835,57.85448489896244,0.0222142358435253,0.2681011831729953,0.0,2.6225437968637824,0,L,MM,col-0
2322,0.0,0.1691258783022421,18.48570129619328,40.7197144313888,0.0337968400963351,0.2298357308779222,0.0,4.304676191498285,0,L,MM,col-0
2323,0.0,0.2068210383797481,31.147504249032743,62.76103856872183,0.0249498702570077,0.2858887484391226,0.0,6.299188035440128,0,L,MM,col-0
2324,0.0,0.0094018810205686,0.8512325989374232,11.689564974219984,0.076782855854591,0.0240446260055355,0.0,6.967827853442797,0,L,MM,col-0
2325,0.0,0.2155497693742919,26.592422520464176,50.90804249294112,0.0292497023053291,0.2861441496454553,0.0,8.588218689283833,0,L,MM,col-0
2326,-7.062899999999999,0.1284383950341297,10.19292056696728,24.24770510542496,0.0568227633994137,0.2130720617935832,19.0629,9.619217432641673,0,L,MM,col-0
2327,-7.062899999999999,0.1749725909173074,15.303554853310985,28.654900656909632,0.0434856610078492,0.2448183229563662,19.0629,10.772354948346113,0,L,MM,col-0
2328,0.0,0.1520322154201396,16.13821149317248,43.222474229025416,0.0414463209190177,0.2460633351561564,0.0,11.472066116471805,0,L,MM,col-0
2329,-13.0512,0.1493321753870309,11.988314283446128,27.791697123689048,0.0524606991367485,0.2313650270535691,31.0512,12.46130258971771,1,L,MM,col-0
2330,-7.062899999999999,0.2370073983289328,24.15371257055488,39.417382471917726,0.0343289617570024,0.3050352860557702,19.0629,14.015817047675563,1,L,MM,col-0
2331,-13.0512,0.1723717098420764,13.059463434514296,19.435186396470563,0.061221828194617,0.2941285257220575,31.0512,16.05711316822579,1,L,MM,col-0
2332,-13.0512,0.1332086057859484,9.402800492622845,11.613261102595024,0.1153575248980871,0.3990328672264189,31.0512,17.45681323675763,1,L,MM,col-0
2333,-7.062899999999999,0.2262162221297184,26.66875965384652,48.19800967430867,0.0295173119427417,0.289591053284876,19.0629,19.58299449615198,1,L,MM,col-0
2334,-7.062899999999999,0.2329078986910079,23.917648938275565,43.9497475761206,0.0382580443248714,0.3366253136989792,19.0629,19.943359211405845,1,L,MM,col-0
2335,-13.0512,0.2710593454313468,33.078353873386725,49.11159248194349,0.0282398526285841,0.3436464272397166,31.0512,22.38153864502958,1,L,MM,col-0
2336,-19.0522,0.3592401980659236,44.24491366904202,47.767596232128135,0.0280800353287865,0.45705295379549,43.0522,24.372794605716862,1,L,MM,col-0
2337,-43.063,0.1877563255698695,8.868964287488888,14.608994773738765,0.0813827502929516,0.2655282827590328,91.063,25.479637002094247,1,L,MM,col-0
2338,-19.0522,0.2326098392108657,11.630111134727954,21.19482324813426,0.0780929263125991,0.3341189284874524,43.0522,26.49422640033319,1,L,MM,col-0
2339,-19.0522,0.324076189501346,29.846024332359,37.155149923182,0.0376762999517048,0.4136759306334672,43.0522,27.737512692250483,1,L,MM,col-0
2340,-19.0522,0.2921929983487222,26.00119204204345,36.61595621110993,0.0412504386683639,0.3945729859227603,43.0522,31.646680987734605,1,L,MM,col-0
2341,-19.0522,0.3106241300240709,32.347487849113485,44.03996205647855,0.0380638698703208,0.452959128530992,43.0522,32.41129529344697,1,L,MM,col-0
2342,-31.0642,0.3436742786131016,28.53933486334887,32.76227899695732,0.039525385512598,0.4149783885309854,67.0642,34.1510229081224,2,L,MM,col-0
2343,-31.0642,0.3219851191718771,25.89391663887952,31.892178790863767,0.0432206779350935,0.4117132446717647,67.0642,36.43287577954988,2,L,MM,col-0
2344,-31.0642,0.2761064271027507,20.11068363010736,29.584628995109405,0.0483599899078762,0.3577820545354597,67.0642,38.87713857765793,2,L,MM,col-0
2345,-31.0642,0.2859215894345415,23.910555863027472,35.500721406783626,0.0471048420248162,0.4143437022834156,67.0642,40.074924193660365,2,L,MM,col-0
2346,-37.0604,0.2213748910188208,15.169370629066266,29.092854576736567,0.0564136985758303,0.3148166217696114,79.0604,42.7255298042048,2,L,MM,col-0
2347,-37.0604,0.2400732318785176,18.044554673056084,31.321017612528863,0.0519798849962758,0.3450539480103062,79.0604,44.84007742558342,2,L,MM,col-0
2348,-43.063,0.19407515637994,9.345089469299406,19.800049895462102,0.0735566371074593,0.2528778832398219,91.063,45.8533019374617,2,L,MM,col-0
2349,-37.0604,0.2713681733486185,17.88293763108825,29.165979613255875,0.06327555092015,0.4162749862177659,79.0604,48.23315125944251,2,L,MM,col-0
2350,-43.063,0.146398084345239,7.757211136759772,22.36688214668925,0.0715246428241053,0.2041111962928586,91.063,50.31031644479696,2,L,MM,col-0
2351,-43.063,0.1704585698005059,9.377336598664948,25.26017839321552,0.0808813682970768,0.2790188298879342,91.063,52.08496723778413,2,L,MM,col-0
2352,-43.063,0.1997251587882151,10.80429048222161,24.68981317946766,0.0798879692160965,0.317528821481613,91.063,53.41718299248567,2,L,MM,col-0
2353,-43.063,0.1630404668822188,8.747454592506333,25.49396626263392,0.0878083786130561,0.2825681269387499,91.063,55.51481450923309,2,L,MM,col-0
2354,,,,,,,139.0728,56.18865811363993,2,L,MM,col-0
2355,-50.3738,0.1713054807654205,8.323424664718429,21.551296088830245,0.0865287316379191,0.2649524311944275,104.3738,57.60412618366263,2,L,MM,col-0
2356,-55.0581,0.1958846637318555,7.030885731216007,14.915959737203714,0.1149056933222869,0.2972056801310887,115.0581,58.60955651261415,2,L,MM,col-0
2357,-55.0581,0.1852147716603299,6.427789850745215,15.54917253980516,0.1343844475005532,0.3177724173772416,115.0581,60.2928115575376,2,L,MM,col-0
2358,-55.0581,0.1829096195397335,6.339363419927959,16.593145136099192,0.1454869924415952,0.3392933390142331,115.0581,62.252475949620255,2,L,MM,col-0
2359,-61.069100000000006,0.2022658575944352,5.619814483472912,12.11248963518614,0.162883719014284,0.3367481155393367,127.0691,65.81995854138044,2,L,MM,col-0
2360,-55.0581,0.1783205727567844,6.217561086035263,16.856299055219534,0.1479725911114884,0.3384596161672276,115.0581,67.12113640846836,2,L,MM,col-0
2361,-61.069100000000006,0.1761299080957022,4.756622181268241,11.96108608062438,0.1749358867571445,0.3061139248098387,127.0691,70.39175436704214,2,L,MM,col-0
2362,,,,,,,139.0728,71.50192453141467,2,L,MM,col-0
2363,,,,,,,139.0728,74.44168491102461,2,L,MM,col-0
2364,-61.069100000000006,0.1365564766363572,5.490245532876177,16.449490541200813,0.0898648076331766,0.1815043066930683,127.0691,75.27073469591325,2,L,MM,col-0
2365,-61.069100000000006,0.1150070818899392,3.276816119845229,14.775495504428172,0.1918871459396091,0.2313148277794473,127.0691,76.62154787169912,2,L,MM,col-0
2366,,,,,,,139.0728,78.8920589681738,2,L,MM,col-0
2367,,,,,,,139.0728,80.93433467672493,2,L,MM,col-0
2368,,,,,,,139.0728,81.88473849574083,2,L,MM,col-0
2369,,,,,,,151.0704,84.2821338886099,2,L,MM,col-0
2370,,,,,,,151.0704,85.62631888860989,2,L,MM,col-0
2371,0.0,0.1969108350233881,22.281485816798877,47.28551746616984,0.035556238672214,0.2914509523549904,0.0,6.264684697154958,0,R,MM,col-0
2372,-7.062899999999999,0.3792543949581561,37.45411020629496,36.77427023571634,0.0364957508368098,0.5028602478199405,19.0629,10.863590199122283,1,R,MM,col-0
2373,-13.0512,0.2938116802896352,29.404728276274117,38.463741015684114,0.0330407375064247,0.357414708898995,31.0512,15.196633996596368,1,R,MM,col-0
2374,-7.062899999999999,0.349590126739735,70.0973839663248,73.45971356378811,0.0203143115434609,0.523853002056361,19.0629,16.069353248085093,1,R,MM,col-0
2375,-7.062899999999999,0.3287388676823118,34.244613464249056,43.30694491626016,0.034613720720712,0.4360598206670139,19.0629,16.89018111603306,1,R,MM,col-0
2376,-13.0512,0.2613587267187571,21.870881961594424,29.392495403288336,0.041465888305092,0.3336282276026668,31.0512,19.83359017120494,1,R,MM,col-0
2377,-13.0512,0.2590116812014306,24.670054785267997,38.29655600790861,0.0365531500479748,0.3317419867272779,31.0512,22.04144674102404,1,R,MM,col-0
2378,-13.0512,0.2155302620129952,17.152267552063396,27.933472037002,0.0471774319211646,0.2976880197848343,31.0512,23.22786499564591,1,R,MM,col-0
2379,-25.059800000000003,0.2129262877337115,12.671234579564432,19.007290193647982,0.0668461867892454,0.3116026104019082,55.0598,23.93466736010149,1,R,MM,col-0
2380,-19.0522,0.3173930149036948,31.34381470526936,38.42564390224389,0.0337438283248074,0.3890914810179032,43.0522,24.36379736709237,1,R,MM,col-0
2381,-19.0522,0.3340213393375157,46.14722544352539,53.57670368079483,0.0283154677120773,0.480700808270802,43.0522,26.26173609901098,1,R,MM,col-0
2382,-19.0522,0.2562352857086812,24.070597483494723,37.75106766427778,0.0362292535106418,0.3208128639393164,43.0522,29.008877103473893,1,R,MM,col-0
2383,-25.059800000000003,0.3084277677435226,24.043476615660065,29.651612181935175,0.0455214181811997,0.402641529694444,55.0598,30.63272686095355,1,R,MM,col-0
2384,-31.0642,0.2918932568852614,19.14995674215121,23.02878952966618,0.0509488145033595,0.3589280491774149,67.0642,33.02317908788939,1,R,MM,col-0
2385,-31.0642,0.2183071615632573,14.080952902497067,23.98725030525575,0.0566825408290201,0.2936208377847839,67.0642,34.85517922454068,2,R,MM,col-0
2386,-31.0642,0.2388178559684073,14.787006498023924,21.421494577472032,0.0602586139926864,0.3277969588520885,67.0642,35.74412828224872,2,R,MM,col-0
2387,-31.0642,0.2515465491795772,25.481959928965136,40.5712075129993,0.0357794202809138,0.3354066323566955,67.0642,37.813573321062506,2,R,MM,col-0
2388,-31.0642,0.1640631446839753,9.322288133625888,19.69487048473266,0.0750890984059023,0.2575164222139655,67.0642,38.45524430315743,2,R,MM,col-0
2389,-37.0604,0.1733098713652308,11.313977738402064,26.36978364355585,0.0518648313966165,0.2158707539754781,79.0604,40.2574388057081,2,R,MM,col-0
2390,-37.0604,0.1333576933117812,7.138899823986382,18.39667582236142,0.0708169865531828,0.1859834280415122,79.0604,40.90671578244795,2,R,MM,col-0
2391,-37.0604,0.1853767536439423,14.945978771778234,33.66371226644744,0.0394498017992981,0.2169075678872537,79.0604,42.02362268850592,2,R,MM,col-0
2392,-43.063,0.1239464896149205,5.778986519781386,17.974067922038824,0.0915122024478648,0.1945522273683859,91.063,44.08393374360114,2,R,MM,col-0
2393,-37.0604,0.1789638311083783,13.312094257953367,31.42326878882977,0.0528292383435034,0.2587177654067145,79.0604,45.65980376169573,2,R,MM,col-0
2394,-43.063,0.152968522536679,8.57442461886296,24.153371534980884,0.0667034994927064,0.2104064862688655,91.063,46.98427783726319,2,R,MM,col-0
2395,-43.063,0.2113336732862384,11.703054267456263,23.252836837981047,0.0714276720925397,0.3075184897847535,91.063,48.63585587120709,2,R,MM,col-0
2396,-43.063,0.1911611923337745,9.361853685113571,19.34152228427989,0.0867844840199883,0.2988886704193514,91.063,50.01172564258049,2,R,MM,col-0
2397,-55.0581,0.1621867477815801,5.660512271466508,12.977496956423211,0.1188216275214561,0.2474325044810041,115.0581,52.695689092632925,2,R,MM,col-0
2398,-55.0581,0.1716020139952535,5.44621763659706,8.544055728517934,0.1295608746434267,0.2595818848172838,115.0581,53.76644613212336,2,R,MM,col-0
2399,-55.0581,0.1786401835589508,6.597308067566848,13.08737086944454,0.096785958769205,0.2349008774330217,115.0581,55.32387143132057,2,R,MM,col-0
2400,-55.0581,0.1900310999987894,7.0130878022684335,15.305654841378024,0.1087374820772815,0.2805395309719833,115.0581,57.78873587118333,2,R,MM,col-0
2401,-55.0581,0.1660205189334545,5.973536424200049,16.15275300523023,0.1249029639698395,0.2744794145158021,115.0581,60.22356830556332,2,R,MM,col-0
2402,-55.0581,0.1965374488186051,7.036619961306256,14.85103690482627,0.1142694004148203,0.2958009487858137,115.0581,61.97780277325037,2,R,MM,col-0
2403,-55.0581,0.1571637310947083,5.666482060544058,15.22320104283016,0.1227492682095367,0.2558809461815636,115.0581,64.09284313946513,2,R,MM,col-0
2404,,,,,,,139.0728,65.37015744218,2,R,MM,col-0
2405,-55.0581,0.1528802651039401,5.224313148180809,17.17814413418231,0.1608156676518675,0.30907443008711,115.0581,66.252925235144,2,R,MM,col-0
2406,-61.069100000000006,0.1822281596933999,4.816189330103826,11.818553385139964,0.1914662323087886,0.3392354742125892,127.0691,68.6628396638002,2,R,MM,col-0
2407,-61.069100000000006,0.1397772550401068,3.929400006949789,13.614802169814956,0.1774530586119345,0.2565164665572139,127.0691,70.60201558612178,2,R,MM,col-0
2408,,,,,,,139.0728,73.08991757643975,2,R,MM,col-0
2409,-61.069100000000006,0.1084621481666412,3.773488329338294,16.004294786253325,0.1282258893079684,0.1780017405689444,127.0691,73.82619079529265,2,R,MM,col-0
2410,,,,,,,139.0728,76.77186253223843,2,R,MM,col-0
2411,,,,,,,139.0728,78.82057034103559,2,R,MM,col-0
2412,,,,,,,151.0704,79.84122440498882,2,R,MM,col-0
2413,,,,,,,139.0728,81.44569499285254,2,R,MM,col-0
2414,,,,,,,151.0704,82.88098190993375,2,R,MM,col-0
2415,,,,,,,151.0704,85.80071525602158,2,R,MM,col-0
2416,0.0,0.2366190048657589,33.14842694052744,55.90902663909688,0.0252991441754798,0.3085135704395195,0.0,2.277760784936305,0,L,MM,col-0
2417,0.0,0.1942054476999904,23.071289225790192,46.3394476287481,0.0318871542309942,0.270640722440356,0.0,3.078630079297125,0,L,MM,col-0
2418,-1.0663999999999998,0.2635307472439085,29.222730636899165,45.30735890679573,0.0336427981228609,0.3616749437541829,7.0664,5.657475924920606,0,L,MM,col-0
2419,-13.0514,0.1965579817509234,15.519197060638804,28.16869914171452,0.0534153633308589,0.3049586473773207,31.0514,7.4716820137915665,0,L,MM,col-0
2420,-1.0663999999999998,0.2520668245131668,25.65282335339399,39.92559504043075,0.0383437764802505,0.3618558290946207,7.0664,7.771465935975528,0,L,MM,col-0
2421,-1.0663999999999998,0.3164667744708936,38.2797658827899,50.0429283298419,0.0310395295170886,0.4371091733706163,7.0664,8.595360753258422,0,L,MM,col-0
2422,-1.0663999999999998,0.2416062182449053,27.28766604214009,47.13930075216864,0.0334151624239081,0.3354404916448164,7.0664,10.882447518780534,0,L,MM,col-0
2423,-7.062899999999999,0.2426211166643882,24.066740656208115,39.09733376666512,0.0371525497835457,0.3289360106064987,19.0629,12.653435999142715,0,L,MM,col-0
2424,-7.062899999999999,0.2320064134835142,24.86880811002918,45.58968713427263,0.033354970948581,0.3051553975571736,19.0629,13.294322738356444,0,L,MM,col-0
2425,-7.062899999999999,0.2856548820081396,29.208315082750868,40.972357062592174,0.0359596420043671,0.3863913384293528,19.0629,14.867513664556729,0,L,MM,col-0
2426,-13.0514,0.3227141202068821,86.87047154666121,87.50269116169272,0.0174052868295486,0.5562357289291502,31.0514,16.99289736176686,0,L,MM,col-0
2427,-13.0514,0.3361620372146073,32.497124251659734,40.73929434114775,0.039303135478575,0.469869924359947,31.0514,18.9659504936689,0,L,MM,col-0
2428,-19.0524,0.1738654220578186,12.02939418510816,22.372445879983516,0.065741885048844,0.2909319561514806,43.0524,19.6860133923972,0,L,MM,col-0
2429,-19.0524,0.3005022847211299,23.965583263049112,29.33816736466252,0.0455097132930027,0.4012339014233975,43.0524,21.204426047808404,0,L,MM,col-0
2430,-19.0524,0.3514254512281506,31.83939754306849,36.20145502433592,0.0400534216069543,0.4691481214907299,43.0524,22.3897696479936,0,L,MM,col-0
2431,-19.0524,0.2600410720773262,21.154669983225173,30.17448941787157,0.0488972763012689,0.3805366067646895,43.0524,23.34933351481019,0,L,MM,col-0
2432,-19.0524,0.2397853648503039,20.48180629712487,36.003152374914194,0.042688695587476,0.3216522970303135,43.0524,25.155571381759053,0,L,MM,col-0
2433,-13.0514,0.1753748126962853,15.30345808826522,39.8838546557501,0.0521553229227356,0.2936254769728885,31.0514,25.889355515207036,0,L,MM,col-0
2434,0.0,0.1858150399042007,27.060740213046355,68.02862351593275,0.034607729350702,0.3445230599410153,0.0,26.058690315233488,0,L,MM,col-0
2435,-25.0623,0.2969620904426649,27.173456061855763,37.77098816314123,0.0411362427602635,0.4112207474195295,55.0623,27.982204654088463,2,L,MM,col-0
2436,-31.064300000000003,0.112611961649975,5.871840486087844,12.09349737058454,0.1206447987173587,0.2606083762646833,67.0643,28.738234654088465,2,L,MM,col-0
2437,-31.064300000000003,0.2360041219366495,17.26417599603369,30.843878881168223,0.0492819301501698,0.3129962120296716,67.0643,30.85305921217917,2,L,MM,col-0
2438,-31.064300000000003,0.2207595692496463,14.373004255408024,27.200725653069654,0.0578789005593833,0.3060365835980822,67.0643,32.2785872328438,2,L,MM,col-0
2439,-31.064300000000003,0.1989770887303108,13.461459619111109,29.293468543410597,0.0548048673471772,0.2714043485119381,67.0643,33.572358547112486,2,L,MM,col-0
2440,-43.0641,0.1797019407951134,11.033549658894318,24.156291861650143,0.0493177244820191,0.2001814368322865,91.0641,34.69282728160198,2,L,MM,col-0
2441,-37.0626,0.2288609496255502,14.220917569992684,25.272829439366667,0.0603267515056188,0.3156044202058218,79.0626,35.755105592592095,2,L,MM,col-0
2442,-37.0626,0.1931998334413601,13.966707555918818,29.9695770621422,0.0524461298055395,0.2694716014229369,79.0626,38.82944152752338,2,L,MM,col-0
2443,,,,,,,139.0738,39.588631527523376,2,L,MM,col-0
2444,-50.37479999999999,0.1580455962290966,7.777772998524502,19.080015465858637,0.0715423302223379,0.2047028378106994,104.3748,40.5999712958241,2,L,MM,col-0
2445,-50.37479999999999,0.1764928252633599,6.571203960074844,13.086900633507986,0.1337906564053671,0.3234269831728036,104.3748,40.58720845523119,2,L,MM,col-0
2446,-43.0641,0.1592646696194795,8.440798044716592,22.622454146136707,0.0785954501701044,0.2440542828097829,91.0641,42.74145846333452,2,L,MM,col-0
2447,-50.37479999999999,0.1394862233275774,11.78232536425303,32.67099773312618,0.0390368147260987,0.1692041080772317,104.3748,44.75553329995029,2,L,MM,col-0
2448,-50.37479999999999,0.1897426018038596,8.199985308849488,17.66037880355463,0.0930468442138082,0.2806856697491734,104.3748,46.2207039953506,2,L,MM,col-0
2449,-50.37479999999999,0.1424279666613103,6.152208612382114,19.56966044595617,0.1086266048942721,0.2458514518868768,104.3748,47.393854851729046,2,L,MM,col-0
2450,-55.0572,0.2120731145070454,6.47227506467674,14.002795488730122,0.2189892209232677,0.5214170433601183,115.0572,48.67367645620383,2,L,MM,col-0
2451,-55.0572,0.1010804848515885,3.665159136326445,15.6261342556707,0.1133319372510202,0.1528096096969551,115.0572,50.57088469434116,2,L,MM,col-0
2452,-55.0572,0.1870707504004549,6.38628292554018,14.826253761488246,0.1333794349515494,0.3133592694956688,115.0572,51.8082085599883,2,L,MM,col-0
2453,-55.0572,0.1159876374049309,3.8162447382881615,17.500891536132347,0.1922476415360024,0.2698999208908304,115.0572,54.05372224208869,2,L,MM,col-0
2454,-61.0703,0.1107546433642076,4.178789211950049,15.803097399331666,0.1005622973924686,0.1545934785249188,127.0703,55.657562223551935,2,L,MM,col-0
2455,-61.0703,0.1552916552641254,4.197579961229674,12.23874819328384,0.1793299060440384,0.2769218453284441,127.0703,57.31380408785894,2,L,MM,col-0
2456,-61.0703,0.1701308680283488,4.440350773301224,11.40067652453224,0.188770105116926,0.3083585643903827,127.0703,59.72192767295553,2,L,MM,col-0
2457,-61.0703,0.1691816542254877,4.526424276126867,11.800817703542643,0.175696080950899,0.2925653247983232,127.0703,62.03920188133371,2,L,MM,col-0
2458,-61.0703,0.130675853538242,3.5603502766943858,12.806405213558762,0.1820677925296359,0.2384686932471218,127.0703,63.42501590926097,2,L,MM,col-0
2459,-61.0703,0.1203100714476319,5.045818334635792,17.106035190618105,0.0865272007713729,0.1606163612344819,127.0703,64.37780750049487,2,L,MM,col-0
2460,-61.0703,0.1180338793297949,3.995077331486467,14.85885753406095,0.1204616213135425,0.1770432659282634,127.0703,65.75858740103136,2,L,MM,col-0
2461,,,,,,,139.0738,68.23824149955357,2,L,MM,col-0
2462,,,,,,,139.0738,69.2235486758894,2,L,MM,col-0
2463,,,,,,,139.0738,71.79411850496128,2,L,MM,col-0
2464,,,,,,,139.0738,73.64336160410627,2,L,MM,col-0
2465,,,,,,,151.0716,76.59106957568359,2,L,MM,col-0
2466,,,,,,,151.0716,77.29235645136288,2,L,MM,col-0
2467,-7.062899999999999,0.1647098967518881,14.966243909744424,33.78664887734058,0.0395530214149255,0.2177699750134791,19.0629,3.818601918815411,1,R,MM,col-0
2468,-7.062899999999999,0.1866679296813933,15.350328272907422,29.572994438193465,0.051240478084164,0.2893585761482743,19.0629,4.817290113711594,1,R,MM,col-0
2469,-13.0514,0.1595686029448728,11.73844297646126,17.43333798665663,0.0833257765152393,0.3598283540187485,31.0514,7.214566621277689,1,R,MM,col-0
2470,-13.0514,0.320372764293722,31.355837841132555,39.85739638747846,0.0364413364737395,0.4203569421028278,31.0514,8.574276256715299,1,R,MM,col-0
2471,-13.0514,0.3021214009611433,31.650900949210484,43.52593768064806,0.0349943865890945,0.4074646904208959,31.0514,9.901403029157166,1,R,MM,col-0
2472,-19.0524,0.1858883907653657,12.28275657200574,15.56914911500061,0.1112419220464803,0.5026548148149619,43.0524,11.290686922931645,1,R,MM,col-0
2473,-25.0623,0.4414617197524011,22.798943648427908,20.51466913308471,0.0622259009347819,0.5219049746909363,55.0623,12.358962605445084,1,R,MM,col-0
2474,-25.0623,0.297767678141813,21.569868122427167,27.797387518017334,0.0498342911489425,0.395440633419047,55.0623,14.7275414477364,1,R,MM,col-0
2475,-19.0524,0.2657748164272324,22.59021164689289,36.13006781033283,0.0468485247243312,0.3893334671141445,43.0524,15.23036946614826,1,R,MM,col-0
2476,-31.064300000000003,0.214112031448115,11.86173808058892,14.280756246532713,0.0692574540273514,0.3022180302277837,67.0643,16.32567154271154,1,R,MM,col-0
2477,-31.064300000000003,0.2863298626999622,19.178017847754223,23.04015811463201,0.0481421356187046,0.3396523224554355,67.0643,17.19850106833496,1,R,MM,col-0
2478,-31.064300000000003,0.2956405204921466,20.848230088495093,28.468004642053984,0.0521489288331105,0.3999632620130379,67.0643,19.3044854580456,2,R,MM,col-0
2479,-43.0641,0.2433087478096378,10.60005965829795,8.94624285277135,0.1008572248407023,0.3932971883521984,91.0641,19.58987124956297,2,R,MM,col-0
2480,-31.064300000000003,0.2546566778635052,17.91700249637751,28.417409499515276,0.0541945019692501,0.3572120509753907,67.0643,20.152661220801114,2,R,MM,col-0
2481,-43.0641,0.1923807334924108,10.50618855033444,20.72098031527829,0.0649759100557789,0.2511325923340953,91.0641,22.71130692107085,2,R,MM,col-0
2482,-50.37479999999999,0.1832839262860095,7.985561874141337,15.813847880851869,0.0850007273793818,0.2497086802143187,104.3748,24.326793288024916,2,R,MM,col-0
2483,-43.0641,0.1680574151890554,8.781423581858032,21.67166751536917,0.0769102483952912,0.2484589573730231,91.0641,25.843461608700427,2,R,MM,col-0
2484,-55.0572,0.2242167512783434,7.382521423408316,10.60545311243738,0.1105459487866208,0.3002292943446804,115.0572,27.77786664502548,2,R,MM,col-0
2485,-50.37479999999999,0.2042069408123939,9.08402379335108,18.42429359529829,0.0855382540979025,0.2858539270402088,104.3748,28.96286664502548,2,R,MM,col-0
2486,-55.0572,0.0910135812916943,3.0188859719677037,17.16149334652336,0.1718485200391239,0.1908525749677755,115.0572,30.407120133869217,2,R,MM,col-0
2487,-50.37479999999999,0.1637424750462713,7.396803163362411,19.643193745681465,0.0958592171330585,0.2608455654243926,104.3748,31.28505397358265,2,R,MM,col-0
2488,,,,,,,139.0738,32.62111194925929,2,R,MM,col-0
2489,-55.0572,0.168502195313071,5.787804847996159,15.790756990917355,0.1418995988575792,0.3021346710992741,115.0572,34.797906744127474,2,R,MM,col-0
2490,-61.0703,0.2205338790517375,5.815354818180714,11.230287637516438,0.177210315600289,0.3791147966587646,127.0703,37.294559983877264,2,R,MM,col-0
2491,-55.0572,0.1049652908045901,3.5453515070674757,17.67849665456959,0.1690848107924057,0.2205308818566847,115.0572,40.30299357826666,2,R,MM,col-0
2492,,,,,,,151.0716,41.40422475626767,2,R,MM,col-0
2493,,,,,,,139.0738,43.572845141151454,2,R,MM,col-0
2494,,,,,,,139.0738,45.048548744171256,2,R,MM,col-0
2495,,,,,,,139.0738,47.4110445253648,2,R,MM,col-0
2496,,,,,,,139.0738,49.73402497618273,2,R,MM,col-0
2497,,,,,,,163.0635,50.92928966212765,2,R,MM,col-0
2498,,,,,,,151.0716,52.21044900541647,2,R,MM,col-0
2499,,,,,,,139.0738,53.29502003513283,2,R,MM,col-0
2500,,,,,,,151.0716,54.70857687102448,2,R,MM,col-0
2501,,,,,,,151.0716,57.23343408364388,2,R,MM,col-0
2502,,,,,,,163.0635,60.28550472797502,2,R,MM,col-0
2503,,,,,,,163.0635,61.9165055986063,2,R,MM,col-0
2504,,,,,,,163.0635,63.60242769626382,2,R,MM,col-0
2505,0.0,0.1747820200886241,25.56487279997759,61.17333507907553,0.0263684821724257,0.2479900669639848,0.0,1.9008940887739585,0,L,MM,col-0
2506,0.0,0.1866729695320801,22.72051963589632,51.70428299447544,0.0312445202263352,0.2611545748804997,0.0,3.00806565585995,0,L,MM,col-0
2507,-19.0525,0.0291653271687792,1.977782459195389,10.123571478575666,0.0888380962287722,0.0646373111831384,43.0525,2.868145861245321,1,L,MM,col-0
2508,-1.0656999999999996,0.2130401820654826,19.691315809106747,35.43636596969758,0.04798117848087,0.3475771086236224,7.0657,3.9935394281836993,1,L,MM,col-0
2509,-25.061300000000003,0.0553857169470257,3.5764153358559674,17.679590917803633,0.0583436044276854,0.076762077956639,55.0613,5.640608680273422,1,L,MM,col-0
2510,-7.062999999999999,0.2687125374049091,26.91917837594081,38.97317490092078,0.0372604076476245,0.3689902751530631,19.063,7.043779670962308,1,L,MM,col-0
2511,-7.062999999999999,0.1750504291984166,19.173591628959585,43.61945372651826,0.0340808985551436,0.240392009541835,19.063,9.351014438763713,1,L,MM,col-0
2512,-19.0525,0.2208555975592392,17.03014952555229,27.80957061107529,0.0432836368445343,0.2711737980053347,43.0525,10.848521068331674,1,L,MM,col-0
2513,-25.061300000000003,0.3022230547298904,22.822114370737737,27.81407608427616,0.0473000342059511,0.3971209971999003,55.0613,12.063836202151188,1,L,MM,col-0
2514,-7.062999999999999,0.2620643466958415,26.95651814643326,42.84558970942692,0.0377353325286635,0.3742118147650853,19.063,13.33356021038757,1,L,MM,col-0
2515,-7.062999999999999,0.259999390765852,31.28828332931388,50.27602056536803,0.0311771736684982,0.358859126722774,19.063,14.748754294141364,1,L,MM,col-0
2516,-13.0505,0.2923010072217518,27.024504176204847,37.134862888414666,0.0394825688221093,0.3925262034456724,31.0505,16.57226870318781,1,L,MM,col-0
2517,-25.061300000000003,0.1276753812616193,8.552891702654755,21.348099587322125,0.0565355494492038,0.1778853195892628,55.0613,17.43843804748487,1,L,MM,col-0
2518,-13.0505,0.2919553744994625,27.179380399224254,38.12704394680394,0.0413444700088646,0.4133924106067657,31.0505,18.30460739178193,1,L,MM,col-0
2519,-19.0525,0.3005635762159463,26.67634409060339,34.4529624740241,0.0392989566193826,0.3856673278703569,43.0525,20.04275379106024,1,L,MM,col-0
2520,-25.061300000000003,0.2211512591416616,16.06337620396373,25.82697205511324,0.045334395871432,0.2678984379905351,55.0613,20.56229871591657,1,L,MM,col-0
2521,-19.0525,0.2453299472758814,20.173268947462844,33.15285873423964,0.0466048498927754,0.345870012925063,43.0525,23.10157967314265,1,L,MM,col-0
2522,-25.061300000000003,0.2777657372708564,24.51082964747729,34.67340809233472,0.0386372811674095,0.3483935355124365,55.0613,24.265747914670243,1,L,MM,col-0
2523,-25.061300000000003,0.2575744956474187,21.467722889272583,33.4308483843828,0.0416806282931106,0.3291741749068445,55.0613,24.945717330190032,2,L,MM,col-0
2524,-37.062,0.1751420137332205,12.588321873233058,28.45742507441445,0.0505756190701325,0.2342149239741512,79.062,27.114931724169026,2,L,MM,col-0
2525,-50.3762,0.1058210807953259,4.444067851785421,15.117201803523606,0.0820939537994034,0.1342138615232195,104.3762,29.34341389004777,2,L,MM,col-0
2526,-43.064400000000006,0.0880506578649896,4.205199014971543,19.544877085792653,0.086340658538653,0.1335695395663086,91.0644,30.29043526390276,2,L,MM,col-0
2527,-50.3762,0.0788369407327191,3.445488601585756,16.875492289584034,0.0922854224344186,0.1169740266668992,104.3762,31.11817838970798,2,L,MM,col-0
2528,-43.064400000000006,0.1344399350648399,6.690701103389652,21.08576288840877,0.0931241404485575,0.2292130943628403,91.0644,32.999059472776686,2,L,MM,col-0
2529,-61.0714,0.1508370781711383,4.523716334063254,11.180089839320168,0.1142659013877917,0.1901592833835929,127.0714,34.45446729982487,2,L,MM,col-0
2530,-50.3762,0.1432211281801416,5.926228670537183,16.447155541855697,0.1030087169879857,0.2245731864659186,104.3762,35.91676381076475,2,L,MM,col-0
2531,-55.0564,0.1413498868432907,4.754249994553708,14.802747808385288,0.1417456840804523,0.2479119018168632,115.0564,40.082325144994,2,L,MM,col-0
2532,-55.0564,0.1211683810231055,4.473125547609223,16.443260664654446,0.1191838497774135,0.1961254781311579,115.0564,41.43608559978621,2,L,MM,col-0
2533,-55.0564,0.1607233301884692,5.259597058557641,14.98258888843432,0.1561697696068025,0.302172516572793,115.0564,43.22063759239519,2,L,MM,col-0
2534,-55.0564,0.1335386824680091,4.746819282388733,18.42382530276328,0.155625015366754,0.2717613074666812,115.0564,47.11782482135028,2,L,MM,col-0
2535,-61.0714,0.139055310623674,4.440608940484375,14.357486790894134,0.1240116881932422,0.2025865771348841,127.0714,49.38161337211192,2,L,MM,col-0
2536,,,,,,,139.0742,51.8113230881983,2,L,MM,col-0
2537,,,,,,,151.0709,51.706279820922376,2,L,MM,col-0
2538,,,,,,,139.0742,54.02812761689768,2,L,MM,col-0
2539,,,,,,,139.0742,55.62787761689768,2,L,MM,col-0
2540,,,,,,,151.0709,57.83592761689768,2,L,MM,col-0
2541,,,,,,,139.0742,58.82596755278434,2,L,MM,col-0
2542,,,,,,,151.0709,60.88233859855754,2,L,MM,col-0
2543,,,,,,,151.0709,62.17326434963698,2,L,MM,col-0
2544,,,,,,,151.0709,64.09098374673204,2,L,MM,col-0
2545,0.0,0.2015251126762932,26.599071362821533,51.69656227134157,0.0232309026394244,0.2273202250993599,0.0,1.74719527732797,0,R,MM,col-0
2546,0.0,0.0216956905019513,1.9526121494542417,-0.0974921084987378,2.824929631465825,2.029220024945096,0.0,2.432390357163677,0,R,MM,col-0
2547,0.0,0.1549463454962493,17.157330282882384,44.53926455787632,0.0356663008800854,0.2251195949447167,0.0,4.086626211810771,0,R,MM,col-0
2548,-1.0656999999999996,0.1845118987276243,14.238284068177656,29.894215833462173,0.0438671996107027,0.2297751626757224,7.0657,5.546246083558206,1,R,MM,col-0
2549,-7.062999999999999,0.2351070504963313,14.85167082328311,26.088176076568548,0.0562592173645094,0.3073792306321987,19.063,6.762595976681069,1,R,MM,col-0
2550,-1.0656999999999996,0.2065352521344688,23.067057479240088,42.32082852364464,0.0275853837775705,0.2340867037855427,7.0657,7.76686800887342,1,R,MM,col-0
2551,-1.0656999999999996,0.2132377476665213,28.36024316342021,54.09527007732594,0.0254228490034978,0.2652404074138395,7.0657,8.699025495192124,1,R,MM,col-0
2552,-13.0505,0.2228731897784749,20.97105031608077,37.30708184677604,0.0358956561072458,0.2769284635877946,31.0505,10.6229815326279,1,R,MM,col-0
2553,-7.062999999999999,0.200474434689911,19.86348608454676,38.48334214415796,0.0369196507856206,0.2697854806476151,19.063,10.77373704861322,1,R,MM,col-0
2554,-13.0505,0.1515811550414663,12.49539520075617,28.48794773645227,0.0450794364195649,0.2072211084194838,31.0505,11.978405327593624,1,R,MM,col-0
2555,-7.062999999999999,0.1461455008227346,14.34172390908969,37.80339292509924,0.0355693759772331,0.1876649303038853,19.063,15.446946886718084,1,R,MM,col-0
2556,-7.062999999999999,0.204344330792191,19.82851821568904,37.71381793928181,0.0384208289651047,0.2802608982705528,19.063,16.193192110220387,1,R,MM,col-0
2557,-13.0505,0.1815017084117952,15.411791091897644,31.729327752432344,0.0416872280220901,0.2363532885922148,31.0505,17.72449479282441,1,R,MM,col-0
2558,-13.0505,0.2658502047598104,27.481107674696315,42.40409010130572,0.0354992159497466,0.3588876494220296,31.0505,19.2620468030543,1,R,MM,col-0
2559,-13.0505,0.1800668377985061,18.327939481455005,40.05949131793548,0.0338675081639002,0.2283507300519775,31.0505,20.264678501735325,1,R,MM,col-0
2560,-13.0505,0.3070306238805591,31.91643544000076,42.774007100960944,0.0356533538665843,0.4186203045573884,31.0505,20.925559186049824,1,R,MM,col-0
2561,-13.0505,0.3357398794696251,35.71504582224746,44.08245801275866,0.0343514744604057,0.4513382209197373,31.0505,21.535602894647823,1,R,MM,col-0
2562,-19.0525,0.3828565564619322,37.02054359541001,38.46609169365944,0.0360969121349076,0.4916073437858271,43.0525,22.95903821470982,1,R,MM,col-0
2563,-19.0525,0.1764115842801645,13.686317079865692,31.66267943768569,0.0534591067967564,0.2691620415391508,43.0525,24.38247353477182,1,R,MM,col-0
2564,-19.0525,0.2425165514759473,21.735690526679004,37.87893080561817,0.042404891878258,0.3390743362345175,43.0525,25.552251182214224,1,R,MM,col-0
2565,-31.0646,0.2017403251490975,15.057399294627857,29.156371711215066,0.0449599851870115,0.2490471893509133,67.0646,26.66566154931297,2,R,MM,col-0
2566,-37.062,0.1224830869483839,8.606428594524207,30.306659390439982,0.0540098936127507,0.1710022441048708,79.062,28.24896292031292,2,R,MM,col-0
2567,-43.064400000000006,0.1533691150626251,8.193409521736047,20.86994676039187,0.0683501730563689,0.206020197342756,91.0644,29.210268065529217,2,R,MM,col-0
2568,-50.3762,0.1035137312745506,5.809429288037901,23.332524387112617,0.0637078999076524,0.1361545869630122,104.3762,31.50563033821229,2,R,MM,col-0
2569,-43.064400000000006,0.1275182471926519,6.472118020597377,21.171312242766856,0.0792401518509549,0.188667565437895,91.0644,32.253769931603784,2,R,MM,col-0
2570,-43.064400000000006,0.1275599329926838,7.112268580467376,23.0477869173006,0.0698714088509277,0.182815564096661,91.0644,32.52393145143961,2,R,MM,col-0
2571,-55.0564,0.1193073682889288,4.048622864234264,10.842844870269252,0.1099802925242941,0.163805210433771,115.0564,34.23054750597134,2,R,MM,col-0
2572,-50.3762,0.1721004904699449,7.580185495377988,17.924069253521395,0.0908809963673559,0.2534302379013643,104.3762,35.48106604545744,2,R,MM,col-0
2573,-50.3762,0.1475605828363361,5.996447566398012,17.257042043429028,0.1262417299542181,0.2784854412211481,104.3762,37.57261834363477,2,R,MM,col-0
2574,-55.0564,0.139872717306055,5.377386701554998,15.8158462501577,0.1008435744854975,0.199491785839952,115.0564,39.48651225886096,2,R,MM,col-0
2575,-50.3762,0.1496023236081549,6.571909521897127,19.892461040331877,0.1024716424733684,0.2477426570875207,104.3762,40.89395148777471,2,R,MM,col-0
2576,-55.0564,0.14270801675664,4.829841732383009,16.18279103166135,0.152488994987798,0.2709423666120449,115.0564,42.7117414877747,2,R,MM,col-0
2577,-55.0564,0.1371503622383316,5.581509364332693,17.614687149124048,0.0994035827205772,0.2041076175378188,115.0564,45.3479008138386,2,R,MM,col-0
2578,-55.0564,0.1570566001108509,5.244359422003072,15.920800169362128,0.1572220790112192,0.3033273013772867,115.0564,46.57845939647496,2,R,MM,col-0
2579,-61.0714,0.1575415938395301,4.137922974296025,11.166227960403534,0.1807261854097036,0.2751116631227418,127.0714,49.4307795508055,2,R,MM,col-0
2580,,,,,,,151.0709,51.15639079073116,2,R,MM,col-0
2581,,,,,,,139.0742,54.63798563086311,2,R,MM,col-0
2582,,,,,,,151.0709,55.044054852548285,2,R,MM,col-0
2583,,,,,,,151.0709,56.60963125042692,2,R,MM,col-0
2584,,,,,,,139.0742,59.04107033341543,2,R,MM,col-0
2585,,,,,,,139.0742,60.12923045398594,2,R,MM,col-0
2586,,,,,,,151.0709,62.96255256493916,2,R,MM,col-0
2587,,,,,,,151.0709,64.42465641613366,2,R,MM,col-0
2588,,,,,,,163.0629,65.83785137791352,2,R,MM,col-0
2589,,,,,,,163.0629,67.1325040997575,2,R,MM,col-0
2590,,,,,,,163.0629,69.56560828992436,2,R,MM,col-0
2591,,,,,,,163.0629,73.20946992775322,2,R,MM,col-0
2592,0.0,0.1870871475272134,21.09986359778088,44.97260137478868,0.0332052413117781,0.2577459243095087,0.0,3.522729314304063,0,L,MM,col-0
2593,-1.0659999999999998,0.0679311588085612,5.94184277004773,21.246729831736168,0.0643510937528754,0.1406638845012415,7.066,4.283915385197335,1,L,MM,col-0
2594,-1.0659999999999998,0.1218481849179334,11.291162007483631,28.128663615327632,0.0445712669286752,0.1851395210392004,7.066,5.284698223629331,1,L,MM,col-0
2595,-1.0659999999999998,0.2251251180449724,24.51858332474656,43.86017202329588,0.0322683122699774,0.2910563926290482,7.066,5.991133168404858,1,L,MM,col-0
2596,-7.063300000000002,0.3230999731959518,40.09541491257627,48.58485742620099,0.0273725215578162,0.4037523253011051,19.0633,7.696145029782195,1,L,MM,col-0
2597,-1.0659999999999998,0.2265103343235959,23.524379387541813,41.86919770174734,0.0391684912624356,0.3389694323996891,7.066,8.59136531048817,1,L,MM,col-0
2598,-7.063300000000002,0.1856103865296171,9.76123370108152,16.548988350953515,0.0921470624338697,0.3308961572226116,19.0633,10.93401944511396,1,L,MM,col-0
2599,-7.063300000000002,0.2276760268229141,20.89386021925128,34.97320294914105,0.0436583494578181,0.3355764812260046,19.0633,12.257693618919584,1,L,MM,col-0
2600,-7.063300000000002,0.1172848761154857,9.142281572003998,19.984995713971237,0.0830548951593533,0.2793349937193681,19.0633,14.022592517327082,1,L,MM,col-0
2601,-13.0516,0.1660778500031183,12.978088187748035,26.19081319142172,0.0504286140601519,0.2407649543938461,31.0516,14.574123423079424,1,L,MM,col-0
2602,-13.0516,0.2586060646882817,23.87211507892656,33.72998747079107,0.0353209876065182,0.3101910449521462,31.0516,16.837889464052108,1,L,MM,col-0
2603,-13.0516,0.2370252883674298,20.97275300174247,33.28088320451637,0.0408443112997125,0.3151320232680786,31.0516,19.08942134101943,1,L,MM,col-0
2604,-19.0535,0.2529014147941419,10.902606567775164,15.673532036133158,0.0810283834475583,0.3249922713320542,43.0535,18.94321797238519,1,L,MM,col-0
2605,-19.0535,0.3078005332600815,29.78446616681933,37.64366495620658,0.0342386987768788,0.3751565987894513,43.0535,20.270064040356296,1,L,MM,col-0
2606,-19.0535,0.174271970831359,8.57321914151618,14.599295105571429,0.078662415980881,0.2480942643050002,43.0535,22.570437963048,1,L,MM,col-0
2607,-13.0516,0.1904641250411167,16.148316610408525,33.39050104321181,0.0428005534728159,0.2542624099325117,31.0516,23.87212902864429,1,L,MM,col-0
2608,-19.0535,0.2831388420185528,25.135518501454676,35.42725319971093,0.0403447286460122,0.3730612708001954,43.0535,25.4012027817266,1,L,MM,col-0
2609,-25.0632,0.3222644418631368,28.356314668862705,36.02797297474121,0.0401595873873032,0.4189329763395497,55.0632,26.670415652825213,1,L,MM,col-0
2610,-25.0632,0.1466095820986162,9.775064933490407,23.6000092974318,0.0527976988791992,0.189862923512834,55.0632,27.862272605458276,1,L,MM,col-0
2611,-25.0632,0.1980251886421888,13.523240617580198,24.16985133217408,0.058781080908207,0.2924313044220868,55.0632,28.026539423775304,1,L,MM,col-0
2612,-25.0632,0.2876231887256111,27.05785937168564,38.49591989491864,0.0375269795057799,0.3735446867505782,55.0632,29.58707419778709,1,L,MM,col-0
2613,-25.0632,0.3269419286048958,27.767580228309782,35.27453141114701,0.0435010717622185,0.4443687507044173,55.0632,30.793968937512325,2,L,MM,col-0
2614,-25.0632,0.2793371268758922,23.483456360217797,35.671414134471014,0.0463680707132376,0.4005775095509798,55.0632,32.246871804872924,2,L,MM,col-0
2615,-31.0658,0.1315912293692824,9.177409912098708,28.19329438009055,0.0556598771735337,0.1879177880419256,67.0658,33.67070055613526,2,L,MM,col-0
2616,-37.0641,0.1386107670362603,5.37141467656285,14.541113386791274,0.0955433712459095,0.1887968573330379,79.0641,34.76761546541407,2,L,MM,col-0
2617,-37.0641,0.1800529664004972,11.432288917878145,25.7761938611552,0.0564597672007821,0.2374530720537488,79.0641,35.40277546541407,2,L,MM,col-0
2618,-55.0596,0.2394742426684204,7.1805942347260645,13.126103169674735,0.2684955641722515,0.709256001331445,115.0596,35.55919546541407,2,L,MM,col-0
2619,-37.0641,0.1871136752607587,10.823332543390334,23.3077578176117,0.0674805511348132,0.2686860639308224,79.0641,36.63087401617573,2,L,MM,col-0
2620,-43.06570000000001,0.1992103832163697,10.542074404341992,20.36758424599488,0.0687015391651708,0.2664391638826563,91.0657,39.20740712038187,2,L,MM,col-0
2621,-43.06570000000001,0.1560714196348234,8.41480951599821,23.409230641782585,0.0738038411212235,0.2284697848773662,91.0657,40.38348070209515,2,L,MM,col-0
2622,-43.06570000000001,0.1548799809812469,8.256298693261034,23.34824108751693,0.0772569386971725,0.2346542420041873,91.0657,42.90073581714043,2,L,MM,col-0
2623,-43.06570000000001,0.2129274156527667,10.727773690284144,22.19617605571913,0.0873347831282069,0.3446691137322465,91.0657,44.19857863196817,2,L,MM,col-0
2624,-50.3783,0.1502500022928836,6.580955195274496,20.99751265765121,0.1112473464892729,0.2693296166623413,104.3783,46.71944811355535,2,L,MM,col-0
2625,-61.072500000000005,0.1050390669157886,3.9166116030151943,15.20061566543516,0.0957829645004755,0.1380080116072508,127.0725,47.35599891671248,2,L,MM,col-0
2626,-55.0596,0.1450684660224709,5.44589258828064,14.812791559207046,0.101919402262183,0.2041885839689629,115.0596,48.07934670238879,2,L,MM,col-0
2627,-61.072500000000005,0.1339949988779736,3.4242639124617225,9.977663544026829,0.1841455071525725,0.2319710959264195,127.0725,49.89372377446124,2,L,MM,col-0
2628,-55.0596,0.1213527781696173,4.13952706250577,15.580286466025488,0.1456843475385885,0.2218549573873109,115.0596,50.5421192277522,2,L,MM,col-0
2629,-55.0596,0.1288600029559291,4.450108468940647,15.520068568787911,0.1361464136660156,0.2228857589849282,115.0596,51.99972322913951,2,L,MM,col-0
2630,-55.0596,0.1214643850396333,4.008254542374943,16.48352692257651,0.1722650331306918,0.2540141696528539,115.0596,53.17753481381824,2,L,MM,col-0
2631,-55.0596,0.1378890628869007,4.907035950171927,16.64426120375244,0.1363906491038211,0.2462120783109294,115.0596,53.852526487835945,2,L,MM,col-0
2632,-55.0596,0.2263750514244631,6.843689687492786,14.988268963551745,0.2572194753475223,0.6475893163204676,115.0596,55.91889431948768,2,L,MM,col-0
2633,-55.0596,0.0844180446133885,10.180777495728542,38.22973188502117,0.0409220196257133,0.1532651883713615,115.0596,57.56984557355305,2,L,MM,col-0
2634,-55.0596,0.1308391361105336,4.44934800015214,17.18515787255818,0.157901694721016,0.2584572292218344,115.0596,60.241431791094215,2,L,MM,col-0
2635,-61.072500000000005,0.1321388095695403,3.438335993474196,11.969811640446274,0.203899105448443,0.2579105764386471,127.0725,63.03291240200738,2,L,MM,col-0
2636,,,,,,,139.0771,64.45845031548211,2,L,MM,col-0
2637,,,,,,,139.0771,65.20595905592708,2,L,MM,col-0
2638,,,,,,,139.0771,67.32285879515965,2,L,MM,col-0
2639,,,,,,,151.0712,69.14803757536417,2,L,MM,col-0
2640,,,,,,,139.0771,70.34407506560774,2,L,MM,col-0
2641,,,,,,,151.0712,72.10060946049191,2,L,MM,col-0
2642,,,,,,,151.0712,73.23913269442235,2,L,MM,col-0
2643,,,,,,,151.0712,74.98232963928692,2,L,MM,col-0
2644,,,,,,,151.0712,76.55635582108951,2,L,MM,col-0
2645,,,,,,,151.0712,79.95839395302744,2,L,MM,col-0
2646,,,,,,,163.0641,81.80074187777481,2,L,MM,col-0
2647,-7.063300000000002,0.1375896595090015,12.204640347958716,29.708181748763263,0.0393691054636113,0.1767608376636255,19.0633,7.7414736719756,1,R,MM,col-0
2648,-7.063300000000002,0.1645602412702398,15.71316565654511,36.67163845001375,0.0358444045445468,0.2072003942240121,19.0633,9.65829412223493,1,R,MM,col-0
2649,-25.0632,0.1243192089102061,7.350304955956392,12.85952885455474,0.1236102076512059,0.3342452251981962,55.0632,9.80637645609012,1,R,MM,col-0
2650,-13.0516,0.1467036029232487,11.694653232456997,25.628805986365915,0.0502118369921622,0.2160224946656378,31.0516,11.640819139798529,1,R,MM,col-0
2651,-7.063300000000002,0.2475451225824651,29.00139044992024,49.45490548885172,0.032711571185137,0.3490002538509093,19.0633,11.98400675830073,1,R,MM,col-0
2652,-13.0516,0.1604972210486562,11.821300575868651,20.74305883219061,0.0716762984868725,0.3117068508894552,31.0516,14.206487074672822,1,R,MM,col-0
2653,-13.0516,0.1346605394556681,9.820929914446948,15.708424569037728,0.1278874181531289,0.4620467817104319,31.0516,16.240441965663805,1,R,MM,col-0
2654,-13.0516,0.3815812568244838,38.99032627299347,41.70173664800859,0.0352609348930332,0.5057736625306138,31.0516,18.910396027193972,1,R,MM,col-0
2655,-31.0658,0.255803809121623,18.054863423467733,26.24422930929836,0.0471852389020521,0.3134049733405278,67.0658,22.528364772436436,1,R,MM,col-0
2656,-19.0535,0.1920115379196256,14.094523529005176,26.82633003384717,0.0547081318058409,0.2836663376447829,43.0535,24.14737691138008,1,R,MM,col-0
2657,-43.06570000000001,0.1264387767494389,6.297559402912127,21.907175517359292,0.0888273388362491,0.2057900829366893,91.0657,25.42556726592875,1,R,MM,col-0
2658,-19.0535,0.2920397793761761,27.87494845065793,40.49823619359009,0.0404467515579026,0.4147660860140619,43.0535,25.50456726592875,1,R,MM,col-0
2659,-31.0658,0.3474361421210288,23.312052130915674,24.92053675805596,0.0534945215112984,0.458770338356242,67.0658,26.768567265928755,2,R,MM,col-0
2660,-37.0641,0.2024031441548706,10.939026647191648,16.676091498351546,0.0652702300096581,0.2626632668727845,79.0641,27.400567265928757,2,R,MM,col-0
2661,-31.0658,0.2385727836799075,13.653431797349295,24.201432098906466,0.0657601457481061,0.3303011687586844,67.0658,29.28720924256786,2,R,MM,col-0
2662,-37.0641,0.2656408512000672,16.136641952011534,24.02235584644506,0.0625473220690132,0.371302096316104,79.0641,31.11862581877517,2,R,MM,col-0
2663,-43.06570000000001,0.2294771479000089,12.883039144831182,23.097851026695444,0.0671238780791472,0.3181272595773298,91.0657,34.29601731175279,2,R,MM,col-0
2664,-43.06570000000001,0.1127236342107334,5.425563373036304,20.20253921769954,0.0950151011897416,0.1896456973310365,91.0657,36.06821314406434,2,R,MM,col-0
2665,-50.3783,0.1193044040996753,4.740193362306803,13.566388632126186,0.1061123995926709,0.1850408912503254,104.3783,36.78468834556325,2,R,MM,col-0
2666,-50.3783,0.139452399671465,5.98538660986726,16.180648599900504,0.0875071691468172,0.1926820953571482,104.3783,38.1378241828768,2,R,MM,col-0
2667,-55.0596,0.1618518985777725,6.217365743010004,13.874570548876004,0.0838687192043995,0.1918279761253296,115.0596,39.8042149323003,2,R,MM,col-0
2668,-50.3783,0.1896551235524186,8.075566753879917,17.69828789338414,0.0996599204955368,0.2960731783666113,104.3783,41.31077081958235,2,R,MM,col-0
2669,-50.3783,0.1695273491967283,7.3560535139411485,18.47565103689851,0.0958671836315346,0.2594301023688047,104.3783,43.04478545733925,2,R,MM,col-0
2670,-55.0596,0.1251178814385304,4.305139464719073,16.059952224450747,0.1419165615025086,0.2247635190822107,115.0596,44.14085601004104,2,R,MM,col-0
2671,-55.0596,0.1437367529649632,4.862029247884929,14.355223350908442,0.1345581007925909,0.2406760824959405,115.0596,46.09995167550599,2,R,MM,col-0
2672,-55.0596,0.1375393392877908,4.5089695028904,16.268849854170767,0.1801800566487383,0.2988749628359097,115.0596,47.847753028265565,2,R,MM,col-0
2673,-55.0596,0.1287966623022295,4.517876190171919,14.337532906127146,0.1184568052736738,0.1968792104287231,115.0596,49.12041640165019,2,R,MM,col-0
2674,-61.072500000000005,0.0774358363726291,2.544446706064708,15.30717444728674,0.1346229635248128,0.1260137755089069,127.0725,51.99284957838555,2,R,MM,col-0
2675,-61.072500000000005,0.1086939250164483,2.9179530087805827,12.159655980639537,0.1815294898952612,0.1948637244588277,127.0725,53.01668957838555,2,R,MM,col-0
2676,-61.072500000000005,0.0743941883855922,2.4140159977123234,15.288897738393429,0.1428431420822577,0.1268542601211962,127.0725,54.538334131556645,2,R,MM,col-0
2677,-61.072500000000005,0.0870905245649816,3.4887786474600007,17.31617975321698,0.1035370451083141,0.1328846142490524,127.0725,55.33071164821736,2,R,MM,col-0
2678,-61.072500000000005,0.111072544417918,7.926262206632347,25.46077488299844,0.0626585725686307,0.1827066901130744,127.0725,57.93572366374943,2,R,MM,col-0
2679,-61.072500000000005,0.0801700252187742,2.3303347263804985,15.367734145404548,0.1928181965971578,0.1652996148906083,127.0725,59.43042787795336,2,R,MM,col-0
2680,,,,,,,139.0771,61.72326807701447,2,R,MM,col-0
2681,,,,,,,151.0712,62.90619188947129,2,R,MM,col-0
2682,,,,,,,163.0641,66.79960267000126,2,R,MM,col-0
2683,-1.0655,0.1298051318538836,14.68417331516801,45.439964321522986,0.030920123472468,0.1670306762317951,7.0655,0.4147378285941761,1,L,MM,col-0
2684,-1.0655,0.1939145513410919,21.87733162076474,47.87789226860492,0.0346052368853735,0.2785105779799178,7.0655,0.6399687949734857,1,L,MM,col-0
2685,-13.052600000000002,0.26731665772341,23.683920928309902,33.86144607441097,0.0374231687511006,0.3260616174189389,31.0526,2.543944615601414,1,L,MM,col-0
2686,-7.064499999999999,0.3100324414396913,243.28247506522365,151.3860811928876,0.0114030289493855,1.0205553658943254,19.0645,3.427107992828025,1,L,MM,col-0
2687,-19.053600000000003,0.1855235664879559,12.64349380996992,15.14813813381351,0.0760509270798425,0.3537342654133666,43.0536,4.931745103110995,1,L,MM,col-0
2688,-13.052600000000002,0.2555262439461248,25.086368045584734,38.962543785696965,0.0320555135176365,0.2958326107228959,31.0526,6.600203062714232,1,L,MM,col-0
2689,-13.052600000000002,0.2082004665808475,15.379727507842238,19.106415746210164,0.0922862488856725,0.5221450350448593,31.0526,8.076507885515888,1,L,MM,col-0
2690,-19.053600000000003,0.4011307900798252,37.86276015170012,36.70082620766626,0.0353300765285579,0.4921101998096787,43.0536,9.700868991739204,1,L,MM,col-0
2691,-13.052600000000002,0.2851215595799086,24.133481597509192,34.37467859434398,0.0451109207149026,0.400504305154024,31.0526,10.68522206228706,1,L,MM,col-0
2692,-19.053600000000003,0.3327859418646702,30.955966785742227,37.76694642294946,0.0385044414337931,0.4384910341705639,43.0536,12.712905508307738,1,L,MM,col-0
2693,-19.053600000000003,0.4143539962085546,38.61171837922954,38.99185475060919,0.0409325918743037,0.581425256732304,43.0536,13.406411218983664,1,L,MM,col-0
2694,-19.053600000000003,0.2442805771224817,21.766905998600823,37.792799119170304,0.0445866794584118,0.3570321702482068,43.0536,14.414675625823456,1,L,MM,col-0
2695,-25.0653,0.3117300375468718,25.702965359667896,32.70633325583112,0.0436356501259344,0.4126009275017966,55.0653,15.768428311741008,1,L,MM,col-0
2696,-25.0653,0.291086924542048,23.096028014375925,32.17354569211534,0.0460189857772503,0.3910027921229416,55.0653,16.853292566049564,2,L,MM,col-0
2697,-31.0659,0.2399554516671672,25.327692719753227,41.72611705228258,0.0329958760915315,0.3074403109772893,67.0659,17.94250255867732,2,L,MM,col-0
2698,-43.0649,0.1949552950403911,10.349518721174183,19.697712171354528,0.0658781212693359,0.250822722741476,91.0649,18.397225379565548,2,L,MM,col-0
2699,-50.378600000000006,0.0942224992553937,4.567002160505785,20.51970291869129,0.0817437510160779,0.1373381831088158,104.3786,20.24396647046444,2,L,MM,col-0
2700,-50.378600000000006,0.1404496202675959,8.384220814903076,26.07105819842032,0.0665261844966924,0.2051921971274932,104.3786,21.19879025922591,2,L,MM,col-0
2701,-55.0598,0.2039424396365549,13.235117460147665,25.895549155205508,0.064797342079976,0.3154935682368203,115.0598,23.931961399233813,2,L,MM,col-0
2702,-55.0598,0.1183899616847627,4.735645902285688,16.826767239182015,0.0941975034337706,0.1641058761719927,115.0598,25.74137970719299,2,L,MM,col-0
2703,-61.0729,0.1062645568246853,2.795478568439182,10.304463393268344,0.1696462688409329,0.1744640691025555,127.0729,26.97768326016624,2,L,MM,col-0
2704,,,,,,,139.0773,28.148058189793325,2,L,MM,col-0
2705,,,,,,,151.0715,29.446196930238287,2,L,MM,col-0
2706,-61.0729,0.1208203946058122,3.8741779492441455,14.731412922034004,0.135420395481332,0.1930052669884897,127.0729,31.488839558441143,2,L,MM,col-0
2707,,,,,,,151.0715,32.99029142715096,2,L,MM,col-0
2708,,,,,,,139.0773,33.81305412150863,2,L,MM,col-0
2709,,,,,,,151.0715,34.71317992572595,2,L,MM,col-0
2710,,,,,,,151.0715,36.75866966741036,2,L,MM,col-0
2711,,,,,,,151.0715,38.89460499380511,2,L,MM,col-0
2712,,,,,,,139.0773,41.2144305607919,2,L,MM,col-0
2713,,,,,,,163.0643,43.523136163208505,2,L,MM,col-0
2714,,,,,,,151.0715,44.27019802477018,2,L,MM,col-0
2715,,,,,,,163.0643,46.45137244978088,2,L,MM,col-0
2716,-7.064499999999999,0.1639609704970693,18.99119289874727,44.56709006802705,0.0266416207763355,0.1861308691400405,19.0645,2.10542247319923,1,R,MM,col-0
2717,-13.052600000000002,0.1688443955295341,12.951881219840985,20.87724668483148,0.0526330202751812,0.2507821741324273,31.0526,5.192369671948878,1,R,MM,col-0
2718,-13.052600000000002,0.3209910599775171,35.14385674030685,41.46855428238215,0.0299402631489625,0.3870887513789227,31.0526,9.0378231260749,1,R,MM,col-0
2719,-7.064499999999999,0.2565999967636559,25.26957492289325,39.9174276607666,0.0374579769895591,0.348215238790843,19.0645,10.274520228635453,1,R,MM,col-0
2720,-13.052600000000002,0.2960499278735966,30.421069139672824,40.32586545404166,0.033954589697567,0.3799955214299714,31.0526,13.10015355830694,1,R,MM,col-0
2721,-19.053600000000003,0.1890159959349126,13.352959844904822,20.35273844166792,0.0542138911837365,0.2663137811662636,43.0536,13.867071056933748,1,R,MM,col-0
2722,-13.052600000000002,0.2694303692362407,26.472240628059645,39.080937614146805,0.0362180365281021,0.3527127202227179,31.0526,16.624847163133065,1,R,MM,col-0
2723,-25.0653,0.2656386974528706,20.011549313367848,28.07102744331187,0.0465352510482565,0.3425849598862407,55.0653,17.014912013125986,1,R,MM,col-0
2724,-19.053600000000003,0.1379100298996226,9.28407400482446,20.08847351118588,0.0758244475319037,0.2589723313053925,43.0536,17.95756873394221,1,R,MM,col-0
2725,-19.053600000000003,0.250684006767115,23.640980508664708,39.32019535885081,0.0394811520424359,0.3433687913162306,43.0536,21.104754573504163,1,R,MM,col-0
2726,-25.0653,0.2441424198149399,18.745272882824583,32.377453082353064,0.0482349648517124,0.3326283423493903,55.0653,21.468601678893226,1,R,MM,col-0
2727,-37.0646,0.1717994450798634,9.601008586318452,20.954003356188444,0.0660019421571895,0.2331197621712747,79.0646,24.22445818566181,2,R,MM,col-0
2728,-43.0649,0.1380716472448508,7.423422489385538,22.853108796691043,0.0738628229543926,0.2017137940991102,91.0649,25.931583661073617,2,R,MM,col-0
2729,-61.0729,0.1595377036509186,4.497239156438078,10.155923166840164,0.1282123497258341,0.2121198742121677,127.0729,28.47814403150904,2,R,MM,col-0
2730,-55.0598,0.1700736324178662,6.518906965984783,14.88568156558921,0.091492319349813,0.2194143049110209,115.0598,28.65544931964224,2,R,MM,col-0
2731,-55.0598,0.1170412845629165,4.5720681072046805,15.608041695278269,0.0962815814928734,0.161942718170743,115.0598,30.11522903559068,2,R,MM,col-0
2732,-55.0598,0.0968831741441389,3.37171075219214,14.371765212696852,0.1273804359411209,0.1580005358477017,115.0598,31.359531801226662,2,R,MM,col-0
2733,-55.0598,0.1062402164410148,4.202926230338148,17.36513904299081,0.1050560975409277,0.162434602398101,115.0598,33.381929314864266,2,R,MM,col-0
2734,-55.0598,0.1128896661601812,3.877512566240162,15.95796283413627,0.1427831626961661,0.2036740641847833,115.0598,35.063588396023206,2,R,MM,col-0
2735,-61.0729,0.0934208184624974,3.0712172856625104,14.128606310985052,0.117695159138054,0.1329764277563898,127.0729,36.4057400869721,2,R,MM,col-0
2736,-61.0729,0.0968587794746576,4.187016112412335,17.65610575474769,0.0857419968098654,0.132069867956564,127.0729,40.01521347115859,2,R,MM,col-0
2737,,,,,,,139.0773,41.18322595843188,2,R,MM,col-0
2738,,,,,,,139.0773,45.62996254078524,2,R,MM,col-0
2739,,,,,,,151.0715,48.82830508074433,2,R,MM,col-0
2740,,,,,,,151.0715,50.75003097599948,2,R,MM,col-0
2741,,,,,,,151.0715,52.42099787796966,2,R,MM,col-0
2742,0.0,0.4267496948461197,51.11583635925364,51.922800686871135,0.0334713609479584,0.6294110459868136,0.0,3.2656202385364725,0,L,MM,col-0
2743,-0.4889999999999999,0.1552951665782019,14.60551596063129,31.355399964807937,0.0406490128841278,0.218409953025215,6.489,4.713534353295985,1,L,MM,col-0
2744,-0.4889999999999999,0.1892002627799298,22.505083028627705,47.318944806649945,0.0285936712268712,0.2367315038186504,6.489,6.464652352118448,1,L,MM,col-0
2745,-6.486999999999998,0.1541899235249765,13.382051115495022,30.71511164911954,0.0464941894743378,0.2288900339932042,18.487,8.382053353637518,1,L,MM,col-0
2746,-12.4769,0.1274658510761022,9.452955858959152,20.78680982959663,0.0535336042674006,0.1861656848133361,30.4769,9.127358033355296,1,L,MM,col-0
2747,-12.4769,0.1215508293855474,9.763787840091297,26.330184651541007,0.0412304743073905,0.1480956093180025,30.4769,10.745455214618326,1,L,MM,col-0
2748,-18.4803,0.1147352864054351,7.876822586877041,19.555734395856696,0.0621679149191534,0.1801452782737519,42.4803,11.556932391882208,1,L,MM,col-0
2749,-6.486999999999998,0.2114782825348926,20.906927966087352,40.829421621890695,0.0388411136279773,0.2987358986257414,18.487,12.160513684030304,1,L,MM,col-0
2750,-12.4769,0.2755156319689927,33.9376581959135,50.72481010710336,0.0282612945401014,0.3528413221302042,30.4769,13.7949547761264,1,L,MM,col-0
2751,-18.4803,0.2371687430898267,23.399648647033946,37.97443092818069,0.0331165903646573,0.2850758780078444,42.4803,14.868570151519352,1,L,MM,col-0
2752,-12.4769,0.2444135146166922,21.621015357826582,36.23795281474784,0.0436263584124315,0.3470008721560495,30.4769,15.79332122254355,1,L,MM,col-0
2753,-18.4803,0.2857770030046329,31.169160769989016,44.528686576638,0.0330175173898112,0.3785951467483903,42.4803,17.452075987018063,1,L,MM,col-0
2754,-18.4803,0.2500106072736062,24.843354875172064,43.52512612277675,0.0387838412966824,0.3544594687233157,42.4803,20.76934293965836,1,L,MM,col-0
2755,-18.4803,0.2372965502604405,23.102793624610683,41.112644571287,0.0390848434842352,0.3321837579212224,42.4803,22.50134354672776,2,L,MM,col-0
2756,-49.802400000000006,0.1189026455443424,5.169585368385743,18.73862996127308,0.0971320028321192,0.1847241060091173,103.8024,24.34419870039265,2,L,MM,col-0
2757,-36.487300000000005,0.1455041108063763,8.27065291962518,23.600293990201976,0.0754354509981495,0.2295201426537763,78.4873,26.1531750178572,2,L,MM,col-0
2758,-36.487300000000005,0.1369626865737126,8.023563956613737,23.403987330906787,0.0679445683942604,0.2005522695654067,78.4873,27.29730712526301,2,L,MM,col-0
2759,-54.4858,0.1504797187869545,5.400489555636742,12.094443280729424,0.0934291890475663,0.1856184867810495,114.4858,28.901925017123062,2,L,MM,col-0
2760,-54.4858,0.1228285597477582,4.758639010324124,14.82362131017144,0.0920366921260634,0.1611199357428494,114.4858,31.162915487221973,2,L,MM,col-0
2761,-54.4858,0.1090929898040901,3.883451632759829,11.568512388954987,0.0879908460822729,0.1257074197784088,114.4858,31.992415487221976,2,L,MM,col-0
2762,-49.802400000000006,0.1540979841955868,7.067270570333396,18.473441910248088,0.0835908248077164,0.2173280819996366,103.8024,33.38379074480417,2,L,MM,col-0
2763,-49.802400000000006,0.1327371106702138,6.06976698705279,18.8697648451166,0.0897861780018397,0.2004873716270084,103.8024,35.1590427214433,2,L,MM,col-0
2764,-49.802400000000006,0.1211854017531566,6.141104701183939,21.1272004609904,0.0767915586115001,0.1734864268535615,103.8024,36.18827494205779,2,L,MM,col-0
2765,-49.802400000000006,0.1565045700006289,6.542982715322526,19.664796539963923,0.1167643503482358,0.2810551570097733,103.8024,38.64138358573862,2,L,MM,col-0
2766,-54.4858,0.1299555975465544,4.577428180909344,16.46506540022543,0.1366398344479378,0.2300935180041068,114.4858,41.055389963922266,2,L,MM,col-0
2767,-54.4858,0.1740113653853048,6.311519409575824,16.4404403279536,0.1257480783120471,0.2919717259167572,114.4858,42.69073371614349,2,L,MM,col-0
2768,-54.4858,0.1318389687200112,4.296464773966451,16.273414141168303,0.1733921742340839,0.2740603865569412,114.4858,45.36167202486254,2,L,MM,col-0
2769,-54.4858,0.1146187864342097,3.904322552799842,17.59073059903762,0.1632721726518806,0.2345110868400051,114.4858,46.69970018428626,2,L,MM,col-0
2770,,,,,,,138.4993,49.18007096857275,2,L,MM,col-0
2771,-60.4977,0.1132436172815499,3.157197351233156,13.882507170340558,0.1889578957834277,0.219468548778189,126.4977,50.07385393999254,2,L,MM,col-0
2772,,,,,,,138.4993,52.04532942275824,2,L,MM,col-0
2773,,,,,,,138.4993,54.691632834601904,2,L,MM,col-0
2774,,,,,,,138.4993,58.00835684337056,2,L,MM,col-0
2775,,,,,,,150.4974,61.04033096492536,2,L,MM,col-0
2776,,,,,,,150.4974,64.1389901073639,2,L,MM,col-0
2777,,,,,,,150.4974,67.66813362938501,2,L,MM,col-0
2778,-6.486999999999998,0.1405004201669839,11.55937694650316,23.03330814239681,0.0628375176241791,0.267213849938506,18.487,2.90372534929232,1,R,MM,col-0
2779,-6.486999999999998,0.1420733443566762,12.029063148896922,26.721346518544312,0.0483464327126877,0.2139448110332606,18.487,3.644305581272624,1,R,MM,col-0
2780,-6.486999999999998,0.2211042694794943,17.922988814414076,29.758078876906502,0.0387396615047449,0.2554299236210313,18.487,4.4688812696141085,1,R,MM,col-0
2781,-6.486999999999998,0.1971511965453106,17.708422824928558,35.34535865285474,0.0412079375390982,0.2684517749578859,18.487,5.511847929715042,1,R,MM,col-0
2782,-6.486999999999998,0.2187796082230388,23.583322723713763,44.59977938393148,0.0353527925583919,0.3067144500471819,18.487,6.912543444497064,1,R,MM,col-0
2783,-12.4769,0.2673522170172075,30.39022482953521,45.9317181890552,0.0317011390345958,0.3544167983346539,30.4769,9.716256842264146,1,R,MM,col-0
2784,-6.486999999999998,0.1938407995971718,15.809711598086611,28.379094337942785,0.0535742858859181,0.3115916826806577,18.487,10.241971662778438,1,R,MM,col-0
2785,-24.4933,0.2332261341842221,18.51641187881832,30.75281142212628,0.0436374698384205,0.2972500336125024,54.4933,10.853104960513068,1,R,MM,col-0
2786,-6.486999999999998,0.3413587774413399,41.41292008314612,51.65486804843369,0.0321664104450649,0.4900540375087979,18.487,12.023987294474257,1,R,MM,col-0
2787,-12.4769,0.1614528991156641,14.60025104182449,34.25337211147516,0.0387753907899605,0.2082677498157742,30.4769,14.19736904281024,1,R,MM,col-0
2788,-24.4933,0.1925727693103699,18.12405904902416,37.12566336888945,0.037351766859713,0.2490417369763993,54.4933,16.070610450942876,1,R,MM,col-0
2789,-18.4803,0.224359672367591,20.636617743851204,38.526892614548736,0.0404669443537465,0.3072164383938701,42.4803,18.814871451416256,1,R,MM,col-0
2790,-42.4909,0.1410494084743637,6.567502839958778,15.35650520033086,0.0731825263064712,0.1768125896002358,90.4909,18.955642269414877,1,R,MM,col-0
2791,-24.4933,0.1946719904936251,14.541561498556751,27.32472403757249,0.0468938327244938,0.2508605050907562,54.4933,19.612572753408426,1,R,MM,col-0
2792,-24.4933,0.2587780072435431,20.800446814225968,33.63667567294088,0.0466947002752083,0.3573104964363804,54.4933,21.23295174581662,2,R,MM,col-0
2793,-30.491,0.1227140391905824,7.258277367815161,19.22376030909141,0.0671360703521666,0.1792647895812247,66.491,21.926196074193687,2,R,MM,col-0
2794,-30.491,0.1315290688587442,8.341992825319938,24.837030617208555,0.0653466734744311,0.2005389859046554,66.491,22.893908598860204,2,R,MM,col-0
2795,-42.4909,0.1098273695401254,5.7979737900225246,20.496029168211628,0.0704833335368325,0.1503378039030023,90.4909,25.191471087454296,2,R,MM,col-0
2796,-42.4909,0.1052334202771501,5.228103262751656,20.453321178456974,0.0853154838887281,0.1640882689249144,90.4909,26.86167383442844,2,R,MM,col-0
2797,-42.4909,0.1148479166114149,5.398148464830722,20.8225188071874,0.1069769515067011,0.2124420876828409,90.4909,28.711806357258563,2,R,MM,col-0
2798,-49.802400000000006,0.1498770156814838,6.889521518632511,17.996835750576263,0.0793928574241389,0.2012222551476211,103.8024,30.8312113467929,2,R,MM,col-0
2799,-54.4858,0.142616111422202,5.329081582866708,14.03766483918395,0.0996176290864103,0.1952963327552313,114.4858,32.627000596966894,2,R,MM,col-0
2800,-54.4858,0.1305921562626835,4.417752736847293,14.717711644574932,0.13349266489017,0.2169523334531875,114.4858,35.911578903485065,2,R,MM,col-0
2801,-60.4977,0.1181519706259556,3.1579748231004285,9.227992378710224,0.1572191610794219,0.1826499913289861,126.4977,37.61333507625761,2,R,MM,col-0
2802,-60.4977,0.0811104745776225,2.976968314518943,15.52228487692688,0.0982482880844742,0.107598129642434,126.4977,39.30681979885157,2,R,MM,col-0
2803,-54.4858,0.1591157565280443,5.493149577114532,15.52625145435428,0.1390472909977922,0.2809891011839767,114.4858,40.26666862695655,2,R,MM,col-0
2804,-60.4977,0.124415164203,3.2009224293744003,11.106080246608984,0.2028608883223574,0.2388795601234445,126.4977,43.23711104453962,2,R,MM,col-0
2805,-60.4977,0.083793432370875,3.069620441476463,16.666174032081482,0.1209655453504154,0.1366003726451271,126.4977,44.97827104453961,2,R,MM,col-0
2806,-60.4977,0.1110312018798447,3.0930116704641004,12.885495000027383,0.1704566300277859,0.1939549977725448,126.4977,48.92171127402059,2,R,MM,col-0
2807,-60.4977,0.1045605984850028,2.913059872695034,13.27303115977165,0.1775409583712867,0.1902626269934641,126.4977,50.83768603647225,2,R,MM,col-0
2808,,,,,,,138.4993,52.348435499561816,2,R,MM,col-0
2809,,,,,,,138.4993,54.62504088148465,2,R,MM,col-0
2810,,,,,,,150.4974,57.15661742792039,2,R,MM,col-0
2811,,,,,,,150.4974,58.72181624846864,2,R,MM,col-0
2812,,,,,,,150.4974,61.10733562653111,2,R,MM,col-0
2813,,,,,,,150.4974,63.81966943585407,2,R,MM,col-0
2814,0.0,0.2000117506541553,48.41374808839492,87.3095940851001,0.0173869020530209,0.3096680731260812,0.0,1.1964504616523362,0,L,MM,col-0
2815,-12.4769,0.059880217078257,5.344311763667627,30.498957508046512,0.0376606830081272,0.0740432537645257,30.4769,2.5893628779648314,1,L,MM,col-0
2816,-18.4803,0.0945827363485152,7.067468632423928,24.79950937173551,0.0514568035842537,0.13378647550415,42.4803,5.086140996482979,1,L,MM,col-0
2817,-30.490799999999997,0.0782362019796085,4.1989993339306775,11.04803562083602,0.110685566453129,0.1709788201306187,66.4908,6.484853142288556,1,L,MM,col-0
2818,-12.4769,0.1879897082869638,24.566124279636693,52.762930119919424,0.0295453889100095,0.2670126725840451,30.4769,7.531500660856772,1,L,MM,col-0
2819,-12.4769,0.1323239468346055,9.411386105063318,22.77804132206302,0.0655930430735177,0.227099871583542,30.4769,8.948258144074005,1,L,MM,col-0
2820,-24.4932,0.1661448043917029,11.837597131063966,25.985246020839675,0.0528895626352845,0.2303239231340449,54.4932,12.80018339805872,1,L,MM,col-0
2821,-18.4803,0.1448837087261698,13.201568480671153,37.81385036677684,0.0380516297782665,0.1848009985792024,42.4803,14.171197644060667,1,L,MM,col-0
2822,-30.490799999999997,0.173989281732604,12.82732766411958,27.682378966062817,0.044383026177336,0.2094395119525274,66.4908,17.273566256775837,1,L,MM,col-0
2823,-30.490799999999997,0.1420073098741265,8.992894479679425,24.027181661576517,0.0607244423827521,0.2008947331980779,66.4908,18.617816698744857,2,L,MM,col-0
2824,-30.490799999999997,0.1265612978299554,7.968696490808276,24.37090852826849,0.0634214322868715,0.1859211725639663,66.4908,20.55371533795339,2,L,MM,col-0
2825,-36.4871,0.1622378313609517,9.718983398914652,23.330740719689665,0.0618085310391465,0.2209910984179676,78.4871,22.597697701389095,2,L,MM,col-0
2826,-42.4901,0.096156645133158,4.290621991672872,14.151217916621937,0.1024603203185571,0.1617266094450042,90.4901,23.93239334534628,2,L,MM,col-0
2827,-42.4901,0.1652895077653043,8.340721014597234,19.11334627778721,0.0756432525547877,0.2321022270725561,90.4901,25.33433340509956,2,L,MM,col-0
2828,-49.8014,0.1144473224523642,4.804558114260883,15.888282624846626,0.0933436838940424,0.1649847889842822,103.8014,28.05205100991524,2,L,MM,col-0
2829,-54.4858,0.1496976197674288,5.144324608123172,12.635170412157525,0.1216311529537694,0.230185894156963,114.4858,30.70805639011352,2,L,MM,col-0
2830,-54.4858,0.1055452391771871,3.7864301816664474,14.017849224022068,0.1077891706797831,0.1501449058172505,114.4858,33.040131741473786,2,L,MM,col-0
2831,-54.4858,0.1727658092942997,6.261309612912386,15.299769454215609,0.1145448040343848,0.2638433127503301,114.4858,35.97846099061525,2,L,MM,col-0
2832,,,,,,,138.4984,38.7339451642878,2,L,MM,col-0
2833,-60.4977,0.1362692515243303,3.784202314343023,12.361987146092662,0.1663676341742141,0.2316054132734014,126.4977,39.55818944014866,2,L,MM,col-0
2834,-60.4977,0.0650986344450283,2.055348166456961,13.563412106787093,0.1331169132858077,0.1006524050530463,126.4977,43.2675907251078,2,L,MM,col-0
2835,,,,,,,150.4972,44.4845843906018,2,L,MM,col-0
2836,,,,,,,150.4972,45.378725677204265,2,L,MM,col-0
2837,,,,,,,162.4883,46.6186453807242,2,L,MM,col-0
2838,,,,,,,138.4984,48.23269212645553,2,L,MM,col-0
2839,,,,,,,150.4972,49.34105208022565,2,L,MM,col-0
2840,,,,,,,150.4972,50.16685958747026,2,L,MM,col-0
2841,,,,,,,162.4883,53.76302371673036,2,L,MM,col-0
2842,,,,,,,150.4972,56.23917373204249,2,L,MM,col-0
2843,-6.488099999999999,0.0897566299034588,7.5310986197776115,29.193297819522112,0.0516070563727261,0.1429792256823304,18.4881,3.4100540855235963,1,R,MM,col-0
2844,-12.4769,0.2383579868335215,19.0301444316104,30.71700773489957,0.054788310392275,0.3835619430675244,30.4769,5.122116772971932,1,R,MM,col-0
2845,-12.4769,0.1573311163842958,13.949709909481856,35.590730157361456,0.0437215305524594,0.2243706526747827,30.4769,7.464433009180722,1,R,MM,col-0
2846,-18.4803,0.1971687657144591,13.96523438105983,24.271510865624,0.0625147341158244,0.321170860599114,42.4803,8.975694085741535,1,R,MM,col-0
2847,-12.4769,0.2412301789348332,22.341145156856136,39.29246206318008,0.044701634246035,0.3673959370156629,30.4769,10.84264858204842,1,R,MM,col-0
2848,-18.4803,0.2045617287561945,15.464319711913475,31.535093382961996,0.0554613703803877,0.3155200296907278,42.4803,12.310957141512958,1,R,MM,col-0
2849,-24.4932,0.2091379933086469,14.788456918375545,27.32457830323177,0.0547180027168809,0.2976861403281613,54.4932,13.788039632671822,1,R,MM,col-0
2850,-18.4803,0.1968741091310913,14.944039236805414,32.08548313157571,0.0583228316690405,0.3206358795246131,42.4803,14.631386559969036,1,R,MM,col-0
2851,-24.4932,0.2342755951413088,17.442977499558744,30.56919995215551,0.0528163517105977,0.3389179241281962,54.4932,16.017254392300988,2,R,MM,col-0
2852,-30.490799999999997,0.1841113981657416,11.637628464958512,24.62666853431242,0.0626235044835979,0.2681065188766379,66.4908,17.970315614418613,2,R,MM,col-0
2853,-30.490799999999997,0.2158131496987086,15.659965685836656,31.131962154186983,0.0540104135356937,0.3111528811294318,66.4908,19.842490441410284,2,R,MM,col-0
2854,-36.4871,0.2221968220448065,15.11229835334384,26.98308748361116,0.0520755402870357,0.2895141679166463,78.4871,21.567936448088425,2,R,MM,col-0
2855,-30.490799999999997,0.1665087791926706,10.633036852294053,29.158443962902197,0.072857428739604,0.2849946302995233,66.4908,22.763276075001222,2,R,MM,col-0
2856,-42.4901,0.1098007770175575,5.779886573208788,23.54774355745219,0.0837311850892411,0.17803773964472,90.4901,23.724403791123123,2,R,MM,col-0
2857,-42.4901,0.1318213825294898,5.983319525137767,17.613997231856942,0.1035145244742995,0.2278499855820815,90.4901,25.721028027149988,2,R,MM,col-0
2858,-49.8014,0.1299547468427985,5.389518280121273,16.63205833322972,0.104064465813339,0.2063278851148367,103.8014,28.241210704037364,2,R,MM,col-0
2859,-49.8014,0.1259939250644833,5.261052351772266,18.711224306261297,0.1140482519265567,0.2207327502733101,103.8014,29.2037349964104,2,R,MM,col-0
2860,-42.4901,0.1791197218358435,8.868120971151429,23.583055633395947,0.1010890073664,0.329792715675493,90.4901,31.25368201619979,2,R,MM,col-0
2861,-49.8014,0.1559907019894052,6.699605529998679,19.351914486879256,0.107676589330088,0.265384797769921,103.8014,33.69833823275264,2,R,MM,col-0
2862,-54.4858,0.1354598824387961,4.519505427783312,14.701363873587136,0.1466880493366112,0.2438884107699685,114.4858,35.76641645723601,2,R,MM,col-0
2863,-54.4858,0.1587458238002179,5.0577131831520825,15.563931977238257,0.2248286250223268,0.4183225921684489,114.4858,38.18335502800296,2,R,MM,col-0
2864,-60.4977,0.1708551553319126,4.594359502549077,11.70411285652554,0.1744494541266228,0.2948493047667166,126.4977,41.58771014926242,2,R,MM,col-0
2865,-60.4977,0.1226090034516373,3.670474552588781,14.0028170972583,0.1523536729997726,0.2057219652077452,126.4977,43.30656448366021,2,R,MM,col-0
2866,,,,,,,138.4984,45.49151881721516,2,R,MM,col-0
2867,,,,,,,150.4972,47.50351561993232,2,R,MM,col-0
2868,,,,,,,138.4984,48.57593748497219,2,R,MM,col-0
2869,,,,,,,150.4972,49.67888685598926,2,R,MM,col-0
2870,,,,,,,138.4984,52.46991965943759,2,R,MM,col-0
2871,,,,,,,150.4972,54.47022526874565,2,R,MM,col-0
2872,,,,,,,150.4972,55.601309578976974,2,R,MM,col-0
2873,,,,,,,150.4972,57.22955912559861,2,R,MM,col-0
2874,,,,,,,150.4972,59.16900079782418,2,R,MM,col-0
2875,-1.0521000000000005,0.0685879688889659,6.40875370173944,28.5307448207659,0.0410405581386321,0.0967592197905075,7.0521,1.5322020888093837,1,L,LL,quad
2876,-7.0503,0.0843480133472694,9.540571808620134,40.00286752029376,0.0259744995832032,0.0911647850020779,19.0503,2.34178639537282,1,L,LL,quad
2877,-7.0503,0.1209594169485635,11.685561000296028,34.685651297012384,0.0347496914539067,0.149384671955184,19.0503,3.9516077445480327,1,L,LL,quad
2878,-13.05,0.110736969220071,10.086836774471344,34.98948556163409,0.0387772710889083,0.143892366103546,31.05,4.67743556242368,1,L,LL,quad
2879,-7.0503,0.1092568900671885,13.410146847290164,49.95843551797245,0.0283325556660531,0.1397734878197601,19.0503,5.617210212007292,1,L,LL,quad
2880,-19.049,0.1065052735002683,8.43134448367952,31.634557492205456,0.0509327393724569,0.1579790096268605,43.049,8.57417172019686,1,L,LL,quad
2881,-13.05,0.1007677679501617,10.01824114210652,39.95593519867092,0.035690551065458,0.1315377027227229,31.05,9.457171227557993,1,L,LL,quad
2882,-19.049,0.126308861647472,10.595745302156432,33.97481268407981,0.0436756116401788,0.1702456500316505,43.049,11.33074140304904,1,L,LL,quad
2883,-19.049,0.1427114171057731,11.069359143684506,31.040814982097448,0.0503900732239892,0.2051979349430069,43.049,12.563862973502124,1,L,LL,quad
2884,-19.049,0.1199436963212145,13.03753890987205,45.61348876079236,0.0350336403895909,0.1680298359617419,43.049,15.23142664345766,1,L,LL,quad
2885,-19.049,0.159636003013521,16.830789802477884,44.53694097277267,0.0370888700711917,0.229643214196635,43.049,17.82519956645774,1,L,LL,quad
2886,-37.050700000000006,0.1711748538193842,10.988015694889716,23.79628838627488,0.0528321899249573,0.2135617160858975,79.0507,20.16189792582816,2,L,LL,quad
2887,-37.050700000000006,0.1368671678649823,8.484591689329836,24.811099427843143,0.0595358843208978,0.1858297635062908,79.0507,22.016099611894354,2,L,LL,quad
2888,-43.0518,0.1184693773027836,6.0185826418825,18.141524400778,0.0753759389175884,0.1668908325970617,91.0518,24.367143552115248,2,L,LL,quad
2889,-43.0518,0.1210506792798791,7.756413373185423,25.58548161682422,0.0529549164993708,0.1511028835242149,91.0518,24.96807617116569,2,L,LL,quad
2890,-55.0479,0.0717879670076735,2.5653305434015885,14.447760149321386,0.1132965275690629,0.1069216001046583,115.0479,27.561736341474457,2,L,LL,quad
2891,-19.049,0.0611862714013297,6.7660878603153884,52.37884868122956,0.0521691932503456,0.129854579991697,43.049,27.99364227965929,2,L,LL,quad
2892,-49.0522,0.091804208681646,4.010697606599867,18.24756144900364,0.0939080576448347,0.1385569436154053,103.0522,29.821305233516146,2,L,LL,quad
2893,-55.0479,0.0839963427296723,2.872811845476334,14.008271087306468,0.1278887578497293,0.1351590311966404,115.0479,31.56422739951732,2,L,LL,quad
2894,-55.0479,0.0652882927336869,2.299558979706358,13.760791030077916,0.1218707251050746,0.103097816181028,115.0479,33.35027844403151,2,L,LL,quad
2895,-55.0479,0.0771098845362495,2.8846680570531387,15.991693975269516,0.1128631805857909,0.1197715440851891,115.0479,34.84584087910401,2,L,LL,quad
2896,,,,,,,139.0548,36.41793522297748,2,L,LL,quad
2897,,,,,,,139.0548,38.21828832443785,2,L,LL,quad
2898,,,,,,,139.0548,39.952330949046925,2,L,LL,quad
2899,,,,,,,151.0521,41.61765963030008,2,L,LL,quad
2900,,,,,,,151.0521,43.919650409742566,2,L,LL,quad
2901,,,,,,,151.0521,45.34278755506624,2,L,LL,quad
2902,,,,,,,151.0521,49.26433322380306,2,L,LL,quad
2903,-7.0503,0.0778560383708203,11.3757962286468,58.80449078466425,0.0243570276494394,0.1019322501348627,19.0503,2.015225150098607,1,R,LL,quad
2904,-1.0521000000000005,0.0977817423415181,12.1608030559139,48.38889072205858,0.0267460761550106,0.1196541731745089,7.0521,2.5347214855043543,1,R,LL,quad
2905,-13.05,0.1425013597527011,13.410259430119304,34.765811834981285,0.0346552682969228,0.1709668709169778,31.05,4.913639907688516,1,R,LL,quad
2906,-19.049,0.1326364394102958,10.305772213776066,27.38886670254595,0.044165239431232,0.1674428650406642,43.049,7.391162979590228,1,R,LL,quad
2907,-25.0471,0.2082476068162231,13.846844174380877,22.694116940672437,0.0561357612014655,0.2859538440160897,55.0471,9.214768459762167,1,R,LL,quad
2908,-25.0471,0.1759774801054885,11.948857355344591,25.177391858068965,0.0546075956662931,0.2400407361383726,55.0471,10.22823517951441,1,R,LL,quad
2909,-19.049,0.1188311395438046,10.512041437180867,34.99494818395131,0.0385836011909701,0.1492091107952055,43.049,11.0591972694625,1,R,LL,quad
2910,-25.0471,0.1750845563293111,20.86942125979073,46.572216376787296,0.0268732065611215,0.2063171899447027,55.0471,11.254431189158849,1,R,LL,quad
2911,-25.0471,0.2195324780288391,16.827215068127202,29.18787166042764,0.0451361575415956,0.2794102592121065,55.0471,12.359771353795743,1,R,LL,quad
2912,-25.0471,0.2314463111593284,19.97410855560235,34.24684561691172,0.0411534006167022,0.3023978171594463,55.0471,12.68549669821954,1,R,LL,quad
2913,,,,,,,151.0521,19.310890214356508,2,R,LL,quad
2914,-7.0503,0.0941225426894873,11.082004903539776,45.758530813559695,0.0294853364858047,0.1202070514165348,19.0503,0.7682216883816806,1,L,LL,quad
2915,-7.0503,0.1232052091066154,22.82739290390605,70.40126114422539,0.0219270479633922,0.184137396587349,19.0503,3.3116728369273525,1,L,LL,quad
2916,-1.0529000000000002,0.0681524604005645,6.863674082548801,42.52830747211181,0.041114125082266,0.1038133543767942,7.0529,4.402770627877256,1,L,LL,quad
2917,-1.0529000000000002,0.0521565524700697,4.782930943414023,35.02064451662438,0.0510328400258012,0.0897944234973131,7.0529,5.345229922637346,1,L,LL,quad
2918,-7.0503,0.0994899160273319,10.708467126131415,44.06457638671408,0.0353949894546168,0.1394359028693493,19.0503,6.2709552126127255,1,L,LL,quad
2919,-25.0483,0.118737154820382,8.55180833049767,27.301595001140424,0.0513637116149659,0.1615920072287543,55.0483,7.738971203570605,1,L,LL,quad
2920,-13.0492,0.1454102312647984,16.18594270290517,47.22958923079113,0.0341217117243363,0.2031768984043283,31.0492,9.63934149960226,1,L,LL,quad
2921,-13.0492,0.1497444153555488,17.158208951066467,47.45559819435936,0.0317614645511272,0.2004832021663727,31.0492,11.18245853540406,1,L,LL,quad
2922,-13.0492,0.1952338626345465,21.11339711581724,44.845578861804015,0.034272513374149,0.2662009426137283,31.0492,14.127495003121815,1,L,LL,quad
2923,-25.0483,0.1559961626869617,13.643773220141478,34.59059428193228,0.0362059810757251,0.1817273653666592,55.0483,15.470765727729743,1,L,LL,quad
2924,-19.0501,0.1662526953792504,12.037313131603533,26.111683851361803,0.0688636077516724,0.3049473388668869,43.0501,17.545224260020095,1,L,LL,quad
2925,-25.0483,0.1231016211073794,8.308532377462384,27.85751907334672,0.0518303030416364,0.158421303650933,55.0483,19.084080233901883,1,L,LL,quad
2926,-31.054900000000004,0.1843106958634051,15.085678495613692,31.277322812289512,0.0397754156720357,0.2207420608766967,67.0549,21.718990265745667,2,L,LL,quad
2927,-25.0483,0.177804355104016,16.191638052503606,37.81254989194865,0.0407511723087421,0.2427372413449887,55.0483,22.5415791130814,2,L,LL,quad
2928,-31.054900000000004,0.1008462313404433,6.4309435343815,24.670684416204004,0.0665335624318829,0.157405894657818,67.0549,23.670966191020494,2,L,LL,quad
2929,-37.0531,0.1069221651541283,6.323695753824241,24.08398412968429,0.0689817573898933,0.1604762397080397,79.0531,26.78203463032818,2,L,LL,quad
2930,-37.0531,0.1358260210747704,10.082530935164598,30.76142622247655,0.0502762932402543,0.1864826069884123,79.0531,28.05582813510832,2,L,LL,quad
2931,-43.053,0.1463798141644855,5.912724898155413,16.08885059671518,0.1630454428422697,0.354651544711523,91.053,30.02024648120799,2,L,LL,quad
2932,,,,,,,139.0564,32.41017035396582,2,L,LL,quad
2933,-55.0472,0.0770916687680495,2.5632926911015224,13.821062194977976,0.1375971893866233,0.1297517667882087,115.0472,34.09298094032123,2,L,LL,quad
2934,-50.3633,0.1054505008741987,4.666183184691862,17.965483370040378,0.0890025434837812,0.1527811308786385,104.3633,34.86032517688243,2,L,LL,quad
2935,,,,,,,151.0533,36.01075050165369,2,L,LL,quad
2936,-55.0472,0.138360769672857,4.981222185286479,14.149779288385943,0.1101097259918572,0.2017748874248925,115.0472,37.54451089766592,2,L,LL,quad
2937,-55.0472,0.0802524369294556,3.027591957646316,15.054318356940408,0.1044061245838844,0.1162863761254585,115.0472,39.40234070312583,2,L,LL,quad
2938,-61.0491,0.0624157692544959,1.5851527794129727,10.971301187698431,0.218592284035317,0.1274710234123295,127.0491,40.32158681964799,2,L,LL,quad
2939,,,,,,,139.0564,41.66226127677768,2,L,LL,quad
2940,-55.0472,0.0867881726841176,3.107398563669903,16.856176614703934,0.1345586874674207,0.1538205007986979,115.0472,42.5160586088622,2,L,LL,quad
2941,-55.0472,0.0801045887135811,2.597592525464406,17.76890208841713,0.2042431920518424,0.1951749754187971,115.0472,45.69301606621964,2,L,LL,quad
2942,-61.0491,0.0728783923819591,1.974377297961394,12.109718288082847,0.1699054258610814,0.1234078865953159,127.0491,47.44948465471142,2,L,LL,quad
2943,,,,,,,139.0564,50.03480376677784,2,L,LL,quad
2944,,,,,,,139.0564,52.441034356765584,2,L,LL,quad
2945,,,,,,,139.0564,54.75696789567393,2,L,LL,quad
2946,,,,,,,151.0533,60.11987178739842,2,L,LL,quad
2947,,,,,,,151.0533,62.14102773319932,2,L,LL,quad
2948,-1.0529000000000002,0.1342095134381425,16.132873226431833,48.01898826111783,0.0279782836929763,0.1660497815886174,7.0529,7.385159470958473,1,R,LL,quad
2949,-7.0503,0.1440624799649758,11.582455946086249,30.22738078458177,0.0428282753988207,0.1824890295995899,19.0503,8.582422707710649,1,R,LL,quad
2950,-7.0503,0.1360847874477551,12.678988026856516,37.222121196162085,0.0406427178281062,0.1895714150484493,19.0503,11.817233967962157,1,R,LL,quad
2951,-13.0492,0.1540165356283637,17.250109782783976,44.85134529811349,0.0297929335341983,0.1890647867470929,31.0492,13.356399160523283,1,R,LL,quad
2952,-13.0492,0.1223925435141937,11.71744032610376,38.44742742890804,0.0404964377167329,0.17456416306715,31.0492,15.81495371793208,1,R,LL,quad
2953,-7.0503,0.1083850697715599,9.827405217149416,35.67677709021882,0.0432088194861331,0.1562128597554613,19.0503,16.338074533374247,1,R,LL,quad
2954,-19.0501,0.1618703760793363,13.705863294416355,31.87803421895265,0.0389988819492114,0.1966364705215214,43.0501,18.62128893016225,1,R,LL,quad
2955,-13.0492,0.1552919195750729,15.062950287978133,38.8697863003264,0.0376796337621436,0.2087960285376804,31.0492,19.85235244781265,1,R,LL,quad
2956,-13.0492,0.1706785024122,17.58440978296279,42.42307346987614,0.0362746394529963,0.2346585693185154,31.0492,21.88270315223884,1,R,LL,quad
2957,-13.0492,0.1768916202270874,17.01016248683861,42.20082553429848,0.0429618041983391,0.268841612554857,31.0492,23.765800868426616,1,R,LL,quad
2958,-19.0501,0.1547834388323609,13.720700646561353,36.848570689430666,0.042790047993961,0.2159854923909623,43.0501,26.756301001031943,1,R,LL,quad
2959,-25.0483,0.192832514295086,20.969578464677777,44.08183592647303,0.0351049526055339,0.2708093217022476,55.0483,27.57792568816105,1,R,LL,quad
2960,-25.0483,0.1963997355313136,19.767647666543827,41.5280169098168,0.0368854012246115,0.2682347385078034,55.0483,29.649391807157336,2,R,LL,quad
2961,-43.053,0.1169090051813622,6.034536917785519,20.276739115073457,0.0697452282270035,0.1548331560652857,91.053,30.796980940943705,2,R,LL,quad
2962,-31.054900000000004,0.1566562137396105,11.123799598456175,29.049163850213056,0.0542966228378056,0.222193572791935,67.0549,32.63692485675801,2,R,LL,quad
2963,-37.0531,0.1639709465240368,10.14259747960994,26.487495144731213,0.0673735752514144,0.2513878610315707,79.0531,35.483348810460505,2,R,LL,quad
2964,-43.053,0.1648791397095599,9.473992044288964,23.502201675898817,0.0604194133488561,0.2105789897849414,91.053,36.77827253000858,2,R,LL,quad
2965,-61.0491,0.0901268509071671,2.579306703196846,11.150918296814256,0.1303088664525662,0.1236466834337117,127.0491,37.56142122794058,2,R,LL,quad
2966,-50.3633,0.1105600718237797,4.859007963748565,18.481601304764567,0.0958073015548233,0.1712583428128378,104.3633,39.66255532344759,2,R,LL,quad
2967,-55.0472,0.0960108041452773,3.25824312889888,13.323140846597266,0.1229607620506477,0.1473857691580155,115.0472,41.0130743002185,2,R,LL,quad
2968,-50.3633,0.1086915485409921,5.313729080998672,20.52073384676975,0.0808520908187061,0.1580506118773025,104.3633,43.86201598195963,2,R,LL,quad
2969,-55.0472,0.1434211181299978,5.035799936663298,13.93718585381167,0.1215471251360302,0.2251742253703732,115.0472,44.8046207292424,2,R,LL,quad
2970,-55.0472,0.0798116577213512,3.150172622344164,17.264442644460036,0.10219322444976,0.1184300665517091,115.0472,48.31643999255151,2,R,LL,quad
2971,-61.0491,0.0938092384823009,2.4560049757805547,11.731147029609607,0.1877219545198232,0.1696093648337035,127.0491,50.505225037037285,2,R,LL,quad
2972,,,,,,,139.0564,56.03558936903964,2,R,LL,quad
2973,,,,,,,151.0533,56.798480854749535,2,R,LL,quad
2974,,,,,,,139.0564,57.99276360977498,2,R,LL,quad
2975,,,,,,,151.0533,60.81127695934985,2,R,LL,quad
2976,-25.0492,0.1060807767030058,7.753926690229405,28.10647083570297,0.0505086753279543,0.1440765124547708,55.0492,2.9472274628642703,1,L,LL,quad
2977,-13.0502,0.0495624980637152,3.9923291343822576,34.61527897567659,0.0525894015699413,0.0772378337850365,31.0502,4.053730291064575,1,L,LL,quad
2978,-19.0511,0.1551636577307069,16.191249891476808,42.72895033288217,0.0353531491156828,0.2105784859354172,43.0511,7.960497605662055,1,L,LL,quad
2979,-50.367,0.0723717375517972,3.2753350692512937,17.91017953345724,0.086117031106287,0.1037648595113198,104.367,12.57797650963282,1,L,LL,quad
2980,-19.0511,0.1263494237073705,11.51669314267686,40.55970187621304,0.044648312615369,0.1891639455284172,43.0511,13.32225043151911,1,L,LL,quad
2981,-25.0492,0.2056476521380158,12.094742876260566,23.30260759791105,0.0712847601817787,0.3171749287980429,55.0492,15.397883556985205,1,L,LL,quad
2982,-31.0582,0.2204541351907172,16.149009558677854,29.90245480236772,0.0503836274989395,0.2993235188356034,67.0582,17.210816933802885,2,L,LL,quad
2983,-31.0582,0.1562473952360711,12.308072391984236,33.41783484022432,0.0495849984842909,0.2245152597907955,67.0582,18.559876524281613,2,L,LL,quad
2984,-37.0564,0.1857529376201374,17.391569278362834,37.26678488679565,0.0379385728026132,0.2427310186570677,79.0564,19.41729867468745,2,L,LL,quad
2985,-50.367,0.1398071695187605,6.647672870680056,19.08374498723904,0.0717224972453117,0.1754003923225901,104.367,20.523496964577173,2,L,LL,quad
2986,-61.05329999999999,0.0612719772799879,1.685055716176837,11.835877273452004,0.1574520125998535,0.0976040861831217,127.0533,22.61558570502214,2,L,LL,quad
2987,,,,,,,151.0564,26.383200520994997,2,L,LL,quad
2988,,,,,,,163.0554,28.70183967759806,2,L,LL,quad
2989,-25.0492,0.1133885711192876,10.78847702583224,37.51872325144686,0.0360340780186511,0.1430141712243438,55.0492,2.2687812927431006,1,R,LL,quad
2990,-1.0552,0.072723112539624,7.82603581036836,47.56451622466723,0.0399040079948805,0.1148851426204741,7.0552,3.871138119420604,1,R,LL,quad
2991,-31.0582,0.1290044498488771,8.700984576686219,27.6750840238704,0.0501613253310906,0.1605620555906002,67.0582,5.282081624590661,1,R,LL,quad
2992,-7.0512000000000015,0.1386533941141942,20.76018756980869,61.08505471241003,0.0272027095292267,0.2077537900306342,19.0512,6.344953155868078,1,R,LL,quad
2993,-13.0502,0.0693557813515135,5.461261510595198,26.88672880768776,0.0564764556286679,0.1134660468795201,31.0502,7.356717611395416,1,R,LL,quad
2994,-13.0502,0.08460767623912,7.579943199890383,34.89538845571984,0.0396969396707347,0.1106951254146525,31.0502,8.348461898603665,1,R,LL,quad
2995,-13.0502,0.0967531167314929,6.5431067413568025,25.21400135885068,0.0558874316616553,0.1345252089147033,31.0502,10.646497047543184,1,R,LL,quad
2996,-13.0502,0.1826176033878995,16.46631428851495,36.721189317656126,0.0418925199794924,0.2537689039812551,31.0502,12.39885880015022,1,R,LL,quad
2997,-13.0502,0.165817918148332,15.278409544691664,39.04032164158801,0.0422723023213965,0.2375962420458225,31.0502,13.950967994415468,1,R,LL,quad
2998,-19.0511,0.189588686629324,18.92184684924336,41.93575521431715,0.0382786509067919,0.2664560982863813,43.0511,16.116490425608458,1,R,LL,quad
2999,-25.0492,0.2078575510547682,17.84168198360124,34.74573955304324,0.0410258783506379,0.2692769627367653,55.0492,18.092501017117637,1,R,LL,quad
3000,-25.0492,0.1560791031577995,11.530421921183407,28.845626425138917,0.0508320240235367,0.215619542448757,55.0492,18.645501017117635,1,R,LL,quad
3001,-25.0492,0.1627252745440619,12.154289985805043,29.71864976736385,0.0508447882621166,0.2273429834738466,55.0492,20.53042770349256,1,R,LL,quad
3002,-31.0582,0.1572928628906,9.45780630515941,21.70626063213709,0.0549744434427822,0.1912743676436672,67.0582,20.959993540944545,2,R,LL,quad
3003,-25.0492,0.171365495703429,15.387320462485867,38.508556611845485,0.0436422726474399,0.2470448898663408,55.0492,22.211939368106243,2,R,LL,quad
3004,-31.0582,0.2020517833498948,14.88651323055165,30.32914948412907,0.0497133016773026,0.2722520216283455,67.0582,23.58975132270597,2,R,LL,quad
3005,-37.0564,0.1804459208605943,15.170080080311198,33.68880169080034,0.0400775240333347,0.2236630663682652,79.0564,24.88814634774253,2,R,LL,quad
3006,-43.0544,0.1312365625487058,11.407233392850063,33.30637246438467,0.0391631460706636,0.1643476194959489,91.0544,25.64786187344936,2,R,LL,quad
3007,-43.0544,0.0973075649377816,4.944105045060328,22.676889591905997,0.0894541864479327,0.1627023695220405,91.0544,26.34131139330838,2,R,LL,quad
3008,-55.0505,0.0764685144329778,2.748379410676212,16.408434996199862,0.1275217861513934,0.1289337432939489,115.0505,30.181290993577765,2,R,LL,quad
3009,,,,,,,139.0617,31.250712916861552,2,R,LL,quad
3010,,,,,,,139.0617,31.762894403103097,2,R,LL,quad
3011,,,,,,,151.0564,33.221705930340256,2,R,LL,quad
3012,,,,,,,151.0564,35.18821801416401,2,R,LL,quad
3013,,,,,,,151.0564,36.798845331781656,2,R,LL,quad
3014,,,,,,,151.0564,38.14138054547253,2,R,LL,quad
3015,-19.0484,0.0931013096043573,9.070161040061594,37.84491860799336,0.0340237278802982,0.1135278497713682,43.0484,4.707269250037954,1,L,LL,quad
3016,-19.0484,0.1356078757422776,11.485135555452336,31.050111439802293,0.039161037533281,0.1654610717156057,43.0484,4.9745462269738665,1,L,LL,quad
3017,-13.0489,0.1082920959731362,11.9430576239797,44.7987379965418,0.0335924520249734,0.1475919774265879,31.0489,6.023358153597099,1,L,LL,quad
3018,-13.0489,0.0809832631806574,8.19413227233031,43.8494150720793,0.0406763332623363,0.1226168867464049,31.0489,7.938813532337706,1,L,LL,quad
3019,-7.051300000000001,0.0529595208539005,4.14445417322685,32.77151668610972,0.0523177769889022,0.0797667949310924,19.0513,10.047343755008818,1,L,LL,quad
3020,-25.047400000000003,0.0754558955342454,5.272204066745611,25.015577476505527,0.0565968131780914,0.1097715275430172,55.0474,10.700801075769288,1,L,LL,quad
3021,-19.0484,0.0877941547999101,8.980082412470326,42.95108594279769,0.0364836479682803,0.1205269306635655,43.0484,12.769734507854537,1,L,LL,quad
3022,-25.047400000000003,0.0779533587937666,5.897955330323249,30.594544718636087,0.0497440115319928,0.107931398023249,55.0474,14.714809679373792,1,L,LL,quad
3023,-31.0561,0.0740887661191538,5.461945147661544,31.11868826959882,0.0526822540554183,0.1058564196299634,67.0561,18.018872451643205,1,L,LL,quad
3024,-25.047400000000003,0.1258190894534271,12.472701766756646,40.23926368733037,0.0358323903473921,0.1644151514070151,55.0474,19.660727161512064,1,L,LL,quad
3025,-50.3657,0.0607207340036813,2.7501639567051224,17.05847869188935,0.0877955951430947,0.0888253303215767,104.3657,21.280227161512062,1,L,LL,quad
3026,-31.0561,0.116803376447926,8.5593513423247,30.50179807627229,0.0514288103263757,0.161939520800449,67.0561,22.675487840749724,2,L,LL,quad
3027,-43.05200000000001,0.1343125915310964,7.732018449505388,23.3507537154183,0.0628479730449612,0.1787679562913942,91.052,24.79103633068649,2,L,LL,quad
3028,-43.05200000000001,0.0848884432818971,4.917628285227584,25.90097115297736,0.0721798004024131,0.1305800687643216,91.052,27.043231960913843,2,L,LL,quad
3029,-50.3657,0.0974757569932262,4.872251577199288,20.43617280535735,0.0736157412505296,0.1319489420336944,104.3657,28.133756036108984,2,L,LL,quad
3030,-55.0522,0.0975609045119754,3.9282815640454327,15.608558559146998,0.0851152416987691,0.1230029319565027,115.0522,32.11138689549877,2,L,LL,quad
3031,-55.0522,0.0735566265094114,3.0344683443533462,17.39513256989705,0.0934819620021763,0.1043556453542765,115.0522,34.05724199721669,2,L,LL,quad
3032,-55.0522,0.1133461488812961,4.356352673489059,15.0209161571922,0.0959719352417635,0.1538058314238091,115.0522,34.83934199721669,2,L,LL,quad
3033,-61.0561,0.0811684160864509,2.2990826328830214,11.219170054338893,0.1351097577449171,0.1142738380959056,127.0561,36.4328415902222,2,L,LL,quad
3034,-61.0561,0.0701061004083044,2.816699402057423,16.228332438411137,0.0863844387059931,0.089512056587661,127.0561,37.501708962724514,2,L,LL,quad
3035,-61.0561,0.0716197829015831,1.9321564507581368,11.939805499427097,0.1790309721755489,0.1272553287716241,127.0561,39.05249268115476,2,L,LL,quad
3036,,,,,,,151.0572,40.390752681154765,2,L,LL,quad
3037,,,,,,,139.0634,41.45442555258224,2,L,LL,quad
3038,,,,,,,151.0572,42.39926555258224,2,L,LL,quad
3039,,,,,,,151.0572,45.21747517955672,2,L,LL,quad
3040,,,,,,,151.0572,46.807266941312506,2,L,LL,quad
3041,,,,,,,151.0572,49.0573600966399,2,L,LL,quad
3042,0.0,0.1431586366096189,17.263616750030838,42.95211572415975,0.0268231278790418,0.1703517990271635,0.0,2.5766431494700117,0,R,LL,quad
3043,0.0,0.0682081198382915,6.508255216844168,26.477009108929145,0.0518014152997202,0.1240257091206151,0.0,4.05134850532753,0,R,LL,quad
3044,-13.0489,0.1084806085980952,5.377691591695792,17.428577449299432,0.0605881267691916,0.11986404664596,31.0489,7.146277089949447,1,R,LL,quad
3045,-19.0484,0.1530547554665685,26.535154494542606,61.958600462058165,0.024747018553367,0.2415739066192273,43.0484,10.77548414653477,1,R,LL,quad
3046,-31.0561,0.1069816019247908,7.372050389820675,25.304085318802095,0.0474585556667655,0.1287088263404387,67.0561,12.268574113958618,1,R,LL,quad
3047,-19.0484,0.102287733621832,8.042736993825619,31.97979808684129,0.0440190136720315,0.13024159084066,43.0484,13.741246594072008,1,R,LL,quad
3048,-19.0484,0.1734923899036862,16.281868395523546,38.50855943121365,0.0352493959570977,0.211135585716848,43.0484,15.19747017683494,1,R,LL,quad
3049,-13.0489,0.1652413846726479,13.087178088964556,30.80454437485847,0.0491756690317683,0.2367564435463861,31.0489,17.70779908111715,1,R,LL,quad
3050,-19.0484,0.1593131357791569,12.39579262875005,30.265326916460182,0.0488311618845749,0.2226777776332527,43.0484,19.879662559059295,1,R,LL,quad
3051,-19.0484,0.1935738485556594,14.463197654911813,30.66355764021616,0.0534762741431373,0.2845319108132716,43.0484,21.62483664242125,1,R,LL,quad
3052,-19.0484,0.1731933449096414,14.38483076033073,34.28716022988348,0.0445319104892157,0.2356576824062069,43.0484,24.200939255476307,1,R,LL,quad
3053,-31.0561,0.2256277182943249,21.178676018145573,36.89565807291756,0.0364734501166885,0.2841719262506479,67.0561,26.922680847830005,2,R,LL,quad
3054,-31.0561,0.200755905789959,13.2867200468765,25.358182327606627,0.0549709212873743,0.2686929788579982,67.0561,27.46726137566772,2,R,LL,quad
3055,-31.0561,0.1889521781741383,12.787157081081268,25.14395686218271,0.0527094367787483,0.2479521588558977,67.0561,28.69851201761164,2,R,LL,quad
3056,-31.0561,0.210699899228637,21.219943618058583,39.43732874860046,0.033997811758317,0.265399871748334,67.0561,29.88114201761164,2,R,LL,quad
3057,-43.05200000000001,0.1227120776413079,5.975019441891124,15.87684896011974,0.0757682634937318,0.1665452208500456,91.052,31.708195883987933,2,R,LL,quad
3058,-43.05200000000001,0.2240473005848789,15.10338322660077,26.0931643574344,0.0494393762482964,0.2746962578142308,91.052,33.08897766287586,2,R,LL,quad
3059,-43.05200000000001,0.1575186731414882,9.204132531479605,23.30695924284978,0.0591073485084466,0.200138140041388,91.052,35.233591547329844,2,R,LL,quad
3060,-50.3657,0.1144522492493013,4.728875245843148,13.900311678524252,0.0928422237495995,0.1615135300033981,104.3657,36.69694700023086,2,R,LL,quad
3061,-50.3657,0.1082042427714483,4.697372211923355,17.308076416144768,0.0927173105216224,0.1602216935156545,104.3657,38.42152568148403,2,R,LL,quad
3062,-55.0522,0.0678541009455022,2.5747352868878277,13.53359738603696,0.0941393109814855,0.0891680190514835,115.0522,38.70338634493319,2,R,LL,quad
3063,-43.05200000000001,0.1041827121786492,5.510966669227322,24.039272227434918,0.0815804134237969,0.1653937919657118,91.052,39.25536347752112,2,R,LL,quad
3064,-43.05200000000001,0.1021353072128458,6.719346418950159,28.51874807948804,0.0619359162096289,0.1530999738255572,91.052,40.54394511252218,2,R,LL,quad
3065,-55.0522,0.0552332163620859,2.2544014344463124,16.157133435528316,0.0879186356479308,0.07291513935169,115.0522,41.9588148220361,2,R,LL,quad
3066,-55.0522,0.0912147786835823,3.0955876343869897,14.712501877900898,0.1365274895207132,0.1554779213433523,115.0522,42.56614456677456,2,R,LL,quad
3067,-55.0522,0.0934820034970635,3.262548782801037,15.1779263524386,0.1265014679284283,0.1518301766547884,115.0522,43.657986867064494,2,R,LL,quad
3068,-61.0561,0.091237601827802,2.45145340678894,11.104276782510416,0.1643134277832868,0.148184308228574,127.0561,46.97320775245751,2,R,LL,quad
3069,-61.0561,0.0672672396355226,2.0377612049522864,13.824636326861135,0.1414534989289348,0.1060406795955911,127.0561,49.38345485855079,2,R,LL,quad
3070,-55.0522,0.0815230057176845,2.8246014900600542,16.926203361112005,0.1493030265425822,0.1551426886011011,115.0522,50.15765485855079,2,R,LL,quad
3071,,,,,,,139.0634,52.71588774326452,2,R,LL,quad
3072,,,,,,,139.0634,54.13203509298968,2,R,LL,quad
3073,,,,,,,139.0634,55.92152331719147,2,R,LL,quad
3074,,,,,,,139.0634,57.83191739541903,2,R,LL,quad
3075,0.0,0.152356105425847,26.81101691808761,71.37079777191062,0.0199090712117046,0.1963675876033123,0.0,0.643331687079068,0,L,LL,quad
3076,-7.0518,0.1278985090568775,20.783277586243337,64.53217684021355,0.019435091804902,0.1485956693917871,19.0518,1.4444610400575382,1,L,LL,quad
3077,-1.0568,0.1393288496109231,31.19953140141908,82.70685860570654,0.017825035424114,0.2045898061869901,7.0568,2.123983930131632,1,L,LL,quad
3078,-1.0568,0.1038533881600867,13.34172475878929,52.8093010873168,0.0283149304467621,0.1389738196495673,7.0568,4.1225293629580655,1,L,LL,quad
3079,-7.0518,0.1166871741203426,11.46957420653782,34.773569514320286,0.0358241695657332,0.1511572372371329,19.0518,5.371970134245501,1,L,LL,quad
3080,-7.0518,0.0934384139881959,8.85361376319277,33.512094564443984,0.0384052741931345,0.1250883777449535,19.0518,7.026842687041567,1,L,LL,quad
3081,-7.0518,0.0979174727358968,9.445804262994448,36.12509347305634,0.0382201431079781,0.1328118324310232,19.0518,8.340776098882534,1,L,LL,quad
3082,-7.0518,0.0868875008903696,9.854608929974964,44.92668177394184,0.0305158937408024,0.1106295145028261,19.0518,9.073329915322834,1,L,LL,quad
3083,-7.0518,0.1137412191761834,12.247014401315752,45.71510560619937,0.0352122763000042,0.1586462633985703,19.0518,10.545402619546918,1,L,LL,quad
3084,-13.0491,0.1383326673632578,15.483398793252784,44.78659852287752,0.0302443374841082,0.1722724750618063,31.0491,11.889936597228507,1,L,LL,quad
3085,-7.0518,0.1231609844947547,10.569934485310112,34.60916785401444,0.0506878224237831,0.1970976506605054,19.0518,13.923292857208546,1,L,LL,quad
3086,-13.0491,0.1087727807062414,11.678816318795349,43.77959721431498,0.033107781771023,0.1422441551050393,31.0491,15.040617329059174,1,L,LL,quad
3087,-13.0491,0.1576586946122416,15.28606044701566,41.5922764386404,0.0414477609468457,0.2330784735393323,31.0491,16.517039883475526,1,L,LL,quad
3088,-19.0486,0.1150665392964295,9.517659107570546,33.6391045042992,0.0449096085355489,0.1572443078641708,43.0486,18.24721407666971,1,L,LL,quad
3089,-31.0573,0.1108830156239282,4.643962626450511,14.71964839047058,0.0827754296603549,0.141415065099775,67.0573,20.13368514182229,2,L,LL,quad
3090,-31.0573,0.1534691077644056,12.52306694071879,31.548847212197423,0.0391634628387294,0.1804252456919776,67.0573,20.978698995259023,2,L,LL,quad
3091,,,,,,,139.0647,23.333261437464756,2,L,LL,quad
3092,-37.052800000000005,0.1333379382105026,8.579061456250349,24.92061409549176,0.0552195867547224,0.1742763474330636,79.0528,23.44952302957496,2,L,LL,quad
3093,-37.052800000000005,0.0915742182329693,5.435536891576254,24.94921902721065,0.0684018934289271,0.1367779496938216,79.0528,24.844662134897437,2,L,LL,quad
3094,-43.052400000000006,0.0867467266140426,4.515827578453093,23.386008245060903,0.0840999769473425,0.1397136202986617,91.0524,27.04092784123866,2,L,LL,quad
3095,-19.0486,0.0786041670123964,8.1664807257628,48.42363721979234,0.0485611452933403,0.1458912953421915,43.0486,27.88310789799044,2,L,LL,quad
3096,-50.3661,0.0877675360772542,4.323345214489459,19.679881216186494,0.0751772170933152,0.1195670950510923,104.3661,31.25691356572925,2,L,LL,quad
3097,-55.0525,0.094718235680578,3.4427199630311534,14.72215707509284,0.1135535347812177,0.1438162213245066,115.0525,32.18133550528122,2,L,LL,quad
3098,-55.0525,0.0565197557367324,2.2879112378149538,17.723307860744722,0.0993354021216507,0.0836081750051018,115.0525,33.093438404493256,2,L,LL,quad
3099,-55.0525,0.1045283850893546,3.539381807564064,14.473852297583989,0.1380872013584288,0.1797986225079981,115.0525,35.4391142877692,2,L,LL,quad
3100,-55.0525,0.081419863731199,2.868127079149056,16.875083486703513,0.1440427925622074,0.1519831496420356,115.0525,37.1257843944932,2,L,LL,quad
3101,-61.0583,0.0536992904758248,2.0758782224458137,16.130220603805302,0.0975752731708894,0.0745155938225418,127.0583,39.29765338311536,2,L,LL,quad
3102,-37.052800000000005,0.0466589195396618,1291428.326924085,1160.9140033097883,0.0023245758901907,1104.3825997906054,79.0528,39.53494944819019,2,L,LL,quad
3103,,,,,,,139.0647,42.1341955162962,2,L,LL,quad
3104,,,,,,,139.0647,44.56310127473793,2,L,LL,quad
3105,,,,,,,151.0575,45.79845858150147,2,L,LL,quad
3106,,,,,,,151.0575,46.98053856716235,2,L,LL,quad
3107,,,,,,,151.0575,48.89780890813396,2,L,LL,quad
3108,-7.0518,0.1147639036027947,9.182361214864155,21.31933959202374,0.0775835867785059,0.2620775045054287,19.0518,3.175592388969163,1,R,LL,quad
3109,-13.0491,0.1013221308311888,11.913809674326776,46.842524249860666,0.0294840617053151,0.1292240914483688,31.0491,3.832180775098557,1,R,LL,quad
3110,-7.0518,0.1076443742112499,16.866618802172134,60.915994981868,0.0229726836960934,0.1425427984354862,19.0518,4.463592963437604,1,R,LL,quad
3111,-13.0491,0.0207733058341064,1.572784881442839,13.56332466429334,0.0576595037330391,0.0333615134359447,31.0491,5.202507128419473,1,R,LL,quad
3112,-13.0491,0.1134178064233464,17.1179924671349,58.72629248085758,0.0239924592672269,0.1510890933767723,31.0491,5.863562965697987,1,R,LL,quad
3113,-19.0486,0.1457785615738167,26.392879987489447,65.63740140987181,0.0210135426859832,0.204028848082151,43.0486,8.012027111983606,1,R,LL,quad
3114,-19.0486,0.1052105474351363,8.321807131188097,30.510029398109896,0.0448634358997128,0.1373458987552714,43.0486,12.307139335625328,1,R,LL,quad
3115,-19.0486,0.1405140446837365,12.143510756935948,32.8840386069928,0.0402570243223263,0.1798421351245727,43.0486,13.93130043481296,1,R,LL,quad
3116,-19.0486,0.1214903055043083,11.862897266001433,40.67673544257487,0.0375194998446999,0.1637394502179881,43.0486,15.496635628978568,1,R,LL,quad
3117,-25.0471,0.1186947448075746,9.37367444959053,32.79649930420818,0.0420880108208818,0.1451355439069527,55.0471,16.853180444767016,2,R,LL,quad
3118,-31.0573,0.1430230566354472,10.564607717897156,30.46536895959665,0.0505318422030247,0.1963921049497168,67.0573,19.375553954609035,2,R,LL,quad
3119,-50.3661,0.1006755279662068,5.609347409716591,22.24174540099696,0.0583353913203514,0.1203787895617562,104.3661,23.651930043272785,2,R,LL,quad
3120,-50.3661,0.0882061003355149,4.482630763532357,20.868607484186334,0.0720527207722602,0.1188198145418337,104.3661,24.526720126549908,2,R,LL,quad
3121,-43.052400000000006,0.0967982204825762,4.786763886305689,21.93369073049269,0.0864050745159913,0.1521551908107936,91.0524,25.36295788281525,2,R,LL,quad
3122,-50.3661,0.0933204338869168,3.937705257990685,17.969538471143537,0.1038352382764482,0.1504158102538138,104.3661,27.093664920490745,2,R,LL,quad
3123,-25.0471,0.0553016885448586,29.474808044160003,97.97312428622216,0.0199600081953032,0.21642988006506,55.0471,27.8627504145489,2,R,LL,quad
3124,-55.0525,0.0831174610411437,2.847592004486009,14.236659846560617,0.1282181498877957,0.1343175584768019,115.0525,29.825524586440388,2,R,LL,quad
3125,-61.0583,0.0641442763456523,1.6644037510711869,11.403013943048467,0.1977495101555572,0.1210820096097177,127.0583,31.376381851827084,2,R,LL,quad
3126,,,,,,,139.0647,33.053636583727815,2,R,LL,quad
3127,,,,,,,151.0575,34.84026987996519,2,R,LL,quad
3128,,,,,,,151.0575,35.404319368662776,2,R,LL,quad
3129,,,,,,,151.0575,37.797635095643486,2,R,LL,quad
3130,-1.0536000000000003,0.1150648617261776,10.70118599239237,35.62716589240699,0.0451703460283409,0.1778241936245506,7.0536,2.2148502138544446,1,L,LH,quad
3131,-7.048200000000001,0.1299305669518019,10.127276268025083,27.31660268601634,0.0519606983509124,0.1935856472901165,19.0482,4.529261659629815,1,L,LH,quad
3132,-7.048200000000001,0.1313074776306582,11.115796028714684,28.393208311187404,0.0513666507090872,0.210052249175402,19.0482,5.9020625897612975,1,L,LH,quad
3133,-7.048200000000001,0.0918809887090597,7.511747651623464,32.3585545354875,0.0494303635848129,0.1365967331605206,19.0482,7.813264446604265,1,L,LH,quad
3134,-13.051100000000002,0.1059742893015424,8.150096324236701,24.5222130646818,0.0611768291310482,0.183423604208126,31.0511,8.052164678709635,1,L,LH,quad
3135,-19.0484,0.2076658888592462,15.31459080943334,22.48352669073925,0.0477558750543037,0.269052928046716,43.0484,10.001004010564252,1,L,LH,quad
3136,-19.0484,0.193146387845443,14.239987667685067,23.62098793391348,0.0495245722671987,0.2594393601682105,43.0484,12.335704445063737,1,L,LH,quad
3137,-25.05,0.2187674754532373,18.095369279876785,33.36546369376536,0.0433540792461566,0.2886043917649897,55.05,15.924151053324271,2,L,LH,quad
3138,-37.051,0.0704199043772498,4.127260270250203,23.79627061273124,0.0705757610715584,0.1071575918522176,79.051,19.467791988405985,2,L,LH,quad
3139,-55.0495,0.0390730899717062,1.2800348960433408,11.681376284754329,0.1342352696269335,0.0632111900993236,115.0495,23.694932252932105,2,L,LH,quad
3140,-49.050700000000006,0.0111137531643142,1.5487664533578034,44.6421667220016,0.0351816664151869,0.0200450829441607,103.0507,24.42948582563949,2,L,LH,quad
3141,-49.050700000000006,0.0591056227836957,2.9197453996505027,22.886356502700327,0.0914765201060909,0.0982562389077972,103.0507,26.419423768170017,2,L,LH,quad
3142,-55.0495,0.1071646235651913,3.766861433822135,15.718521783888448,0.1305943728745502,0.180971267035324,115.0495,30.3316716809833,2,L,LH,quad
3143,-55.0495,0.0949999024452587,3.302531124169588,16.307343508467646,0.1466038612978934,0.1781139136460327,115.0495,31.8484716809833,2,L,LH,quad
3144,,,,,,,151.0503,33.64558692499972,2,L,LH,quad
3145,-55.0495,0.0934496174702049,3.1833293295167486,17.364189230587,0.1670994343508127,0.1956870419930466,115.0495,36.854983626016505,2,L,LH,quad
3146,-61.0488,0.0768128383249096,2.023575659473833,13.811977830672808,0.2344587220163743,0.1745385478637559,127.0488,40.032188691578654,2,L,LH,quad
3147,,,,,,,139.052,42.07570189610077,2,L,LH,quad
3148,,,,,,,151.0503,43.12999107924429,2,L,LH,quad
3149,,,,,,,151.0503,45.34512850320743,2,L,LH,quad
3150,,,,,,,151.0503,46.98802181900191,2,L,LH,quad
3151,,,,,,,163.0503,47.84706376954779,2,L,LH,quad
3152,-13.051100000000002,0.1545061880077142,11.68924625380444,27.09851895685454,0.0592385933878492,0.254739776644905,31.0511,7.011927224312712,1,R,LH,quad
3153,-13.051100000000002,0.2434880485606373,20.554308111550007,33.32614309602364,0.0458711186437943,0.3468548022338439,31.0511,8.359948778094813,1,R,LH,quad
3154,-13.051100000000002,0.2511388281035806,23.290006277204387,36.64966341166304,0.039522282341042,0.3386235357112021,31.0511,9.305939892013692,1,R,LH,quad
3155,-31.051100000000005,0.1198351847999906,7.755572166397508,23.49752521144407,0.0548869601105784,0.156598839632859,67.0511,13.259988090768436,1,R,LH,quad
3156,-37.051,0.1660256415099876,10.719280468795263,26.738193157531136,0.054370101595812,0.2144032167749094,79.051,19.01358198302445,2,R,LH,quad
3157,-37.051,0.2136287074446983,12.043977258970363,19.89214188194459,0.0639564929916558,0.2833740560270263,79.051,17.907935003435203,2,R,LH,quad
3158,-55.0495,0.0917421645247395,3.2714015527773803,13.552505753369667,0.1147406475802454,0.1380882323278027,115.0495,20.71867456251524,2,R,LH,quad
3159,-43.051100000000005,0.1469727890932205,8.104149935776363,23.02762566066441,0.072911930826467,0.2173759958729555,91.0511,21.651629897597072,2,R,LH,quad
3160,-49.050700000000006,0.1819856837008465,8.395483582104076,17.113877702854765,0.076568197388545,0.2364828537485547,103.0507,23.3017144638988,2,R,LH,quad
3161,-49.050700000000006,0.1633980662095087,7.810750521803145,19.59317704926752,0.0764422396349118,0.2196502426147106,103.0507,24.48910495430668,2,R,LH,quad
3162,-49.050700000000006,0.1330945822925098,5.586695755156253,17.955169230647527,0.1036450727407732,0.2130145159569362,103.0507,27.10391522735857,2,R,LH,quad
3163,-55.0495,0.1676136056735471,5.861974517412986,14.107030669998103,0.1177007296472713,0.2538216128473873,115.0495,28.269585967356875,2,R,LH,quad
3164,-55.0495,0.1691933667301108,5.930593261309384,14.06469601819053,0.1198050542971254,0.2613838786863825,115.0495,29.78251656312669,2,R,LH,quad
3165,-55.0495,0.1970467208017409,7.197301671988187,14.70345377789734,0.1099998134659733,0.2912508309801869,115.0495,31.688882227561542,2,R,LH,quad
3166,-55.0495,0.1642377577687228,5.826667053855278,16.020502348919162,0.1281270420493143,0.2746417265497008,115.0495,33.744550930802376,2,R,LH,quad
3167,-61.0488,0.1906334767265328,5.061903441645621,10.653977875528616,0.1714619179665308,0.3192912756798124,127.0488,35.6050272755483,2,R,LH,quad
3168,-61.0488,0.150741823146299,4.108069721192314,11.258993454864498,0.162410271708143,0.2454464848455619,127.0488,37.80387989548488,2,R,LH,quad
3169,-61.0488,0.1309185887967611,3.892725888032296,12.92865638544322,0.1386648478458732,0.1985755256568396,127.0488,39.19935698513112,2,R,LH,quad
3170,-61.0488,0.1871754567512535,4.9116149483278,10.945919336986348,0.1870759150597994,0.338024133943717,127.0488,41.69349625890466,2,R,LH,quad
3171,,,,,,,139.052,44.47272245152964,2,R,LH,quad
3172,,,,,,,139.052,46.58102691420173,2,R,LH,quad
3173,,,,,,,151.0503,48.86328811741318,2,R,LH,quad
3174,,,,,,,151.0503,51.70546864547914,2,R,LH,quad
3175,,,,,,,163.0503,54.31639905368921,2,R,LH,quad
3176,-1.0518999999999998,0.1017339762922099,12.460839826212496,50.33170380064052,0.0292569541126545,0.1341164169159399,7.0519,1.765999478606806,0,L,LH,quad
3177,-1.0518999999999998,0.0813139352275494,6.863025068245001,25.576010878181712,0.0690701194428712,0.1743858772259176,7.0519,4.261244625603547,0,L,LH,quad
3178,-7.0473,0.0914639121339937,7.939070620608617,32.58661184057764,0.043934468232807,0.1283159245400505,19.0473,5.505133355230306,0,L,LH,quad
3179,-13.047999999999998,0.1330329777385168,11.078417340269969,26.75811521708644,0.0471759235221603,0.1922665132509183,31.048,7.524126034555994,0,L,LH,quad
3180,0.0,0.1526105166291056,12.92040488508733,39.94909833651859,0.0581454578860477,0.2763741604167699,0.0,8.872841270635128,0,L,LH,quad
3181,-19.048,0.1275926751527986,9.85966797595197,28.106068138065705,0.0466101776154487,0.1690629980957462,43.048,11.357441670708592,1,L,LH,quad
3182,-13.047999999999998,0.1917725546601305,15.921325272946076,33.68567889896647,0.0513348032980437,0.3006745263033247,31.048,13.787575961477824,1,L,LH,quad
3183,-25.0471,0.1534861046100388,9.595665645625605,20.045579068341,0.0602315008059421,0.2126200959065703,55.0471,17.540439946015603,1,L,LH,quad
3184,-25.0471,0.1249504766036888,8.619578434737686,25.63382868198433,0.059469150555007,0.1885746364815646,55.0471,18.694844608167504,1,L,LH,quad
3185,-31.0523,0.1320282580091033,9.002589253029178,28.09454061018868,0.0567182065772968,0.1878431852201725,67.0523,22.949964202824248,2,L,LH,quad
3186,-31.0523,0.1204131946525238,7.115987108117944,23.83140137796315,0.0801096094076988,0.2097129671446567,67.0523,25.73375206682308,2,L,LH,quad
3187,,,,,,,139.0536,27.435564511234237,2,L,LH,quad
3188,-43.0504,0.1335575521541872,7.038473407582762,22.373766926727416,0.076655265067327,0.1984842186262359,91.0504,29.29590004244213,2,L,LH,quad
3189,-43.0504,0.1084798198065973,5.554887434444554,21.974115596110725,0.0835787057284296,0.1707954993398093,91.0504,33.26035815489713,2,L,LH,quad
3190,-43.0504,0.1257988848208234,6.449413159101946,21.90547200352369,0.0829209120765856,0.1967386957130315,91.0504,35.38733932366494,2,L,LH,quad
3191,-49.0491,0.1326435858339449,6.231641764110681,20.911508686528176,0.0899782284589096,0.2062744489754004,103.0491,39.46458717261216,2,L,LH,quad
3192,-55.0476,0.1154506899975334,4.696517945156155,16.93340290284931,0.0958162884811556,0.1655468221060457,115.0476,40.90193530822542,2,L,LH,quad
3193,-55.0476,0.1236003936977026,4.158478252344552,15.104509143570535,0.1472726638961098,0.2253004686876045,115.0476,43.30923950751071,2,L,LH,quad
3194,,,,,,,139.0536,45.98637359018309,2,L,LH,quad
3195,-61.0491,0.0661323331309322,2.4856345715637262,16.415217397480337,0.1098199452778126,0.1004208797527486,127.0491,48.5654301428396,2,L,LH,quad
3196,-61.0491,0.0992344844979335,2.756189428943689,12.710292450759855,0.1693447719898479,0.171706357125556,127.0491,50.74852067160115,2,L,LH,quad
3197,,,,,,,139.0536,53.96329920854564,2,L,LH,quad
3198,,,,,,,139.0536,56.00465920854565,2,L,LH,quad
3199,,,,,,,167.8576,58.74468599205448,2,L,LH,quad
3200,,,,,,,151.0496,59.716985609258906,2,L,LH,quad
3201,,,,,,,167.8576,61.68172269280416,2,L,LH,quad
3202,,,,,,,167.8576,62.31838329518865,2,L,LH,quad
3203,,,,,,,151.0496,65.32870922967255,2,L,LH,quad
3204,,,,,,,167.8576,66.57799798271665,2,L,LH,quad
3205,,,,,,,163.0496,67.78246317423313,2,L,LH,quad
3206,,,,,,,167.8576,69.9764507120617,2,L,LH,quad
3207,-13.047999999999998,0.1473603606505626,8.938947998167995,20.688811059181663,0.0736233336614087,0.2421070339951396,31.048,7.828289045150404,1,R,LH,quad
3208,-19.048,0.3279729067138758,34.828568916387795,41.43615180432501,0.0319904330646594,0.4098842846215086,43.048,9.47104112471489,1,R,LH,quad
3209,-19.048,0.2547721123731151,20.479915467834417,29.3318339901972,0.0431959256515211,0.3254441451346892,43.048,10.714278486079042,1,R,LH,quad
3210,-25.0471,0.2674713741434571,17.98033699975852,23.56718902792024,0.0565948024528763,0.3743517724629517,55.0471,14.468772117420356,1,R,LH,quad
3211,-25.0471,0.1780844662906586,10.915125376770462,20.26124029107998,0.0711176732980357,0.2855694771694481,55.0471,15.323882437145247,1,R,LH,quad
3212,-31.0523,0.2661025693638688,18.923577575386886,28.09119171267773,0.0498567468566195,0.3470824867826543,67.0523,16.768092910037712,2,R,LH,quad
3213,-31.0523,0.1970793488433336,13.58882150791844,27.68454330895311,0.0542834355938027,0.2713655035316681,67.0523,17.677427221048934,2,R,LH,quad
3214,-31.0523,0.1155237787749783,5.6800274291497495,19.577812480353582,0.0810777777045899,0.1694173122283061,67.0523,19.26354550179789,2,R,LH,quad
3215,-43.0504,0.2667759514979417,13.138677997060114,17.66014457277153,0.0755216471428444,0.3650300690785705,91.0504,20.73150380518453,2,R,LH,quad
3216,-31.0523,0.2307829268041478,16.710640796251383,31.089687331538084,0.054885504384219,0.3374087039406419,67.0523,22.032995767892466,2,R,LH,quad
3217,-37.0496,0.2003491388688255,12.3158542994024,24.71374998114272,0.0528022088979887,0.2392335866965223,79.0496,24.518547647469376,2,R,LH,quad
3218,-37.0496,0.198830026500108,11.719182319784236,25.695346950696383,0.0730534296740739,0.3149513242051632,79.0496,26.152154684316294,2,R,LH,quad
3219,-49.0491,0.1719396335927726,8.32892880481714,19.472066995681296,0.0788688284699288,0.2416573772329398,103.0491,28.101970862803533,2,R,LH,quad
3220,-43.0504,0.2268175501821009,11.679031250339383,22.177155987807605,0.0819860352584623,0.3522509909937523,91.0504,30.675880995268592,2,R,LH,quad
3221,-49.0491,0.1516766331387238,8.21442365365036,22.95961544444075,0.0671105132115445,0.2028024398949228,103.0491,33.907175172325964,2,R,LH,quad
3222,-55.0476,0.2679917911986267,9.626169961688214,11.96707867154375,0.09585353353308,0.3394432451990732,115.0476,35.61741824950812,2,R,LH,quad
3223,-61.0491,0.1809274838303928,5.148260261318819,9.900054134482522,0.1259513626925456,0.2385442115016351,127.0491,39.261057837484,2,R,LH,quad
3224,-61.0491,0.2159023806074478,13.835240387182946,23.838104244202224,0.0657147708712535,0.3344685022994254,127.0491,43.77825470199758,2,R,LH,quad
3225,0.0,0.1435408455422335,18.226011923758826,51.11169026973263,0.0281662471436728,0.1888539852319633,0.0,1.1031580519227993,0,L,LH,quad
3226,-13.05,0.1126457129408826,8.173854364798652,25.368625100975947,0.0519379465836428,0.156177040561703,31.05,1.4559038431466236,1,L,LH,quad
3227,-7.0503,0.0880882896455742,7.470440618135672,26.617829957690255,0.0466110545268856,0.128097503116215,19.0503,2.3310575256410084,1,L,LH,quad
3228,-1.0519999999999996,0.1058281469325036,9.98092437801806,36.19476518667055,0.0414067186551908,0.1520362323407836,7.052,4.696541568112046,1,L,LH,quad
3229,-1.0519999999999996,0.1389862445097043,17.128459224571767,49.49764981105302,0.0286113410555344,0.1802860113691195,7.052,5.681250072619818,1,L,LH,quad
3230,-1.0519999999999996,0.1169243371912695,14.23547077828814,50.98917713080249,0.0294890365345422,0.1544322275462219,7.052,7.389004827826435,1,L,LH,quad
3231,-19.0499,0.1164237649848145,9.23833452602435,28.39131892704979,0.0468144806147603,0.1591033821634341,43.0499,8.454224540527347,1,L,LH,quad
3232,-1.0519999999999996,0.1558198456564971,17.271116953162064,45.69543310211101,0.034002829573802,0.2160433992381451,7.052,8.768612780129276,1,L,LH,quad
3233,-7.0503,0.0319297971139116,2.50958274984402,14.34223974778126,0.0765925725744555,0.0707120935315209,19.0503,10.739484402732453,1,L,LH,quad
3234,-19.0499,0.1520649452124886,10.960919112869288,26.218321976475664,0.0534519941537082,0.2155343048709879,43.0499,12.532557379332747,1,L,LH,quad
3235,-13.05,0.1464245302826518,11.336126419007492,29.868499239116105,0.0461645953441242,0.1925214977432947,31.05,13.89275753004587,1,L,LH,quad
3236,-13.05,0.1770496256961071,16.560806146570417,36.37355870369281,0.0385672990994302,0.2349666459509601,31.05,14.716317808807853,1,L,LH,quad
3237,-49.052400000000006,0.1121741388785024,4.792444243657847,14.842752624843248,0.0856383161440571,0.1509839233534504,103.0524,16.511585771601048,1,L,LH,quad
3238,-13.05,0.2285398996629135,16.979305795178284,32.40202169164645,0.0489725963538026,0.3058993664194213,31.05,18.72944172560485,1,L,LH,quad
3239,-19.0499,0.1875264883591874,19.18787138108565,43.14302029155249,0.0368415122866843,0.2600577290553877,43.0499,20.753135123994333,1,L,LH,quad
3240,-25.0472,0.1895379383875767,14.37085209922182,31.174274618212657,0.0503578722004518,0.2662290296199548,55.0472,23.987613832552903,1,L,LH,quad
3241,-31.054599999999997,0.1584047326064936,11.94690492508152,30.291770837603973,0.0493986183659842,0.2171079506437171,67.0546,25.687485083097755,2,L,LH,quad
3242,-31.054599999999997,0.1468607290592025,15.336953197463233,41.18107487170818,0.0336338157251744,0.1897670257103272,67.0546,26.18908942159893,2,L,LH,quad
3243,-49.052400000000006,0.0908282615434547,3.893359729023706,17.580846779014337,0.0806171181578219,0.1154668504271828,103.0524,29.962112377784607,2,L,LH,quad
3244,-43.05200000000001,0.1414714519558875,7.663485216915945,22.610604787231185,0.0727094058851659,0.204985167946174,91.052,32.48657504739832,2,L,LH,quad
3245,-49.052400000000006,0.094477354747151,5.162410217595387,24.227469757286997,0.0731153196131162,0.1388565633930149,103.0524,33.95073509719145,2,L,LH,quad
3246,-43.05200000000001,0.1362327967895717,7.393522754656074,23.89339152979826,0.0790183314923526,0.2149239368071168,91.052,36.072352014273584,2,L,LH,quad
3247,-49.052400000000006,0.1685082672014844,7.740191969928128,19.060486410908183,0.084228980538326,0.2398384420527743,103.0524,38.40961297945884,2,L,LH,quad
3248,,,,,,,151.0521,40.425761847492375,2,L,LH,quad
3249,-61.0499,0.0819198255997154,2.4697418594216565,14.607401646381907,0.1598801113822023,0.1452618339406932,127.0499,44.65460699054056,2,L,LH,quad
3250,-55.048100000000005,0.1249069365208112,4.364977424867015,16.142967943088895,0.1389561992061579,0.2231338436765559,115.0481,46.848902156946586,2,L,LH,quad
3251,-55.048100000000005,0.0944601511716567,3.034230791809758,17.07902138421617,0.2132265719105981,0.2380101368995787,115.0481,48.4310683698653,2,L,LH,quad
3252,,,,,,,139.055,49.52365697603297,2,L,LH,quad
3253,-61.0499,0.1141776828646724,3.155532853672056,11.803807848608008,0.1606579239402396,0.1865006607808439,127.0499,50.60604346892726,2,L,LH,quad
3254,-61.0499,0.0926214027419341,3.2227959172865464,14.542309577976518,0.1099794075769275,0.1303916253324779,127.0499,52.980141561164125,2,L,LH,quad
3255,-61.0499,0.0927246516103543,3.270312063669181,16.194575828927075,0.1263748821292306,0.152039165786676,127.0499,55.58497705350119,2,L,LH,quad
3256,,,,,,,139.055,57.150792128789455,2,L,LH,quad
3257,,,,,,,139.055,58.93817162436391,2,L,LH,quad
3258,,,,,,,151.0521,61.013980775897565,2,L,LH,quad
3259,,,,,,,151.0521,62.35981950742168,2,L,LH,quad
3260,,,,,,,163.0528,68.33841868373352,2,L,LH,quad
3261,0.0,0.1476359356913159,14.465573053929823,34.426981160268305,0.0405299209452071,0.2156834976288138,0.0,5.058257562280565,0,R,LH,quad
3262,-7.0503,0.2008454430911828,19.845756149766387,39.81867249204688,0.0390528460270127,0.2851188022861569,19.0503,7.839595701524015,1,R,LH,quad
3263,-7.0503,0.2402887696748772,24.60636756794089,42.40005885220052,0.0340983048506163,0.3086638823883851,19.0503,8.644310657269216,1,R,LH,quad
3264,-7.0503,0.1859580632429343,17.050849216078735,34.75179485206376,0.0425416896371716,0.2668494222366324,19.0503,10.162484473513269,1,R,LH,quad
3265,-19.0499,0.2399088696479986,22.378763623540276,35.25048122746407,0.0333279786522677,0.2743788184510294,43.0499,11.805924334014737,1,R,LH,quad
3266,-13.05,0.1348850617859382,12.720556604842578,36.021438322830925,0.0360606256106909,0.1687504306891045,31.05,13.348135545068304,1,R,LH,quad
3267,,,,,,,31.05,14.208075130155535,1,R,LH,quad
3268,-13.05,0.2603618114091126,22.588676452461613,32.58090779814384,0.0434248250479313,0.3608563735896856,31.05,14.643620086214304,1,R,LH,quad
3269,-19.0499,0.0569691743514749,3.5880465584670582,6.601170145256365,0.2235408673218945,0.2950669173717538,43.0499,14.99435606512152,1,R,LH,quad
3270,-13.05,0.1953155262315469,15.396997756077935,26.007180206793095,0.0435218972010012,0.2465184244431141,31.05,16.088607403202484,1,R,LH,quad
3271,-13.05,0.304807231700947,26.7555586696133,35.392427362991654,0.0444805618275561,0.437814162304573,31.05,18.763664524087943,1,R,LH,quad
3272,-19.0499,0.2571785638881665,61.75635736200101,78.71937088782974,0.0188165855604091,0.4274920172129627,43.0499,20.20392963276605,1,R,LH,quad
3273,-19.0499,0.2881513899033511,47.27829682998448,61.53319616961941,0.0233194970622009,0.4055893294396499,43.0499,21.192567109164575,1,R,LH,quad
3274,-25.0472,0.2913048959413465,22.252162798197148,29.17643900762777,0.0483677491072814,0.3959438701496647,55.0472,22.07058733956932,1,R,LH,quad
3275,-31.054599999999997,0.2115930668537024,13.305202869465898,19.783070749079965,0.0544983361781495,0.2667535835714606,67.0546,23.16980756997406,1,R,LH,quad
3276,-31.054599999999997,0.2341693626283268,14.986253463619557,20.251401723647152,0.0531229777228446,0.292874123853475,67.0546,23.645259322828245,1,R,LH,quad
3277,-25.0472,0.2360613585232926,16.867552973012927,26.79532655319569,0.0536057663910603,0.3326358933035073,55.0472,24.3141667025899,1,R,LH,quad
3278,-25.0472,0.2160231047268409,16.004867789939563,27.372976841684217,0.04821496793139,0.2838830687675692,55.0472,25.390905508928224,2,R,LH,quad
3279,-25.0472,0.2174589619893988,15.371579410774608,27.993448206715165,0.0556526576178315,0.3147095481553141,55.0472,26.88154527527012,2,R,LH,quad
3280,-31.054599999999997,0.2283760407197969,16.065073844128985,28.620802441763395,0.0531617368852116,0.3141864172440237,67.0546,28.18888599029501,2,R,LH,quad
3281,-37.0518,0.1895874035163316,86.34370424029568,98.3122979767777,0.0164209035255401,0.5215947892244207,79.0518,29.71597776399411,2,R,LH,quad
3282,,,,,,,151.0521,30.76767325920005,2,R,LH,quad
3283,-37.0518,0.1468554918285635,8.74666918194423,24.963361237320303,0.0652696759914055,0.2100195268689789,79.0518,31.64213224909037,2,R,LH,quad
3284,-37.0518,0.159012767409596,8.869036156802451,22.065173783308605,0.0736590769549052,0.2403301269022892,79.0518,33.588621654514,2,R,LH,quad
3285,-43.05200000000001,0.1594782553536192,7.720439191612906,19.35485091149146,0.0847991148115632,0.2408456704345507,91.052,35.12829220665341,2,R,LH,quad
3286,-49.052400000000006,0.1272862679898791,5.764572469856206,17.14586035374596,0.0795111027721384,0.1686166273450783,103.0524,36.24847047885581,2,R,LH,quad
3287,-43.05200000000001,0.1478563538403018,7.68286806203327,23.37977555301332,0.0848291803572436,0.2397585834080289,91.052,37.73468959972416,2,R,LH,quad
3288,-61.0499,0.0562005755823,2.45289733448086,17.62733579074147,0.0818911489702203,0.073896157095859,127.0499,38.50741142213059,2,R,LH,quad
3289,-43.05200000000001,0.1254451465645206,6.603688778424993,23.10733669387609,0.0835608546543922,0.2029995096239248,91.052,40.30417042337158,2,R,LH,quad
3290,-43.05200000000001,0.2059077409736378,9.603703558809547,22.11171375017741,0.0974143525115571,0.3441654040797941,91.052,42.065862274539285,2,R,LH,quad
3291,-49.052400000000006,0.1982604641072588,8.43720070349452,18.702677679709694,0.1062146417697433,0.3296767247894653,103.0524,43.80420813691008,2,R,LH,quad
3292,-55.048100000000005,0.194291022567118,6.65590074124793,15.256252991028031,0.1377450447560556,0.3372782527170078,115.0481,46.900723244395735,2,R,LH,quad
3293,-49.052400000000006,0.2031885422690984,8.43213399292114,19.518425833289427,0.1237320053954533,0.3838177623027226,103.0524,47.44965392816361,2,R,LH,quad
3294,-61.0499,0.1929960382615714,6.220057962892116,13.239049259889116,0.1175363643953361,0.2689504052274963,127.0499,49.74166221461592,2,R,LH,quad
3295,-61.0499,0.1512203305819443,4.079066028631127,11.516602158925249,0.179503150620893,0.2693632411709928,127.0499,50.374303763994405,2,R,LH,quad
3296,-61.0499,0.1824343067951656,4.891023846389914,10.779718379543,0.1626768534086933,0.2927056204943406,127.0499,52.78288267587921,2,R,LH,quad
3297,-55.048100000000005,0.1578648734151483,5.581479527757055,17.4512650895834,0.1466673823167581,0.3011538329911755,115.0481,55.62635368456415,2,R,LH,quad
3298,-61.0499,0.1503096442777416,4.6382489509809695,13.653789657647684,0.1371822487599631,0.2340763252516795,127.0499,58.01511936653748,2,R,LH,quad
3299,-61.0499,0.1762677210937442,4.831404111662507,13.11549234507692,0.1882542642724619,0.3345982807675147,127.0499,60.73814295441972,2,R,LH,quad
3300,,,,,,,139.055,64.51327046032885,2,R,LH,quad
3301,,,,,,,139.055,66.32936038044082,2,R,LH,quad
3302,,,,,,,139.055,69.066630066702,2,R,LH,quad
3303,,,,,,,151.0521,71.30224887648816,2,R,LH,quad
3304,,,,,,,151.0521,72.19426341083329,2,R,LH,quad
3305,,,,,,,151.0521,73.68732456756683,2,R,LH,quad
3306,,,,,,,151.0521,76.07189127118032,2,R,LH,quad
3307,,,,,,,151.0521,77.07779500591546,2,R,LH,quad
3308,-1.053,0.1599295948307406,16.438347919407594,39.61598637034475,0.0342005032624594,0.2068217378202632,7.053,2.004460907996,1,L,LH,quad
3309,-13.0492,0.1468361504318677,11.50154785891124,23.043820337184627,0.0602673848300697,0.2550023340837381,31.0492,3.6795919213448096,1,L,LH,quad
3310,-7.0503,0.1361212411999345,15.39530096060977,46.53498939470648,0.0327123556145246,0.1852701785898309,19.0503,4.420640556186005,1,L,LH,quad
3311,-7.0503,0.1384069511883605,18.21892889183341,52.69737073039565,0.0263325621687876,0.1764905583630701,19.0503,5.428375565254411,1,L,LH,quad
3312,-7.0503,0.1263674179813373,15.029361964172285,46.96231820503522,0.0276024525448783,0.1526137746471401,19.0503,6.793155592464209,1,L,LH,quad
3313,-7.0503,0.2028391765903435,25.85039458521499,53.21514873377952,0.0307071455761815,0.2920196947275036,19.0503,8.576007331978621,1,L,LH,quad
3314,-13.0492,0.1593596212100448,14.7477428433475,36.373625003476526,0.0365417456777436,0.198253272585745,31.0492,10.256549827916162,1,L,LH,quad
3315,-7.0503,0.1564667315572943,20.931915343021185,54.56240748073427,0.0273298365173246,0.2104512557638458,19.0503,11.420496156423056,1,L,LH,quad
3316,-7.0503,0.2075915887080574,20.102456879949063,39.19084140844243,0.0393566033918472,0.2910531256703303,19.0503,13.936554895722296,1,L,LH,quad
3317,-7.0503,0.2554105202643987,26.56909263500581,43.419800877892285,0.0367143952946193,0.3588546851206895,19.0503,15.7103045303319,1,L,LH,quad
3318,-13.0492,0.1949534507020714,17.863844674893134,37.81445493830282,0.0416124283679524,0.2734661097784767,31.0492,18.49585770349869,1,L,LH,quad
3319,-19.0502,0.2091125559656837,16.853983548243857,31.32708404787504,0.0464466327983689,0.2879799941490239,43.0502,19.43527121592285,1,L,LH,quad
3320,-19.0502,0.2454669798264153,18.956527590764924,33.363336416605776,0.0511396138650166,0.3566331831614413,43.0502,21.26631473672069,1,L,LH,quad
3321,-19.0502,0.2183227442463219,18.31747997981416,34.62684987145078,0.046147618068803,0.310971460442938,43.0502,22.357669630980844,1,L,LH,quad
3322,-25.0482,0.2331542497200957,17.124442422463503,29.07654422082601,0.0523146843984185,0.3295684028973252,55.0482,24.91219337475108,1,L,LH,quad
3323,-25.0482,0.2436454757962503,17.97575257790491,29.490186306908463,0.0510747717752854,0.3377528594693046,55.0482,27.384051287658604,2,L,LH,quad
3324,-25.0482,0.2873493546665086,24.690807609160924,36.72514725217691,0.0456539874520915,0.4146861480546526,55.0482,29.42196880379644,2,L,LH,quad
3325,-25.0482,0.1996339627259721,15.567215074954165,33.679941066285075,0.05211645865148,0.2984635780876571,55.0482,31.42539313033498,2,L,LH,quad
3326,-31.055899999999998,0.1761025126658184,13.355173261152164,33.95886118378785,0.0550832277223847,0.2706290577798459,67.0559,34.13632208116769,2,L,LH,quad
3327,-37.05329999999999,0.1111111287090206,4.952796475836882,20.051457649545554,0.0947539009970993,0.1726446397194465,79.0533,36.21427115985298,2,L,LH,quad
3328,-43.053,0.1462337299178896,7.710362793152641,22.137392395222783,0.0788718530792261,0.2237187458056207,91.053,37.75599192131542,2,L,LH,quad
3329,-43.053,0.1827570457277918,9.636874458614386,20.864660988789836,0.0717982491590929,0.2545397266208887,91.053,38.69481144843445,2,L,LH,quad
3330,-43.053,0.1702011525738423,8.909622492195101,23.00542163659964,0.0810525556936423,0.2656632824814,91.053,40.19423358829847,2,L,LH,quad
3331,-50.3634,0.0947301593315765,5.447686574202601,24.6836158361402,0.0661324307241268,0.1325354682518112,104.3634,42.819756593412144,2,L,LH,quad
3332,-50.3634,0.1422967334643478,6.9688559331181805,21.34315353582302,0.0837338766066524,0.2146684411763329,104.3634,44.81604876300801,2,L,LH,quad
3333,-50.3634,0.1777457144233218,7.797166411345681,18.45156196388271,0.0949047610450538,0.272226451043441,104.3634,46.83375668424385,2,L,LH,quad
3334,-50.3634,0.1510594635428059,6.598298393950379,19.052511266651344,0.0990645999529317,0.2404672627846376,104.3634,48.41989102060819,2,L,LH,quad
3335,-50.3634,0.1602768265124073,7.298920051121464,21.73535099314317,0.1035902832099168,0.2781526136496428,104.3634,50.96232390478632,2,L,LH,quad
3336,-55.0474,0.098617103230259,3.315631875120606,15.60947766221218,0.1562181874204075,0.1905475717277973,115.0474,53.31513734845653,2,L,LH,quad
3337,-61.0491,0.0763007312857345,2.4141416409037846,12.547583787120764,0.1198469852290129,0.1064376749125224,127.0491,54.47829209860802,2,L,LH,quad
3338,-61.0491,0.0614772134881205,1.988920957304684,15.14663054007905,0.1421908426942196,0.1040386408835562,127.0491,55.20526381745271,2,L,LH,quad
3339,-61.0491,0.1041730104268223,2.8280265005629714,12.68870707592184,0.1837939118774103,0.1912141883117779,127.0491,56.55016149731538,2,L,LH,quad
3340,-55.0474,0.1238623834284058,4.269507492317289,16.87058253638883,0.1495575242504283,0.2349046238084907,115.0474,57.91018955549604,2,L,LH,quad
3341,-61.0491,0.1348702745345427,3.641002450446487,11.45577044306304,0.1693752999496811,0.2268697365024486,127.0491,60.05875037836414,2,L,LH,quad
3342,-61.0491,0.1148066082235741,3.1894676075101622,13.19547026049342,0.1772843284627836,0.2080147161458168,127.0491,61.48520334825959,2,L,LH,quad
3343,-61.0491,0.0941738888390509,2.58717881073971,14.75932020400824,0.2171155421537077,0.2066440367814128,127.0491,63.59498034305106,2,L,LH,quad
3344,,,,,,,139.0574,65.81532046521542,2,L,LH,quad
3345,,,,,,,139.0574,66.87217188381724,2,L,LH,quad
3346,,,,,,,139.0574,68.0309294886677,2,L,LH,quad
3347,,,,,,,151.0542,70.28493589594338,2,L,LH,quad
3348,,,,,,,139.0574,71.47442831723622,2,L,LH,quad
3349,,,,,,,139.0574,73.26725808590452,2,L,LH,quad
3350,,,,,,,151.0542,74.38055819211357,2,L,LH,quad
3351,,,,,,,151.0542,76.36972297626177,2,L,LH,quad
3352,,,,,,,151.0542,78.26572297626178,2,L,LH,quad
3353,0.0,0.1984838825219891,27.242746198310428,55.61533647846287,0.0256283002448716,0.2568480102966091,0.0,1.7416428283515102,0,R,LH,quad
3354,0.0,0.1080958454976554,10.221315138132097,29.66547292237286,0.0572473899241414,0.2152623054475138,0.0,2.954798084629284,0,R,LH,quad
3355,-7.0503,0.1947540350701475,19.58659918523649,40.57611219428971,0.0377943367041336,0.2723273638316529,19.0503,7.681914196001769,1,R,LH,quad
3356,-13.0492,0.4647740902237454,41.773678660914186,36.76695859346808,0.0427499760404048,0.6569678475487626,31.0492,8.691918197479254,1,R,LH,quad
3357,-7.0503,0.2207542830650666,19.163554385346508,32.86495209760244,0.0453616388506347,0.3197940051769299,19.0503,11.55762704031421,1,R,LH,quad
3358,-13.0492,0.2458995733369741,18.43785990822537,24.412114514349984,0.0674665066768778,0.4576192157789597,31.0492,14.010428449662305,1,R,LH,quad
3359,-19.0502,0.3863922154633988,30.54461661830647,28.48813871601437,0.0444207790576787,0.4991445890555263,43.0502,16.270582999846756,1,R,LH,quad
3360,-19.0502,0.344755040443541,25.147023208172268,25.13553723667888,0.050186775176649,0.4642815130121934,43.0502,18.42991268589701,1,R,LH,quad
3361,-25.0482,0.2729586245111123,17.6949005779289,18.83612742762356,0.066318269254779,0.4317047513902824,55.0482,19.880352685897005,1,R,LH,quad
3362,-19.0502,0.2813273379309278,23.65462765025981,34.154176862969194,0.0437855389787957,0.3810240020610707,43.0502,22.64113883621409,1,R,LH,quad
3363,-25.0482,0.2716997686316994,19.790201349871875,28.44500990758331,0.0528051015010365,0.384442694670237,55.0482,24.25710155366768,1,R,LH,quad
3364,-25.0482,0.2788606136814326,22.51646316929296,30.973065038971143,0.0430452659939824,0.3565587409732881,55.0482,25.15467200573049,1,R,LH,quad
3365,-25.0482,0.0739589097191434,3.4916534883129966,11.945089461538792,0.1525808000357122,0.195991187196471,55.0482,27.38397323948269,2,R,LH,quad
3366,-31.055899999999998,0.2771059559186719,17.437092080417226,23.528437968175364,0.0599714193048469,0.384701523463715,67.0559,30.001822493735844,2,R,LH,quad
3367,-43.053,0.3665749040506564,18.582007558549027,17.51776339611921,0.0701201152919073,0.4793367997089501,91.053,30.632242493735845,2,R,LH,quad
3368,-31.055899999999998,0.2730545765358784,18.9312353800407,29.36830669391436,0.0599594974039466,0.4175826607598405,67.0559,32.61993453200368,2,R,LH,quad
3369,-37.05329999999999,0.2317621871962676,17.756795039216083,30.838662315487507,0.0443086183292079,0.2894398387633749,79.0533,33.38864469321669,2,R,LH,quad
3370,-31.055899999999998,0.231231395545889,15.99975716370487,30.356840946832275,0.0640391455061255,0.376933240086444,67.0559,35.19657521964738,2,R,LH,quad
3371,-43.053,0.2103126366084834,12.33763172116384,23.092584067071137,0.0615998084921764,0.2795868122701332,91.053,36.10033521964737,2,R,LH,quad
3372,-43.053,0.2151522673064922,10.24299798833806,17.71691951984701,0.0852955288300278,0.3214096202509964,91.053,38.01469776238466,2,R,LH,quad
3373,-43.053,0.2653276816028953,14.352485470373024,21.27540011734524,0.0689979427409907,0.3643080567687425,91.053,38.72064339382632,2,R,LH,quad
3374,-37.05329999999999,0.2134266276312176,13.094069526406091,26.628666313225796,0.0676812615667779,0.326023275185066,79.0533,40.29021405484248,2,R,LH,quad
3375,-43.053,0.2769860878517583,14.32868193150276,22.497694187475783,0.0822591915872846,0.4336069129612357,91.053,44.68971926121498,2,R,LH,quad
3376,-50.3634,0.1624902533359062,7.193654548211113,19.2347611866428,0.09702696717862,0.2567719345492901,104.3634,46.0328459066599,2,R,LH,quad
3377,-50.3634,0.1649553891516995,7.892399040881374,20.76653527777843,0.0839338804815382,0.2436979384825125,104.3634,48.16598430932018,2,R,LH,quad
3378,-55.0474,0.1752922252188213,6.824804176126878,15.732058552718229,0.0970252485147815,0.2436017907785553,115.0474,49.88454754215499,2,R,LH,quad
3379,-55.0474,0.2244495581757405,22.356390963810178,35.30818883574221,0.0401588574829539,0.3302847810514949,115.0474,51.329143272749874,2,R,LH,quad
3380,-55.0474,0.0996160226747217,4.457998833316765,19.42085624359254,0.0892642269830335,0.1463938785084962,115.0474,54.64229763295264,2,R,LH,quad
3381,-55.0474,0.1872589697304859,6.526715623051088,15.59624087515425,0.1368320638580006,0.3285398738152922,115.0474,55.71114439542478,2,R,LH,quad
3382,,,,,,,139.0574,57.78606125531327,2,R,LH,quad
3383,,,,,,,127.0491,59.31659646196756,2,R,LH,quad
3384,-61.0491,0.1796034079580205,4.773258340256558,12.007283025454392,0.1959916828429712,0.344158182921549,127.0491,61.49598029855253,2,R,LH,quad
3385,-61.0491,0.1998893448043146,5.6534932912995,12.456755364616075,0.1573630400011579,0.3272842725985376,127.0491,63.33060701493459,2,R,LH,quad
3386,,,,,,,139.0574,65.61734928916727,2,R,LH,quad
3387,,,,,,,139.0574,71.16555101988288,2,R,LH,quad
3388,-13.0504,0.021210628104326,2.2011023081986294,30.86959664120789,0.0252071519497406,0.0204112464567886,31.0504,2.3329443005871258,1,L,LH,quad
3389,-13.0504,0.1256113002210985,13.548305188986756,47.15865224297213,0.0367762464502108,0.1832980691686784,31.0504,2.750303625869309,1,L,LH,quad
3390,-13.0504,0.1411919721327364,11.412326214826471,27.51552703045262,0.0487078703161999,0.2044931836935581,31.0504,4.027633083378946,1,L,LH,quad
3391,-13.0504,0.1576372657666511,13.01203287162969,29.986760778273094,0.0447961836699219,0.2144330320476805,31.0504,5.575647796049974,1,L,LH,quad
3392,-13.0504,0.2154014957704053,22.575891038287374,43.87625365600188,0.035428160841316,0.2942381803338909,31.0504,8.24940267063443,1,L,LH,quad
3393,-13.0504,0.2006805177314214,16.898590749779338,32.2930954726463,0.0474237423879205,0.2948165293407903,31.0504,9.925660385211987,1,L,LH,quad
3394,-25.0493,0.2137885183490703,19.476895719290876,36.41009116006592,0.0342219833791978,0.2452056275422308,55.0493,11.495513173827389,1,L,LH,quad
3395,-43.0545,0.0559941202255816,2.9477094656017315,19.655230009842704,0.0708966791080713,0.0768804801248514,91.0545,12.485718220875722,1,L,LH,quad
3396,-19.0512,0.2222656354933204,16.650890499004145,26.800570242969695,0.0579998977273886,0.3552795504503142,43.0512,13.233327510191712,1,L,LH,quad
3397,-19.0512,0.2440832841575206,21.2096804021562,37.39254231906722,0.0446730694575384,0.3485663318121947,43.0512,16.52186913142556,1,L,LH,quad
3398,-25.0493,0.1805999767563564,11.702522326098908,22.47044153824868,0.0599142264428803,0.2579377771863425,55.0493,17.522368847070428,1,L,LH,quad
3399,-31.058300000000003,0.2193658638028742,15.404588504252446,26.01707521359484,0.047522119793989,0.2693093455622976,67.0583,18.91790070285,2,L,LH,quad
3400,-37.0565,0.1748748129948001,11.41941160661348,24.1315324658448,0.0514718739939654,0.2162316317414512,79.0565,19.25007668030773,2,L,LH,quad
3401,-61.0534,0.0520631521785402,1.7044659640017732,12.539460100199282,0.1017541007979465,0.0638036864654405,127.0534,28.736652917930137,2,L,LH,quad
3402,,,,,,,139.0627,31.56499505614427,2,L,LH,quad
3403,,,,,,,139.0627,33.92309341426167,2,L,LH,quad
3404,,,,,,,151.0566,37.064310776650565,2,L,LH,quad
3405,,,,,,,151.0566,40.01162886442288,2,L,LH,quad
3406,,,,,,,151.0566,43.89416763545012,2,L,LH,quad
3407,0.0,0.4844807021888161,59.883600136995305,47.98142320003512,0.0269337282021645,0.5933485604659529,0.0,1.9312232800896216,0,R,LH,quad
3408,-13.0504,0.2645926973685359,23.320610600416124,36.86129495008238,0.037642370744161,0.3229404181017954,31.0504,9.265220177953417,1,R,LH,quad
3409,-19.0512,0.3660565677212212,33.73725294460341,39.07229465016757,0.0320719132840987,0.3980522694721489,43.0512,11.694808086967974,1,R,LH,quad
3410,-25.0493,0.2110066570379774,18.27870352007998,34.152087122925465,0.0390718553972134,0.2627331917198454,55.0493,12.508854405260122,1,R,LH,quad
3411,-25.0493,0.1616496252425353,9.636253062674154,11.510150220737094,0.1293383777016665,0.4585018835061417,55.0493,15.28730342500471,1,R,LH,quad
3412,-25.0493,0.1443088047473678,8.887321560978464,12.126951112985468,0.0967597327680246,0.3163523554698021,55.0493,16.294120384119463,1,R,LH,quad
3413,-25.0493,0.2569594770128708,19.196088846251108,32.022245450055195,0.0481514321072607,0.3400380192841112,55.0493,19.348910855858385,1,R,LH,quad
3414,-31.058300000000003,0.1773224048952576,9.857615005409386,14.861237488143187,0.0791108934684781,0.286888843673835,67.0583,20.62313028603907,1,R,LH,quad
3415,-31.058300000000003,0.2408899525791616,20.468998410122904,34.89658252886199,0.0430914161264383,0.3244836936875033,67.0583,22.024866365067314,2,R,LH,quad
3416,-37.0565,0.1762571357548667,12.38873426496307,27.583832129051117,0.0493424310489647,0.2248811215426542,79.0565,23.60964401946593,2,R,LH,quad
3417,-37.0565,0.1649644912230156,10.11376411839774,22.874239756123217,0.0568449983726307,0.2115001096767816,79.0565,24.794010418112865,2,R,LH,quad
3418,-50.3672,0.1153259183797765,4.908216227035924,16.038092401830475,0.0890119822595326,0.1607228695541618,104.3672,26.03626621067033,2,R,LH,quad
3419,-43.0545,0.1505290113418293,7.784581114936847,19.323141707420724,0.070015538496681,0.2005096134724092,91.0545,27.126259896458112,2,R,LH,quad
3420,-43.0545,0.1654347401937269,8.44432870647741,20.81293100664335,0.0779549519958567,0.2421666628010568,91.0545,29.43043750551161,2,R,LH,quad
3421,-50.3672,0.1660705318531763,7.099310566601217,17.774484479911017,0.0978167952174117,0.2554671854138471,104.3672,31.83434396631736,2,R,LH,quad
3422,-50.3672,0.1762057316010851,7.946329856225204,18.2703179012746,0.0872951956482123,0.255189293553732,104.3672,34.398390920048534,2,R,LH,quad
3423,-55.050700000000006,0.1231190485167229,4.570624117250712,15.344577850393703,0.1053793256173494,0.1771888705886369,115.0507,35.81543509852355,2,R,LH,quad
3424,-55.050700000000006,0.1751854965034734,6.260330999043589,14.75189879666379,0.1156059003437829,0.2662458300009315,115.0507,39.80366006362559,2,R,LH,quad
3425,-61.0534,0.1539181161242632,4.386011007898234,10.849381840576983,0.1326946295627649,0.2141058737390717,127.0534,41.26036464385612,2,R,LH,quad
3426,-61.0534,0.1544388904333183,4.123256845075206,9.295679752993026,0.167266234944674,0.2537196993207122,127.0534,43.1879260975077,2,R,LH,quad
3427,0.0,0.1243303965992651,14.86595241624268,44.9035500744973,0.0277101328614492,0.1515433433918765,0.0,1.2354531121028782,0,L,LH,quad
3428,-1.0555000000000003,0.11927964241993,13.470586161326183,44.01060035305779,0.0297778021857566,0.147565438520241,7.0555,2.8385061934448528,1,L,LH,quad
3429,-13.047899999999998,0.1098842055157283,8.434124596420377,23.99037796177761,0.0411897012620325,0.1278009766670338,31.0479,4.911435840317343,1,L,LH,quad
3430,-13.047899999999998,0.1269042438092907,11.25315397442604,32.07514911463699,0.036777449071261,0.1522514306105357,31.0479,5.36297458484211,1,L,LH,quad
3431,-19.047400000000003,0.12555412267851,10.655776151943028,32.559965307730245,0.0415999513342032,0.1630735138307136,43.0474,6.460808418595755,1,L,LH,quad
3432,-19.047400000000003,0.1330619783770775,11.100732833912751,30.106712608221606,0.0404258095880241,0.1650881476427621,43.0474,7.004290668374898,1,L,LH,quad
3433,-25.0464,0.1881535929442701,14.962218272340586,29.23515629827748,0.0411065749013519,0.2262626117951153,55.0464,11.345959654181224,1,L,LH,quad
3434,-31.055000000000007,0.1797699774811328,9.63415188036178,16.61513927365844,0.0592360350034711,0.2099447349568544,67.055,12.418332250496894,1,L,LH,quad
3435,-25.0464,0.217229817658151,18.17628037303042,33.02757143618194,0.0406584264556621,0.2718698815726889,55.0464,14.024609650545338,1,L,LH,quad
3436,-50.3648,0.07298097181738,3.3988951994437087,17.792987686974406,0.078078172415406,0.0976276715039888,104.3648,17.609723032658398,2,L,LH,quad
3437,-55.051100000000005,0.0736042539036994,2.544032400099516,11.239755501729803,0.1090316744803669,0.1020424407841477,115.0511,21.564840773721684,2,L,LH,quad
3438,-55.051100000000005,0.0727688938268611,2.663037514979466,16.005610457984773,0.1243859372059715,0.121858011059567,115.0511,23.759372668243795,2,L,LH,quad
3439,,,,,,,139.0624,25.085459217489927,2,L,LH,quad
3440,-55.051100000000005,0.0929779867306773,3.254541216445011,14.156544788447064,0.1203272504949482,0.1440652665582179,115.0511,26.64868431396657,2,L,LH,quad
3441,,,,,,,139.0624,29.916052199342644,2,L,LH,quad
3442,,,,,,,151.0563,33.090355319085866,2,L,LH,quad
3443,,,,,,,139.0624,34.76241206421638,2,L,LH,quad
3444,,,,,,,139.0624,36.72619299118131,2,L,LH,quad
3445,,,,,,,151.0563,39.61354614153838,2,L,LH,quad
3446,,,,,,,151.0563,41.82727963551358,2,L,LH,quad
3447,,,,,,,163.053,43.848086977003405,2,L,LH,quad
3448,-19.047400000000003,0.2734531126510541,24.259676441123503,34.827286407407904,0.0399042270302486,0.3561307095724316,43.0474,0.6083533719705,1,R,LH,quad
3449,-13.047899999999998,0.2555613390942645,18.68293596298853,21.943031658700505,0.0557554548199618,0.3832110346627148,31.0479,5.976295535581329,1,R,LH,quad
3450,-7.0503,0.1480517500471314,14.33000577466555,33.77637619076048,0.0359764673702479,0.1896576652833578,19.0503,8.92374344331005,1,R,LH,quad
3451,-1.0555000000000003,0.251073363060679,27.846926600567087,47.70133132276187,0.0362805267623481,0.3716690282823777,7.0555,10.524340454422896,1,R,LH,quad
3452,-13.047899999999998,0.1811906159522852,17.435366185634674,33.63396014505834,0.0326506145721434,0.2094247238425807,31.0479,10.877639194867864,1,R,LH,quad
3453,-13.047899999999998,0.1094662910870944,8.600224947411713,22.710463175855622,0.056623674523256,0.1791485831787676,31.0479,11.57252402284957,1,R,LH,quad
3454,-13.047899999999998,0.2084864706402056,17.117176592997446,31.715525343109583,0.0473513176278257,0.2981739631486551,31.0479,12.476996399431632,1,R,LH,quad
3455,-13.047899999999998,0.2333055549570901,20.91154948152243,35.109861504062415,0.0433515483810565,0.3335003896873292,31.0479,12.567443637089838,1,R,LH,quad
3456,-13.047899999999998,0.2361834565380872,19.764336342639957,28.50207881918466,0.0429037287997147,0.3119484217836489,31.0479,13.698034107817412,1,R,LH,quad
3457,-19.047400000000003,0.2050138278346648,15.999397508722176,27.17474621327225,0.0438726924619321,0.2582280612434837,43.0474,14.738177340886782,1,R,LH,quad
3458,-19.047400000000003,0.1918537885083448,17.75396901677912,33.83038110166063,0.0334566229443745,0.2185159172760283,43.0474,14.964295435032298,1,R,LH,quad
3459,-13.047899999999998,0.2261174548052765,19.69499415426537,32.479232157029635,0.0413661650624386,0.2997137274581091,31.0479,16.281815904321785,1,R,LH,quad
3460,-19.047400000000003,0.2150695367890088,17.18526988606858,30.680759911849563,0.0476485679900449,0.3012393681996567,43.0474,16.78531123468742,1,R,LH,quad
3461,-25.0464,0.3086858310778048,25.913380203670627,31.62006375839573,0.0378837070884225,0.3611453731651121,55.0464,18.05733724264344,1,R,LH,quad
3462,-25.0464,0.1904644369237537,12.09475780340913,24.39139348924614,0.0650416370475791,0.2893970886284666,55.0464,20.003647851276064,1,R,LH,quad
3463,-25.0464,0.1847478219298495,12.345681461124634,21.48137534986272,0.0542404348237309,0.2463449976510641,55.0464,21.651631309004944,1,R,LH,quad
3464,-25.0464,0.2416862394791036,16.612371264751616,24.65148459337213,0.0551999907652801,0.3373464556923921,55.0464,22.40889812908885,1,R,LH,quad
3465,-37.05159999999999,0.1704928879123368,8.96264926123241,19.03246918374378,0.0704554548638091,0.2323039222327004,79.0516,23.26893385464372,1,R,LH,quad
3466,-43.051100000000005,0.1780095191560706,8.459744807122926,14.45978031511475,0.0732264805317449,0.2278929770771746,91.0511,23.98032874498241,1,R,LH,quad
3467,-19.047400000000003,0.2998919608603454,28.270052100546103,39.704762588322176,0.0397945997011748,0.4138626816007272,43.0474,24.62058414628723,1,R,LH,quad
3468,-43.051100000000005,0.1203669500470623,5.945987756708619,18.66090009791689,0.0738284110916621,0.1614927576134101,91.0511,26.645415226676576,2,R,LH,quad
3469,-31.055000000000007,0.2228683777475447,14.300962001533025,22.15531784986417,0.0534736090992232,0.2813262568312619,67.055,27.02935522667658,2,R,LH,quad
3470,-43.051100000000005,0.1750410915068864,9.516861896195335,20.141126231181342,0.0599882923096318,0.2100224808635823,91.0511,27.82567522667658,2,R,LH,quad
3471,-25.0464,0.2275851596596005,17.424229971347994,32.24080825078042,0.0506235783319184,0.3244979463104212,55.0464,27.982095226676577,2,R,LH,quad
3472,-43.051100000000005,0.1510385721200251,7.551397188652494,19.17636264241923,0.0762261015222116,0.2117563979975819,91.0511,29.775829935895416,2,R,LH,quad
3473,-37.05159999999999,0.2275152455065278,11.970600538365003,17.50763051563423,0.0683107125458013,0.3008224694789723,79.0516,31.306620961944624,2,R,LH,quad
3474,-37.05159999999999,0.1614272616689621,10.1201788113573,24.36730166467101,0.0575888058693874,0.2144034539866418,79.0516,31.32092847046288,2,R,LH,quad
3475,-61.05500000000001,0.0657333860602716,1.568447943193829,8.38151620990586,0.2428158955230977,0.1401047117045495,127.055,35.043275955989486,2,R,LH,quad
3476,-43.051100000000005,0.2393005416076059,13.839950123348745,22.49161882945937,0.0613416450170568,0.3123168829044843,91.0511,37.83715814014264,2,R,LH,quad
3477,-43.051100000000005,0.1617046614466694,8.38273077358565,23.056822245265558,0.0840726575546168,0.2592661461080849,91.0511,40.548980781699655,2,R,LH,quad
3478,-43.051100000000005,0.1503740933307718,7.500806651281922,22.11959832051202,0.0909644964731254,0.251006754720102,91.0511,41.8030318532333,2,R,LH,quad
3479,-25.0464,0.0758348912232836,,,,,55.0464,44.785338119084486,2,R,LH,quad
3480,-55.051100000000005,0.2133291256413983,7.501253699082319,15.07298990369648,0.1271287825906784,0.3508191243027789,115.0511,47.30879256044321,2,R,LH,quad
3481,-50.3648,0.2341906126270379,13.580056171681852,25.01445049901186,0.0634739783047299,0.317104790899107,104.3648,48.59323743016385,2,R,LH,quad
3482,-61.05500000000001,0.2043958838596634,5.5082338656308165,8.552586371043807,0.1355476017740169,0.2746690511189314,127.055,49.47701626442631,2,R,LH,quad
3483,,,,,,,139.0624,53.68404015856255,2,R,LH,quad
3484,,,,,,,151.0563,55.8499162164236,2,R,LH,quad
3485,,,,,,,139.0624,57.34961345040952,2,R,LH,quad
3486,,,,,,,139.0624,59.81002578354092,2,R,LH,quad
3487,,,,,,,139.0624,62.10785404339228,2,R,LH,quad
3488,,,,,,,139.0624,62.45709123327904,2,R,LH,quad
3489,,,,,,,151.0563,65.60022594225987,2,R,LH,quad
3490,,,,,,,151.0563,67.69564908158043,2,R,LH,quad
3491,-13.0491,0.2490668099974478,27.653474285805885,43.98130190338358,0.0306800008355937,0.3121120868753133,31.0491,3.5879635958786222,1,L,HL,quad
3492,-13.0491,0.2497592945837955,24.744506405014413,41.23757428151252,0.0392204787054926,0.3570238289404864,31.0491,5.668505184857778,1,L,HL,quad
3493,-13.0491,0.3408095513084216,44.0219891418506,53.70719751002708,0.0297943455262659,0.4825130130047456,31.0491,7.085770082390624,1,L,HL,quad
3494,-19.0486,0.3648950285116629,45.22610358792616,49.89423683164415,0.0277957716276927,0.462459202640147,43.0486,8.578625482905055,1,L,HL,quad
3495,-19.0486,0.1714192258570894,10.29063133792069,13.807714308884686,0.1205406228283781,0.456332046877337,43.0486,10.301578353010555,1,L,HL,quad
3496,-19.0486,0.2459244617279097,23.74447053496249,37.46888715283218,0.0337026885760657,0.2943964409669254,43.0486,11.0256406663221,1,L,HL,quad
3497,-25.0471,0.299820031483951,22.715147495369266,28.82384744426754,0.044584155090123,0.3725646282242443,55.0471,12.08902292402626,1,L,HL,quad
3498,-19.0486,0.2645366223428068,21.48892671634377,32.84610607098406,0.0476499450065804,0.3766887471210735,43.0486,13.08037373228527,1,L,HL,quad
3499,-25.0471,0.2494085724829573,17.70355549500663,28.19620871904796,0.0573948104381212,0.3737994350249815,55.0471,13.840694993221064,1,L,HL,quad
3500,-31.0574,0.2878983783857664,20.18209467321085,26.029314723041168,0.0490134777649352,0.3639043745055671,67.0574,14.336824868945172,2,L,HL,quad
3501,-31.0574,0.3271514677121985,24.44504830802555,28.951277410930903,0.0462318868498973,0.4157555318896322,67.0574,15.17269265585887,2,L,HL,quad
3502,-31.0574,0.1791554362963564,11.838652124057166,26.059671608804116,0.059088466446824,0.2573418957093667,67.0574,15.910780917870696,2,L,HL,quad
3503,-37.0529,0.1503575272684925,8.3509550545593,21.74916670935987,0.0681713058000868,0.2094321143550698,79.0529,16.573176014470903,2,L,HL,quad
3504,-50.366,0.2538194285647717,11.775743137413809,18.227134227920384,0.0785679856396053,0.3403607411231859,104.366,18.695450707647,2,L,HL,quad
3505,-55.052400000000006,0.2709307213720751,13.081079807324192,19.60322711985737,0.0717838527356846,0.345442586814116,115.0524,22.156153809212395,2,L,HL,quad
3506,-55.052400000000006,0.2144507993671784,11.99674191084599,22.492827275219845,0.062916642745834,0.2776734616022333,115.0524,23.312375785530257,2,L,HL,quad
3507,-50.366,0.1451463155283497,6.2102889981715705,21.57008801403949,0.1298155378677453,0.2965814648692269,104.366,24.81923550696656,2,L,HL,quad
3508,-55.052400000000006,0.1841544129928972,6.538553582086442,15.564936639565294,0.1267858681357355,0.3049706559407046,115.0524,26.091913239767496,2,L,HL,quad
3509,-55.052400000000006,0.1675512190565124,6.474739119493333,18.32830252659302,0.1162878888937417,0.2769888447403672,115.0524,29.105691200926003,2,L,HL,quad
3510,-55.052400000000006,0.151102363973635,5.181460738753382,17.34140624922201,0.1576778860566527,0.3005581567807199,115.0524,31.69852550449135,2,L,HL,quad
3511,-61.058400000000006,0.1162166984811035,3.83627300591576,14.767055249375929,0.1254817411275297,0.177090620693933,127.0584,33.48545176059325,2,L,HL,quad
3512,-61.058400000000006,0.1014247196547254,4.396388892889689,18.35715174584345,0.0961889628100854,0.1555703618695659,127.0584,35.46423002877807,2,L,HL,quad
3513,,,,,,,139.0648,36.560410754388585,2,L,HL,quad
3514,,,,,,,139.0648,37.57152416570111,2,L,HL,quad
3515,,,,,,,139.0648,39.30106753101768,2,L,HL,quad
3516,,,,,,,139.0648,41.99585610964281,2,L,HL,quad
3517,,,,,,,139.0648,42.82771171639942,2,L,HL,quad
3518,,,,,,,151.0575,43.72524350747983,2,L,HL,quad
3519,,,,,,,151.0575,46.01622529801921,2,L,HL,quad
3520,,,,,,,151.0575,48.6137970990772,2,L,HL,quad
3521,,,,,,,151.0575,51.24585586117283,2,L,HL,quad
3522,-13.0491,0.0844211647486982,8.396422457934802,37.81822783942496,0.0340313214782698,0.105118368868811,31.0491,1.361585800541011,1,R,HL,quad
3523,-7.0518,0.0609224274597266,5.116965104984928,23.251638811552983,0.0427412080213027,0.0804571725051367,19.0518,2.215949722724972,1,R,HL,quad
3524,-31.0574,0.1313570489328326,7.993071130510937,21.995653882493723,0.061501574066578,0.180844550776848,67.0574,4.8010306240292175,1,R,HL,quad
3525,-7.0518,0.1051966535230523,12.86882398191919,50.15694184360747,0.029526454779431,0.1397834269384771,19.0518,6.322593607469747,1,R,HL,quad
3526,-19.0486,0.0728659835452652,5.482870160822267,26.41637174423404,0.0427083856528716,0.0861443176573653,43.0486,7.430885905919972,1,R,HL,quad
3527,-13.0491,0.084455287625128,6.865858732436256,27.190493232243877,0.0427284974878715,0.1079239924755297,31.0491,8.499755905919972,1,R,HL,quad
3528,-13.0491,0.1071904884570899,10.329443782434128,37.2900933009766,0.0363895442314001,0.1382799044129029,31.0491,9.277115905919974,1,R,HL,quad
3529,-19.0486,0.1004860363325551,7.785350637514007,23.051764242021555,0.0404032157736681,0.1157176560531469,43.0486,11.153391945447227,1,R,HL,quad
3530,-19.0486,0.1155274155667248,9.427887138061196,26.005314806222607,0.0377337728374352,0.1308730198171719,43.0486,12.65628583500739,1,R,HL,quad
3531,-37.0529,0.0833062063218628,5.0726014172898655,22.74752410520328,0.0565112536948708,0.1054559768542955,79.0529,13.646873194833931,1,R,HL,quad
3532,-19.0486,0.158441209699632,13.205203632847564,30.58711963452801,0.040565878024765,0.1970659091540735,43.0486,14.880924252327098,1,R,HL,quad
3533,-25.0471,0.0874638357810317,6.286803013624185,27.603534589771225,0.0487235535141952,0.1126871319450962,55.0471,16.99808608106555,1,R,HL,quad
3534,-19.0486,0.1589805030693194,12.295521198331285,32.3777582938226,0.0479536160652935,0.216907127397346,43.0486,17.58498520575503,1,R,HL,quad
3535,-31.0574,0.1806863852144519,12.333026001311932,24.44382653228444,0.0503140112622091,0.2282780257111503,67.0574,18.9475809018409,2,R,HL,quad
3536,-43.0525,0.1541213120861163,7.688767151281321,16.0846300599032,0.0669554175725652,0.1893860341641246,91.0525,21.16816360905071,2,R,HL,quad
3537,-61.058400000000006,0.065236500004225,1.7316111843768769,9.348300186700545,0.1473297359787584,0.0938526005439005,127.0584,24.502885735694417,2,R,HL,quad
3538,,,,,,,139.0648,26.61356367798624,2,R,HL,quad
3539,-55.052400000000006,0.0862105537365642,3.101056346498123,15.688811960556,0.1163284653040628,0.1327092436967986,115.0524,27.88175575171431,2,R,HL,quad
3540,-61.058400000000006,0.0680499188847393,2.398809388623186,13.924507631839855,0.0955537061055351,0.0843235329478831,127.0584,29.922895393243834,2,R,HL,quad
3541,,,,,,,139.0648,30.660160665090046,2,R,HL,quad
3542,,,,,,,151.0575,38.63612581905693,2,R,HL,quad
3543,0.0,0.1497285773362704,15.31746763320952,37.60699468011278,0.0364065999734155,0.2051505148912862,0.0,1.3255656267758038,0,L,HL,quad
3544,-7.052800000000001,0.1695148482321737,20.31336507338139,47.360745933351495,0.0294099249203823,0.2197765277440456,19.0528,5.739471526322362,1,L,HL,quad
3545,-7.052800000000001,0.2181920416675731,21.984256597689534,39.01494655478866,0.0381422167741505,0.3084773153352437,19.0528,7.486113500055383,1,L,HL,quad
3546,-13.049,0.2948217807662974,24.29490231337652,27.95632003839909,0.0476885035528308,0.42622053502963,31.049,10.50540281795477,1,L,HL,quad
3547,-13.049,0.2776997263242266,22.884713968824883,30.404279690025863,0.0434298733084522,0.3656281030027146,31.049,11.876913992091092,1,L,HL,quad
3548,-19.0518,0.3327603244535623,33.98478600670263,40.01867547637228,0.032872291641348,0.4109793860537386,43.0518,14.141294324962033,1,L,HL,quad
3549,-19.0518,0.3038784585846575,20.03513819949309,25.318147171324192,0.0624748247467358,0.4604716606958777,43.0518,15.379537209211568,1,L,HL,quad
3550,-19.0518,0.3373411935420423,26.70360910194947,30.681492780017347,0.0464466245993627,0.4562781145137831,43.0518,17.37541389662917,1,L,HL,quad
3551,-19.0518,0.235515606352561,18.75108417310232,31.54473444251705,0.0484729070468171,0.3343728198577137,43.0518,19.219912166214336,1,L,HL,quad
3552,-25.047400000000003,0.2790924735605117,20.875401294053304,28.40442518336897,0.0486915082869114,0.3739328146405669,55.0474,20.23203965770407,1,L,HL,quad
3553,-25.047400000000003,0.2852684377564569,25.39030054215177,36.54044645599373,0.0410079158426002,0.383037291038042,55.0474,21.325522998684782,1,L,HL,quad
3554,-31.0586,0.1785430210097841,26.837055346360906,53.15318401995962,0.0280278296408943,0.2767131823624992,67.0586,23.16996831311536,2,L,HL,quad
3555,-31.0586,0.2264901450952542,16.43670282253295,29.876926559908103,0.0515198709148172,0.3115264939846791,67.0586,24.19650833551889,2,L,HL,quad
3556,-37.0549,0.1636202309942527,8.14417471192285,15.987630202814625,0.0799935384201959,0.2396665959718767,79.0549,24.443202201068885,2,L,HL,quad
3557,-31.0586,0.2930620182136443,21.53893853026254,30.627114561185916,0.051826493574752,0.4106592803066483,67.0586,25.959946234399155,2,L,HL,quad
3558,-37.0549,0.2515344349999596,15.693066372505582,24.816962862003148,0.0597197454514026,0.3447714358776687,79.0549,28.78994159343398,2,L,HL,quad
3559,-43.0557,0.1970844266606242,10.987159962618533,22.15266913703628,0.0616437742169851,0.2491610696619715,91.0557,31.267233398525608,2,L,HL,quad
3560,-43.0557,0.2286538681426031,13.768408292318584,23.86759834241278,0.0596368959468745,0.3020676973544575,91.0557,32.034659106073754,2,L,HL,quad
3561,-50.3674,0.1686500450120848,7.854169776995679,19.797512537375493,0.0871835130065968,0.2519069603967076,104.3674,32.51879500972996,2,L,HL,quad
3562,-43.0557,0.194925158548764,10.404945121674904,23.01612477148934,0.0773151864422853,0.2959443953094737,91.0557,35.21811799564817,2,L,HL,quad
3563,-50.3674,0.2375213096696243,10.48725914721269,16.3968197317661,0.0837517246834671,0.3231180930490347,104.3674,36.7268288740293,2,L,HL,quad
3564,-61.0626,0.1205243684114554,3.5395187696872705,11.417290365002906,0.1294906398340217,0.1686118581939523,127.0626,37.59728806518016,2,L,HL,quad
3565,-50.3674,0.2695856616857027,13.450360965219843,20.49860131159824,0.0747664698888783,0.3699528126819486,104.3674,39.72305903789824,2,L,HL,quad
3566,-61.0626,0.1404158493344277,3.787198701875824,10.233527124989171,0.1595221215889762,0.2222514109748243,127.0626,40.70492999634291,2,L,HL,quad
3567,-50.3674,0.2223232317416344,10.447479022936426,20.54587060161965,0.0884233898662544,0.3398475835334236,104.3674,43.07452697268866,2,L,HL,quad
3568,-55.0527,0.2225022034132112,8.00175922689627,14.781575943757376,0.1144296804600067,0.3368446721989503,115.0527,44.06737270900673,2,L,HL,quad
3569,-55.0527,0.2293134726106141,7.931004953292596,14.380209197721854,0.1281267226669347,0.3738294026328609,115.0527,45.34518807333309,2,L,HL,quad
3570,-55.0527,0.2096624909891503,6.650275427501315,15.388603073618054,0.2069270850191772,0.5062470323644159,115.0527,47.303702165761,2,L,HL,quad
3571,-61.0626,0.1688812410124469,4.654280637489939,12.05268851263822,0.1574454887010592,0.2695803951781159,127.0626,49.43066413495379,2,L,HL,quad
3572,-61.0626,0.2405397001363177,6.395670850103698,10.803558563596516,0.1753507551321156,0.412571537432488,127.0626,50.88642551367312,2,L,HL,quad
3573,-61.0626,0.2683670826450269,7.044858351068827,10.47023580927248,0.1750520368823382,0.4536751086627547,127.0626,53.21545043328281,2,L,HL,quad
3574,-61.0626,0.1881433990344716,5.273265960684648,11.67857388110316,0.1574871501667631,0.305513438498173,127.0626,55.388205201242286,2,L,HL,quad
3575,,,,,,,139.0681,57.71593844504002,2,L,HL,quad
3576,,,,,,,139.0681,60.58395845047709,2,L,HL,quad
3577,,,,,,,163.0558,62.05547281735311,2,L,HL,quad
3578,,,,,,,151.0597,63.692240852724645,2,L,HL,quad
3579,,,,,,,139.0681,65.13631940688758,2,L,HL,quad
3580,,,,,,,151.0597,66.2633126434823,2,L,HL,quad
3581,,,,,,,151.0597,67.48840154159812,2,L,HL,quad
3582,,,,,,,151.0597,69.13287023681656,2,L,HL,quad
3583,,,,,,,151.0597,70.74711017194207,2,L,HL,quad
3584,,,,,,,151.0597,71.9768707597415,2,L,HL,quad
3585,,,,,,,151.0597,73.27819691553009,2,L,HL,quad
3586,,,,,,,151.0597,74.92034193996797,2,L,HL,quad
3587,,,,,,,163.0558,76.27841831763692,2,L,HL,quad
3588,,,,,,,163.0558,78.44279486888642,2,L,HL,quad
3589,0.0,0.1393020182254011,20.573268994199104,59.65633297327909,0.0240714791290698,0.1821845733675607,0.0,2.4601315236564627,0,R,HL,quad
3590,0.0,0.3014758392894067,32.41915179242467,41.42652487241467,0.0372591463902191,0.4443652272676345,0.0,5.492847288746471,0,R,HL,quad
3591,-7.052800000000001,0.1529324743654221,13.609137858561416,31.745053109012588,0.0493992523404895,0.2473184451196848,19.0528,6.918900947897329,1,R,HL,quad
3592,-7.052800000000001,0.1492306423578765,11.240726937997971,29.860518221741607,0.0575193421614395,0.2378558441295035,19.0528,8.356243039656459,1,R,HL,quad
3593,-19.0518,0.1462514713811123,9.753869589602662,23.184972271059188,0.0460226885932976,0.165140824620232,43.0518,10.836632729564212,1,R,HL,quad
3594,-13.049,0.1237905104459757,10.107964735604195,34.7305542316528,0.0447217215129435,0.166298276814293,31.049,11.379052160355553,1,R,HL,quad
3595,-13.049,0.1420642216743337,17.20891360207165,48.58839521998706,0.0284650953858628,0.1802069829704642,31.049,12.748015485686071,1,R,HL,quad
3596,-13.049,0.1460079347161076,15.57829900940892,43.75320308174299,0.0342962273609603,0.1965494817829781,31.049,14.592481967049435,1,R,HL,quad
3597,-31.0586,0.1616219825770171,7.982495886291507,11.545415546090195,0.1032928402067041,0.3033293543741188,67.0586,16.498370596922165,1,R,HL,quad
3598,-31.0586,0.1720340863149861,11.156398678533368,21.86048073611683,0.051424738858581,0.2110579126267522,67.0586,17.783912854691494,1,R,HL,quad
3599,-25.047400000000003,0.2210318011211872,20.218781458296316,37.97406565359695,0.0404883081149237,0.3011550328671676,55.0474,22.74664529604659,1,R,HL,quad
3600,-55.0527,0.0514153357647703,1.9452564898014169,16.68475064343085,0.1107097189777448,0.0792260747472358,115.0527,27.190040116485587,2,R,HL,quad
3601,,,,,,,139.0681,31.18614899921394,2,R,HL,quad
3602,-55.0527,0.0914678325737915,3.397661649819288,15.342813287649456,0.1059143088898909,0.1323854582386318,115.0527,34.59285212772358,2,R,HL,quad
3603,-55.0527,0.0934823204578357,3.6360305423957673,16.583383804082562,0.1040481441722332,0.1391769705881834,115.0527,39.52157250216767,2,R,HL,quad
3604,-55.0527,0.0779946631127829,2.7990634353564645,16.188598571830777,0.129412960269758,0.1332588406985248,115.0527,41.16754750273724,2,R,HL,quad
3605,,,,,,,139.0681,42.73937776592511,2,R,HL,quad
3606,-61.0626,0.118072426963805,3.0180420135978494,10.309798293208011,0.1871327509683948,0.2077689291190685,127.0626,45.20067694757661,2,R,HL,quad
3607,,,,,,,151.0597,48.556750341554434,2,R,HL,quad
3608,,,,,,,151.0597,50.59665231819356,2,R,HL,quad
3609,,,,,,,139.0681,51.927610186820566,2,R,HL,quad
3610,,,,,,,151.0597,52.697380366170194,2,R,HL,quad
3611,,,,,,,151.0597,55.80751927016617,2,R,HL,quad
3612,,,,,,,151.0597,58.0997256540697,2,R,HL,quad
3613,,,,,,,151.0597,60.41000756330382,2,R,HL,quad
3614,0.0,0.309419454779986,32.41017556652963,41.65056444330907,0.0370848641371643,0.44216421747106,0.0,0.8227228714274744,0,L,HL,quad
3615,0.0,0.1906538488515989,29.423403235282613,61.03801437815723,0.0219935797653131,0.238064338747762,0.0,1.5054971284230994,0,L,HL,quad
3616,0.0,0.1485180713314849,18.405786376682283,51.16304806222642,0.0305527248055327,0.2068758728799596,0.0,3.220818029789223,0,L,HL,quad
3617,-1.0591,0.126835526730791,11.31318848040186,32.379444312284804,0.0492180507159667,0.2048400863214976,7.0591,4.244989885729426,1,L,HL,quad
3618,-7.053000000000001,0.1718937971642498,15.581933717835314,32.996038056682536,0.0426646068799213,0.2445651769953885,19.053,5.6861356610606855,1,L,HL,quad
3619,-13.0491,0.1935596473578963,16.11711870239022,29.593445358293767,0.0440023684775355,0.2608969344215439,31.0491,6.723919164213885,1,L,HL,quad
3620,-13.0491,0.2400756425980896,20.162722289531903,30.258225528520803,0.0432049315650525,0.3204704632036687,31.0491,8.04039612835402,1,L,HL,quad
3621,-13.0491,0.2734266113369895,25.61384188488513,38.133285091100966,0.0408969840305477,0.3853643399150226,31.0491,10.874055323762809,1,L,HL,quad
3622,-19.052,0.2145842457397952,15.621931817388614,24.33161045939621,0.0530505438378952,0.3048808147979243,43.052,11.568000579401192,1,L,HL,quad
3623,-19.052,0.1974012912634669,19.540773763792235,40.307062069428326,0.0370414822856357,0.2662782120827586,43.052,12.701200787391162,1,L,HL,quad
3624,-19.052,0.2080043386070061,17.5154976942638,33.265918641855784,0.0432161246617844,0.2784670536894282,43.052,13.259815144528536,1,L,HL,quad
3625,-19.052,0.220609877943985,17.625862628970076,32.34975608972113,0.046612436097483,0.3022440082754872,43.052,14.399486428067751,1,L,HL,quad
3626,-19.052,0.2316495811018761,18.03903322811951,30.51506607993894,0.0504032497867807,0.3344855151477701,43.052,15.76697437434004,1,L,HL,quad
3627,-25.0488,0.2490131044773706,26.097606399096215,42.90258997739653,0.0344887114158454,0.3311182844690495,55.0488,17.03054615421926,1,L,HL,quad
3628,-31.0587,0.2037430822417839,12.743868532218462,22.716691814894464,0.0590919381165,0.2770352517485518,67.0587,17.688186024525862,2,L,HL,quad
3629,-31.0587,0.2027337136077307,12.736311922540636,22.794022344670044,0.0589377021583713,0.2761483194376303,67.0587,19.55668710851644,2,L,HL,quad
3630,-31.0587,0.2026514670101682,13.001127474267596,28.17622031167147,0.0594431825091193,0.2843076774402455,67.0587,21.329849297164948,2,L,HL,quad
3631,-37.0553,0.2086259112454715,14.766258169079332,27.462799223221243,0.0476721250294949,0.2589646512308858,79.0553,23.29410114769344,2,L,HL,quad
3632,-37.0553,0.1984482312696908,11.251001366913655,22.75470349818064,0.0726065192424917,0.300519261355326,79.0553,24.876937837627075,2,L,HL,quad
3633,-37.0553,0.1915541620526999,12.286725902927722,26.695507897783543,0.0603260180885505,0.2726756443386379,79.0553,26.780519765268515,2,L,HL,quad
3634,-50.369600000000005,0.1570625470899244,6.172103859678147,13.748284183145072,0.1086885190545234,0.2467870773868262,104.3696,29.08222066305778,2,L,HL,quad
3635,-43.057,0.187923814422859,9.37287457139136,20.22911036086028,0.0834552295784979,0.2877609639208595,91.057,30.2454009976852,2,L,HL,quad
3636,-43.057,0.1789741052372778,9.447575818510431,23.50722260470669,0.0825825206515283,0.2870212414955163,91.057,31.973920550346445,2,L,HL,quad
3637,-43.057,0.1664822033891582,8.416554195923688,23.187415317834304,0.0931542604417884,0.2884314177363875,91.057,33.2205665898737,2,L,HL,quad
3638,-43.057,0.2046565587892011,10.558410177163958,23.636021930143706,0.0835088107594903,0.3243667629215975,91.057,34.515648680518304,2,L,HL,quad
3639,-50.369600000000005,0.1854240845759084,8.027870251374278,19.67122657681617,0.1050854065561775,0.3103475144901148,104.3696,36.69726840276598,2,L,HL,quad
3640,-50.369600000000005,0.1149149287198459,4.235839128148274,16.232269114665932,0.1334856969888909,0.208007842466511,104.3696,39.12399284024482,2,L,HL,quad
3641,-61.063100000000006,0.213033531035674,5.491910054190208,7.336595841485381,0.1725714949510858,0.3486566838898257,127.0631,39.51346284024481,2,L,HL,quad
3642,-55.0531,0.214834449379763,7.606701963123762,15.075714659679036,0.1231350920571262,0.3445749946433411,115.0531,41.32669907767016,2,L,HL,quad
3643,-55.0531,0.1614994354072123,5.658263702005869,16.46983117478697,0.1398253709294734,0.2910547437232615,115.0531,42.45065147024829,2,L,HL,quad
3644,-55.0531,0.2090332740212836,8.187681445934182,18.28411161317043,0.1112249357614642,0.3350183683402724,115.0531,45.15669434676855,2,L,HL,quad
3645,-55.0531,0.155998064148627,5.524609677319719,16.881540623377397,0.1394090654474416,0.2833336352447452,115.0531,46.85235064264864,2,L,HL,quad
3646,-61.063100000000006,0.1429856805970561,4.394868909272766,13.198391684460065,0.1280521095110514,0.2070323352659642,127.0631,48.20514693852872,2,L,HL,quad
3647,-61.063100000000006,0.1461466633552693,4.060273600448079,12.370612422769764,0.167465189532948,0.2501412770875636,127.0631,49.31154641255675,2,L,HL,quad
3648,-61.063100000000006,0.113073756327409,3.183789437467982,14.523776206347549,0.1945298522586076,0.2278432215559702,127.0631,51.03360036387913,2,L,HL,quad
3649,-61.063100000000006,0.155437583155897,4.300184390125371,13.369510713817116,0.1830670336590022,0.2896027896170214,127.0631,51.775221732447285,2,L,HL,quad
3650,-61.063100000000006,0.1055818140775789,4.281126301349241,17.484664838368975,0.1024429305888248,0.1613413002064368,127.0631,53.64395857536114,2,L,HL,quad
3651,,,,,,,139.0703,55.04229919059049,2,L,HL,quad
3652,,,,,,,139.0703,56.11909402209908,2,L,HL,quad
3653,,,,,,,139.0703,58.0895270001886,2,L,HL,quad
3654,,,,,,,151.0609,60.18153230759534,2,L,HL,quad
3655,,,,,,,151.0609,61.464804948217385,2,L,HL,quad
3656,,,,,,,151.0609,63.93261861957579,2,L,HL,quad
3657,,,,,,,151.0609,66.1514159256645,2,L,HL,quad
3658,-19.052,0.1765041730060202,13.605254383134636,31.067356958781783,0.0534634346890524,0.267589483005523,43.052,10.375650014726297,1,R,HL,quad
3659,-25.0488,0.1652958621503824,11.411710166766596,26.1510992663408,0.0590333893347,0.2478300528651887,55.0488,11.024716643500618,1,R,HL,quad
3660,-31.0587,0.1405909110174383,10.707411581140368,30.74305755531218,0.0467166718035592,0.1840186795441033,67.0587,12.713221785343656,2,R,HL,quad
3661,-19.052,0.1467389766965747,12.999523311483834,38.1889007156487,0.0448062385247507,0.2142749644662822,43.052,13.535784170045314,2,R,HL,quad
3662,-55.0531,0.0970467744771452,3.387258857072017,17.412291054966722,0.1481185866118643,0.1845709996459203,115.0531,21.57969465264165,2,R,HL,quad
3663,-55.0531,0.0860636918534795,2.9296291352895283,17.637153932883663,0.1694053036314413,0.1825766217451344,115.0531,25.081127121454266,2,R,HL,quad
3664,-50.369600000000005,0.1598719346447048,5.269854890160954,14.976173440510294,0.1255087447143783,0.2433201977684466,104.3696,26.51619119706769,2,R,HL,quad
3665,-55.0531,0.1200506463286837,4.108663011736426,17.190812388569068,0.1590550781042079,0.240410581932216,115.0531,30.96638632721536,2,R,HL,quad
3666,-61.063100000000006,0.2030990146563265,7.836958425542615,15.049187597053466,0.0788797449464787,0.2274147129598387,127.0631,33.47452290859219,2,R,HL,quad
3667,-55.0531,0.1055310757004933,3.5281961846680425,17.61613627955527,0.1792954442845817,0.2327166726534124,115.0531,36.022524077069555,2,R,HL,quad
3668,-61.063100000000006,0.1467372323803454,4.203309453974655,12.036163540937547,0.1462573506982203,0.2261593696675732,127.0631,37.281629620896,2,R,HL,quad
3669,-61.063100000000006,0.1507590053179962,4.089598226146037,11.462627525161889,0.1675790427395339,0.2521191690838596,127.0631,40.1852760080833,2,R,HL,quad
3670,,,,,,,163.0582,49.78180059173702,2,R,HL,quad
3671,0.0,0.2127421575176741,25.07860066444636,42.58993988187362,0.0292111266680728,0.2694989802004613,0.0,1.4084448029868883,0,L,HL,quad
3672,0.0,0.1114123832773354,13.740490708823888,45.53558891506631,0.0259655438953363,0.1312517748925543,0.0,2.830844943819658,0,L,HL,quad
3673,0.0,0.1480694763781254,17.787603778982326,49.561530816377285,0.0315990147248273,0.2067742747815396,0.0,3.6454612451811945,0,L,HL,quad
3674,-1.0591999999999997,0.1165111842737267,9.882204130884531,19.76454325620092,0.080680331792278,0.2933100974930043,7.0592,5.547217143961309,1,L,HL,quad
3675,-13.0491,0.1019497027873423,9.03616273117384,29.31147851850658,0.0351114541681167,0.1167181453628421,31.0491,7.288528092932024,1,L,HL,quad
3676,-19.053,0.1865646426647493,17.861399853347475,37.270601528898034,0.0352777497436376,0.2318045125051066,43.053,7.727193885697668,1,L,HL,quad
3677,-1.0591999999999997,0.1366351768952398,13.70968595460318,40.32122915261972,0.0435399399830067,0.2195941926991721,7.0592,8.225260536357998,1,L,HL,quad
3678,-1.0591999999999997,0.1324522694228601,16.512328349160587,51.92433005121261,0.0294573657244537,0.1789401268297583,7.0592,9.532029093663793,1,L,HL,quad
3679,-13.0491,0.1939710596953527,15.330623875882884,29.10088693651154,0.0417061855976313,0.235215435721581,31.0491,10.598279342561716,1,L,HL,quad
3680,-13.0491,0.201630513370083,44.36735980539364,79.74424094801296,0.0173738206183123,0.2835727121804736,31.0491,11.199940715703852,1,L,HL,quad
3681,-7.055299999999999,0.2267008511993112,20.68662286796524,34.62134245006597,0.0430222586806128,0.3274072728354302,19.0553,11.966166323217749,1,L,HL,quad
3682,-13.0491,0.1721946470584581,17.09187020751831,41.20200645122147,0.0372756975395891,0.2343801799986782,31.0491,12.384969532195424,1,L,HL,quad
3683,-7.055299999999999,0.1275290351016675,10.072534744787216,18.10428919770908,0.1086930694277072,0.4027598267648299,19.0553,13.3093855404796,1,L,HL,quad
3684,-13.0491,0.2383945366917982,19.383912310553704,29.949595743821924,0.0439585273212161,0.3134657451536474,31.0491,14.83880797177439,1,L,HL,quad
3685,-7.055299999999999,0.357515803353205,38.443567387610514,45.10844355863183,0.0345189910821896,0.4881882172507328,19.0553,16.45306481636678,1,L,HL,quad
3686,-13.0491,0.3080924787906257,28.11008538116354,37.94213985433503,0.0396246534005713,0.4097633948870192,31.0491,17.222574941269183,1,L,HL,quad
3687,-13.0491,0.3368964926407176,32.84427991168918,42.31206920079504,0.0417692304826792,0.5046865572605755,31.0491,19.758864504498376,1,L,HL,quad
3688,-19.053,0.2767394848183171,23.434546717820574,34.55555782420858,0.0440291906214265,0.3795795247435994,43.053,23.41985124621143,1,L,HL,quad
3689,-25.0497,0.2059303483684979,15.630569362124229,29.045143525357386,0.0455477003208312,0.2619067977780609,55.0497,24.95814106553497,2,L,HL,quad
3690,-25.0497,0.2419973605541329,22.493225464054856,37.92929280090014,0.0364871905049175,0.3019240293572809,55.0497,25.560013752820247,2,L,HL,quad
3691,-25.0497,0.1590604436629147,11.101522126967804,28.957504781370343,0.0643033585988231,0.2626163155156946,55.0497,27.275995988979652,2,L,HL,quad
3692,-37.0555,0.1900495767691565,10.99911774804302,21.32429170256981,0.0643069063279624,0.2602082047962632,79.0555,28.761497744845624,2,L,HL,quad
3693,-43.0574,0.1163090049811971,6.386112653366982,18.708797500577035,0.0578932661805236,0.1360097822931663,91.0574,29.537943487700574,2,L,HL,quad
3694,-43.0574,0.2370651922936911,15.798235580900702,29.60293294748732,0.0647878620888361,0.3765370821179954,91.0574,33.83723528024911,2,L,HL,quad
3695,-50.3699,0.1836998071971369,9.31827335326631,21.950031416438332,0.076622752429623,0.2626628868072997,104.3699,36.02607587078137,2,L,HL,quad
3696,-55.0551,0.1561827917155671,5.783081651677053,13.796789060681016,0.0966643814507227,0.2056512333952089,115.0551,37.98998303316881,2,L,HL,quad
3697,-50.3699,0.2464565592755516,10.615067146011109,18.91474273922857,0.1030439972690875,0.4023935040704809,104.3699,41.64988161590357,2,L,HL,quad
3698,-50.3699,0.1967577463590396,8.471519203792944,21.04705680693362,0.1191329947224181,0.3712777100704275,104.3699,44.88647771480425,2,L,HL,quad
3699,-61.06529999999999,0.2233768817439801,6.226428148360431,11.228335591584893,0.1514130474877501,0.3468229272757934,127.0653,46.73219317254912,2,L,HL,quad
3700,-61.06529999999999,0.0722617852670325,1.935676567916961,14.706567446629382,0.2381906584888673,0.1696145232280716,127.0653,49.02380842179701,2,L,HL,quad
3701,,,,,,,139.0705,49.92823249600114,2,L,HL,quad
3702,-61.06529999999999,0.145287468411546,4.206210317873345,13.236479623685907,0.1544054021874646,0.2389235689312125,127.0653,53.085235449525015,2,L,HL,quad
3703,-61.06529999999999,0.1711465814201044,5.000905755869175,14.29209288852375,0.1702407087187709,0.3131970096704696,127.0653,55.56722033142147,2,L,HL,quad
3704,-61.06529999999999,0.1161757228979325,3.1021996557939344,14.082802813310478,0.2264506314155006,0.2584334940831795,127.0653,57.65404553992547,2,L,HL,quad
3705,,,,,,,139.0705,58.89448090222943,2,L,HL,quad
3706,,,,,,,139.0705,59.90151480859292,2,L,HL,quad
3707,,,,,,,139.0705,61.75905252841446,2,L,HL,quad
3708,,,,,,,139.0705,63.55882209326949,2,L,HL,quad
3709,,,,,,,139.0705,65.82818930247613,2,L,HL,quad
3710,,,,,,,151.0619,68.3832866682347,2,L,HL,quad
3711,,,,,,,151.0619,71.53938859785393,2,L,HL,quad
3712,0.0,0.0963806544459928,12.404401752043515,50.47490371027389,0.025972108782102,0.1185191573250534,0.0,1.4110717697430617,0,R,HL,quad
3713,-13.0491,0.1769595362656594,14.97931828710875,31.40241512939262,0.0401398223227936,0.2211938321722762,31.0491,4.397297888015898,1,R,HL,quad
3714,-7.055299999999999,0.125116629860309,12.387203762481471,36.74307278374527,0.0357607013812148,0.1629614302904996,19.0553,5.406350474561595,1,R,HL,quad
3715,-7.055299999999999,0.2030481205589777,17.311760066916573,31.986050802831773,0.0542735971425089,0.3456490353070686,19.0553,6.1056216319031655,1,R,HL,quad
3716,-31.058899999999998,0.1509323159554426,8.747260356445246,16.2289485506527,0.066811203327877,0.2149942600203594,67.0589,6.605535760454259,1,R,HL,quad
3717,-13.0491,0.1848524296995538,19.305493946158727,40.31107871882847,0.0323725709655699,0.2299130525224792,31.0491,9.114602900882238,1,R,HL,quad
3718,-19.053,0.2150971378817195,15.685305068175696,22.72918914259225,0.0541114254293136,0.3122392265020481,43.053,9.985497349471787,1,R,HL,quad
3719,-19.053,0.2403176728443926,19.841826795487457,28.714451909928677,0.0420360396288904,0.3068378741131177,43.053,11.497919931683231,1,R,HL,quad
3720,-19.053,0.151985582456376,10.546212332146377,17.23480439148052,0.0694370983381438,0.2693975198360216,43.053,12.300289460711376,1,R,HL,quad
3721,-13.0491,0.1592139225174962,13.195168811271056,32.13867052736926,0.0482666380942626,0.2342974267562843,31.0491,13.407081550654809,1,R,HL,quad
3722,-19.053,0.1609361369913155,12.45221187101853,26.22521629375992,0.0455066940541687,0.2084621947509244,43.053,14.919920837142875,1,R,HL,quad
3723,-19.053,0.1665133227912985,12.464701783157697,26.016567664495064,0.0506209726467322,0.2321228510630892,43.053,16.48006666256678,1,R,HL,quad
3724,-19.053,0.1810121173954697,13.656134539982393,27.93637348393567,0.0518524477091923,0.2604969046000454,43.053,17.786064610416805,1,R,HL,quad
3725,-25.0497,0.1792615807243683,12.470600238874333,24.70371904070761,0.0549236021129297,0.2519717707187179,55.0497,19.6651483364484,1,R,HL,quad
3726,-25.0497,0.1597573294491076,10.70130843443946,24.00554831793714,0.057714064610699,0.2272082312945363,55.0497,20.129658002404987,1,R,HL,quad
3727,-31.058899999999998,0.2252330405070121,15.7912229102379,27.084647617680503,0.0499047260089777,0.289909841000134,67.0589,22.023015063297347,2,R,HL,quad
3728,-50.3699,0.1218717769285921,8.345855889428671,27.84220973183809,0.0503638783220714,0.1546306442945276,104.3699,26.7400542028092,2,R,HL,quad
3729,-55.0551,0.1024032509994627,4.4546172524822,17.40942228095109,0.0812960218371609,0.133224839912674,115.0551,28.433646456535065,2,R,HL,quad
3730,-55.0551,0.085131871038664,3.2765179352141267,16.817067702112364,0.1112740063915279,0.1341256354833723,115.0551,32.216968407335784,2,R,HL,quad
3731,,,,,,,139.0705,33.454869783970175,2,R,HL,quad
3732,,,,,,,139.0705,36.57876755459982,2,R,HL,quad
3733,,,,,,,151.0619,39.94238592534808,2,R,HL,quad
3734,-37.055800000000005,0.1074496580782427,7.194959836891543,27.60298764957132,0.055491760140728,0.1468799082239726,79.0558,2.0039064036002023,0,L,HL,quad
3735,0.0,0.1625346132454344,18.438123754974423,37.89885860177315,0.0282139302410842,0.1913752768211777,0.0,2.560761847701273,0,L,HL,quad
3736,0.0,0.1643504112096116,18.94691488143151,41.460245728256574,0.0282284717575729,0.1967575422180646,0.0,3.9959772171014727,0,L,HL,quad
3737,0.0,0.3250085851833302,36.41758571009397,45.09170806785237,0.0357625081299546,0.4791203735371544,0.0,5.034710676491767,0,L,HL,quad
3738,0.0,0.1571029146010693,19.187564339941776,47.91760845964175,0.0277978892539322,0.1962172512762458,0.0,5.6609938579680055,0,L,HL,quad
3739,0.0,0.1645383311808289,25.162803302578585,59.89043425295686,0.0227653373266785,0.2107359506548283,0.0,6.921052808986848,0,L,HL,quad
3740,0.0,0.1779232942556927,20.055849167647363,44.86407593595957,0.0327784138580849,0.2418435488954222,0.0,8.261239079353915,0,L,HL,quad
3741,-19.0528,0.0611670236835944,4.219205356062545,20.35015877828969,0.0510064552380116,0.0791701238925548,43.0528,9.779460903895824,1,L,HL,quad
3742,-1.0601000000000005,0.2142623446013361,32.41619513992119,60.93526564780896,0.0237284025210482,0.2829671737595132,7.0601,10.727987424347416,1,L,HL,quad
3743,-7.0573000000000015,0.2581536399569349,25.89448295766744,38.355520785818925,0.0335262754619702,0.3193729066261654,19.0573,12.71989311729575,1,L,HL,quad
3744,-1.0601000000000005,0.1830703455808125,20.590521528858915,48.22158585070868,0.0362467347382469,0.2745628375118852,7.0601,13.883344140563132,1,L,HL,quad
3745,-7.0573000000000015,0.1247350194202812,9.920066088798514,16.92829900823536,0.110012129994271,0.4014769876644175,19.0573,15.289340516782303,1,L,HL,quad
3746,-7.0573000000000015,0.1790733669526174,14.533253871648498,22.61250499307088,0.0761376341575875,0.4070687427676291,19.0573,17.735613314971165,1,L,HL,quad
3747,-7.0573000000000015,0.1432557989303391,11.531072617073947,25.563988764041795,0.0858317688874639,0.3641021874668236,19.0573,20.91940217532785,1,L,HL,quad
3748,-13.0498,0.291030429505444,27.06758122208154,36.13032685416684,0.0383399298445117,0.3817739405275447,31.0498,22.97869504046384,1,L,HL,quad
3749,-31.0591,0.1494541566504413,9.417789018338972,22.573224119117636,0.0623955273466801,0.216176227971237,67.0591,23.42540978227525,1,L,HL,quad
3750,-19.0528,0.1369926125825607,9.140638929483112,16.077645657888045,0.0969844475228742,0.326125057122771,43.0528,25.420900878434605,1,L,HL,quad
3751,-19.0528,0.2923468747531585,10.704351264518229,15.166357563605017,0.1044960729749037,0.4114962102808144,43.0528,26.95068208520481,1,L,HL,quad
3752,-19.0528,0.2817738908243692,25.48486168748269,37.56144265727819,0.0414560748752421,0.3886654883391501,43.0528,29.258514986624437,1,L,HL,quad
3753,-25.0518,0.267157682743693,19.14676013033438,27.269558566611625,0.052817023583141,0.3720272382197738,55.0518,31.71894513234392,1,L,HL,quad
3754,-25.0518,0.2589708840062519,21.48781884348543,33.78890585459728,0.0435062823819184,0.343913977052976,55.0518,32.83897491749941,1,L,HL,quad
3755,-31.0591,0.2015842270226402,13.38709083474013,26.434270084151237,0.0583428238785748,0.2873288099271471,67.0591,33.98816577785595,2,L,HL,quad
3756,-31.0591,0.2263132021017518,15.336021871353456,26.67759494148013,0.0561058735839491,0.3165385190698228,67.0591,35.23725176773616,2,L,HL,quad
3757,-37.055800000000005,0.201129496097693,11.550515968792284,19.933861650533643,0.0668717900076796,0.2841514335484823,79.0558,36.464518971671055,2,L,HL,quad
3758,-31.0591,0.2278404206596709,17.429971982331075,31.686113034722844,0.0491777785715792,0.3153342282914877,67.0591,37.42041897167106,2,L,HL,quad
3759,-37.055800000000005,0.1911136041660034,11.84510852688358,25.303009895822395,0.0618686002286774,0.2695968741881687,79.0558,40.29795558186785,2,L,HL,quad
3760,-31.0591,0.2198230669815369,14.10027667458531,28.53757411189431,0.0699823970363483,0.3630128231120819,67.0591,41.59618297168812,2,L,HL,quad
3761,-37.055800000000005,0.1902143599987696,12.524320316657404,27.23841414424066,0.0578403946667862,0.2664961456404144,79.0558,43.06396008764538,2,L,HL,quad
3762,-37.055800000000005,0.1854339512374936,11.2123566379512,25.837230046947305,0.0666483786091035,0.2749109317815262,79.0558,45.16967233893054,2,L,HL,quad
3763,-43.0583,0.1776554783351518,8.865431910150937,22.426490834625582,0.0922246177657463,0.3007823032483033,91.0583,48.04639521035801,2,L,HL,quad
3764,-43.0583,0.2124231731205616,10.91179336601044,22.17289517419295,0.0814416073397279,0.3269248910774815,91.0583,49.89913977480924,2,L,HL,quad
3765,-43.0583,0.2009789474295894,10.571538810985672,23.72188654111867,0.0831776931969528,0.3234823566246322,91.0583,52.01955893163552,2,L,HL,quad
3766,-50.3708,0.2140700533914074,9.52592283023476,19.71188508171168,0.0979984462925239,0.3434248896092909,104.3708,54.8164439818381,2,L,HL,quad
3767,-55.056,0.2571387699623892,9.291327958115968,13.967421195514316,0.1075737305422888,0.3676965352459446,115.056,56.79652385361142,2,L,HL,quad
3768,-55.056,0.237408903097066,8.75083987571596,15.870115700156363,0.1141074021335721,0.3673407202485972,115.056,58.50381958963519,2,L,HL,quad
3769,,,,,,,139.0716,60.44762850936782,2,L,HL,quad
3770,-55.056,0.1346374129816787,5.452684829195742,18.855498443712253,0.1103423585534978,0.2213391187783529,115.056,61.54967850936782,2,L,HL,quad
3771,,,,,,,139.0716,63.23017722364256,2,L,HL,quad
3772,,,,,,,139.0716,64.26257401429777,2,L,HL,quad
3773,-55.056,0.186148209043849,6.3339898741596965,16.897390882399765,0.1602537936059774,0.3734145206611464,115.056,65.65929401429777,2,L,HL,quad
3774,-61.0662,0.1384806158880074,4.28907079112926,13.997209232960794,0.1368588965685678,0.2159443107160029,127.0662,66.82899221197607,2,L,HL,quad
3775,-61.0662,0.1556068900098677,4.378051853918143,13.469953166699415,0.1768613213559226,0.2848520075225804,127.0662,69.29246467247899,2,L,HL,quad
3776,-61.0662,0.1734932256264248,5.334519358552025,14.712713872957572,0.1512009142144426,0.2967257461912804,127.0662,71.84307374614886,2,L,HL,quad
3777,,,,,,,139.0716,73.89314292964059,2,L,HL,quad
3778,,,,,,,139.0716,75.69983694176675,2,L,HL,quad
3779,,,,,,,139.0716,76.41083694176675,2,L,HL,quad
3780,,,,,,,151.0627,78.23464763061432,2,L,HL,quad
3781,,,,,,,139.0716,79.24253127854595,2,L,HL,quad
3782,,,,,,,139.0716,80.55580880199635,2,L,HL,quad
3783,,,,,,,151.0627,82.86457425365566,2,L,HL,quad
3784,,,,,,,151.0627,85.38883166986173,2,L,HL,quad
3785,0.0,0.1739893029058244,26.48996420439673,59.624965043215695,0.0217615622455123,0.2120688881042779,0.0,3.1869561296450284,0,R,HL,quad
3786,0.0,0.1118026657230177,11.770742779885058,38.3025867253864,0.0361284432032786,0.1564439005298254,0.0,5.4433053403367655,0,R,HL,quad
3787,-1.0601000000000005,0.1837205099250662,14.289172210649948,33.20914158989887,0.0497418902828668,0.2614778309201535,7.0601,6.784685835894929,1,R,HL,quad
3788,-7.0573000000000015,0.1054489656667542,8.60116769328426,19.535428315887582,0.0584867636421685,0.185063394331318,19.0573,8.048905857845382,1,R,HL,quad
3789,-7.0573000000000015,0.1343187915563275,11.692514045926188,29.242692269017287,0.0427113516726986,0.183720125751871,19.0573,10.233743886785344,1,R,HL,quad
3790,-13.0498,0.1142746888289471,9.281830021814384,28.28901278932172,0.0538980933248087,0.1840401298729062,31.0498,11.144877749611144,1,R,HL,quad
3791,-7.0573000000000015,0.1392505910812936,11.985690626348728,31.811807710481844,0.0514400986891112,0.2268142700369093,19.0573,12.059379784163282,1,R,HL,quad
3792,-7.0573000000000015,0.1490473133025052,13.92950274191321,37.60958536203272,0.0447030060345051,0.2290750865528892,19.0573,15.959254002229423,1,R,HL,quad
3793,-13.0498,0.1732613609372286,13.947192008297064,28.40455218209712,0.0490358914302143,0.2515975297023959,31.0498,17.37583657165487,1,R,HL,quad
3794,-13.0498,0.1820483371057863,15.238409982149996,30.842171654704032,0.0457944825293128,0.256719186508217,31.0498,18.2611428370252,1,R,HL,quad
3795,-31.0591,0.0797115536787197,4.5842119206848455,22.67302960066094,0.0634622926060463,0.1070251786377677,67.0591,19.557281035701624,1,R,HL,quad
3796,-13.0498,0.2042429748259549,16.159701010170643,28.437908652520875,0.0521574945593804,0.3100670094965796,31.0498,20.199687546409603,1,R,HL,quad
3797,-19.0528,0.1661880294903444,12.774680565442184,29.18388358366231,0.0508561194122073,0.2390004868101633,43.0528,22.13676242848828,1,R,HL,quad
3798,-19.0528,0.1726770762719258,14.182104407664728,31.546654370674744,0.0450977814818692,0.2352888647651697,43.0528,24.01168834604705,1,R,HL,quad
3799,-25.0518,0.1744481159689124,13.388454124024788,30.21135363602976,0.0476377224119145,0.2346318378056122,55.0518,27.15767914008312,1,R,HL,quad
3800,-25.0518,0.2068432911431274,17.321014703160188,34.45978200027865,0.0435018238476266,0.2771955882536918,55.0518,28.52427916113577,1,R,HL,quad
3801,-25.0518,0.1535512436606624,12.325269246145076,32.54693960208281,0.0504131086411806,0.2285837807663791,55.0518,29.4293612473607,2,R,HL,quad
3802,-50.3708,0.0427350325526269,2.009256706599753,21.73323976843569,0.0966775832812537,0.0714606118291394,104.3708,31.845900987973906,2,R,HL,quad
3803,-37.055800000000005,0.0953649498204649,8.942157053342557,37.5094620108883,0.0388624307135981,0.1278432410051604,79.0558,33.50831408174724,2,R,HL,quad
3804,-37.055800000000005,0.1218557336178318,8.048688517465498,27.082433852086627,0.0564000532765389,0.166997570464817,79.0558,34.58438949234819,2,R,HL,quad
3805,-43.0583,0.1276937075323477,6.6754383960705965,23.170164988898527,0.0813629069294879,0.1998074913523283,91.0583,37.92165238982746,2,R,HL,quad
3806,-55.056,0.0838306430977253,3.077066513581157,15.167823775916464,0.1110241003240119,0.1256781168644151,115.056,42.87571612307473,2,R,HL,quad
3807,-55.056,0.1246454363636115,4.448957005627367,13.864225256825266,0.1120297102043949,0.1833567655988014,115.056,46.11255201599896,2,R,HL,quad
3808,-61.0662,0.0914689609071745,3.2707833925979624,14.230640628848697,0.095312187270965,0.1146847674049983,127.0662,51.2080021770918,2,R,HL,quad
3809,,,,,,,151.0627,53.35405019685542,2,R,HL,quad
3810,-61.0662,0.0761246730272604,2.1448169922620623,12.890837846074694,0.1621666779414809,0.1279550349732318,127.0662,54.55327019685542,2,R,HL,quad
3811,-61.0662,0.0988391066157958,2.68502206643403,12.1449817904827,0.1696196379084923,0.1675442428068726,127.0662,56.800624363213245,2,R,HL,quad
3812,,,,,,,139.0716,61.12125655730258,2,R,HL,quad
3813,,,,,,,139.0716,63.635027933007045,2,R,HL,quad
3814,,,,,,,151.0627,65.31079568193937,2,R,HL,quad
3815,,,,,,,151.0627,66.71693410319716,2,R,HL,quad
3816,,,,,,,151.0627,69.60477787036271,2,R,HL,quad
3817,,,,,,,151.0627,72.83508787036271,2,R,HL,quad
3818,,,,,,,163.0611,75.31695730140089,2,R,HL,quad
3819,0.0,0.1510567186412219,19.492380399843103,46.24924530076183,0.0248525087426739,0.1782135131209869,0.0,2.056723087243394,0,L,HL,quad
3820,-1.0620000000000005,0.186557768819584,20.703007687877232,45.22283803380643,0.0341388606030857,0.2600087621973012,7.062,4.487910067630254,1,L,HL,quad
3821,-19.052,0.1327484402778529,12.096023333802671,37.835576370103,0.0412192402008297,0.1834206026950108,43.052,6.334047594845733,1,L,HL,quad
3822,-7.0579,0.1744320043272219,28.474866622571064,64.76725680233406,0.0234890675395572,0.2460554524828712,19.0579,7.834324986696985,1,L,HL,quad
3823,-31.059600000000003,0.14589515683374,10.909595473093876,29.438108042458744,0.0478852148393996,0.1921832819432808,67.0596,9.189040000691197,1,L,HL,quad
3824,-13.050999999999998,0.1794342425241134,21.158393716556816,48.09523185292533,0.0305166396240171,0.2375335291989433,31.051,11.284504555587084,1,L,HL,quad
3825,-19.052,0.1853393374872536,13.269135761972375,22.977765438676457,0.05510261665022,0.2689802409436609,43.052,12.714765166787837,1,L,HL,quad
3826,-25.0529,0.159150384401365,9.654967441029925,13.772785740399106,0.1003129957881656,0.3562981211539609,55.0529,14.77027816789596,1,L,HL,quad
3827,-13.050999999999998,0.2071020712451825,21.32507014545748,44.35004288994422,0.0378319312931436,0.2967935775157503,31.051,15.526898579991748,1,L,HL,quad
3828,-19.052,0.263281288208565,21.73249884870016,34.013201546561376,0.0487088700583548,0.3894244707748968,43.052,20.02842151982442,1,L,HL,quad
3829,-25.0529,0.2013044007470647,14.56811542761098,28.64234135816436,0.052365184555944,0.2806412657482243,55.0529,20.98894122254501,1,L,HL,quad
3830,-25.0529,0.2633505717169294,24.03583417757808,38.22409818220895,0.041216261375536,0.3644461046938957,55.0529,21.906395271051117,2,L,HL,quad
3831,-25.0529,0.2241627736774404,17.375247980082165,32.9960227884546,0.0522697463986633,0.3341080369314127,55.0529,22.97301977706996,2,L,HL,quad
3832,-37.0578,0.277284664472927,18.814344018579597,26.23898313858025,0.0491715507242216,0.3403364807750587,79.0578,25.95721804712999,2,L,HL,quad
3833,-37.0578,0.1709397400048168,11.754242523544947,29.11788243984758,0.0569983323713787,0.2464690066778715,79.0578,28.541350917790854,2,L,HL,quad
3834,-43.0615,0.1466725805964877,7.690577746687218,21.52021482300456,0.0748435574055478,0.2117478000404055,91.0615,30.396446236047066,2,L,HL,quad
3835,-43.0615,0.2464926298513461,35.70267230785098,46.8018405227122,0.0343516367848003,0.4511839863423214,91.0615,31.75758197962645,2,L,HL,quad
3836,-43.0615,0.1979978753609301,10.610740656644122,23.20358417902209,0.0775959938044583,0.3028938933533676,91.0615,34.1521966988991,2,L,HL,quad
3837,-50.3723,0.1851694093447851,8.809454770480974,20.28931166828554,0.0827876263661987,0.2682995715870798,104.3723,36.25862051166127,2,L,HL,quad
3838,-50.3723,0.187863253693676,8.55966756712608,19.294114742213825,0.0896057245705884,0.2821617708677753,104.3723,37.874658741131896,2,L,HL,quad
3839,-61.0677,0.1501800234434768,4.179008219782161,10.85928095478823,0.1478905206561358,0.227362628473373,127.0677,40.13891494965127,2,L,HL,quad
3840,-61.0677,0.2289535428227124,6.23693652680148,8.89278664325421,0.1386332867780896,0.3180858588996887,127.0677,41.14646799201521,2,L,HL,quad
3841,-55.0573,0.2037637513892531,7.781983328877432,16.505315347930406,0.1061189842360082,0.3038007897327432,115.0573,43.14868329763158,2,L,HL,quad
3842,-61.0677,0.2213518486928394,6.1423386405200135,11.269483763645889,0.1520907696201041,0.3436704028712039,127.0677,47.31939215998982,2,L,HL,quad
3843,,,,,,,139.072,50.100156755249486,2,L,HL,quad
3844,,,,,,,139.072,51.84178204282523,2,L,HL,quad
3845,,,,,,,139.072,52.95204709534524,2,L,HL,quad
3846,,,,,,,139.072,53.83754145777237,2,L,HL,quad
3847,,,,,,,151.0659,55.83716420377668,2,L,HL,quad
3848,,,,,,,139.072,57.8281875538052,2,L,HL,quad
3849,,,,,,,139.072,59.47479152191588,2,L,HL,quad
3850,,,,,,,163.0624,61.10365641549048,2,L,HL,quad
3851,,,,,,,151.0659,63.21967750533372,2,L,HL,quad
3852,,,,,,,151.0659,65.46030488044718,2,L,HL,quad
3853,,,,,,,151.0659,66.3122199025105,2,L,HL,quad
3854,,,,,,,163.0624,68.04000497758402,2,L,HL,quad
3855,0.0,0.0477610158213836,4.453870988166452,22.06098055845827,0.0517197134551379,0.0847421076293273,0.0,1.6747905399440903,0,R,HL,quad
3856,-13.050999999999998,0.0375478244941104,2.7581745523660226,16.851695226530474,0.092877766684748,0.0942408141306237,31.051,3.8678986817840224,1,R,HL,quad
3857,-7.0579,0.0710207646699086,6.185103618226293,33.18861491471843,0.0556628412750795,0.1266536962307614,19.0579,9.173018000349256,1,R,HL,quad
3858,-13.050999999999998,0.0834607134778495,6.385715082191346,23.87255466212315,0.0608111978027121,0.1428560419708338,31.051,11.322664179328482,1,R,HL,quad
3859,-13.050999999999998,0.1008393355770138,7.641527036307721,25.82151599731578,0.0626536696947649,0.1761295336943954,31.051,13.449654770534918,1,R,HL,quad
3860,-19.052,0.2025204367449964,16.940172624036443,31.653593612416827,0.0437154357128411,0.2724320265681585,43.052,14.97178292998156,1,R,HL,quad
3861,-19.052,0.1429776308234369,10.424973586680482,27.369261066197545,0.0584139438732191,0.2240252705207387,43.052,17.859065533935457,1,R,HL,quad
3862,-19.052,0.1426474516396174,11.032093722140257,32.00563824281239,0.0547382682211961,0.2221541927262992,43.052,19.307590369759826,1,R,HL,quad
3863,-25.0529,0.1472303014158879,10.027223900220934,24.709280283874296,0.0571818895096841,0.2109330986759146,55.0529,19.908116960459065,1,R,HL,quad
3864,-19.052,0.1403975221165524,10.778434986253709,32.293425174602234,0.0553072133947133,0.2193022068589969,43.052,21.729198023381407,1,R,HL,quad
3865,-31.059600000000003,0.09986371827449,6.062717769427925,21.73587146968893,0.0666096706293592,0.1485628272655181,67.0596,23.06738379867032,2,R,HL,quad
3866,-31.059600000000003,0.1663179322673788,10.080171004129856,20.072811265566266,0.0620603946798503,0.2301377967535155,67.0596,24.02234989587693,2,R,HL,quad
3867,-37.0578,0.0989012755931157,5.965170321107537,23.14069851728674,0.0629533199744125,0.1381487644124939,79.0578,25.973949397967974,2,R,HL,quad
3868,-37.0578,0.1783124593118903,12.04718154274661,26.861243449844427,0.0521824860114869,0.2312681031637521,79.0578,26.970888269541245,2,R,HL,quad
3869,-43.0615,0.1223425595048756,6.69961522642659,21.65982840217675,0.0666442520647718,0.1642548028730583,91.0615,28.69153430906849,2,R,HL,quad
3870,-50.3723,0.0620054214254897,2.9226341332583794,19.367882554498923,0.0820653243242027,0.0882347501704044,104.3723,29.76120217756317,2,R,HL,quad
3871,-55.0573,0.0522445931220049,2.1893680983671087,19.322140955923985,0.1049434835055301,0.0845239491038242,115.0573,32.47216031196949,2,R,HL,quad
3872,-61.0677,0.0412880457325975,1.6305897377881156,17.103168296945473,0.1011881532175537,0.0606987702654101,127.0677,33.69029798914188,2,R,HL,quad
3873,-61.0677,0.0306143534708298,1.0891199755308316,16.299495104531015,0.1250460651685462,0.0501015626896193,127.0677,34.79999990664827,2,R,HL,quad
3874,,,,,,,151.0659,38.43891094883325,2,R,HL,quad
3875,,,,,,,151.0659,40.60877447412653,2,R,HL,quad
3876,,,,,,,139.072,43.76778494274626,2,R,HL,quad
3877,,,,,,,151.0659,48.98694449480664,2,R,HL,quad
3878,,,,,,,151.0659,50.95717496215725,2,R,HL,quad
3879,0.0,0.1450737196340678,17.411914891281153,51.69597218117056,0.0331614054763164,0.2124149025990466,0.0,4.155010015110936,0,L,HL,quad
3880,-1.061,0.0991929824548957,9.96890181454376,38.48169791489158,0.0383944827396145,0.1408061609521882,7.061,5.213748600939256,1,L,HL,quad
3881,-19.0501,0.055973327552634,4.241442358475995,27.528981870783653,0.0477597830496363,0.0745214733577443,43.0501,7.200593465180885,1,L,HL,quad
3882,-7.056799999999999,0.1468781453285723,13.621214079775475,35.01558374352358,0.0410321781193088,0.205610792991035,19.0568,7.634795317433958,1,L,HL,quad
3883,-7.056799999999999,0.0728360019131271,6.329310028972563,31.08069905405066,0.0485037693507342,0.1129372939113548,19.0568,9.28482853201688,1,L,HL,quad
3884,-13.0501,0.1454559284153402,12.779640531028235,35.07349583257027,0.0430115038934906,0.2022128657532659,31.0501,10.6843061704109,1,L,HL,quad
3885,-7.056799999999999,0.143686841897366,14.273333421511282,40.87130620922471,0.0401792916105288,0.2109760731183324,19.0568,11.21609119511543,1,L,HL,quad
3886,-7.056799999999999,0.1735620184490609,16.090473052176918,37.58608868468325,0.0430456277589908,0.2548023189570154,19.0568,11.896776026737232,1,L,HL,quad
3887,-13.0501,0.1971194060717027,16.219549447985475,29.89175488820833,0.0461045875420029,0.2750986412032216,31.0501,13.787973175006048,1,L,HL,quad
3888,-19.0501,0.1809609309523351,11.288461314232563,21.27528213087396,0.0872918993820445,0.3625051747407277,43.0501,15.122795477486791,1,L,HL,quad
3889,-13.0501,0.1473361247700283,10.86506369363654,26.716595447606984,0.0529266409839988,0.2115495602261997,31.0501,17.4587345068281,1,L,HL,quad
3890,-19.0501,0.2336151668567201,18.599430835324352,30.779724419112096,0.0473422081171069,0.3239318735264572,43.0501,19.37754156664417,1,L,HL,quad
3891,-31.0598,0.2168915297989371,14.696988433449638,26.851311305969546,0.0539447818438799,0.2916643250541497,67.0598,21.206118179960058,1,L,HL,quad
3892,-25.0585,0.1774086262981414,11.951298900352556,25.042430375859663,0.0600229931770345,0.2638993223006678,55.0585,22.18001869644005,1,L,HL,quad
3893,-31.0598,0.1875250151845809,12.26186432496286,24.158069710046338,0.0553779609364788,0.2498037681328772,67.0598,23.439818687820765,1,L,HL,quad
3894,-37.056,0.1214415392700677,6.541749093829218,18.914209472822584,0.0706420951864315,0.170005500288396,79.056,25.60099117903945,2,L,HL,quad
3895,-37.056,0.1199218257898126,7.475118973064536,25.015178376241984,0.0611621251165041,0.1681923327834274,79.056,26.053434324638985,2,L,HL,quad
3896,-37.056,0.0953667149983602,6.017854001339222,25.289388626402427,0.0605678826083985,0.1340878899647498,79.056,26.63029933527839,2,L,HL,quad
3897,-7.056799999999999,0.1326632662517737,15.06682636122851,56.49345176355444,0.0470411792628564,0.2607387035297471,19.0568,27.583594785893236,2,L,HL,quad
3898,-37.056,0.1561545184809304,9.231677136888056,24.33228408710396,0.0687504721782032,0.2334865191360858,79.056,29.45833876256774,2,L,HL,quad
3899,-50.3704,0.1603017945606196,7.163831605796606,19.040238771684795,0.083315917906684,0.219572966907633,104.3704,31.11575876256774,2,L,HL,quad
3900,-37.056,0.1205493366652202,6.551560951371078,23.74302355468033,0.0890565295813847,0.2146426744870593,79.056,31.58975876256774,2,L,HL,quad
3901,-43.0608,0.116463091684018,6.068604854744318,22.95822256234837,0.0870693203995248,0.1943835605800232,91.0608,33.70343661945605,2,L,HL,quad
3902,-43.0608,0.1857657673863332,10.227596799484235,23.49814576629128,0.0728605648450673,0.2741395215228516,91.0608,34.75805557410268,2,L,HL,quad
3903,-50.3704,0.1266284290403082,5.405532753936566,18.648995218723748,0.1052037684634192,0.2092065695001718,104.3704,36.68697861368429,2,L,HL,quad
3904,-50.3704,0.1512795121714183,6.931734509472539,19.7773495922378,0.0899614068056635,0.2294054213021094,104.3704,37.74670148511177,2,L,HL,quad
3905,-43.0608,0.177771720816511,9.008718875977252,23.3337580910044,0.0924667797982562,0.3064462322663588,91.0608,38.89088665937331,2,L,HL,quad
3906,-50.3704,0.2104483529654827,13.206018192097492,27.231799623176173,0.0633347466921639,0.3076942972770218,104.3704,41.160119243412765,2,L,HL,quad
3907,-50.3704,0.1808958624317627,8.42571822797024,21.12236769782013,0.0943905111789964,0.2925774076336843,104.3704,43.15389143651428,2,L,HL,quad
3908,-55.0556,0.1554743857165914,5.5509746897290535,14.886986504256171,0.1186415330596575,0.2422766249878325,115.0556,44.427143645928496,2,L,HL,quad
3909,-55.0556,0.094599265939732,3.460864348985996,16.29727212394072,0.1255988114487123,0.159910000599267,115.0556,45.863716861492975,2,L,HL,quad
3910,-55.0556,0.1741221552155582,5.97554828190426,15.098193993112684,0.1363548602530153,0.2997463479995733,115.0556,46.56441880568894,2,L,HL,quad
3911,-55.0556,0.1444486237885336,4.958202318822736,16.493487713455167,0.1498481623479451,0.2733261497193949,115.0556,48.00768331493973,2,L,HL,quad
3912,-55.0556,0.1596418116087981,5.477948565226027,16.53080369300063,0.1504060175544702,0.3031019151281078,115.0556,50.72214241848286,2,L,HL,quad
3913,-61.0658,0.1347599212448632,3.718910143232868,12.640178014600387,0.1733361191240386,0.237142979381367,127.0658,52.69160210117936,2,L,HL,quad
3914,-61.0658,0.1521781090818894,4.195894857729515,12.616190889806292,0.1732283092065551,0.2673923521112609,127.0658,54.335328402612376,2,L,HL,quad
3915,-61.0658,0.0946158699655131,3.081097763025167,15.29336705912596,0.1390394810618163,0.1575974314313807,127.0658,56.45855979567506,2,L,HL,quad
3916,-61.0658,0.0939696148968881,3.4384123987438624,17.030065231338295,0.1266727679042075,0.1602310736087066,127.0658,57.36691854023546,2,L,HL,quad
3917,,,,,,,139.0712,58.83862416855418,2,L,HL,quad
3918,,,,,,,139.0712,60.111043205507016,2,L,HL,quad
3919,,,,,,,139.0712,61.785054861279264,2,L,HL,quad
3920,,,,,,,139.0712,64.08553486127927,2,L,HL,quad
3921,,,,,,,151.0669,66.69993528103026,2,L,HL,quad
3922,,,,,,,151.0669,68.1175301327774,2,L,HL,quad
3923,,,,,,,151.0669,70.23190078994338,2,L,HL,quad
3924,,,,,,,151.0669,72.9731428368461,2,L,HL,quad
3925,-1.061,0.0992748877589166,10.168521666994115,40.53285316268487,0.0365976257723495,0.1369040350159872,7.061,7.372126040019843,1,R,HL,quad
3926,-7.056799999999999,0.0785619162549114,6.097229255366778,24.420799466108644,0.0734359616496254,0.1647201879798886,19.0568,8.897440909772316,1,R,HL,quad
3927,-7.056799999999999,0.1381684230126514,12.00661172594461,30.739541963620084,0.0465941376893588,0.2058056357822435,19.0568,10.184326703308669,1,R,HL,quad
3928,-7.056799999999999,0.1762548387292261,12.887902216793702,27.564653419440678,0.0681542032693077,0.3231323177024113,19.0568,11.455698481006758,1,R,HL,quad
3929,-7.056799999999999,0.1401276636340276,12.559168495743345,35.80189948499874,0.045326317865897,0.209419368297116,19.0568,13.923746931920476,1,R,HL,quad
3930,-19.0501,0.1442921508774186,10.403302237268749,24.458754410708718,0.0506663848224817,0.193908412681715,43.0501,14.936280720245588,1,R,HL,quad
3931,-19.0501,0.2365161575875614,10.57453486074209,15.80263139831018,0.0800424318321907,0.3113773843780915,43.0501,15.90742351342251,1,R,HL,quad
3932,-13.0501,0.099881571554824,14.228139908933327,56.73452878835764,0.0280374695622594,0.1467548491285134,31.0501,18.18104209881366,1,R,HL,quad
3933,-25.0585,0.2853955364174819,21.26641892130637,28.2394336336398,0.0492417859958012,0.3852420446093578,55.0585,19.215411336057947,1,R,HL,quad
3934,-19.0501,0.2055324750698063,11.193329212198591,24.211907194930493,0.0721913361815855,0.2972691733759885,43.0501,20.524633685991823,1,R,HL,quad
3935,-19.0501,0.1418628247162156,10.556194651369951,26.98634976834345,0.0536459018740681,0.2083288702819974,43.0501,21.46637649532236,1,R,HL,quad
3936,-25.0585,0.2039128225003001,16.363560806633153,33.08569943861941,0.048171372548247,0.2899828765286895,55.0585,25.67554448073236,1,R,HL,quad
3937,-31.0598,0.178283427760412,10.929502859816846,21.361737177368937,0.064077659588636,0.257639570846625,67.0598,27.18706748118351,2,R,HL,quad
3938,-43.0608,0.0831983289158922,4.443043575352446,19.999941788720317,0.0670231738421895,0.109549671716005,91.0608,30.029116173380963,2,R,HL,quad
3939,-37.056,0.1791911092296847,14.566316034010056,33.058523121231964,0.0460555755300453,0.2467956270300204,79.056,30.789551921898173,2,R,HL,quad
3940,-50.3704,0.13135603315482,5.606063700467623,15.793440656941346,0.0905275769221298,0.1867000535268776,104.3704,33.821903479380275,2,R,HL,quad
3941,-55.0556,0.0484879214628327,2.423668048441249,19.55373954160217,0.0685844249142631,0.061151083579751,115.0556,35.53175417094781,2,R,HL,quad
3942,-43.0608,0.1291510145964268,7.637941986400452,25.507396772241503,0.0662628010994377,0.186187990279435,91.0608,38.043572105312776,2,R,HL,quad
3943,-61.0658,0.0353151622993937,1.4993257228270849,16.080992586910096,0.0638344864120023,0.0352092584657518,127.0658,40.8963951234618,2,R,HL,quad
3944,-61.0658,0.0167579449446338,0.4190174944833976,7.34699210992861,0.1705108803416062,0.0262838978338756,127.0658,42.895191485454106,2,R,HL,quad
3945,,,,,,,151.0669,48.28228441487616,2,R,HL,quad
3946,,,,,,,139.0712,49.418216786322624,2,R,HL,quad
3947,,,,,,,151.0669,58.958410856628085,2,R,HL,quad
3948,,,,,,,163.0608,63.62423956352304,2,R,HL,quad
3949,-1.0537,0.1462023225476631,13.202230465928595,33.37315272164393,0.0500438452053617,0.2430544069733112,7.0537,1.8656669767289489,1,L,HH,quad
3950,-7.048200000000001,0.1132917345515508,7.219058328934455,20.74316256804874,0.0544646531328606,0.1446441291388074,19.0482,3.2893359695078184,1,L,HH,quad
3951,-7.048200000000001,0.2166124672210153,17.891081929437107,29.73980770936557,0.0554643636608747,0.3650531979545826,19.0482,4.502875453638941,1,L,HH,quad
3952,-31.0509,0.1636008158842065,9.290465182612774,12.451056777496673,0.0654204236986576,0.2235920360578282,67.0509,5.464042108480165,1,L,HH,quad
3953,-7.048200000000001,0.2470280318028911,21.2826316740934,35.11141418969993,0.0523507774088799,0.4098774092446641,19.0482,6.84577289607576,1,L,HH,quad
3954,-13.050999999999998,0.2142324235063032,18.476246552879434,33.73186502064593,0.0476797419943842,0.324080696652899,31.051,8.419743114036937,1,L,HH,quad
3955,-19.0483,0.1843922030416379,13.33405986234609,28.34593890109184,0.0624938055237563,0.3065525197407385,43.0483,11.583790352653692,1,L,HH,quad
3956,-31.0509,0.1380788692154921,7.721959622629658,16.259399362744926,0.0749143842555116,0.212813051361624,67.0509,12.087333845950727,1,L,HH,quad
3957,-25.05,0.2366750046974524,16.381817795432784,25.0378156516336,0.0553671702098085,0.3336721324219612,55.05,13.01214877080706,1,L,HH,quad
3958,-31.0509,0.1555549400965975,9.876752336121484,26.35073001066639,0.0682448088903787,0.2479643827138832,67.0509,14.248557029020276,2,L,HH,quad
3959,-31.0509,0.1990341066970691,12.055470007329289,22.82008886883217,0.0690802895549895,0.3063682912157414,67.0509,15.626682813463034,2,L,HH,quad
3960,-37.05,0.167155090535801,9.19338043904943,19.65395254881953,0.0681449402704009,0.2304699808324289,79.05,16.70777695922463,2,L,HH,quad
3961,-43.0492,0.2073630951583314,11.102177038099596,19.6082889344676,0.0633188197466963,0.2586106927219709,91.0492,17.828961353633577,2,L,HH,quad
3962,-49.0506,0.1325452222076816,6.033797296562005,17.53488450967549,0.0796033731830867,0.1766964017051926,103.0506,19.043454230187407,2,L,HH,quad
3963,-37.05,0.187353067215521,10.62181964727549,24.399588329692307,0.0765915928159194,0.2992854077420819,79.05,20.755245665995183,2,L,HH,quad
3964,-43.0492,0.1693210632952898,8.485648597822454,22.319961265432426,0.0893485947287129,0.2789191207619966,91.0492,23.868356638345368,2,L,HH,quad
3965,-61.047700000000006,0.0659792391186081,3.2124743313779995,19.52123826660165,0.0793852751682238,0.0938177771330897,127.0477,26.853395113059968,2,L,HH,quad
3966,-49.0506,0.2310054600825966,9.162488353231652,19.12473306411523,0.148628231651449,0.500979856911969,103.0506,29.008523794313128,2,L,HH,quad
3967,-49.0506,0.1288651311904795,5.52306647397752,17.788861362957412,0.0953086249844953,0.193650218980851,103.0506,30.355473794313127,2,L,HH,quad
3968,-55.0493,0.2456696709959296,8.722956595733445,14.4971747630487,0.1187386877401396,0.3810320212377456,115.0493,33.01614865735414,2,L,HH,quad
3969,-55.0493,0.1785821053491157,6.384040094063456,14.843285428723204,0.1169092568867098,0.2745680655765619,115.0493,34.833229301184254,2,L,HH,quad
3970,-55.0493,0.2125323724996185,7.456950917337983,15.519546278094678,0.1315603903388119,0.3609042164617948,115.0493,36.32480767957459,2,L,HH,quad
3971,-55.0493,0.1572769489798493,5.499081060727056,16.93132138521193,0.1453163237586973,0.2939747584042585,115.0493,40.03927726366168,2,L,HH,quad
3972,-61.047700000000006,0.1807486303993693,4.850545501038038,12.52543684816248,0.1879952121528723,0.3354616585292547,127.0477,42.08637086673887,2,L,HH,quad
3973,-61.047700000000006,0.1457065662041541,4.069533535126611,12.899374003115463,0.1659734446151395,0.2484784659671156,127.0477,44.21108707411214,2,L,HH,quad
3974,-61.047700000000006,0.1314280310412944,5.362592055530104,17.250987790676348,0.0972266377630129,0.1918074828721505,127.0477,46.45278096387276,2,L,HH,quad
3975,,,,,,,151.0483,47.84703892782912,2,L,HH,quad
3976,,,,,,,139.051,48.572745400553664,2,L,HH,quad
3977,-61.047700000000006,0.0897800110006363,3.8698217869172025,18.85817791249301,0.1064419119368294,0.1515336730510285,127.0477,50.101357440599344,2,L,HH,quad
3978,,,,,,,151.0483,51.8288489330893,2,L,HH,quad
3979,,,,,,,139.051,54.39875376077418,2,L,HH,quad
3980,,,,,,,151.0483,56.845233478943626,2,L,HH,quad
3981,,,,,,,151.0483,59.51543837436864,2,L,HH,quad
3982,,,,,,,151.0483,64.34266773374316,2,L,HH,quad
3983,-1.0537,0.140862001948208,13.109520083757388,34.70307443034703,0.042198229735821,0.2035103698332685,7.0537,1.4754706202439043,1,R,HH,quad
3984,-13.050999999999998,0.0956577908544179,7.135941199268943,16.95474705087788,0.0619963992726117,0.1627508432510652,31.051,2.503545625167362,1,R,HH,quad
3985,-7.048200000000001,0.1505606900374936,16.246436805761107,40.06986999250551,0.0288678323509235,0.172535242335212,19.0482,3.2012475775797085,1,R,HH,quad
3986,-19.0483,0.1692134478659857,8.71243719592364,17.77741964606361,0.0686144027129017,0.2199178422609889,43.0483,6.346573673776301,1,R,HH,quad
3987,-13.050999999999998,0.1111499086678595,8.316473436623822,21.639702543437878,0.0622888149776825,0.1905701129799086,31.051,7.159442078478136,1,R,HH,quad
3988,-13.050999999999998,0.1464202529468026,10.87734924986628,21.81112251972931,0.0705571285972954,0.2823381011436849,31.051,8.403434338571666,1,R,HH,quad
3989,-19.0483,0.0780081476773301,5.122926539665347,18.04384290100453,0.0790817961337605,0.1490390834300314,43.0483,10.63334040853897,1,R,HH,quad
3990,-13.050999999999998,0.1372123279136816,9.721292105517575,19.9739741774981,0.0825222827153261,0.2951214282091413,31.051,11.73819314712102,1,R,HH,quad
3991,-19.0483,0.1164875341009173,7.8262705130868655,20.918847592791803,0.0749639455083426,0.2158304963577591,43.0483,13.787483213858996,1,R,HH,quad
3992,-19.0483,0.1545239134143826,10.90539332598061,23.92836310785402,0.0604902532409149,0.2426790324218547,43.0483,14.953369057327388,1,R,HH,quad
3993,-19.0483,0.1215810436145466,8.390085732590505,23.65823080852289,0.0683991246448883,0.2111166376483038,43.0483,16.490218578262994,1,R,HH,quad
3994,-25.05,0.1459157160270063,9.755417843938265,24.99940582400382,0.0598890794415202,0.2149309862296513,55.05,19.45655469840001,2,R,HH,quad
3995,-25.05,0.1356693678841997,9.36097712227115,29.11580193948446,0.0641495650873617,0.2209125650252584,55.05,21.34117730301809,2,R,HH,quad
3996,-37.05,0.091560751034322,4.763000048965818,21.17488107532119,0.0935477384139601,0.1639152636718759,79.05,25.12060928693785,2,R,HH,quad
3997,-37.05,0.0724385291005983,3.744368643815815,20.69305266070257,0.0951780283174867,0.1311054729796868,79.05,26.862372077331536,2,R,HH,quad
3998,-43.0492,0.1363369743109256,6.238501816971477,17.6450225736112,0.0902866362628096,0.2072093255661724,91.0492,28.863754918464075,2,R,HH,quad
3999,-55.0493,0.0937168259687604,3.258005892347042,15.199313146711882,0.1285182763600385,0.154036015423998,115.0493,32.048601245217824,2,R,HH,quad
4000,-49.0506,0.1127814069701083,4.586146388654742,15.993925503300126,0.1091158763384322,0.1840947384392737,103.0506,34.64842910590951,2,R,HH,quad
4001,-49.0506,0.1420413518580724,5.9013090175998615,16.873223094360295,0.1035707018431354,0.2248489138790011,103.0506,36.20159514543676,2,R,HH,quad
4002,-61.047700000000006,0.0722085242562544,2.3108563656306758,12.219070017345771,0.107154478377319,0.0910937953054094,127.0477,38.64395680637092,2,R,HH,quad
4003,-55.0493,0.177530020293392,6.211832247916104,14.37162896303727,0.1247090406572477,0.284985770147506,115.0493,41.36601371317707,2,R,HH,quad
4004,-55.0493,0.1485915386570701,5.037629621887649,16.574619330547424,0.1564231164360285,0.2898896342005953,115.0493,45.93171524098462,2,R,HH,quad
4005,-61.047700000000006,0.1407824354136812,4.070724222139424,11.695473385689796,0.1273899186513845,0.190770957625292,127.0477,47.8921530775281,2,R,HH,quad
4006,,,,,,,139.051,50.19643488037843,2,R,HH,quad
4007,-61.047700000000006,0.1160457978207369,5.034080706183572,17.751256066933173,0.0861969468611883,0.1596311252876318,127.0477,54.01561633265734,2,R,HH,quad
4008,,,,,,,151.0483,57.84547984688238,2,R,HH,quad
4009,,,,,,,151.0483,60.09324864707799,2,R,HH,quad
4010,,,,,,,151.0483,62.52863200892225,2,R,HH,quad
4011,,,,,,,167.8579,70.12899786487185,2,R,HH,quad
4012,0.0,0.193624415352633,20.504717905414147,40.49720534508205,0.0326525259661208,0.2463066289980927,0.0,0.1654526707248935,0,L,HH,quad
4013,-7.0512000000000015,0.2356233925129628,25.30580096775279,39.80656586762896,0.0321052723897038,0.2988835170082051,19.0512,2.3772821433485847,1,L,HH,quad
4014,-13.0501,0.0170320229529978,1.241143163767571,10.725113718428725,0.0818365863258968,0.0373658531654315,31.0501,3.141303228921488,1,L,HH,quad
4015,-7.0512000000000015,0.2045474205503178,16.778286773067812,26.555355943564702,0.0492023509597305,0.3036959397177255,19.0512,4.096329585887618,1,L,HH,quad
4016,-7.0512000000000015,0.1916593725229641,18.03041407432788,37.68061472684018,0.04091121475041,0.2713648505871833,19.0512,6.041202269265531,1,L,HH,quad
4017,-7.0512000000000015,0.2451827557012191,19.102283906099245,30.73830836046701,0.0488199509635855,0.3430742735446664,19.0512,7.398676619559938,1,L,HH,quad
4018,-13.0501,0.1886447244549788,14.799659430892214,27.662842463256226,0.0487089637013889,0.2651954872614891,31.0501,8.717503480827178,1,L,HH,quad
4019,-19.0512,0.1869311090994534,13.121013432952704,19.2482782677402,0.0645264190952498,0.3114658689415823,43.0512,10.47176643348172,1,L,HH,quad
4020,-13.0501,0.2264685912431968,18.667488583153663,29.605027371889825,0.0471686841952992,0.3239255269558583,31.0501,11.346582199800553,1,L,HH,quad
4021,-13.0501,0.2247884147306704,17.43714917201256,26.30415636928893,0.0531708284163998,0.3410785655076227,31.0501,12.81704272545814,1,L,HH,quad
4022,-19.0512,0.2192455262943414,15.81115296642895,23.466765647385515,0.0557960285039897,0.32454307436397,43.0512,13.741794142517485,1,L,HH,quad
4023,-19.0512,0.2058913813804497,14.94880951993543,23.815797752072488,0.054644099352108,0.3005075574029642,43.0512,14.950962114016894,1,L,HH,quad
4024,-19.0512,0.2176284471618795,15.836970842976116,25.484839362145923,0.0564101755393363,0.3286510971417819,43.0512,16.142841731116125,1,L,HH,quad
4025,-19.0512,0.1841826016861878,14.642660843754536,30.92335188524257,0.0466285768425417,0.2511757350485385,43.0512,17.28526712933619,1,L,HH,quad
4026,-19.0512,0.2420429789710337,23.433413907553117,40.88301819909438,0.038955131306309,0.3358193790528711,43.0512,18.80187558338753,1,L,HH,quad
4027,-25.0483,0.1730014684718842,12.10943627127873,27.353423085074997,0.0567459036073063,0.252792369133536,55.0483,20.406640535101943,2,L,HH,quad
4028,-43.0539,0.1324876210849589,6.5703127263195285,16.52075091713999,0.072201997364031,0.1745182185231716,91.0539,21.901307591071262,2,L,HH,quad
4029,-31.055800000000005,0.1518305338122673,9.200031933100943,20.85327021073077,0.0661504976635094,0.2238865317507586,67.0558,22.930179097382908,2,L,HH,quad
4030,-31.055800000000005,0.1967622433929695,15.881415178795748,33.875475970911765,0.0474362508524997,0.2771437407360802,67.0558,24.35732344484745,2,L,HH,quad
4031,-43.0539,0.1773114682545948,7.846957423853004,12.518235950615788,0.0880418349032129,0.2541533857050601,91.0539,25.662647934012064,2,L,HH,quad
4032,-37.0539,0.2074026959811673,11.896408585112804,22.69227162421789,0.0681451632459677,0.2982335005096984,79.0539,27.034087934012064,2,L,HH,quad
4033,-43.0539,0.158573180225607,8.742067674406044,22.5309893397689,0.0679591120082802,0.2185583371264028,91.0539,29.288577389996387,2,L,HH,quad
4034,-43.0539,0.1969807055182504,10.275360099267644,21.717059202642957,0.075943531172298,0.2870736661060957,91.0539,29.999773985038853,2,L,HH,quad
4035,,,,,,,151.0543,31.851708559085807,2,L,HH,quad
4036,-43.0539,0.1557687566507741,7.763285060178839,22.533997186179786,0.0947080339560955,0.2704816908212446,91.0539,33.74282110747157,2,L,HH,quad
4037,-43.0539,0.1929851741181636,10.369297880054605,23.95310697575573,0.0798322638300822,0.3045322657226099,91.0539,34.680152029291605,2,L,HH,quad
4038,-43.0539,0.2199472043459284,11.4895065406805,23.370230309075044,0.0841733081556303,0.3557798034330645,91.0539,36.68123071054476,2,L,HH,quad
4039,-55.0483,0.1067437567696689,3.656305136340895,16.360277862099053,0.1480701134646392,0.1991660727490664,115.0483,38.15537785843435,2,L,HH,quad
4040,-50.3642,0.122328917647747,5.15464228846002,20.902538774504144,0.1257841491828499,0.2385228374069789,104.3642,39.57621697117379,2,L,HH,quad
4041,-50.3642,0.1487556366776169,6.423206791219485,20.297433020619035,0.1127986377530777,0.2665393148239529,104.3642,40.46064394117333,2,L,HH,quad
4042,-55.0483,0.1929673707922809,6.717415293843912,14.7550450675207,0.1289784013445253,0.3187312944141642,115.0483,41.71369547787207,2,L,HH,quad
4043,-55.0483,0.1911534560558973,6.548522246685582,15.547440163795924,0.140984989145406,0.3396422431999223,115.0483,43.83294633231332,2,L,HH,quad
4044,-50.3642,0.2105775334866714,9.236570860594291,21.490734277406855,0.1157095496997811,0.3931746310702998,104.3642,45.264773212555845,2,L,HH,quad
4045,-61.05,0.1318541090094201,3.641723452562258,12.464993398903934,0.169683281677844,0.227327269720312,127.05,47.05089668296358,2,L,HH,quad
4046,-61.05,0.1382662869894028,3.8747330925069856,12.752622028637004,0.1653317353303129,0.235669583418113,127.05,48.11586961032902,2,L,HH,quad
4047,-61.05,0.216884421975137,5.9752395685328334,11.44134452183762,0.158291724898668,0.3479517716240679,127.05,49.1065245704438,2,L,HH,quad
4048,,,,,,,139.0573,51.814870785143725,2,L,HH,quad
4049,-61.05,0.1524359959507277,4.156125849890625,13.048692199515283,0.1870502448177414,0.28599108068058,127.05,52.61738792140936,2,L,HH,quad
4050,-61.05,0.1455875222271521,4.172999862152163,13.660194851584745,0.1670582207670109,0.2564612414112033,127.05,55.390724253957615,2,L,HH,quad
4051,-61.05,0.1315520201179581,3.867030622849346,14.814491310468904,0.1769987261325449,0.2517985762160233,127.05,57.01300873017299,2,L,HH,quad
4052,-61.05,0.1503716787904261,4.109803534706597,14.245001704959437,0.2117347371459039,0.3201243381138685,127.05,58.46386347385892,2,L,HH,quad
4053,,,,,,,139.0573,59.48848487125546,2,L,HH,quad
4054,,,,,,,139.0573,62.09672817523989,2,L,HH,quad
4055,,,,,,,139.0573,64.14285703577721,2,L,HH,quad
4056,,,,,,,151.0543,65.68412326855974,2,L,HH,quad
4057,,,,,,,139.0573,67.69984566849982,2,L,HH,quad
4058,,,,,,,151.0543,72.97413241421981,2,L,HH,quad
4059,,,,,,,163.0541,74.29950134194418,2,L,HH,quad
4060,-13.0501,0.1051212277975428,7.598415166721513,19.51237122950247,0.0655045062943729,0.1831047939565281,31.0501,1.51862685493343,1,R,HH,quad
4061,-25.0483,0.228985098418493,13.776706331674836,14.728813728900398,0.0624948311951527,0.3167342427886824,55.0483,8.679687042827895,1,R,HH,quad
4062,-31.055800000000005,0.2372213965470305,16.341570703002763,22.680817066290352,0.0463548495722051,0.2786727423847251,67.0558,11.333311529978808,1,R,HH,quad
4063,-25.0483,0.1723063041200039,11.148705626149866,21.23994291876296,0.0562308625909632,0.2306241124697925,55.0483,11.891093819725349,1,R,HH,quad
4064,-37.0539,0.1917321045444871,9.704645097936757,14.363769240741194,0.0744940319819182,0.2659540797904278,79.0539,13.246387775591195,2,R,HH,quad
4065,-37.0539,0.2705932315867921,14.193673344012486,14.715179570260988,0.0621930059197708,0.3247445504235587,79.0539,13.55445865562532,2,R,HH,quad
4066,-37.0539,0.1403857706690914,7.923221943181359,19.98047959771665,0.0663106666120869,0.1932816984858811,79.0539,15.290773598470077,2,R,HH,quad
4067,-43.0539,0.1564638186361274,8.642644385615,20.53016193777026,0.0621077811760287,0.1974686585711019,91.0539,17.24676568009061,2,R,HH,quad
4068,-43.0539,0.2180359738517289,17.442843869296123,32.38534887334442,0.051597991164489,0.3310972741784134,91.0539,18.737221645894365,2,R,HH,quad
4069,-43.0539,0.2354439720330406,12.18085049080403,18.589287320575785,0.0683015837710728,0.3060651664188176,91.0539,21.61027401517866,2,R,HH,quad
4070,-50.3642,0.1746868154646839,7.1004174580458805,13.474302367277598,0.0916067992827809,0.2392859011502466,104.3642,23.069128002963968,2,R,HH,quad
4071,-50.3642,0.1367003349328664,6.091098694648223,17.40992361216478,0.0869124399612711,0.19475252494216,104.3642,24.4083794156328,2,R,HH,quad
4072,,,,,,,151.0543,25.96220667131807,2,R,HH,quad
4073,-55.0483,0.1857618819924203,6.548364333639425,11.545716524385831,0.0996589383763474,0.2400792407761464,115.0483,27.147486977401016,2,R,HH,quad
4074,-50.3642,0.1498954552481777,5.969532774372318,14.984789064692976,0.1209793129308425,0.2656788438935004,104.3642,28.089860546938368,2,R,HH,quad
4075,-55.0483,0.1881987107173306,6.693005307183748,12.73889417922819,0.1084383736363943,0.2669990295532361,115.0483,29.20749166640732,2,R,HH,quad
4076,-55.0483,0.2039715672614003,7.16100128370167,12.190674513584447,0.1025228277201326,0.2700846149307422,115.0483,31.17239143860691,2,R,HH,quad
4077,-61.05,0.1688570948875406,4.554421630137164,9.5027835359768,0.1539819668395447,0.2579934107945835,127.05,32.80232697315768,2,R,HH,quad
4078,-61.05,0.1433839415943118,3.719065314349352,10.68747872745048,0.1837594907941779,0.2514137942725915,127.05,35.56324966504261,2,R,HH,quad
4079,-61.05,0.1680967812354038,4.472959431383772,10.55632904762493,0.1614812225290066,0.2657189367711599,127.05,37.12889495747364,2,R,HH,quad
4080,-61.05,0.1690985712088515,5.269875214992707,12.724417915473502,0.1186364494727065,0.229997963465535,127.05,38.72769025776119,2,R,HH,quad
4081,,,,,,,139.0573,42.21953620545045,2,R,HH,quad
4082,,,,,,,139.0573,43.79392719937259,2,R,HH,quad
4083,,,,,,,163.0541,48.6825653533308,2,R,HH,quad
4084,,,,,,,163.0541,48.9623636807025,2,R,HH,quad
4085,,,,,,,151.0543,50.77635073349804,2,R,HH,quad
4086,,,,,,,151.0543,53.74982808809809,2,R,HH,quad
4087,,,,,,,151.0543,55.019189029789146,2,R,HH,quad
4088,,,,,,,151.0543,55.6022737890652,2,R,HH,quad
4089,,,,,,,163.0541,57.60440788406984,2,R,HH,quad
4090,,,,,,,163.0541,64.68653652763717,2,R,HH,quad
4091,-7.051300000000001,0.1453151060751859,13.055668281403554,34.04061791107985,0.0447545056363961,0.2149519500037363,19.0513,1.394562880452479,1,L,HH,quad
4092,-1.0549999999999995,0.1630171442343093,21.76266139823997,58.07013007495502,0.0267687491992482,0.2143115620972577,7.055,2.1814956761853805,1,L,HH,quad
4093,-1.0549999999999995,0.1498187910494658,18.03388246090931,50.995196227194086,0.031819956996323,0.2111029689324668,7.055,3.7356592689004935,1,L,HH,quad
4094,-7.051300000000001,0.1188864937523384,8.617292881870252,30.20018961743365,0.0479444009288947,0.1519897387109074,19.0513,4.485402670421975,1,L,HH,quad
4095,-19.0511,0.288193700738296,22.42103356706324,31.07248835842228,0.0455899591572753,0.376036801587188,43.0511,8.718172942432556,1,L,HH,quad
4096,-19.0511,0.2572538721804415,20.285638116524066,30.72723215349589,0.0462870710960007,0.3454251004795832,43.0511,10.278729962225489,1,L,HH,quad
4097,-25.0483,0.2397095037033967,15.85390700842998,22.595344745662132,0.055543830325922,0.3239497507800261,55.0483,12.590833959459692,1,L,HH,quad
4098,-25.0483,0.1967001497577607,13.557994247849775,24.11401305503707,0.0534425804405817,0.2665559511224068,55.0483,15.397036709844382,1,L,HH,quad
4099,-31.057199999999995,0.3113907418863542,17.954533604394246,19.755526041452043,0.0666550817529871,0.4402637330346574,67.0572,16.487906068792103,1,L,HH,quad
4100,-31.057199999999995,0.2864407317419056,19.32746649783534,23.48999970353664,0.048390265613248,0.3440633813866133,67.0572,17.899733262310278,2,L,HH,quad
4101,-31.057199999999995,0.1953201917470194,11.840982796313211,21.151781818361048,0.062869258146786,0.273861891853604,67.0572,20.22060015777881,2,L,HH,quad
4102,-37.055400000000006,0.1962008883171199,11.680854946169983,20.110065499185957,0.0555505397078158,0.2387088011680866,79.0554,21.3908136773638,2,L,HH,quad
4103,-50.3668,0.1553986258532856,5.956773953497026,11.405297464895938,0.0978625525621766,0.2144535191391728,104.3668,22.86212157087926,2,L,HH,quad
4104,-43.0544,0.1116798107740274,5.4424119427744815,16.074480210573494,0.072035001424915,0.144224983571692,91.0544,23.6372530536306,2,L,HH,quad
4105,-37.055400000000006,0.2026590569838083,11.895782526907723,21.9058014650007,0.0630167394208342,0.275774726467569,79.0554,24.63432658046138,2,L,HH,quad
4106,-43.0544,0.2860958648240341,16.82515909147299,22.48297283154176,0.0584647316916247,0.3618750644812655,91.0544,27.25257230445263,2,L,HH,quad
4107,-43.0544,0.1607408551784054,10.569295003854016,26.74273768798009,0.0545287313509428,0.2120200495033775,91.0544,29.740388835112405,2,L,HH,quad
4108,,,,,,,139.0606,31.58996467583137,2,L,HH,quad
4109,-50.3668,0.1440060602346599,6.1531951267016645,16.462266576545183,0.0978329355334458,0.2214579576896092,104.3668,33.73546853896057,2,L,HH,quad
4110,-50.3668,0.2289763687041314,10.130638818587393,17.663312749932217,0.0886086136157388,0.3302313436961343,104.3668,35.20998424514216,2,L,HH,quad
4111,-55.0504,0.1267263326987993,4.663002125089102,15.50964445673405,0.117049200833728,0.2007888462901072,115.0504,36.66002142276763,2,L,HH,quad
4112,-55.0504,0.1847654461364503,6.631545063929646,14.316163455550234,0.1122661965298424,0.2738856338033489,115.0504,38.61180216960761,2,L,HH,quad
4113,-55.0504,0.2457588025972235,15.352000157679846,24.975120718725083,0.0604465193615281,0.3413829151392423,115.0504,40.04643948845383,2,L,HH,quad
4114,,,,,,,139.0606,42.44891764828641,2,L,HH,quad
4115,-55.0504,0.204445914923667,23.337920328593487,36.71918783434469,0.0425617719020423,0.3654158414680357,115.0504,44.09034530450187,2,L,HH,quad
4116,,,,,,,139.0606,46.745339607071365,2,L,HH,quad
4117,,,,,,,139.0606,47.256728585807366,2,L,HH,quad
4118,,,,,,,151.0564,51.67894826510789,2,L,HH,quad
4119,,,,,,,139.0606,52.5813030893158,2,L,HH,quad
4120,,,,,,,151.0564,54.56421729527264,2,L,HH,quad
4121,,,,,,,139.0606,56.27363342764097,2,L,HH,quad
4122,,,,,,,151.0564,58.20742718835006,2,L,HH,quad
4123,,,,,,,151.0564,60.454119491865,2,L,HH,quad
4124,,,,,,,151.0564,61.70806906227244,2,L,HH,quad
4125,,,,,,,151.0564,62.416794443376034,2,L,HH,quad
4126,,,,,,,163.0554,64.04552206642892,2,L,HH,quad
4127,,,,,,,163.0554,65.87489851216857,2,L,HH,quad
4128,,,,,,,163.0554,69.31757295171786,2,L,HH,quad
4129,,,,,,,151.0564,70.64388347581165,2,L,HH,quad
4130,0.0,0.4788584492358214,132.88523091058116,94.324859869255,0.0200919465276762,0.9822097642049304,0.0,1.9264439589040336,0,R,HH,quad
4131,-25.0483,0.3220322656866959,25.63753817113641,32.52802733686624,0.0480898571581401,0.4535606042127105,55.0483,2.9022957968959817,0,R,HH,quad
4132,-43.0544,0.125372813699458,7.250063401174996,22.669459629900174,0.0602931159889847,0.1608107404456804,91.0544,3.570409633705008,0,R,HH,quad
4133,,,,,,,0.0,5.3137760067248,0,R,HH,quad
4134,0.0,0.1441160597686032,45.59794517699788,88.87431297988445,0.0175683159970625,0.2947005352054883,0.0,5.914920328248343,0,R,HH,quad
4135,-1.0549999999999995,0.1368581280319087,15.680684103625882,48.08897755216101,0.0339641752194308,0.1959257855017947,7.055,6.573316489916984,1,R,HH,quad
4136,-7.051300000000001,0.2285729126464906,28.869590284317177,53.37174253950857,0.0284820325574125,0.3024942453679323,19.0513,8.010527003097756,1,R,HH,quad
4137,-1.0549999999999995,0.2228912680346799,29.51816586688531,55.8516365447922,0.0275450337688181,0.2991150023829035,7.055,9.68918769759484,1,R,HH,quad
4138,-7.051300000000001,0.2579213861659328,37.54545133536778,59.50189398928462,0.0264967106349916,0.3659778575120582,19.0513,10.483455599124294,1,R,HH,quad
4139,-7.051300000000001,0.0936390745280802,7.843846359877553,29.580291705879915,0.0500455259283847,0.1444108599306089,19.0513,12.071991402183198,1,R,HH,quad
4140,-13.0502,0.2274504917588573,20.36660403089851,33.24371724185678,0.0402145326287332,0.3013055724252682,31.0502,14.599207452504183,1,R,HH,quad
4141,-7.051300000000001,0.1504652762582671,12.954611487386716,31.431080189686853,0.0479519915155296,0.2285264955335038,19.0513,16.837598811359914,1,R,HH,quad
4142,,,,,,,151.0564,18.980105732087345,1,R,HH,quad
4143,-13.0502,0.2728331393665694,23.53098414834848,34.353599136297305,0.0463106274481509,0.4008909705290809,31.0502,20.16908066538073,1,R,HH,quad
4144,-19.0511,0.2185836600580866,18.74151709930353,34.264855737922005,0.0433232359013095,0.2986971983334901,43.0511,23.719040435409305,1,R,HH,quad
4145,-25.0483,0.2601093106168745,18.23117029596571,27.761715565860325,0.0604151152390277,0.405196489503628,55.0483,24.83849357207917,1,R,HH,quad
4146,-37.055400000000006,0.3152959308556381,16.93373237584638,16.219635443015232,0.071806818874798,0.4473257485137268,79.0554,27.665451796392414,1,R,HH,quad
4147,-37.055400000000006,0.2449081115746572,13.693261700641765,16.53828918243269,0.0573919303990387,0.2891100967645288,79.0554,28.946917638680954,2,R,HH,quad
4148,-37.055400000000006,0.1961828634573242,11.055630211203448,18.93836731953169,0.0556053165154441,0.2261545549602442,79.0554,30.212496652413407,2,R,HH,quad
4149,-31.057199999999995,0.2614672615939762,19.68029793731351,30.881525844270016,0.0494350929886531,0.3579089365899245,67.0572,31.12613140584652,2,R,HH,quad
4150,-37.055400000000006,0.1603179363917859,8.717737558858962,18.25568511221396,0.065145282158513,0.2089258983781232,79.0554,33.32325419912662,2,R,HH,quad
4151,-37.055400000000006,0.1575876309995376,8.833685443461448,20.25109870080017,0.0685504766143681,0.2227706270449402,79.0554,33.851505253972995,2,R,HH,quad
4152,-37.055400000000006,0.1638353039517212,9.893239694081144,25.198758634663832,0.0663429713866325,0.2414565373883972,79.0554,35.41644060265276,2,R,HH,quad
4153,-31.057199999999995,0.2040241566498062,14.82266985347744,32.488750761219805,0.0609549022990435,0.3323843698877557,67.0572,37.38545808354269,2,R,HH,quad
4154,-37.055400000000006,0.2054432809657942,13.278047182979064,26.533513766901034,0.058665736119941,0.2865657284205743,79.0554,39.17188035242191,2,R,HH,quad
4155,-43.0544,0.1425835673084403,6.751361369748806,18.845289799285432,0.0853518181692982,0.2119872052975047,91.0544,41.18976496640647,2,R,HH,quad
4156,-50.3668,0.1444049126570722,6.091807456006996,18.286156954970345,0.1066501202006914,0.2390083289453895,104.3668,43.4567102045619,2,R,HH,quad
4157,-43.0544,0.2519819712081042,13.718695090868463,23.760517664491164,0.0764315135429657,0.3857365408736643,91.0544,45.75821950695337,2,R,HH,quad
4158,-50.3668,0.1532702874919206,6.606001610719833,18.94332225424356,0.1031666081605477,0.250716747816919,104.3668,49.27647757327007,2,R,HH,quad
4159,-55.0504,0.2022143060822944,7.00701155534465,15.014280754881367,0.1324192209275584,0.3413417260399117,115.0504,52.08997266547741,2,R,HH,quad
4160,-55.0504,0.1873950131547755,6.632831929814924,15.199930120055308,0.1264907816263615,0.3086479431289104,115.0504,53.76494867677352,2,R,HH,quad
4161,-55.0504,0.1106390530550764,3.706605765621936,16.90177590672217,0.1662589420874645,0.2267080428805083,115.0504,55.43280136422478,2,R,HH,quad
4162,-55.0504,0.1412680773943885,4.783737758673071,16.402030302123528,0.1571359883968816,0.2765340050728672,115.0504,57.456612377658345,2,R,HH,quad
4163,-55.0504,0.1314674551859891,4.325155723492616,17.271732471161286,0.1846650715073428,0.2938272193107848,115.0504,58.6238136706052,2,R,HH,quad
4164,-61.0522,0.1518245979042417,4.078743076289315,11.546941967628015,0.1737697845663827,0.260739080932681,127.0522,60.47268565547405,2,R,HH,quad
4165,-61.0522,0.1129245412214451,3.429445508661724,14.543357749090925,0.1538969110998103,0.1941598053014792,127.0522,63.03899133928195,2,R,HH,quad
4166,,,,,,,139.0606,64.30652289017132,2,R,HH,quad
4167,,,,,,,139.0606,65.98230544088476,2,R,HH,quad
4168,-61.0522,0.1019680123692558,2.868723092045665,15.194655496098992,0.2097488824332269,0.2213572765955879,127.0522,67.81639221842292,2,R,HH,quad
4169,,,,,,,139.0606,70.48035962566178,2,R,HH,quad
4170,,,,,,,163.0554,73.65921187145867,2,R,HH,quad
4171,,,,,,,167.8609,75.42345808190929,2,R,HH,quad
4172,,,,,,,151.0564,76.32538847600613,2,R,HH,quad
4173,,,,,,,151.0564,79.37228695825326,2,R,HH,quad
4174,,,,,,,167.8609,81.43151095741767,2,R,HH,quad
4175,,,,,,,167.8609,82.93392371508733,2,R,HH,quad
4176,-7.051100000000002,0.1197298480595151,11.692930959544473,34.47504374228585,0.0347669748381265,0.1495532332954923,19.0511,1.982289763006775,1,L,HH,quad
4177,-1.0545999999999998,0.1858267898480706,19.380828003903964,39.34088693192072,0.0352013408930242,0.2509788080882113,7.0546,2.998135153210079,1,L,HH,quad
4178,-7.051100000000002,0.2236403376191404,23.37755481059593,41.20762070460645,0.0343786166921615,0.2956602908569912,19.0511,3.616980021968441,1,L,HH,quad
4179,-13.0489,0.2848117873405283,25.145581436702145,31.073403786930808,0.0370522206628371,0.3427531399921823,31.0489,4.584433645973231,1,L,HH,quad
4180,-7.051100000000002,0.3149168683934847,32.68485209870924,39.62819680215871,0.0335141948342636,0.4029775315778068,19.0511,5.279015735002311,1,L,HH,quad
4181,-7.051100000000002,0.2064103777201223,18.963711048447077,32.2311434136613,0.0380564465821395,0.2654954497207057,19.0511,6.234887709263742,1,L,HH,quad
4182,-13.0489,0.2714566414991832,25.074152067505395,34.9880871850395,0.0369530288209743,0.3408645322612766,31.0489,8.137415074849585,1,L,HH,quad
4183,-13.0489,0.2241514992929216,18.81977745814836,26.184579724135236,0.0423602890382585,0.2932776154468114,31.0489,8.282912401285502,1,L,HH,quad
4184,-13.0489,0.1181489911020906,8.745024656440664,14.83142273752912,0.105523964217519,0.339482705312677,31.0489,9.780076354774282,1,L,HH,quad
4185,-19.0484,0.205435954597408,12.437801286970265,12.788661984888495,0.0784510924824429,0.3589617120736503,43.0484,12.00929062217883,1,L,HH,quad
4186,-13.0489,0.2084895765411227,15.602365116266974,19.856337031000898,0.079776008503613,0.4578974847863323,31.0489,14.116462964368242,1,L,HH,quad
4187,-19.0484,0.2838930784776851,24.12509852231957,31.68848467729708,0.0380976080729266,0.3381211390965675,43.0484,14.797902459309164,1,L,HH,quad
4188,-19.0484,0.1436009513198466,9.572789945825717,12.324815354949392,0.1202469267804762,0.4234654992904564,43.0484,15.671635526143096,1,L,HH,quad
4189,-13.0489,0.2654761851847007,26.494584755908598,41.6408201933934,0.0382201494606911,0.3725246509276847,31.0489,17.35945450637176,1,L,HH,quad
4190,-19.0484,0.1590607219771731,11.815779697050372,30.198101882301405,0.0588041683723486,0.2556089260066939,43.0484,20.40009024752916,1,L,HH,quad
4191,-31.056,0.1114289944372582,6.599020428585314,19.75726630039186,0.0701761866679481,0.1703627948263656,67.056,22.113584470926657,2,L,HH,quad
4192,-37.0526,0.1337290173265715,7.518196416471561,19.89074672582096,0.0638323411086926,0.1765468440961523,79.0526,23.151115454490927,2,L,HH,quad
4193,-31.056,0.1449266289147247,9.368571036447856,28.041909326524625,0.0674729316188903,0.2325457744266737,67.056,25.810091999742923,2,L,HH,quad
4194,-37.0526,0.1301508595703078,7.620914486215019,24.85900061773652,0.0727344084920619,0.2039165702099629,79.0526,28.04699263830757,2,L,HH,quad
4195,-43.0521,0.1089879900243301,5.939153802886989,22.20991790299225,0.0707635573154577,0.1546107714571158,91.0521,28.633481847568405,2,L,HH,quad
4196,-43.0521,0.1370072208415761,6.584957380106572,19.176896150992583,0.0888049336810869,0.2151273268690648,91.0521,30.40614113406135,2,L,HH,quad
4197,-43.0521,0.1570579933810292,8.080091681774594,21.947100873320665,0.0838385533116731,0.2492100672319496,91.0521,31.119374418582492,2,L,HH,quad
4198,-50.3656,0.1059908365012119,4.508044442236952,16.18739143006593,0.0958898504082074,0.1590253455965981,104.3656,32.640745006243506,2,L,HH,quad
4199,-43.0521,0.1564547523625619,7.604138407030774,20.848471656569718,0.0954681813342064,0.2670632811993414,91.0521,34.67451202079484,2,L,HH,quad
4200,-43.0521,0.1299427841275164,6.140646845374032,21.696315065275208,0.1063727842802043,0.2402980056685945,91.0521,36.338044128170885,2,L,HH,quad
4201,-50.3656,0.1628488217347226,7.2003495958961885,19.414156424915344,0.1002977192922729,0.2656746754565988,104.3656,38.87465537632353,2,L,HH,quad
4202,-55.05200000000001,0.2341633857569412,7.611396246213416,13.608641019108342,0.1143865529349039,0.320291064197554,115.052,41.54645566271064,2,L,HH,quad
4203,-55.05200000000001,0.1399530975198045,4.670183621673695,15.006968142669814,0.1485169812236745,0.2551617591632937,115.052,43.33402160555023,2,L,HH,quad
4204,-55.05200000000001,0.1048106268775098,3.4788491041824163,17.257765269280643,0.1758246390159174,0.2250198568558531,115.052,44.38128529566618,2,L,HH,quad
4205,-55.05200000000001,0.170240381648063,5.772751127096787,16.255456642650213,0.1373448285439167,0.29167597909716,115.052,46.161809386339,2,L,HH,quad
4206,-55.05200000000001,0.1288812204619258,4.482150269261483,16.839919886028618,0.145011652266492,0.239108399080446,115.052,48.38812585478031,2,L,HH,quad
4207,-55.05200000000001,0.1374360980949324,4.860263157441915,18.23647966587956,0.1528523094214073,0.2732985374191015,115.052,50.464540198702366,2,L,HH,quad
4208,-61.056,0.1512536081497325,4.054427585217731,12.60307758883012,0.1902752670315205,0.2838032772615762,127.056,53.1509240474709,2,L,HH,quad
4209,-61.056,0.1166101325609261,4.366680204779699,16.147612202459705,0.1074064751426902,0.1725390369609405,127.056,55.9621502763777,2,L,HH,quad
4210,,,,,,,139.0633,56.71486864022371,2,L,HH,quad
4211,,,,,,,139.0633,58.521090785678254,2,L,HH,quad
4212,,,,,,,139.0633,59.3329524304189,2,L,HH,quad
4213,,,,,,,151.057,61.77880537130437,2,L,HH,quad
4214,,,,,,,151.057,63.8740425923752,2,L,HH,quad
4215,,,,,,,151.057,65.60567024867825,2,L,HH,quad
4216,,,,,,,151.057,67.68540150355646,2,L,HH,quad
4217,,,,,,,151.057,69.1502000893848,2,L,HH,quad
4218,-13.0489,0.1119894261062345,12.96051444394264,40.41249212903238,0.022570882721082,0.1076158654545948,31.0489,4.469657313542361,1,R,HH,quad
4219,-19.0484,0.2160079346135842,10.731781497247832,15.937982235234715,0.0730563151227982,0.2884264621437009,43.0484,6.484178013572076,1,R,HH,quad
4220,-13.0489,0.2460116276115564,15.964824999847254,24.5500932449046,0.0539375216379925,0.3167821249661125,31.0489,8.860877861129602,1,R,HH,quad
4221,-25.0464,0.099452179794562,7.214113155932962,23.353624209050924,0.0473968981678226,0.1257877616084928,55.0464,12.15784262828472,1,R,HH,quad
4222,-19.0484,0.2549979502941799,14.665690871638128,22.025141605000897,0.0684177973080038,0.3691281216438069,43.0484,12.725446046464354,1,R,HH,quad
4223,-25.0464,0.1437566573451937,11.741921304878716,31.04065744324839,0.0378374948840079,0.1634432760614933,55.0464,13.877064532924196,1,R,HH,quad
4224,-19.0484,0.2239854740728599,17.269626891931452,29.79471811411676,0.0509995582578725,0.3240073687525113,43.0484,15.481860429072873,1,R,HH,quad
4225,-25.0464,0.177372806161822,13.694278276803894,30.86993529888405,0.0495161278852915,0.2494545000270962,55.0464,16.944974204030796,2,R,HH,quad
4226,-31.056,0.1533298638539633,10.8497108584031,27.60086430389247,0.049744065844108,0.1985477464770058,67.056,18.470533989435136,2,R,HH,quad
4227,-37.0526,0.1040116493898132,6.115213641567022,25.069352448368893,0.0654278843705374,0.147190584454002,79.0526,21.168874678282727,2,R,HH,quad
4228,-43.0521,0.1469574892367242,7.356417984037976,18.97141998036456,0.0791417399777722,0.2141793073717383,91.0521,23.64950295674152,2,R,HH,quad
4229,-43.0521,0.1367067449148237,6.667341835527396,23.921301823133938,0.1066769631223937,0.2616549070322657,91.0521,26.179617543338686,2,R,HH,quad
4230,-55.05200000000001,0.128779428885717,4.563423784140947,12.506194009762574,0.1016263450405555,0.1706092706054274,115.052,28.236801757542622,2,R,HH,quad
4231,-50.3656,0.1936422895027686,8.593066636997575,18.699783335107742,0.093850491995529,0.2966813533421444,104.3656,30.04950027922371,2,R,HH,quad
4232,-50.3656,0.1414943492397626,6.116068545441891,19.93256038626816,0.1097822688514344,0.2470074568206677,104.3656,33.01958082789811,2,R,HH,quad
4233,-55.05200000000001,0.1454020699647805,5.250282720067053,16.709843840343204,0.1337264493883574,0.2582887686953438,115.052,34.98508385047758,2,R,HH,quad
4234,-55.05200000000001,0.0941035103340206,3.2779909909249247,16.20468822049632,0.1406174426208045,0.1695713465955079,115.052,36.87037611218022,2,R,HH,quad
4235,-55.05200000000001,0.1088488798761769,3.666265051964962,15.613986632080891,0.1601904312580008,0.2160558090892792,115.052,37.6026477238252,2,R,HH,quad
4236,-55.05200000000001,0.1340912119125289,4.601263074856576,17.047760855094698,0.1543662070367398,0.2612972359994267,115.052,40.49532431164229,2,R,HH,quad
4237,-61.056,0.1702782716430921,4.590435634994259,11.29200382056728,0.1688486746324231,0.285139298228548,127.056,44.602539000752216,2,R,HH,quad
4238,,,,,,,139.0633,45.501822170688776,2,R,HH,quad
4239,-61.056,0.1141976896172673,3.189784845446746,14.53232007514002,0.2016683991229616,0.2366490466857126,127.056,51.1043039904097,2,R,HH,quad
4240,,,,,,,151.057,53.68306461328525,2,R,HH,quad
4241,,,,,,,151.057,57.40008129702167,2,R,HH,quad
4242,,,,,,,151.057,58.70982037597803,2,R,HH,quad
4243,-7.052900000000001,0.1262093052364664,14.184854962677118,46.53042826240976,0.0331065130007312,0.1727602636042978,19.0529,5.400843117095278,1,L,HH,quad
4244,-13.0492,0.1980315345975051,19.75194385892655,39.99053271374349,0.0369956951537085,0.2688230800969806,31.0492,6.3369627095869925,1,L,HH,quad
4245,-13.0492,0.1390951862348073,12.666235727599757,34.56986796085562,0.0394779047552789,0.1839531289312847,31.0492,7.721724584155728,1,L,HH,quad
4246,-13.0492,0.2617312314066757,23.944008281591262,37.83489381157608,0.0432591189442393,0.3810483119928691,31.0492,9.401110609131312,1,L,HH,quad
4247,-13.0492,0.2593523897634138,22.17947493364807,35.43764596571475,0.0487658737369651,0.3978989458865675,31.0492,11.823567379275689,1,L,HH,quad
4248,-19.0518,0.2790875215903428,22.34043259566086,32.59486643804783,0.0503312062591277,0.4136513400186196,43.0518,13.777919445818458,1,L,HH,quad
4249,-25.047600000000003,0.2556172568912126,19.788666530626003,29.70627431797836,0.0442310348076765,0.3219950149943807,55.0476,16.824193836009755,1,L,HH,quad
4250,-25.047600000000003,0.3230586337626532,24.58430532254425,31.95954387303605,0.0503790412550917,0.4556310972267124,55.0476,17.809797647603347,2,L,HH,quad
4251,-25.047600000000003,0.2952352055285182,23.18575141608682,33.80532090307552,0.0519972559078649,0.4435137803506721,55.0476,20.848879842119672,2,L,HH,quad
4252,-37.0553,0.2186050368774235,13.393304251540432,24.31452767446141,0.062495180267674,0.3079213328127632,79.0553,23.067753851692807,2,L,HH,quad
4253,-37.0553,0.1793700672092647,10.439044139076216,23.46175210327797,0.0691654148490429,0.2656166152263835,79.0553,24.5605449358496,2,L,HH,quad
4254,-37.0553,0.1906937600106581,11.615118873693351,25.015608793760546,0.0662610339910945,0.2831309757666634,79.0553,26.1034742589498,2,L,HH,quad
4255,-37.0553,0.2351754778108697,15.477004053837785,28.79590973786003,0.062333368667457,0.3549057310597155,79.0553,27.915657142257384,2,L,HH,quad
4256,-43.057,0.1873006969797261,9.794737503124187,21.38039520103049,0.0767710721617198,0.2766278653614522,91.057,29.54574022003266,2,L,HH,quad
4257,-43.057,0.1488797014438263,7.963873430195072,23.20235806672034,0.0792591874311215,0.2322092324177378,91.057,30.814889645362143,2,L,HH,quad
4258,-43.057,0.2325176222033423,12.065985599656468,23.115388453001,0.0857897746715422,0.3808060573216599,91.057,32.85147476218579,2,L,HH,quad
4259,-43.057,0.2044098289665952,10.666497262984777,24.32629670313849,0.0894092541438373,0.3508405768033923,91.057,34.89895209421521,2,L,HH,quad
4260,-50.369600000000005,0.2125083659884025,10.117817305391997,20.72464132847075,0.0878458801208806,0.3269743986032126,104.3696,38.114152042113474,2,L,HH,quad
4261,-50.369600000000005,0.1659457695543783,6.809099135618892,21.69734914066958,0.1462637171264074,0.3663800196988411,104.3696,41.04779211688104,2,L,HH,quad
4262,-55.0529,0.1856004944179637,6.605052534529322,16.149350001716734,0.1318030133080901,0.320263269979888,115.0529,43.42940918360943,2,L,HH,quad
4263,-55.0529,0.1367697194091157,4.809648296049687,18.069630641513324,0.1588659399116152,0.28109274365763,115.0529,45.3278736360168,2,L,HH,quad
4264,-55.0529,0.15667145282723,5.680916589624317,18.47929648906788,0.1455016591720951,0.3040828146495745,115.0529,47.91072215485183,2,L,HH,quad
4265,-61.0629,0.1581211308940164,4.381792895351168,12.766987889249007,0.1712494787035131,0.2760492827710306,127.0629,50.62574709824782,2,L,HH,quad
4266,-61.0629,0.1542921806848881,4.080847527187561,13.57718756656157,0.2253779793574047,0.3383509245119657,127.0629,52.32252313115121,2,L,HH,quad
4267,,,,,,,139.0703,55.04559489654429,2,L,HH,quad
4268,,,,,,,139.0703,57.150042295855314,2,L,HH,quad
4269,,,,,,,139.0703,58.43860248159351,2,L,HH,quad
4270,,,,,,,151.0608,61.53878816991058,2,L,HH,quad
4271,,,,,,,151.0608,62.905006883116656,2,L,HH,quad
4272,,,,,,,139.0703,64.10242595339997,2,L,HH,quad
4273,,,,,,,151.0608,65.38583238008928,2,L,HH,quad
4274,,,,,,,151.0608,66.62640910081235,2,L,HH,quad
4275,,,,,,,163.058,68.73861059047071,2,L,HH,quad
4276,0.0,0.1893880818844924,22.716257685418604,50.5265860987002,0.0304564941332385,0.2545201758263936,0.0,1.0535548562806838,0,R,HH,quad
4277,-19.0518,0.246662989412341,20.581820023242315,32.45925910560821,0.0446346732841876,0.3379571620254506,43.0518,7.726895147606214,1,R,HH,quad
4278,-25.047600000000003,0.3021439243898443,23.9106431650438,31.1018920859237,0.0378885355787447,0.3332764265959123,55.0476,10.940140538505103,1,R,HH,quad
4279,-31.0587,0.1908895257968711,16.961362693745645,35.96770878994875,0.0390524645521032,0.2436770935294679,67.0587,12.971211382720616,1,R,HH,quad
4280,-19.0518,0.2485322667042527,19.85650911159602,31.019338869826665,0.0475359369980321,0.3472405827267593,43.0518,13.800303491958184,1,R,HH,quad
4281,-19.0518,0.2332335531662513,18.52838886303981,31.610911825825763,0.0491991559410192,0.3353519430784344,43.0518,15.55888936788694,1,R,HH,quad
4282,-31.0587,0.1836014887946687,11.030817205754056,22.28659088765777,0.066476125557025,0.2697608400604981,67.0587,16.390978897598185,1,R,HH,quad
4283,-31.0587,0.2563138075575819,16.77271034539618,22.556639278631224,0.0549233291796269,0.338895357313613,67.0587,17.936819036009542,2,R,HH,quad
4284,-37.0553,0.2261665917798548,15.864946443696669,24.70135007632856,0.0436988237615452,0.2550432745314216,79.0553,18.814716894765983,2,R,HH,quad
4285,-37.0553,0.1715246445030582,12.286392748848389,30.11057029051442,0.0524732269079465,0.2371743311678412,79.0553,19.482266894765985,2,R,HH,quad
4286,-25.047600000000003,0.2551567744117723,21.23059638946075,36.017054304539215,0.0471013955344477,0.3678760265042458,55.0476,20.789810865081915,2,R,HH,quad
4287,-37.0553,0.2869436563619665,18.346441162785315,24.41944279424696,0.0530707809446406,0.3581894819993227,79.0553,22.020566299340192,2,R,HH,quad
4288,-37.0553,0.1895550120259331,11.81927027550204,25.864149092289068,0.0627742578717255,0.2729466504768509,79.0553,26.089540046778968,2,R,HH,quad
4289,-43.057,0.1640598407304574,8.239170092264741,19.74721656053099,0.0789558297741492,0.2393168009565413,91.057,28.965269999384137,2,R,HH,quad
4290,-43.057,0.1340675762499558,8.544397989566557,25.69975705877562,0.0522041892589746,0.1640938643967598,91.057,29.684463368096612,2,R,HH,quad
4291,,,,,,,151.0608,30.293011603161016,2,R,HH,quad
4292,-43.057,0.1153078592644381,5.947194042992789,24.2120786948889,0.0945179666625748,0.2067911731618028,91.057,31.23349523916964,2,R,HH,quad
4293,-43.057,0.2017246697894595,11.540187110633024,25.24662671253935,0.0725510992528298,0.3080082615769061,91.057,32.98280730809783,2,R,HH,quad
4294,-55.0529,0.1249488095937382,4.220648805758727,15.65045545815804,0.1463610821829621,0.2272533775775786,115.0529,39.49112444591978,2,R,HH,quad
4295,-61.0629,0.1749067001716053,14.79436868566536,29.37758863046737,0.0463249812703986,0.2521257527808788,127.0629,44.47052590621716,2,R,HH,quad
4296,-55.0529,0.1907903411988231,6.8515867655825415,16.474706818963153,0.1308903929698471,0.3299168154033865,115.0529,46.4621125453032,2,R,HH,quad
4297,,,,,,,139.0703,47.84807947805592,2,R,HH,quad
4298,-61.0629,0.1445396636570914,4.062056615800451,12.611981988200643,0.1605728666690748,0.2399516005082201,127.0629,48.41137046572632,2,R,HH,quad
4299,,,,,,,139.0703,49.18706563246154,2,R,HH,quad
4300,,,,,,,151.0608,54.60449099225998,2,R,HH,quad
4301,0.0,0.1669664894850377,19.8753641885362,47.088631330140096,0.0295584385776612,0.2161235547487476,0.0,1.0436771015233122,0,L,HH,quad
4302,-1.0591999999999997,0.2102258764772885,27.35778978883581,54.04082497177104,0.0263723869515344,0.265421418374017,7.0592,3.6571410764894967,1,L,HH,quad
4303,-1.0591999999999997,0.1841623312523695,16.71068955955513,33.46774555623909,0.0462879867081025,0.284556284090088,7.0592,6.013334242234231,1,L,HH,quad
4304,-13.0491,0.1490309178376368,11.654352445959008,24.76547859639389,0.0536027448539135,0.2298162295233604,31.0491,7.165223595427497,1,L,HH,quad
4305,-7.054400000000001,0.1704002743013956,15.062830842794751,32.607517869676535,0.0422594609300433,0.234172595656789,19.0544,7.608257962040291,1,L,HH,quad
4306,-7.054400000000001,0.127623291543823,11.90878602532034,37.32460352511554,0.0404424919078236,0.1771784578842015,19.0544,9.601912611797866,1,L,HH,quad
4307,-13.0491,0.211190066118381,16.57526024469148,24.58756412780066,0.0477560523783881,0.2912019600556396,31.0491,10.721054599220803,1,L,HH,quad
4308,-19.0529,0.1794682284518184,13.07217846588729,22.32887103479104,0.0515355827035561,0.2478338807224714,43.0529,12.04072589216765,1,L,HH,quad
4309,-13.0491,0.1920616514202435,8.681531111544118,19.20328968110777,0.0795103297355948,0.2539366573627147,31.0491,12.587199005191277,1,L,HH,quad
4310,-13.0491,0.2595677020006592,22.64000473778465,34.805182554285125,0.0434077885070832,0.3615344542895423,31.0491,13.878315222113676,1,L,HH,quad
4311,-19.0529,0.1851823424543819,13.640593516312224,28.22359881054296,0.0569874830934654,0.2859685424290027,43.0529,15.8476038925211,1,L,HH,quad
4312,-13.0491,0.2605647819232132,20.81038073626561,30.1396887879908,0.0532210636774128,0.4074450951775859,31.0491,16.40981879740104,1,L,HH,quad
4313,-19.0529,0.2205937436017243,18.541551789476262,35.10396760425024,0.0476748883267454,0.3251930692811773,43.0529,18.509031159679108,1,L,HH,quad
4314,-37.0555,0.2401922296785595,13.81591213030873,20.037249288407715,0.0586218135091039,0.2979506451029966,79.0555,20.71194511334325,2,L,HH,quad
4315,-43.0572,0.1428617715435382,8.305807077930757,24.249387751045077,0.0631988574340267,0.1931063629595186,91.0572,22.654338614314334,2,L,HH,quad
4316,-43.0572,0.1427295197567049,8.05783351782204,24.67941152176868,0.0680711749309581,0.2017841524795617,91.0572,24.279773270937923,2,L,HH,quad
4317,-37.0555,0.1367000959482816,7.94268850438585,22.851291401418703,0.0680079472726224,0.1987159445182876,79.0555,27.449526921191527,2,L,HH,quad
4318,-43.0572,0.162442356781506,8.321096661824553,21.400979511507867,0.0811091129322925,0.2482880037670893,91.0572,28.863943362646246,2,L,HH,quad
4319,-43.0572,0.2022221977362653,10.005571017285172,22.41416871855064,0.0900088857379827,0.331308655713828,91.0572,32.04904831703013,2,L,HH,quad
4320,-43.0572,0.1933721011649642,10.595511558127836,25.52899855929004,0.0823310201469019,0.3209156852045294,91.0572,35.66035568973356,2,L,HH,quad
4321,-55.0551,0.1486687177202727,4.827436593089452,12.75231731252994,0.1440024328427787,0.2557360338877054,115.0551,37.45782136847309,2,L,HH,quad
4322,,,,,,,139.0705,38.690921665874114,2,L,HH,quad
4323,-50.3698,0.1703385887742865,7.367469072610303,20.12390595791346,0.110807001076749,0.300324692206191,104.3698,39.897167858751445,2,L,HH,quad
4324,-55.0551,0.1740136681175253,6.133187073917436,15.638152783590956,0.1269765068832877,0.2864937191406832,115.0551,42.45590068666644,2,L,HH,quad
4325,-55.0551,0.1674416549189178,5.620052225295114,16.54918200412264,0.1607236858006066,0.332296489122096,115.0551,44.98891127943656,2,L,HH,quad
4326,-61.0643,0.1290625960704338,3.485246406188021,12.644240059420106,0.1887914117295388,0.2420590029925411,127.0643,47.24465214346354,2,L,HH,quad
4327,-61.0643,0.2228030002804834,7.870398839583318,16.163944658229642,0.1198640800338733,0.3470494142769245,127.0643,51.30441720481899,2,L,HH,quad
4328,,,,,,,139.0705,54.22244209801328,2,L,HH,quad
4329,,,,,,,139.0705,55.42349917866952,2,L,HH,quad
4330,,,,,,,139.0705,56.44268028952128,2,L,HH,quad
4331,,,,,,,151.0609,59.24769766503616,2,L,HH,quad
4332,,,,,,,139.0705,61.36942148820923,2,L,HH,quad
4333,,,,,,,151.0609,63.04736345465463,2,L,HH,quad
4334,,,,,,,151.0609,64.66214766885857,2,L,HH,quad
4335,,,,,,,163.0592,69.1838945710355,2,L,HH,quad
4336,,,,,,,151.0609,70.88137186779709,2,L,HH,quad
4337,-37.0555,0.0742809993282961,4.24136319270239,18.047224201391213,0.0631679737404425,0.0985616413924906,79.0555,1.4683725872954894,1,R,HH,quad
4338,-7.054400000000001,0.181746976419707,17.944390953605723,39.16804066454518,0.0344353957189465,0.2273208748826418,19.0544,4.40222978160369,1,R,HH,quad
4339,-7.054400000000001,0.2205473495063695,21.946430702403266,34.51132129703929,0.0328501300161428,0.2652201454670019,19.0544,4.346368345889953,1,R,HH,quad
4340,-7.054400000000001,0.1944572646491545,17.216861532457475,34.237310539402536,0.0475503922844631,0.3011713175597131,19.0544,5.822176582907597,1,R,HH,quad
4341,-13.0491,0.2329574235783086,20.064051733947174,33.07278365289622,0.0430852397230466,0.3180187093634718,31.0491,8.574120139065585,1,R,HH,quad
4342,-13.0491,0.20601019984843,17.40053086041723,33.43697197355675,0.0478757232959215,0.3064667511490999,31.0491,9.772027958724513,1,R,HH,quad
4343,-25.048900000000003,0.1905143311002242,16.465347158793936,30.8811873773104,0.035698263773395,0.2162337620188385,55.0489,10.688075114934277,1,R,HH,quad
4344,-19.0529,0.234677212463035,16.373924583093856,23.467076559525005,0.0592891107126702,0.3571356793266336,43.0529,11.110866110108017,1,R,HH,quad
4345,-25.048900000000003,0.1764989797513372,12.372849558509886,27.27946839430006,0.0502785598701782,0.2288537747555416,55.0489,13.430488821395718,1,R,HH,quad
4346,-25.048900000000003,0.2037073781189869,14.997901074599676,27.396112090559672,0.0479786577876585,0.2647183804334567,55.0489,14.546801383998408,2,R,HH,quad
4347,-31.059,0.1847581394691068,14.424531182329368,32.23385365887311,0.0476235413903064,0.2527137733127729,67.059,17.07966275138596,2,R,HH,quad
4348,-37.0555,0.2068064016474297,12.229090441909952,22.420618123540105,0.0597506055054903,0.2688078737956855,79.0555,17.911387683819903,2,R,HH,quad
4349,-43.0572,0.1849466118703647,10.934137323342345,23.366845251984177,0.05683231972716,0.2286048421451337,91.0572,19.45551914669769,2,R,HH,quad
4350,-55.0551,0.0866229569170767,3.0597723975978623,13.595771877802452,0.1148922076740946,0.129325812378903,115.0551,22.31755092865718,2,R,HH,quad
4351,-43.0572,0.137083222532788,6.894021180587765,22.463655381506573,0.0911434787524377,0.2311552343150366,91.0572,23.159584460483757,2,R,HH,quad
4352,-43.0572,0.1583586547741606,8.528520989586617,23.793400451457472,0.0782342110426217,0.2454572973248278,91.0572,25.2921555595315,2,R,HH,quad
4353,,,,,,,139.0705,27.0607002838556,2,R,HH,quad
4354,-50.3698,0.1254589153923453,5.329502109375377,21.00332475039024,0.1226486973035738,0.2404667846240533,104.3698,29.05664076765311,2,R,HH,quad
4355,-55.0551,0.1608671899668706,5.573178860563952,14.129231984700796,0.1251100563973581,0.2565078845974508,115.0551,30.93050715968332,2,R,HH,quad
4356,-61.0643,0.1367045048915449,3.651350339016549,10.746993747961758,0.1687556351122699,0.2266821412801949,127.0643,33.26184502677123,2,R,HH,quad
4357,-61.0643,0.1329334223334265,4.435183232951165,12.977883523561712,0.1025358940128345,0.1672988698744241,127.0643,34.13585979045898,2,R,HH,quad
4358,-55.0551,0.128328430918209,4.179571161845626,16.81548036355511,0.185164308622312,0.2847046234935896,115.0551,36.33876770066879,2,R,HH,quad
4359,-55.0551,0.1718474896181652,5.835093230060827,16.62116685119607,0.1576003827300812,0.3383066894298476,115.0551,38.17893912846346,2,R,HH,quad
4360,-61.0643,0.0860776556626336,2.6163506109668333,14.176696317180618,0.1479953645863885,0.1424457753062931,127.0643,40.32327282322319,2,R,HH,quad
4361,-61.0643,0.1190218194464294,3.542226308188212,14.461689308973524,0.1613253493982815,0.2102250365776809,127.0643,42.03297122924479,2,R,HH,quad
4362,-61.0643,0.1468596658981858,3.9218892680143647,13.19679213344462,0.2096195777059055,0.3024354441704573,127.0643,43.89373302412922,2,R,HH,quad
4363,-61.0643,0.106622100932498,3.011696981573819,15.054275570169152,0.2042313607601391,0.2262763802871412,127.0643,46.63485361389215,2,R,HH,quad
4364,,,,,,,139.0705,49.240808722140514,2,R,HH,quad
4365,,,,,,,139.0705,50.95262482944577,2,R,HH,quad
4366,,,,,,,151.0609,52.69102412046948,2,R,HH,quad
4367,,,,,,,151.0609,54.70193687632555,2,R,HH,quad
4368,,,,,,,151.0609,56.90931385195597,2,R,HH,quad
4369,,,,,,,151.0609,58.91122836282226,2,R,HH,quad
4370,0.0,0.11508965449864,10.606972711690888,26.105841731348075,0.046059318386026,0.1797274764245516,0.0,2.305055409028816,0,L,HH,quad
4371,0.0,0.1020375350179282,9.237145432744976,25.82960004786571,0.044488301519281,0.1511781842806075,0.0,3.3882283960068804,0,L,HH,quad
4372,0.0,0.1068682164257406,10.464871110220182,28.8714507009884,0.0382883675376141,0.1474029760663233,0.0,4.306017102704512,0,L,HH,quad
4373,0.0,0.142727952305887,19.604027112139217,56.60569230643239,0.0257423009970356,0.1856513777899239,0.0,4.746553857584284,0,L,HH,quad
4374,-1.0601000000000005,0.1449266156359992,15.786622054010897,43.82756785509731,0.0323390234342763,0.1878112619551779,7.0601,5.472593181327045,0,L,HH,quad
4375,-1.0601000000000005,0.1644480087276763,17.294170074131237,42.98285809694327,0.0357639217572893,0.2275361365819479,7.0601,6.604364779057601,0,L,HH,quad
4376,-7.0564,0.1027724529457667,10.842639743480772,40.32042761818919,0.030926545026167,0.1233593156966204,19.0564,7.826125767303665,0,L,HH,quad
4377,-13.0498,0.1189115432788605,9.33968686982256,23.975094345713547,0.0469144398698039,0.1611923287238682,31.0498,8.544808701566057,0,L,HH,quad
4378,-7.0564,0.1532504452324479,13.42211640585512,30.84682783281004,0.0434022877403385,0.2143083738530091,19.0564,9.607411396851742,0,L,HH,quad
4379,-7.0564,0.1150625123278184,12.030046920741654,40.544763797841874,0.0325469981669926,0.1440402209141697,19.0564,10.90728672087324,0,L,HH,quad
4380,-13.0498,0.1924716889111644,10.217552611136089,18.83114654552636,0.0903400893471698,0.3395728162310194,31.0498,12.424601093451496,0,L,HH,quad
4381,-43.0583,0.0711677579948943,3.542917870052511,20.84400294187568,0.0818297787386878,0.1066542042699412,91.0583,14.024915575507483,0,L,HH,quad
4382,-19.0528,0.2368543500722342,10.0839370205524,17.037596681657753,0.0921247995562997,0.3417528922243381,43.0528,14.337771534696376,0,L,HH,quad
4383,-19.0528,0.2929877319473704,10.245966449952345,14.310277095948768,0.1158281211080376,0.4365886680362108,43.0528,15.74387054555624,0,L,HH,quad
4384,-25.0518,0.2439594302973327,18.517056859484853,29.67877061676981,0.0484682782434501,0.3301680696677701,55.0518,19.30091131979541,0,L,HH,quad
4385,0.0,0.138283149004885,17.351426129690857,65.42744715511276,0.0481176082362391,0.3071459022782067,0.0,22.311511397977466,0,L,HH,quad
4386,-31.059,0.2050824682767058,12.569835202531886,19.77617151572327,0.0606800886472982,0.2805958920028357,67.059,23.740496456256505,2,L,HH,quad
4387,-25.0518,0.2189371543396645,15.887500600476857,30.36342531206236,0.0563318151502118,0.3292417061597651,55.0518,25.255766498565485,2,L,HH,quad
4388,-37.0556,0.2035525205461971,12.374651215393389,24.46689670934222,0.063420919485159,0.2887161111006977,79.0556,27.50948552521377,2,L,HH,quad
4389,-31.059,0.2199144815121376,15.1084057910218,30.21254100496664,0.0624826780385922,0.3472832157554336,67.059,28.926745525213768,2,L,HH,quad
4390,-37.0556,0.1660212210502961,10.363642943353817,26.730135318839544,0.0652128879271191,0.2486287767169224,79.0556,30.79272268801896,2,L,HH,quad
4391,-43.0583,0.1892018854266015,9.485109288562528,20.86051069609892,0.0843180999239551,0.2942176136445816,91.0583,33.01239802865493,2,L,HH,quad
4392,-43.0583,0.1525362839150873,7.914495968918772,24.047029526617305,0.0899354556298333,0.261854305757801,91.0583,34.9617553090689,2,L,HH,quad
4393,-43.0583,0.1401578775019782,6.983671442643093,23.44027510080183,0.0973787327885769,0.2501804883424741,91.0583,36.524982559832,2,L,HH,quad
4394,-43.0583,0.1728771151865408,8.765300296941998,24.049749546667147,0.0950818137235978,0.3065983230067393,91.0583,38.84213824137899,2,L,HH,quad
4395,-50.370900000000006,0.1159833169767111,4.901512297256115,20.79804455981796,0.1213884729381571,0.2188835192224377,104.3709,41.605081677233024,2,L,HH,quad
4396,-50.370900000000006,0.1746885534166093,7.526303627152792,20.226079420432995,0.1115129674060141,0.3087540233229721,104.3709,42.54607513232426,2,L,HH,quad
4397,-55.0551,0.1998279528332215,7.041942393662583,16.314774065768066,0.1383351683541583,0.3583691272806061,115.0551,45.899164933328805,2,L,HH,quad
4398,-55.0551,0.1426676489132143,4.8223276760967,16.714255922193015,0.160291129236086,0.2843621072161452,115.0551,47.45663539863237,2,L,HH,quad
4399,-61.06529999999999,0.1249355417514902,3.4860744493839078,12.874780778974394,0.1734025497031714,0.2223809877436175,127.0653,48.78111586200073,2,L,HH,quad
4400,-61.06529999999999,0.1176983364508179,3.344701305361028,13.42231537168732,0.1665605372501126,0.2049438879109511,127.0653,50.13722275409147,2,L,HH,quad
4401,-61.06529999999999,0.1240420282391944,4.836285864733106,16.716058208039858,0.1030540925722597,0.1833507644395549,127.0653,52.11374198331069,2,L,HH,quad
4402,-61.06529999999999,0.1791312134765597,4.963198120206801,12.968133120904492,0.1765775391149001,0.3224056096871412,127.0653,53.65070000307432,2,L,HH,quad
4403,-61.06529999999999,0.1521527365239759,5.051865816048463,14.943386519159166,0.1306370589713537,0.2427860443376511,127.0653,56.940705586693056,2,L,HH,quad
4404,,,,,,,139.0717,58.73010469385552,2,L,HH,quad
4405,,,,,,,139.0717,60.478657605925285,2,L,HH,quad
4406,,,,,,,139.0717,63.4822644570377,2,L,HH,quad
4407,,,,,,,151.0618,65.55917592543864,2,L,HH,quad
4408,,,,,,,151.0618,66.75286641490561,2,L,HH,quad
4409,,,,,,,151.0618,69.1236922658491,2,L,HH,quad
4410,,,,,,,163.0612,70.84249222154227,2,L,HH,quad
4411,,,,,,,163.0612,72.53785096726266,2,L,HH,quad
4412,,,,,,,151.0618,74.88543165611026,2,L,HH,quad
4413,-19.0528,0.18216425541384,13.717514894434794,26.4323480089178,0.0479685722812558,0.2420682056745807,43.0528,2.4962448407652937,1,R,HH,quad
4414,-7.0564,0.1519714023353247,20.32705874632201,57.43272914279578,0.0325183485189107,0.243169186416548,19.0564,4.523568536861664,1,R,HH,quad
4415,-13.0498,0.1257449460555312,13.31508860598268,37.82968620195765,0.0268753233858276,0.1316446692356371,31.0498,7.435171547160012,1,R,HH,quad
4416,-19.0528,0.1658675852911262,11.021000857123765,12.841937184566952,0.1193359302175224,0.4838355520915742,43.0528,8.594185904297385,1,R,HH,quad
4417,-31.059,0.1716746160957677,10.07621806342597,19.83947552635567,0.0616100346859489,0.2283781386798951,67.059,10.574763072536916,1,R,HH,quad
4418,-19.0528,0.2230679263987566,17.813497492864467,31.00020761483431,0.0466869084278064,0.3059495588431231,43.0528,11.925959181382108,1,R,HH,quad
4419,-25.0518,0.1836221692871681,14.79341846622073,31.879136983877725,0.0436942856543471,0.237792801872119,55.0518,12.283472369950028,1,R,HH,quad
4420,-25.0518,0.2638457712379032,17.53321527161468,22.403524005496603,0.0584789049312135,0.3771953365072885,55.0518,15.132013202632937,1,R,HH,quad
4421,-25.0518,0.2098126396884311,17.02149693319608,32.25673794770729,0.0439203208161659,0.2750228465093169,55.0518,15.654876240913516,1,R,HH,quad
4422,-25.0518,0.1793170627335994,12.461782472789643,27.306940165370733,0.060740187614351,0.278459355274272,55.0518,17.124449551645935,2,R,HH,quad
4423,-31.059,0.3004559513557888,21.452627857177124,28.15281700998125,0.0508538279895523,0.401337431443305,67.059,18.156023846981668,2,R,HH,quad
4424,-31.059,0.2646608937157284,18.991648361525936,30.01535524431406,0.0542075081457462,0.3787281813387868,67.059,20.372725256242067,2,R,HH,quad
4425,-43.0583,0.0829737126152801,3.815304572289616,18.55492990069698,0.0956132363156132,0.1342000722173693,91.0583,21.20211673430044,2,R,HH,quad
4426,-37.0556,0.2264278183368266,13.327218036064147,26.866184049023342,0.0805413962155727,0.394879124399864,79.0556,23.255263088504734,2,R,HH,quad
4427,-43.0583,0.1691217930974001,10.13289981777906,24.35237542017107,0.0586796687569787,0.2187393516852493,91.0583,25.28675735473736,2,R,HH,quad
4428,-50.370900000000006,0.1194550080724144,5.19008306506923,17.765372988819998,0.0857179007695976,0.1636633186816287,104.3709,27.51539990824437,2,R,HH,quad
4429,-43.0583,0.1553339689791171,8.389986477856162,23.173862626151767,0.0696163865776975,0.2148712233989353,91.0583,28.09797442639634,2,R,HH,quad
4430,-50.370900000000006,0.2120434034410901,7.780440236497246,15.058059957127526,0.147228306487755,0.4214062823640498,104.3709,31.210126195858432,2,R,HH,quad
4431,-55.0551,0.1931731607938827,8.736602066052855,17.78018144228844,0.0802171968981893,0.2578193772317486,115.0551,33.81679559249745,2,R,HH,quad
4432,,,,,,,139.0717,37.17069867003653,2,R,HH,quad
4433,-55.0551,0.1528127558095842,6.01819187743771,16.941326636891198,0.1008180708619222,0.2232080900544861,115.0551,38.38656138078998,2,R,HH,quad
4434,-55.0551,0.1229867459002902,4.3239126847506295,17.14737047678018,0.1429795415848413,0.2274344944832272,115.0551,39.641229745757386,2,R,HH,quad
4435,-61.06529999999999,0.2164908372310977,5.517831134908662,10.185950619215886,0.205118954084041,0.4163702745445015,127.0653,41.62063571810924,2,R,HH,quad
4436,,,,,,,151.0618,46.57141692355846,2,R,HH,quad
4437,,,,,,,139.0717,50.27446925523729,2,R,HH,quad
4438,,,,,,,151.0618,54.79266624681934,2,R,HH,quad
4439,,,,,,,151.0618,56.06774924316543,2,R,HH,quad
4440,0.0,0.1410223367194497,15.793503373105068,41.82021458389278,0.0313607573635099,0.1822092992780299,0.0,1.8481736197439584,0,L,HH,quad
4441,-13.051100000000002,0.1619181536987045,15.329790786249028,33.379756799322834,0.0342489039902794,0.1931472032563103,31.0511,6.162458049955566,1,L,HH,quad
4442,-13.051100000000002,0.1471016289129619,10.913163961876515,18.266829596770776,0.085437060522404,0.3430066154804559,31.0511,7.080022645079526,1,L,HH,quad
4443,-7.0579,0.1816592031211405,20.59534736919349,46.66983268708907,0.0318777853557479,0.2415253841189814,19.0579,8.540315301082273,1,L,HH,quad
4444,-7.0579,0.2557126814236038,26.607269411441816,42.46986869291556,0.0357979746418569,0.3504001482509269,19.0579,9.34736579221268,1,L,HH,quad
4445,-13.051100000000002,0.3110030050280648,29.14840097487532,36.81531895207999,0.0386358789215866,0.4142962951937746,31.0511,11.572733223396344,1,L,HH,quad
4446,-13.051100000000002,0.3313235431727041,30.890776677691623,38.78933035786943,0.0422637828734281,0.4802890798992759,31.0511,14.881860824851245,1,L,HH,quad
4447,-19.0511,0.2807099946765874,11.569474910828408,19.167639310348008,0.1024720341325873,0.43613859885551,43.0511,16.68874761843631,1,L,HH,quad
4448,-19.0511,0.1948757606637604,14.312603088373669,27.006817067218563,0.0519863603093159,0.2737244289118539,43.0511,19.191864947380463,1,L,HH,quad
4449,-25.0594,0.319559237583601,27.177592622429454,35.02371804157755,0.0431936571926855,0.4318535358495722,55.0594,20.70029643857748,2,L,HH,quad
4450,-25.0594,0.2001789967726371,13.83816489170222,26.7182225174154,0.0585447912103806,0.2980384395163286,55.0594,21.986911549051467,2,L,HH,quad
4451,-31.0608,0.2504113477787517,16.09806769212655,26.67759700216976,0.0655691597086287,0.3883102776373008,67.0608,23.480663118792712,2,L,HH,quad
4452,-31.0608,0.1824390425550964,13.170069632448229,31.84747752263058,0.0592369331339508,0.2870028140640113,67.0608,25.5291138141284,2,L,HH,quad
4453,-37.057,0.2309341592061182,14.699983516099968,25.892686564044794,0.0581407908779085,0.3144150317933626,79.057,26.98736119884498,2,L,HH,quad
4454,-37.057,0.2341795123994743,14.550452480954869,25.56225976517058,0.0631321430987593,0.3379345138396052,79.057,28.70344349775351,2,L,HH,quad
4455,-43.0617,0.2659127210551352,13.700901577534662,20.79482622548354,0.0755347819903579,0.3807164521704871,91.0617,31.502696106051253,2,L,HH,quad
4456,-43.0617,0.2385910093515007,12.372529176042308,20.7017452142475,0.0744409959965692,0.3388255718073637,91.0617,33.2507486705637,2,L,HH,quad
4457,-43.0617,0.1765861503650784,10.950741127902614,26.966262316122982,0.0623139687100877,0.2510350960861289,91.0617,35.845889628875995,2,L,HH,quad
4458,-55.0566,0.2249557025918913,7.971326668007655,12.225656977063212,0.1040719963357904,0.3051897971354076,115.0566,38.01261040544184,2,L,HH,quad
4459,-50.371300000000005,0.2065414209272159,8.955914182368854,18.81320838663068,0.101220926108977,0.3334922516867186,104.3713,39.97290207433485,2,L,HH,quad
4460,-55.0566,0.2090242205570409,7.9408907461674465,15.21976402327931,0.1021137176502133,0.2983038281961395,115.0566,41.98431229180236,2,L,HH,quad
4461,-55.0566,0.1652793274986628,6.599011820310883,17.074119717179013,0.0980639630909224,0.2380640759204771,115.0566,42.54189793972583,2,L,HH,quad
4462,-55.0566,0.2612370049033113,9.288268508330956,14.756700557418307,0.1177297525569031,0.4022782118172684,115.0566,44.41933259568396,2,L,HH,quad
4463,-55.0566,0.2202085555028464,8.00576278911161,16.027417514636713,0.1232006132028125,0.3628449686300324,115.0566,46.65538562344556,2,L,HH,quad
4464,-55.0566,0.1957990601329213,6.6807646255561535,15.883582875808656,0.1458603884696403,0.3584834042429877,115.0566,49.81476099485662,2,L,HH,quad
4465,-61.0667,0.2072503585889679,5.646911885159319,11.484739755163428,0.1701185336542798,0.3534013138449312,127.0667,52.608475765117376,2,L,HH,quad
4466,-61.0667,0.188722421851999,5.143931284995213,11.838060191840375,0.178960681974407,0.3386556320814182,127.0667,54.51669488940726,2,L,HH,quad
4467,,,,,,,139.0722,58.02482471943688,2,L,HH,quad
4468,,,,,,,151.067,59.84148924536753,2,L,HH,quad
4469,,,,,,,139.0722,61.57449255448599,2,L,HH,quad
4470,,,,,,,139.0722,63.61598994359984,2,L,HH,quad
4471,,,,,,,151.067,64.5229887653073,2,L,HH,quad
4472,,,,,,,151.067,66.16188101239236,2,L,HH,quad
4473,,,,,,,151.067,67.30926812970323,2,L,HH,quad
4474,,,,,,,151.067,68.4906200144183,2,L,HH,quad
4475,,,,,,,151.067,71.51210756229045,2,L,HH,quad
4476,,,,,,,163.0617,75.84522930670684,2,L,HH,quad
4477,,,,,,,163.0617,78.1514722657123,2,L,HH,quad
4478,0.0,0.163469010624832,21.878025056919043,52.15579189073095,0.0251184551577785,0.2021652742477056,0.0,3.841523657356971,0,R,HH,quad
4479,-1.0620000000000005,0.0849426729911544,8.66845469709099,36.94139947610547,0.0342440042962037,0.1092022897629078,7.062,5.605610873597273,1,R,HH,quad
4480,-13.051100000000002,0.1239290347045198,9.016048238595772,12.913865325309798,0.0894135855066703,0.2965686602742536,31.0511,6.722925196344798,1,R,HH,quad
4481,-1.0620000000000005,0.0922963059463011,9.009946801479574,37.858908791449046,0.0365768875017805,0.1212368074216814,7.062,7.369869600834087,1,R,HH,quad
4482,-7.0579,0.1518136348808386,10.086472832093689,24.53628335766864,0.0498467627813887,0.1849616965019827,19.0579,9.92827038191622,1,R,HH,quad
4483,-13.051100000000002,0.1762507765535042,15.73323987049041,33.63696418744543,0.0405092318071902,0.2344648205050627,31.0511,12.18953436891441,1,R,HH,quad
4484,-19.0511,0.2455766674737074,20.38483419749936,30.645058709408804,0.0421145884901044,0.315824096927199,43.0511,13.885546759550124,1,R,HH,quad
4485,-13.051100000000002,0.2616277368496901,19.569649084249683,27.31763742380634,0.0554466707970217,0.3991756406666418,31.0511,15.095316142697174,1,R,HH,quad
4486,-19.0511,0.2370207357601381,19.200802636305923,31.00484580288877,0.0497958770980686,0.3517371886357246,43.0511,17.173110255475713,1,R,HH,quad
4487,-31.0608,0.2384140995483203,14.53910396191262,20.10303548101004,0.054925760080523,0.2937779768224008,67.0608,19.493477023725216,1,R,HH,quad
4488,-31.0608,0.2756112818578664,17.683552796805575,21.90322738521472,0.0530341880885928,0.3450094303253293,67.0608,21.105259188727302,1,R,HH,quad
4489,-31.0608,0.234922464339046,15.865471957038013,25.575629599376125,0.0553306181924759,0.3229416325075985,67.0608,23.39883981660539,2,R,HH,quad
4490,-31.0608,0.2065928276900292,13.699482720797066,26.089614452615884,0.0586517049565721,0.2955904020641376,67.0608,24.36457167306152,2,R,HH,quad
4491,-31.0608,0.2148004788138966,14.76202856488174,28.804252301524517,0.0578498970966376,0.3141623596476545,67.0608,25.498011200094677,2,R,HH,quad
4492,-37.057,0.1939176589441474,10.60592336294352,18.779115345197184,0.0693668977422471,0.270648905377288,79.057,27.446240795815715,2,R,HH,quad
4493,-43.0617,0.2596450759687684,17.338816746326827,27.747887441819287,0.0576070129282963,0.3674517594201174,91.0617,29.0671334639432,2,R,HH,quad
4494,-37.057,0.2003866107345141,12.504142282300348,25.227463832948484,0.061633086244377,0.283513236791146,79.057,30.68724331385397,2,R,HH,quad
4495,-43.0617,0.2104487050854434,10.629075493085455,19.20199625857544,0.0745947120111522,0.2916816119103342,91.0617,32.78818004623854,2,R,HH,quad
4496,-43.0617,0.1881624107373788,13.521149989074893,29.16461053941037,0.0502571492406201,0.2499867547917077,91.0617,34.535369314568634,2,R,HH,quad
4497,-50.371300000000005,0.16217346186601,7.297021072038752,18.45711012307656,0.0850859845360156,0.2284068618618673,104.3713,35.99187163871644,2,R,HH,quad
4498,-50.371300000000005,0.1878457147655767,8.768912358140545,19.30097570537668,0.0833253699612791,0.2687995257704023,104.3713,37.30464627969637,2,R,HH,quad
4499,-43.0617,0.1957376217641037,10.63857617055099,24.83042732830764,0.0810810563827922,0.3173280214311196,91.0617,38.089531800370025,2,R,HH,quad
4500,-50.371300000000005,0.1274257903266221,5.341583846225248,18.696077379607747,0.1144116961460328,0.2248257195242066,104.3713,40.60574291725216,2,R,HH,quad
4501,-50.371300000000005,0.2228880328444143,10.54039599769129,21.266877077094748,0.0904354242743234,0.3506719480264348,104.3713,43.516118368674015,2,R,HH,quad
4502,-55.0566,0.1413374563324873,4.924139861743289,15.394524257761043,0.1324235615161671,0.2398839336925647,115.0566,46.30354791215146,2,R,HH,quad
4503,-55.0566,0.163606507585559,5.611084457470274,16.11852543641271,0.1457281323212569,0.3008123917553887,115.0566,47.0859271552299,2,R,HH,quad
4504,-55.0566,0.1713680117456799,6.14589513490116,17.315351767541195,0.1389266107713293,0.3141059077497652,115.0566,51.21885098759238,2,R,HH,quad
4505,-61.0667,0.1675409463491071,4.676279487388608,11.574960811639526,0.157640433464473,0.2711899545055103,127.0667,53.27489714437328,2,R,HH,quad
4506,,,,,,,139.0722,55.027490880346775,2,R,HH,quad
4507,-61.0667,0.1951338803719815,5.399722760424722,12.323706055698526,0.1701635083289459,0.3380207891977138,127.0667,56.84258102061275,2,R,HH,quad
4508,,,,,,,139.0722,59.20046410369488,2,R,HH,quad
4509,,,,,,,139.0722,60.89094385999355,2,R,HH,quad
4510,,,,,,,139.0722,61.73474025310486,2,R,HH,quad
4511,0.0,0.0948152709689247,11.183585488430117,44.39208549796827,0.0297626458814318,0.1224498104251224,0.0,0.9572015374302424,0,L,LM,quad
4512,0.0,0.1122467422415336,16.194059932222682,54.059014399749,0.0219598863245147,0.130825182113506,0.0,2.677449503729308,0,L,LM,quad
4513,0.0,0.1277632291350809,19.590558410975817,61.01452437807304,0.0233831533621936,0.1685215370161026,0.0,4.527874539012776,0,L,LM,quad
4514,0.0,0.0407174589869555,3.892786711295377,29.43685245223646,0.059240187988325,0.084836463298701,0.0,6.217276558316918,0,L,LM,quad
4515,-7.064499999999999,0.0471293963036405,3.8290257140559785,22.07986929110074,0.0727171903224137,0.1024308769912448,19.0645,7.283881050257715,1,L,LM,quad
4516,-19.0545,0.0717235497872782,5.011979520731905,25.823675302388747,0.0532697519023925,0.0982189936356275,43.0545,8.96048588131197,1,L,LM,quad
4517,-7.064499999999999,0.089699175563321,8.542817844886182,40.32357254392994,0.0461812612201696,0.1451350990616973,19.0645,10.120464163177626,1,L,LM,quad
4518,-13.0536,0.1051312881037047,11.584420688918966,45.7645681686472,0.0331924763107703,0.1414553874676478,31.0536,12.822826214313354,1,L,LM,quad
4519,-13.0536,0.1603003882108729,18.374774100841428,48.37706041079357,0.0337217800574715,0.2279491715491318,31.0536,13.287593359451648,1,L,LM,quad
4520,-13.0536,0.1899193793486942,18.251370047945997,39.01117220846165,0.0372958865313803,0.2504159131786227,31.0536,15.87995613011441,1,L,LM,quad
4521,-31.066000000000003,0.0710638316480384,3.868098488008696,21.50387877582741,0.0747959329630435,0.1064341571115011,67.066,17.42226905480847,1,L,LM,quad
4522,-19.0545,0.1822606614175681,16.199409307500584,36.73240717863556,0.0417369813823016,0.2487286040736679,43.0545,18.494808620512227,1,L,LM,quad
4523,-31.066000000000003,0.1071900443841561,6.68559417541996,23.4450644324986,0.0626379489017877,0.1540575748819395,67.066,20.56476305282588,1,L,LM,quad
4524,-25.0663,0.2217397804539096,19.27627923193099,35.9502126929659,0.0424206150456428,0.300819294103001,55.0663,22.549818685970656,1,L,LM,quad
4525,-31.066000000000003,0.1295042498364867,8.587253974967863,26.36046753948225,0.0582434970754814,0.1839955285508368,67.066,24.85430711626939,2,L,LM,quad
4526,-31.066000000000003,0.1237271595479195,10.106766313108938,33.221174633725255,0.0436592337111756,0.162328154464543,67.066,25.40535310721884,2,L,LM,quad
4527,-31.066000000000003,0.1618019988941106,10.129995187248976,24.300022332566773,0.0654847999024818,0.2440367664989882,67.066,26.71787560440721,2,L,LM,quad
4528,-37.0654,0.09251004156977,4.577252225992573,20.887774987155066,0.0830334862140907,0.1398181769183307,79.0654,28.001220346596224,2,L,LM,quad
4529,-43.066,0.1173642283217822,6.283424265760265,21.660169039795868,0.071254878450181,0.1647086875320335,91.066,29.5709648428033,2,L,LM,quad
4530,-50.37949999999999,0.0936288715661014,4.537282153486065,18.849854048262152,0.0713643732728433,0.1191194724018545,104.3795,30.888235062803734,2,L,LM,quad
4531,-43.066,0.0990570662690125,5.354049318882417,24.323300642480493,0.0803481617085293,0.1582573285687869,91.066,32.7380506259153,2,L,LM,quad
4532,-55.0606,0.0733564176854308,2.728493075962442,15.679252829103907,0.1111387149571821,0.1115562084318306,115.0606,34.16036831049793,2,L,LM,quad
4533,-55.0606,0.1176289522474757,4.2319173863473045,14.31151112012839,0.1102162239199714,0.1715885194026716,115.0606,36.16350716146819,2,L,LM,quad
4534,-55.0606,0.0913109780550461,3.2343586942035154,15.258741786178629,0.1240523660092799,0.1476042124616941,115.0606,37.50663761233115,2,L,LM,quad
4535,-61.073800000000006,0.0843300014255667,2.290469236612683,11.701563696245126,0.1672885025433801,0.1409600596608586,127.0738,40.70507961302813,2,L,LM,quad
4536,-55.0606,0.0845458562672952,3.257758729382308,17.28964037781028,0.1106946091285004,0.1326633336574828,115.0606,41.60520739185432,2,L,LM,quad
4537,-61.073800000000006,0.0629730274001859,2.039705204888142,14.315141013501185,0.1230438224055654,0.0923278529703584,127.0738,44.2859870181837,2,L,LM,quad
4538,,,,,,,139.0773,46.07257931014039,2,L,LM,quad
4539,,,,,,,139.0773,48.9626962709423,2,L,LM,quad
4540,,,,,,,151.0724,51.3144369300143,2,L,LM,quad
4541,,,,,,,139.0773,52.32357363784161,2,L,LM,quad
4542,,,,,,,151.0724,54.77933376000597,2,L,LM,quad
4543,,,,,,,151.0724,56.39144629928283,2,L,LM,quad
4544,,,,,,,151.0724,57.75955416328167,2,L,LM,quad
4545,,,,,,,151.0724,60.4921234543248,2,L,LM,quad
4546,0.0,0.0732297238449732,12.277347268934474,67.71873780687744,0.0212893981315878,0.0961553475697842,0.0,0.4709804823981565,0,R,LM,quad
4547,-19.0545,0.1787919392484577,17.606808490999658,38.33791558168192,0.034778203580113,0.2252647844256724,43.0545,3.575483197208113,1,R,LM,quad
4548,-19.0545,0.224999846503956,27.02674525379428,49.23429542994382,0.0294077593664181,0.2923891160070124,43.0545,4.580071252283426,1,R,LM,quad
4549,-19.0545,0.1527034510256661,8.909638881316134,21.26717779421254,0.0590274566204347,0.1934726992118987,43.0545,5.082365279821083,1,R,LM,quad
4550,-25.0663,0.1828028279219115,12.882548675270897,26.755071381332023,0.0446208055614474,0.2114680286484523,55.0663,6.497921175609024,1,R,LM,quad
4551,-13.0536,0.2487131184625889,25.410224431264048,43.08643881471876,0.0373096793242529,0.3487671201573653,31.0536,7.602164123527091,1,R,LM,quad
4552,-19.0545,0.2407258789514321,19.202628042882367,31.314553793155632,0.0489259057730774,0.3456249313023252,43.0545,10.237742417260744,1,R,LM,quad
4553,-25.0663,0.1758503024745469,13.13491480747726,28.27421610324149,0.0488986661120434,0.2362815388958637,55.0663,12.39412465758828,1,R,LM,quad
4554,-31.066000000000003,0.2121774838302535,15.7303004891896,28.05563588153328,0.0436383802625556,0.2525289420709762,67.066,13.580568462031042,1,R,LM,quad
4555,-25.0663,0.2229780603026812,15.548258007291397,27.10200482817368,0.0560269702769478,0.3204677970152409,55.0663,14.089533570582486,2,R,LM,quad
4556,-31.066000000000003,0.1837458320895899,11.015982597291424,20.56843196466197,0.0633657849647199,0.2567932350233059,67.066,15.156625906090529,2,R,LM,quad
4557,-25.0663,0.1520811955899735,9.858723062501555,24.592541692676043,0.0659169028872729,0.2390688426416134,55.0663,15.678315492338902,2,R,LM,quad
4558,-43.066,0.1545547074959552,7.988972245807967,19.9538386869477,0.0753335614544976,0.2214037283908211,91.066,19.64228312830621,2,R,LM,quad
4559,-50.37949999999999,0.1209718561807379,5.224559073967097,16.368957530834116,0.0894265669352431,0.1718785656600249,104.3795,21.312000777251924,2,R,LM,quad
4560,-61.073800000000006,0.3307463908786522,8.834267042330067,10.48236813578682,0.1554581490689007,0.5052304688949643,127.0738,22.751054655789176,2,R,LM,quad
4561,-55.0606,0.1072810027177546,3.83434212856479,13.632072018479809,0.1058261906903227,0.1492758466106006,115.0606,24.00671047421842,2,R,LM,quad
4562,-55.0606,0.1218765597818042,3.9813800597750193,12.98284420960064,0.1395685594779115,0.2044215849362041,115.0606,25.11799707033513,2,R,LM,quad
4563,-61.073800000000006,0.0953704583008706,3.2996705759647,13.018990076632416,0.0878256098054997,0.1066098362051167,127.0738,26.259821593401405,2,R,LM,quad
4564,-55.0606,0.0921503441850092,3.673349436373155,18.192833760307984,0.1101560249632375,0.1488593154600166,115.0606,28.896698677862133,2,R,LM,quad
4565,-55.0606,0.097124440539889,4.105000750896342,17.975384360339078,0.0910745033193475,0.1375357406282516,115.0606,29.909284934039945,2,R,LM,quad
4566,-61.073800000000006,0.0861729432603601,2.451903960663621,10.981103569896524,0.1382435358886541,0.1246963687255658,127.0738,32.23471762916811,2,R,LM,quad
4567,-61.073800000000006,0.0933958343166633,2.8061173331911142,12.400301443854422,0.1315175832934965,0.1357672947063395,127.0738,32.72619607248813,2,R,LM,quad
4568,-61.073800000000006,0.0918142207316248,3.144454055963592,14.267047712987104,0.1077369381803774,0.1246279354449544,127.0738,36.29819256923389,2,R,LM,quad
4569,-61.073800000000006,0.0695428431762173,2.249037693702047,15.77081763194832,0.1504739588422549,0.1244983510590025,127.0738,38.09981099276153,2,R,LM,quad
4570,,,,,,,139.0773,40.463846360031326,2,R,LM,quad
4571,,,,,,,151.0724,43.83869233155952,2,R,LM,quad
4572,,,,,,,151.0724,45.78587898319339,2,R,LM,quad
4573,,,,,,,151.0724,46.84047102900599,2,R,LM,quad
4574,0.0,0.1046569128783612,23.162579920932306,81.72015521274255,0.0188760343049104,0.1608433859213191,0.0,1.4107055460300697,0,L,LM,quad
4575,-0.4889999999999999,0.069076289773189,6.477859399794934,33.88771079025326,0.033436224939761,0.0796809079,6.489,2.7310714732453163,1,L,LM,quad
4576,-0.4889999999999999,0.0805985003346513,6.886284424325041,24.521630405947917,0.0539423286436498,0.1366533130088151,6.489,3.757944229785776,1,L,LM,quad
4577,-0.4889999999999999,0.1462574348268072,17.361536509542802,48.81996556858798,0.0305892136078898,0.1953718497072254,6.489,4.9958712909097365,1,L,LM,quad
4578,-6.486999999999998,0.1183115307786142,13.40878158759787,46.50729837431621,0.0313803245821985,0.1547933382276104,18.487,5.878673916054529,1,L,LM,quad
4579,-6.486999999999998,0.0648853411852417,5.183744277901754,30.2279636550823,0.0400049196603052,0.0762890996827157,18.487,6.567294761803481,1,L,LM,quad
4580,-6.486999999999998,0.1413712004549654,14.204930235313547,41.57487590828279,0.038939652656569,0.2034870128560103,18.487,8.157201481438792,1,L,LM,quad
4581,-18.4803,0.156535881180751,10.625386953229029,27.966057036089097,0.0529195269982188,0.2068550971613861,42.4803,7.707075453642132,1,L,LM,quad
4582,-12.4769,0.1827926511452365,19.02958970117504,42.15106735251594,0.034258338160519,0.2398287448392911,30.4769,10.026955750747996,1,L,LM,quad
4583,-18.4803,0.155550962432801,22.076712395225293,55.20827538762713,0.0238215593291527,0.1934684286999141,42.4803,10.704582252912344,1,L,LM,quad
4584,-24.4932,0.1850171257510325,15.765501235939702,30.132114230440653,0.03464506661948,0.2009345884927088,54.4932,11.731582252912345,1,L,LM,quad
4585,-18.4803,0.1579717085855781,13.05014321143637,31.40359619458364,0.0428509079098535,0.2057220407056426,42.4803,13.120277995767298,1,L,LM,quad
4586,-18.4803,0.1378531238393431,12.918400975102172,37.95753186251765,0.035973784399539,0.1709623213456738,42.4803,14.354092383833734,1,L,LM,quad
4587,-18.4803,0.2039266939066122,21.337637794187447,41.97839260235284,0.0327008281832436,0.2566909803239785,42.4803,14.986490750912484,1,L,LM,quad
4588,-18.4803,0.1324628604493984,10.774971024401358,31.390416654905685,0.0447638512404334,0.1774389965773744,42.4803,16.45693700902283,1,L,LM,quad
4589,-18.4803,0.1830166423031312,18.10582023123169,40.577533832744905,0.0370035511180347,0.2464717372003078,42.4803,18.492707317083763,1,L,LM,quad
4590,-24.4932,0.2265237756470304,19.93873985140776,35.01205351876401,0.0401163868313717,0.2942558024833638,54.4932,19.93517384394904,1,L,LM,quad
4591,-42.4909,0.1136958642953381,7.518653270756736,27.230479797608485,0.0570924613664846,0.1579153481786001,90.4909,24.45155641487146,2,L,LM,quad
4592,-49.8022,0.067535676987502,3.3596553329723595,20.612034084581666,0.0784339961122031,0.0969403505427092,103.8022,25.83505042475328,2,L,LM,quad
4593,-42.4909,0.1148268517551257,6.582553412003259,24.164458984029555,0.0676860398887184,0.1639075713746157,90.4909,27.112480424753272,2,L,LM,quad
4594,-49.8022,0.1182262784732044,4.972479673261228,14.079750156557058,0.0890057820445907,0.1628158778040827,103.8022,27.577000424753276,2,L,LM,quad
4595,-49.8022,0.1281460152266643,5.497984320798098,18.11327303573537,0.1000724687329656,0.2024061148763598,103.8022,29.30594882167492,2,L,LM,quad
4596,-49.8022,0.0919506012909256,4.169707452700195,21.456656087093208,0.1013638057299329,0.1554869740735289,103.8022,32.08358815608758,2,L,LM,quad
4597,-54.485600000000005,0.1155615755737698,3.965894039598786,13.986081191236076,0.1267023114239656,0.1848549831805143,114.4856,33.40960453241144,2,L,LM,quad
4598,-54.485600000000005,0.0898784219201487,3.179152620825373,16.768611488986608,0.1371507627716051,0.1604039736971359,114.4856,37.42471026628032,2,L,LM,quad
4599,-60.4975,0.1343596971877223,3.5485184555337166,10.83052319220565,0.1690954229997918,0.2207417284620538,126.4975,38.897011195431766,2,L,LM,quad
4600,-60.4975,0.08269243065053,2.342936596556182,12.66007160396067,0.1546188889148887,0.1332688353226822,126.4975,40.34685023789448,2,L,LM,quad
4601,-60.4975,0.0877168745751688,2.373699946159528,12.381975105145912,0.179041350025858,0.1563452466434024,126.4975,42.35061164031804,2,L,LM,quad
4602,,,,,,,138.4992,43.28265514593239,2,L,LM,quad
4603,-60.4975,0.0639314251269427,2.441564428684403,15.432761793604108,0.0910440460107337,0.0817758857290108,126.4975,44.51675329582616,2,L,LM,quad
4604,,,,,,,138.4992,46.060752051842776,2,L,LM,quad
4605,,,,,,,150.4972,46.945983977667865,2,L,LM,quad
4606,,,,,,,150.4972,49.59735187437299,2,L,LM,quad
4607,,,,,,,150.4972,51.15954606307042,2,L,LM,quad
4608,,,,,,,150.4972,53.05492504095458,2,L,LM,quad
4609,0.0,0.2368172826241967,30.74490061682212,49.47436565059952,0.0249318413035777,0.2819895181756818,0.0,0.7267953844962138,0,R,LM,quad
4610,-6.486999999999998,0.2066474912374341,15.852782277595278,29.55108251659544,0.0383259390053779,0.2235135298612792,18.487,4.371673103538424,1,R,LM,quad
4611,-0.4889999999999999,0.1250072376014425,13.872100541860952,44.20921138015054,0.0328948140915706,0.1678708085403985,6.489,5.292492162739375,1,R,LM,quad
4612,-0.4889999999999999,0.1590039386907286,18.42299915568089,48.16147732270181,0.0339659765282899,0.2302024574314631,6.489,6.536892179143361,1,R,LM,quad
4613,-6.486999999999998,0.1648858609340392,21.75255041622364,52.76326578903607,0.0273992756805042,0.2192576646646108,18.487,7.152271015775418,1,R,LM,quad
4614,-12.4769,0.1656240988536133,19.21499856123764,48.1220388947858,0.032227057949583,0.2278067217501141,30.4769,8.70776052799041,1,R,LM,quad
4615,-18.4803,0.1357705607211448,13.779927643935787,42.66413713549747,0.0370529651714814,0.18783452610053,42.4803,9.949469180325256,1,R,LM,quad
4616,-18.4803,0.1569176164346584,16.49749518384785,42.34980985893476,0.0339592105116314,0.2061014814569494,42.4803,14.061713404789549,1,R,LM,quad
4617,-18.4803,0.1950101515348846,18.401369862843588,38.64435130294837,0.038720487227614,0.2621177831103515,42.4803,14.27957300407312,1,R,LM,quad
4618,-24.4932,0.1861596783066052,16.51454877716145,37.4309681238898,0.0412655190828169,0.2507030067939603,54.4932,15.971230737193272,1,R,LM,quad
4619,-30.490799999999997,0.169026403496612,13.596779037665367,33.308343067391185,0.0454370638031061,0.2272750787586135,66.4908,17.27339053117604,2,R,LM,quad
4620,-36.4871,0.1230329243812658,7.6800256260255,24.72964466754993,0.0607386836767973,0.171606432506411,78.4871,19.517050076885106,2,R,LM,quad
4621,-54.485600000000005,0.1130922691809462,4.153689115700778,13.06313841891284,0.0957363117170259,0.146290525063685,114.4856,21.65805337528704,2,R,LM,quad
4622,-49.8022,0.1055668587284875,4.60563100586518,17.974101424832305,0.0931939443438309,0.1579000805343787,103.8022,22.6305413753658,2,R,LM,quad
4623,-60.4975,0.0566502959300591,1.8765873074869108,12.92258276884218,0.104350420070533,0.0720391358192239,126.4975,25.66257768331942,2,R,LM,quad
4624,-60.4975,0.1081063872468955,3.02644373181818,10.418077007792467,0.1352495036518983,0.1505822568776277,126.4975,27.1034823890822,2,R,LM,quad
4625,-54.485600000000005,0.0996313472407457,3.502015496383594,15.75754576419205,0.1295001390214751,0.1668375548440187,114.4856,28.950766712227,2,R,LM,quad
4626,-54.485600000000005,0.0793313138608137,2.566183808759179,17.416635139231026,0.1993841869528544,0.1882278970944962,114.4856,30.301128162526844,2,R,LM,quad
4627,-60.4975,0.087346540492913,164.69665273417897,89.23316075515737,0.0226014625045253,1.369388995070665,126.4975,33.0587594756677,2,R,LM,quad
4628,,,,,,,138.4992,35.447164897366754,2,R,LM,quad
4629,,,,,,,138.4992,37.7219864909551,2,R,LM,quad
4630,,,,,,,150.4972,39.63561956236722,2,R,LM,quad
4631,,,,,,,150.4972,44.8726354959707,2,R,LM,quad
4632,,,,,,,150.4972,47.02081629505612,2,R,LM,quad
4633,-12.477,0.1364467799238227,10.550451941180958,27.38823596800829,0.0576074310544856,0.2235913974894173,30.477,1.2641273212816466,0,L,LM,quad
4634,-0.4897999999999998,0.1839777210696874,22.06339882948817,47.40199821262984,0.0290370378907597,0.2356840784879067,6.4898,2.7214808672514383,0,L,LM,quad
4635,0.0,0.1627521715148375,24.11105144769743,58.45195556216991,0.0231021573863822,0.2049152149950659,0.0,3.125016604645449,0,L,LM,quad
4636,-0.4897999999999998,0.131307679576043,12.67897461111678,35.890585965533376,0.0464644553814099,0.2167257434208834,6.4898,4.068904387541397,1,L,LM,quad
4637,-0.4897999999999998,0.09657089942615,8.847231137998724,28.742966268461604,0.0487489711512553,0.1586639806805028,6.4898,5.259352091556815,1,L,LM,quad
4638,-6.487200000000001,0.1536045326506201,17.415890339436856,44.96327896376939,0.0311171841006061,0.1993661806124934,18.4872,6.77126736308161,1,L,LM,quad
4639,-6.487200000000001,0.1661998542766386,15.492788879464692,36.89307820937343,0.0420382004950156,0.2395958205375238,18.4872,8.151687126598189,1,L,LM,quad
4640,-12.477,0.1651992306563679,14.048576855471566,33.60348397771164,0.0430401736754556,0.2224394768129146,30.477,9.468038800725664,1,L,LM,quad
4641,-6.487200000000001,0.1372909088100423,17.734570043939993,52.95338422595616,0.0288929703522998,0.1885030467134523,18.4872,10.212147093449245,1,L,LM,quad
4642,-6.487200000000001,0.0930007371120976,7.219677958371019,33.60007825157266,0.0579980089257981,0.1540410351447484,18.4872,13.363408138020953,1,L,LM,quad
4643,-12.477,0.1696361542418061,17.151863216110904,41.96073733864534,0.0350226262229161,0.2209863922700639,30.477,15.010350299968358,1,L,LM,quad
4644,-18.4803,0.1805606578363702,18.67235427463909,40.377017679742224,0.0323501472671632,0.2222188311326236,42.4803,16.67039446423026,1,L,LM,quad
4645,-12.477,0.1390217404270536,12.261839449403594,33.940712289492765,0.0440919314496177,0.1988933519655715,30.477,18.12021435455506,1,L,LM,quad
4646,-12.477,0.1880076376687668,16.110032238375684,34.32201797441552,0.050542269634129,0.2995412707695859,30.477,19.528314903513945,1,L,LM,quad
4647,-24.4932,0.180090764808841,14.048136032114057,29.74680188495613,0.044647156723294,0.2307374182210923,54.4932,22.323121663564887,1,L,LM,quad
4648,-18.4803,0.212508765563742,20.393340794800928,40.95036228926513,0.040629389812925,0.3048134980210998,42.4803,24.04227839634953,1,L,LM,quad
4649,-24.4932,0.158609636386716,14.20029259782352,36.76246756309186,0.0405039466764309,0.2115924434877363,54.4932,25.825027962053284,2,L,LM,quad
4650,-24.4932,0.1536051072043699,12.125316210997909,33.16340425173777,0.0491704223447029,0.2193322682423336,54.4932,27.75471418338819,2,L,LM,quad
4651,-54.4857,0.1058512959836447,3.462153534415083,9.2681191457094,0.1101691739398583,0.1403175310764938,114.4857,29.95290220315181,2,L,LM,quad
4652,-36.4862,0.1059505453766836,7.480789606332924,30.44350670644337,0.0528359495450387,0.1454060495343563,78.4862,32.90678906606751,2,L,LM,quad
4653,-36.4862,0.1152246772985865,7.140588865532387,26.502462069624706,0.0664455965350099,0.1745443323110151,78.4862,34.04253755460147,2,L,LM,quad
4654,-54.4857,0.0555934045448135,2.047100408983557,17.45634510325671,0.1284130660024298,0.0967061020605896,114.4857,34.95404830494949,2,L,LM,quad
4655,-42.49,0.1013074749046452,5.935458628824212,26.148890626919343,0.0721447238160686,0.1575303999074192,90.49,36.61411693465016,2,L,LM,quad
4656,-54.4857,0.0911144643119825,3.094557874272633,13.704114619334735,0.1304308146058026,0.1484855985720178,114.4857,40.53745648333988,2,L,LM,quad
4657,,,,,,,138.4984,41.47569248295561,2,L,LM,quad
4658,-54.4857,0.1006292083566201,3.345014924311307,14.237794618959466,0.1406194128116331,0.1730409369544488,114.4857,42.53628050271924,2,L,LM,quad
4659,-60.4975,0.0839871235453173,2.4288870213547646,12.86558830829441,0.1454998523901936,0.1300095889173913,126.4975,46.31426494692235,2,L,LM,quad
4660,,,,,,,138.4984,46.912038095517566,2,L,LM,quad
4661,-54.4857,0.0630616618324468,2.177533227421171,17.684677748655734,0.1535452567888043,0.1230004538418578,114.4857,48.18137715623482,2,L,LM,quad
4662,-60.4975,0.1010379870689319,2.7707389127953466,12.763130653984364,0.1772752888860023,0.1806963266468687,126.4975,51.423221594225645,2,L,LM,quad
4663,-60.4975,0.0894091066751198,2.6409394457622883,12.525990147451516,0.1401725025547423,0.1361842202424933,126.4975,53.32094393215659,2,L,LM,quad
4664,,,,,,,138.4984,55.782563950671616,2,L,LM,quad
4665,,,,,,,138.4984,56.93295692433571,2,L,LM,quad
4666,,,,,,,150.4972,58.96682161890477,2,L,LM,quad
4667,,,,,,,138.4984,60.44104811179906,2,L,LM,quad
4668,,,,,,,150.4972,66.59350495326689,2,L,LM,quad
4669,0.0,0.1625898793422968,44.6214591053464,94.6594488535258,0.0157946849902612,0.2592747679788236,0.0,0.769641662333842,0,R,LM,quad
4670,0.0,0.1061392289863649,13.345109291430544,51.38169982047671,0.0298848422013674,0.1467163857547793,0.0,4.3187729582449865,0,R,LM,quad
4671,-12.477,0.038496513794542,2.8827610784764928,20.86839626391177,0.069903715841722,0.0741334872490514,30.477,6.582854483563905,1,R,LM,quad
4672,-12.477,0.0629083672722352,4.6885692898663445,19.586233578970447,0.0656166451295476,0.1131774432060477,30.477,8.819525354482415,1,R,LM,quad
4673,-12.477,0.1008976149635782,11.882150821566547,47.79136309774229,0.0301065257464382,0.1316016153613284,30.477,9.35123995885209,1,R,LM,quad
4674,-12.477,0.0904345199992734,7.542377876044971,32.55494882018089,0.0506354926673094,0.1404975803605518,30.477,10.35698131006162,1,R,LM,quad
4675,-18.4803,0.1040574968890135,8.368909872498072,26.338524054715734,0.0430859282950279,0.1326507968742932,42.4803,13.06205426508282,1,R,LM,quad
4676,-6.487200000000001,0.1603083844772385,18.001117558516064,47.27099376747815,0.0339420626605025,0.2247725212792188,18.4872,13.89646803275522,1,R,LM,quad
4677,-12.477,0.185729301793937,17.869367965858835,39.12934760108289,0.0392734996091427,0.2581750753271311,30.477,16.50931477799307,1,R,LM,quad
4678,-24.4932,0.147528512561208,11.041301142977446,28.78236044387773,0.0482604274851176,0.1960274713141424,54.4932,18.913051184179324,1,R,LM,quad
4679,-30.48990000000001,0.1893886196016905,15.274993002111948,30.864897096162537,0.0393873261912559,0.221331403405068,66.4899,20.795635948200744,1,R,LM,quad
4680,-24.4932,0.2111226872183316,18.46243587858266,35.892431644425855,0.0407603607902334,0.2768423566676974,54.4932,22.03949720532249,1,R,LM,quad
4681,-30.48990000000001,0.1343469212298494,9.546496000248204,27.64073326841828,0.0483425439061907,0.169777061822869,66.4899,24.90936555348437,2,R,LM,quad
4682,-42.49,0.0630825489138698,3.061576851487868,19.176470138980022,0.0889350276963991,0.1001667373967917,90.49,27.917769949811905,2,R,LM,quad
4683,-36.4862,0.1175594371474714,7.689857215465499,28.14576090343954,0.060799252759793,0.1719974609089173,78.4862,29.49185362293732,2,R,LM,quad
4684,-49.8015,0.1013555236973523,4.395298960781394,17.95279764937468,0.0959437707459582,0.1551353327083878,103.8015,32.74322025139431,2,R,LM,quad
4685,-42.49,0.104324056566604,5.380477487265419,23.4255089831334,0.0855367898125756,0.1693087034247713,90.49,33.09092885942696,2,R,LM,quad
4686,-54.4857,0.0885868659396445,3.246785021566354,12.365143206647216,0.0958923643271779,0.1145362813084617,114.4857,34.8581929749092,2,R,LM,quad
4687,-49.8015,0.1463637949033777,6.471257619901521,18.69306718901901,0.0918975800640396,0.2187752973270802,103.8015,36.44601687390092,2,R,LM,quad
4688,-49.8015,0.077119099975935,3.4927402584652856,20.328464691336656,0.0948465503387668,0.1218690281767288,103.8015,37.42482570870664,2,R,LM,quad
4689,-49.8015,0.0911978691441709,4.303166567753979,20.86330547566222,0.0895392963414681,0.1417448707793644,103.8015,39.69603415785104,2,R,LM,quad
4690,-54.4857,0.0803395727277038,2.815580388942297,15.7258323234126,0.1325539934523073,0.1372986496591022,114.4857,42.55185978613806,2,R,LM,quad
4691,-54.4857,0.0818894243104184,3.1713173818600944,17.801091200825564,0.1160223650681967,0.1353589385666724,114.4857,44.65754327597256,2,R,LM,quad
4692,-60.4975,0.067664649404259,2.519454762021406,15.26668402697628,0.0972609615726734,0.090146867858792,126.4975,47.13200559970488,2,R,LM,quad
4693,-60.4975,0.1032389232688032,2.800483010076076,12.54980856985062,0.1803098645101901,0.185762457307879,126.4975,48.5965879422605,2,R,LM,quad
4694,,,,,,,150.4972,51.20990462355877,2,R,LM,quad
4695,,,,,,,138.4984,51.64251889516801,2,R,LM,quad
4696,,,,,,,138.4984,53.88329369378304,2,R,LM,quad
4697,,,,,,,138.4984,58.23766013413568,2,R,LM,quad
4698,,,,,,,150.4972,59.5749770360311,2,R,LM,quad
4699,,,,,,,162.4882,63.92211800105742,2,R,LM,quad
4700,,,,,,,162.4882,66.72258574872195,2,R,LM,quad
4701,-6.4891000000000005,0.0944756103393196,8.139314139356065,23.84730119080483,0.0483252437199452,0.1446996170079075,18.4891,1.436356407468207,1,L,LM,quad
4702,-18.480400000000003,0.0573241837260584,4.654352922664586,27.451500283433116,0.0401490089099976,0.0687447692163202,42.4804,3.193856083262001,1,L,LM,quad
4703,-12.477900000000002,0.0881027435334231,7.446981535907938,32.71887757330721,0.0508577541032059,0.1393294660616633,30.4779,4.450525460029777,1,L,LM,quad
4704,-30.490799999999997,0.1360316222232907,8.00621162427105,18.011146191968553,0.0674405161379433,0.1986339453832596,66.4908,8.156648420848807,1,L,LM,quad
4705,-30.490799999999997,0.0091751212739106,0.4763150853674929,5.009303991952312,0.2414565380475244,0.0423095906864973,66.4908,13.821310742267318,1,L,LM,quad
4706,-30.490799999999997,0.0774058580329323,6.22458043739799,32.086004606830485,0.0434947290604505,0.0995983701193642,66.4908,17.115641869400854,1,L,LM,quad
4707,-42.49209999999999,0.0840308133822071,3.956200528515629,14.692725992990416,0.0815630882245278,0.1187073133340873,90.4921,19.78247416045172,2,L,LM,quad
4708,-42.49209999999999,0.0911033957936169,4.945499250450693,21.581398365055367,0.0674303343833749,0.1226792103229648,90.4921,21.17583093876783,2,L,LM,quad
4709,,,,,,,138.4995,23.87724030285284,2,L,LM,quad
4710,-49.8015,0.0943573377645238,4.02943645079594,14.53763003251667,0.0844367546423962,0.1251645555589273,103.8015,27.030930154529766,2,L,LM,quad
4711,-42.49209999999999,0.0880655482759686,4.429342497025258,20.091487342476487,0.079480331276826,0.1295103419065495,90.4921,29.43740434383845,2,L,LM,quad
4712,-30.490799999999997,0.1295941529468346,8.906922467438445,23.520553750423467,0.0461644977168798,0.1512659936904269,66.4908,0.8829995073611316,1,R,LM,quad
4713,-12.477900000000002,0.1300223975936393,15.769328688804633,50.01748032803716,0.0321114181004025,0.1862851384236102,30.4779,1.7420914434092238,1,R,LM,quad
4714,-18.480400000000003,0.1124772194186805,9.590418301157056,31.59466145533033,0.0411114903379282,0.1450461777718676,42.4804,3.412020812758671,1,R,LM,quad
4715,-24.4931,0.0815302587915473,6.36598045107012,28.728028601852355,0.0435996746706324,0.1021066593317901,54.4931,4.800687097551485,1,R,LM,quad
4716,-12.477900000000002,0.1069969541838924,9.76115123343009,38.16127721953622,0.042601831852104,0.1529800623231483,30.4779,7.050357999441201,1,R,LM,quad
4717,-42.49209999999999,0.0568983299309251,2.790697725917584,15.74063668091858,0.0684768584013971,0.0703011038142024,90.4921,7.346607999441201,1,R,LM,quad
4718,-18.480400000000003,0.1493524561295467,11.092757475825191,27.77210778268526,0.0557431750329291,0.22747660492705,42.4804,9.407112585484676,1,R,LM,quad
4719,-30.490799999999997,0.0940414165693411,5.990400310836556,21.125725299882685,0.0593286017589569,0.1307451165281953,66.4908,11.039716037402007,1,R,LM,quad
4720,-30.490799999999997,0.1768214841418079,13.980105336596504,31.19239757606428,0.0435128822764986,0.2237864636976286,66.4908,15.509226696408964,1,R,LM,quad
4721,-30.490799999999997,0.1642763090794451,11.896519123695674,28.830422599993287,0.0485217707559073,0.2123547925273292,66.4908,17.74107020098851,2,R,LM,quad
4722,-36.4871,0.1077991998905933,5.5914482856693954,16.77199028407093,0.0799732255923785,0.1645032352629341,78.4871,20.863732022609877,2,R,LM,quad
4723,-36.4871,0.155217274452579,9.916214159043667,27.143617175017493,0.0622504624031724,0.2270879017130045,78.4871,23.134975556565628,2,R,LM,quad
4724,-36.4871,0.1431427351025234,9.123301457678618,26.34274815463954,0.0567806529982067,0.1905714885200646,78.4871,24.807560228764608,2,R,LM,quad
4725,-42.49209999999999,0.1092289159953867,5.340427595818553,16.849188450296577,0.0798084244702129,0.1567943058579539,90.4921,27.135272112870062,2,R,LM,quad
4726,-49.8015,0.123509625623578,5.670014071794657,17.939948531529613,0.07980616044249,0.1664662022853376,103.8015,28.620122852258294,2,R,LM,quad
4727,-54.4858,0.1122023603161743,3.786167889814953,12.14681736266046,0.1223792145137564,0.1704562961506557,114.4858,31.283781116336588,2,R,LM,quad
4728,-54.4858,0.1451536247067158,5.42877293304751,15.31814033568411,0.098309450559314,0.196337141598641,114.4858,33.31519870520223,2,R,LM,quad
4729,-60.4987,0.1128706902836878,3.932643273653466,14.405531090677346,0.1006419059305481,0.145602531077435,126.4987,37.36056110210516,2,R,LM,quad
4730,,,,,,,150.4973,42.25953788342488,2,R,LM,quad
4731,,,,,,,150.4973,45.97143272901099,2,R,LM,quad
4732,,,,,,,138.4995,47.53534340401062,2,R,LM,quad
4733,,,,,,,162.4893,49.11731644368557,2,R,LM,quad
4734,,,,,,,162.4893,53.609853871605054,2,R,LM,quad
4735,-1.0633,0.1163731143112986,11.699948684535364,36.74032980256754,0.0388479910926545,0.1672083805007835,7.0633,4.474865300150406,1,L,ML,quad
4736,-1.0633,0.1182013313268097,20.153572767545462,67.86467140803336,0.0232070516880256,0.172059055841148,7.0633,6.04089892717764,1,L,ML,quad
4737,-7.059000000000001,0.0849290416529935,11.342377189844946,53.524181669643774,0.0254389614690782,0.1061473071994841,19.059,6.881987199309538,1,L,ML,quad
4738,-1.0633,0.0778091268331479,7.356146156932117,33.2975027250132,0.0463220832818418,0.1253556608249033,7.0633,7.764012204850763,1,L,ML,quad
4739,-13.0501,0.1171251781419594,10.5851283170392,32.71317235899429,0.0388324277056146,0.1512154574344099,31.0501,9.02500307503067,1,L,ML,quad
4740,-13.0501,0.1937227758769652,21.32401369342285,44.21950242625044,0.0328252601977544,0.2575032105276167,31.0501,11.325004805082134,1,L,ML,quad
4741,-13.0501,0.2085378857825886,19.739817947797675,38.19432144335647,0.0416105084785427,0.3021702361698661,31.0501,12.263023172628737,1,L,ML,quad
4742,-13.0501,0.1507772698157398,12.36419009755267,31.752239908735245,0.0513731084308114,0.2336721939169997,31.0501,14.044434370583884,1,L,ML,quad
4743,-19.0512,0.1336447875217019,9.56617555173572,25.217645502886107,0.0573508201820033,0.201828967163453,43.0512,16.32148186328207,1,L,ML,quad
4744,-25.0586,0.1725668579399834,13.91820616397962,31.34684803303812,0.045094684230065,0.230894790026023,55.0586,17.47250267142746,1,L,ML,quad
4745,-19.0512,0.1447754473755119,16.291924434404052,47.76476675516288,0.0357111868972909,0.2140337150851501,43.0512,18.88007027647249,1,L,ML,quad
4746,-19.0512,0.1702794554634172,17.418184238067166,44.28971464764596,0.039235392934722,0.2514122324017309,43.0512,19.71293813522893,2,L,ML,quad
4747,-37.0591,0.1516080001858537,9.86604476363922,27.390601424101835,0.0597630637645985,0.2169109384246608,79.0591,24.300118892197844,2,L,ML,quad
4748,-43.0638,0.1214922827128856,6.305465886679816,20.96373223584292,0.0741341002251717,0.1719652594942717,91.0638,26.83468265495277,2,L,ML,quad
4749,-43.0638,0.1110400041900594,5.9872208667249245,22.67462273385411,0.0725135642917617,0.1597165977062619,91.0638,28.12173013379728,2,L,ML,quad
4750,-55.0578,0.0753841792227197,2.7023649672189483,16.287652945498063,0.1279132864898561,0.1271642920292715,115.0578,28.935581571257583,2,L,ML,quad
4751,-43.0638,0.1368714852182056,7.669412676607532,25.5497603255882,0.0774643156632622,0.218559311368145,91.0638,30.918167164890438,2,L,ML,quad
4752,-55.0578,0.1318433580750738,4.61043746817115,14.116420591865506,0.1228502307455038,0.2083644531897644,115.0578,35.30014513729266,2,L,ML,quad
4753,-50.372600000000006,0.1156124912093179,5.195337710443656,21.35786356631212,0.1106410040010178,0.2114634966800668,104.3726,37.17104802159244,2,L,ML,quad
4754,-55.0578,0.0770068664886865,2.5792291010115758,16.822835194036678,0.1625105756937784,0.1541974057521287,115.0578,39.24067442960022,2,L,ML,quad
4755,-61.067800000000005,0.109403784871854,2.86767725639827,11.926721998948,0.1940971001709237,0.20476458101791,127.0678,42.337960696821405,2,L,ML,quad
4756,-61.067800000000005,0.0938346617775533,2.594993896101183,12.65483169774756,0.1672323405130314,0.1596475017117856,127.0678,43.754865945064914,2,L,ML,quad
4757,,,,,,,139.0724,46.2037410220258,2,L,ML,quad
4758,,,,,,,139.0724,48.100770883958525,2,L,ML,quad
4759,,,,,,,151.0701,50.42057763628264,2,L,ML,quad
4760,,,,,,,151.0701,52.38491000120443,2,L,ML,quad
4761,,,,,,,151.0701,53.93000184976764,2,L,ML,quad
4762,,,,,,,151.0701,55.86854092058351,2,L,ML,quad
4763,,,,,,,151.0701,58.41098282942641,2,L,ML,quad
4764,-1.0633,0.0851733506846401,7.516123984145274,27.987915034871563,0.0427262542523128,0.118139267597777,7.0633,2.0989754106848757,1,R,ML,quad
4765,-1.0633,0.100285956235222,9.29732525727809,33.746514259378856,0.0415069272212993,0.1419659281706462,7.0633,3.2150618808910334,1,R,ML,quad
4766,-7.059000000000001,0.056235736206089,4.637800737483251,19.47599308855808,0.0628128965733656,0.1071683204447405,19.059,3.819673221443788,1,R,ML,quad
4767,-7.059000000000001,0.0786483332862719,8.312155577401589,43.0138788788229,0.0331427936490439,0.1013463924882067,19.059,5.292255440013075,1,R,ML,quad
4768,-7.059000000000001,0.0892818255588376,8.374096822552175,35.7640478054036,0.0396756672350317,0.1222271640295162,19.059,5.91568533025736,1,R,ML,quad
4769,-7.059000000000001,0.1019276983297277,9.281504591474269,33.83861550856148,0.0374427200475804,0.1278472211381813,19.059,6.965054128143614,1,R,ML,quad
4770,-13.0501,0.1193433736123975,11.01750323643924,36.92191030837844,0.0394323526288388,0.1598237784471841,31.0501,9.429844139622606,1,R,ML,quad
4771,-7.059000000000001,0.0973381844616422,6.977169666136961,30.049061933843703,0.0582185501839938,0.1494328873840516,19.059,10.270695141881628,1,R,ML,quad
4772,-7.059000000000001,0.1056762508482893,7.819849356599264,29.09102924295075,0.0570329616433813,0.164070246043903,19.059,12.012630247501228,1,R,ML,quad
4773,-7.059000000000001,0.1418037681172926,13.593804621129278,39.634352601462,0.0380120573788165,0.1900937849213792,19.059,13.431828137944333,1,R,ML,quad
4774,-13.0501,0.1116281784441317,9.408171981654029,31.699336317199,0.046080931055132,0.1594894686424733,31.0501,15.278565944871538,1,R,ML,quad
4775,-13.0501,0.1305333223315664,13.728962032533548,43.635542997973005,0.0344955058612039,0.1742231012631893,31.0501,16.289886906386723,1,R,ML,quad
4776,-19.0512,0.140170596076962,11.921608213195954,33.02769905865606,0.0436747667651191,0.1915450608267591,43.0512,17.73024115302143,1,R,ML,quad
4777,-19.0512,0.1332773240172854,12.721464761926596,40.91183444694155,0.0388582772936782,0.1818553911979505,43.0512,20.720985755331224,1,R,ML,quad
4778,-25.0586,0.1975138337117598,16.60427827543076,33.65669193964901,0.0429036103195409,0.2620712382755917,55.0586,22.254054252674955,2,R,ML,quad
4779,-31.0621,0.0960894518941922,6.44978803576669,28.304956239224737,0.059706084316039,0.1416672782977653,67.0621,25.10134573724828,2,R,ML,quad
4780,-43.0638,0.0829170211115985,4.039529300767816,18.42574584845096,0.0807880752136038,0.1200559094209108,91.0638,27.71826615566187,2,R,ML,quad
4781,-43.0638,0.1163960485490527,6.853675842708808,24.642813965801952,0.0633872637728374,0.15981998404543,91.0638,31.34256110771732,2,R,ML,quad
4782,-43.0638,0.1218984672546923,5.815671363942651,20.100941620928328,0.1014917901302038,0.2171382273007739,91.0638,32.45172110771731,2,R,ML,quad
4783,-50.372600000000006,0.0941006514382671,4.354269447189395,21.377639688966585,0.0994197800150768,0.1592551979098301,104.3726,36.37423639108603,2,R,ML,quad
4784,-55.0578,0.079553063558538,3.1296168163421765,16.730887676464295,0.1019010786328604,0.1173209216034794,115.0578,40.37920204117026,2,R,ML,quad
4785,,,,,,,139.0724,42.30013235468917,2,R,ML,quad
4786,-55.0578,0.104150712106665,3.622227496058822,15.558850910290348,0.1327673372062724,0.1769181894136769,115.0578,43.64330990516909,2,R,ML,quad
4787,-61.067800000000005,0.087335044834841,2.36131014298136,12.496358302715064,0.1838867005926209,0.1597382312322198,127.0678,45.22305111449324,2,R,ML,quad
4788,-61.067800000000005,0.0954700673881362,2.632166343297106,12.3220527776205,0.1628612703228416,0.1577018062962981,127.0678,49.83964483596877,2,R,ML,quad
4789,,,,,,,139.0724,54.44211740939396,2,R,ML,quad
4790,,,,,,,139.0724,56.21460419760989,2,R,ML,quad
4791,,,,,,,139.0724,58.44585307038916,2,R,ML,quad
4792,,,,,,,139.0724,60.62738988924444,2,R,ML,quad
4793,,,,,,,151.0701,64.22639249105667,2,R,ML,quad
4794,,,,,,,151.0701,65.93275140476602,2,R,ML,quad
4795,0.0,0.091615051645055,8.803803163336338,22.978730553692326,0.0454532552522131,0.1472111935502337,0.0,1.3627850343322658,0,L,ML,quad
4796,0.0,0.0981872348531706,9.602892133658267,26.262684967950356,0.0486424569263712,0.171839528223186,0.0,1.7665731926529369,0,L,ML,quad
4797,0.0,0.114263069423239,13.09431579586266,38.696621083796586,0.0293162360249917,0.1412201076570864,0.0,2.2965451504488184,0,L,ML,quad
4798,0.0,0.0864403189480271,8.666947934101676,32.3432324077054,0.0473285846633442,0.1509020789446474,0.0,3.74834155082182,0,L,ML,quad
4799,-1.0652,0.0887791765343858,8.399612807880645,31.63539051334124,0.0474687034161289,0.1466804232781235,7.0652,4.320970041380925,0,L,ML,quad
4800,0.0,0.0904614737576574,10.457881181473931,51.93070016061231,0.0387229630443086,0.1489765123955348,0.0,5.740954595235076,0,L,ML,quad
4801,-7.062799999999999,0.1475515151422312,23.94201941409085,64.99547537028569,0.0273882765979943,0.2412298250911659,19.0628,7.5768848275312415,1,L,ML,quad
4802,-13.0521,0.0508246740718978,3.095055475645913,23.08739418758181,0.0701389408254046,0.0798607085493909,31.0521,9.034108300441282,1,L,ML,quad
4803,-7.062799999999999,0.097581143010082,11.685885150311192,47.55879497951224,0.0331721239227748,0.1426068578669739,19.0628,9.83815606595326,1,L,ML,quad
4804,-7.062799999999999,0.1629423112748685,18.673905923066727,48.66403142772555,0.0339753621230773,0.2334021106075426,19.0628,12.398970457610195,1,L,ML,quad
4805,-13.0521,0.1967060942644874,21.419934611751167,44.42775859890107,0.0328185079630857,0.2586083191465965,31.0521,15.22177673783945,1,L,ML,quad
4806,-19.053,0.0979622312784758,7.459442066217001,26.326494080393367,0.0504613421966115,0.1384747728356623,43.053,16.537809035280006,1,L,ML,quad
4807,-13.0521,0.1755984162130502,23.38458336167453,54.47768470971848,0.0290966033057915,0.2503095662937839,31.0521,17.365897873026295,1,L,ML,quad
4808,-19.053,0.1411288935631116,11.35615661939814,31.35926106808314,0.0467818286482668,0.1954402841933171,43.053,18.323375591670445,1,L,ML,quad
4809,-19.053,0.1736827143298766,15.871373113683385,37.1682642425892,0.0398407668872239,0.2326203522321565,43.053,19.838222256027407,1,L,ML,quad
4810,-19.053,0.1970636797814608,20.02253618916161,43.64280193392958,0.0384631434124897,0.28331487664841,43.053,22.78297010214284,1,L,ML,quad
4811,-19.053,0.1576656363521443,14.997178995447916,40.5162388035166,0.0408036310251036,0.2251199091061835,43.053,23.744079050181515,2,L,ML,quad
4812,-31.063900000000004,0.1129778277958194,7.043014671090591,24.43939709919108,0.0655275630780019,0.1697806251314295,67.0639,25.54046208929648,2,L,ML,quad
4813,-31.063900000000004,0.2085893666314884,16.137659414788292,32.3149609730746,0.0480742923861378,0.2854032826957593,67.0639,27.358565071608574,2,L,ML,quad
4814,-37.0603,0.1417846346152472,9.098419782286076,26.53265036105235,0.058539687581856,0.1959394518873489,79.0603,29.14164042917212,2,L,ML,quad
4815,-37.0603,0.1230317717825151,7.611471837450012,23.792204724767128,0.0598343395007925,0.1675423737357212,79.0603,30.37730372089037,2,L,ML,quad
4816,-43.0639,0.1332617380182059,6.566677784369306,16.75588962726318,0.0750834793044097,0.1813825963001498,91.0639,31.51537886652604,2,L,ML,quad
4817,-37.0603,0.1489356317695539,9.254508311392096,26.690082768848253,0.0663597243099771,0.2259245578360471,79.0603,33.159979856354056,2,L,ML,quad
4818,-43.0639,0.1514360136947874,7.72740851371419,19.24316766148896,0.0738084624310035,0.2098193553744987,91.0639,34.44675616797316,2,L,ML,quad
4819,-43.0639,0.1098144779957093,5.573403009129543,21.36910801542288,0.0753146722690902,0.1544207140928092,91.0639,36.0938131331637,2,L,ML,quad
4820,-55.058800000000005,0.1374460890305605,5.078805042324755,14.741245639278294,0.1076528592464354,0.2011373061605671,115.0588,37.443816979882776,2,L,ML,quad
4821,-50.3745,0.1219973435614659,6.031059682602623,20.605986036814443,0.0779280783635729,0.1728992507843355,104.3745,40.10757960855164,2,L,ML,quad
4822,-50.3745,0.1514190479791571,6.711634195163014,19.406585612930627,0.0902280354279163,0.2227795372798692,104.3745,41.60690353355244,2,L,ML,quad
4823,-50.3745,0.1698357515790217,7.836672485920732,21.104408146275947,0.0979267189646653,0.2823179024751544,104.3745,43.96889130395368,2,L,ML,quad
4824,-55.058800000000005,0.1492173641254713,5.351366657191124,15.53283458176358,0.1215625282538134,0.2393150164381906,115.0588,46.64149272323824,2,L,ML,quad
4825,-55.058800000000005,0.1290538444357482,4.989445009058347,17.827320418022676,0.1149647020020995,0.2110193478162736,115.0588,48.829728985402326,2,L,ML,quad
4826,-61.069,0.111893952962501,3.061503568185616,12.138100311407724,0.171636842493642,0.19330843484477,127.069,50.21160772584729,2,L,ML,quad
4827,-61.069,0.1274277879842811,3.447743914037679,12.336428529286142,0.1770130000031338,0.2245151650858528,127.069,52.47153348180439,2,L,ML,quad
4828,,,,,,,139.0726,55.727094588014,2,L,ML,quad
4829,,,,,,,139.0726,57.65832748209361,2,L,ML,quad
4830,,,,,,,139.0726,59.947197348150524,2,L,ML,quad
4831,,,,,,,139.0726,62.68778334032257,2,L,ML,quad
4832,,,,,,,139.0726,64.33831897043882,2,L,ML,quad
4833,,,,,,,151.0711,66.98100986776012,2,L,ML,quad
4834,,,,,,,151.0711,69.79229031029921,2,L,ML,quad
4835,,,,,,,151.0711,71.27303197997558,2,L,ML,quad
4836,-7.062799999999999,0.0950634206768017,8.326056187413288,31.5316907323318,0.045437875234238,0.1391755256118544,19.0628,9.76092751168914,1,R,ML,quad
4837,-7.062799999999999,0.1061921123643949,8.669938647369035,28.549688355996487,0.0511745237364787,0.1632207435073489,19.0628,11.003830743639988,1,R,ML,quad
4838,-7.062799999999999,0.1183236160844845,13.275760438777477,45.58924583156802,0.0321515007454326,0.1570240499622904,19.0628,12.751587946489265,1,R,ML,quad
4839,-19.053,0.1713667313004892,13.46326021750618,29.44957156396339,0.0489661416487046,0.2425222800527251,43.053,15.161496734959606,1,R,ML,quad
4840,-19.053,0.1686922493281367,13.744757902420432,33.2000034376813,0.0497950302181285,0.2517842807638071,43.053,15.822329262115806,1,R,ML,quad
4841,-19.053,0.1775416056414763,14.650878608324977,32.19333692263613,0.0446313001000865,0.2405518637001557,43.053,16.800408660071383,1,R,ML,quad
4842,-19.053,0.2022450820900353,17.364702478037987,34.2900428982899,0.0427978236415899,0.2733975066393474,43.053,18.463249841809464,1,R,ML,quad
4843,-19.053,0.1407381011134072,13.682445017782502,39.51697919600975,0.0333467112501259,0.1678503451801267,43.053,20.225104546855967,1,R,ML,quad
4844,-25.0605,0.216077026394532,32.85894854216588,55.86864968799898,0.0277260902526511,0.3351566284809296,55.0605,22.1890195503786,2,R,ML,quad
4845,-31.063900000000004,0.0948500066261846,6.131926958366801,23.87766476878889,0.0554924412555895,0.1251803962923274,67.0639,23.487600460575884,2,R,ML,quad
4846,-31.063900000000004,0.1266463090959489,8.334203025527433,24.55065833916672,0.0557078772408334,0.170799346184593,67.0639,24.42329373303899,2,R,ML,quad
4847,-31.063900000000004,0.1340299979530261,9.728762015055318,30.219148269961966,0.0529515015507259,0.1895140347602875,67.0639,25.703557623039902,2,R,ML,quad
4848,-37.0603,0.121760819564823,6.816909658512671,21.687335479991678,0.0707798438634604,0.1775017572531707,79.0603,27.63669769548349,2,R,ML,quad
4849,-37.0603,0.0890451627013815,5.76122199337668,27.009159512161474,0.0571475627572806,0.1211205519523927,79.0603,28.38259325519678,2,R,ML,quad
4850,-43.0639,0.094996824880947,6.723879309015341,29.988183413599497,0.0516349343283766,0.1277229840254471,91.0639,29.62989880586589,2,R,ML,quad
4851,-43.0639,0.1074102871695551,5.529349086933638,20.17335015116079,0.0732181405598777,0.1489354983038096,91.0639,31.702170981335986,2,R,ML,quad
4852,-43.0639,0.1353218574508642,7.923290927928199,24.69642409549946,0.0648625610934442,0.1890624204206272,91.0639,34.89675857081545,2,R,ML,quad
4853,-50.3745,0.0987284430551074,4.725830840506919,20.90767450799324,0.0852756262907929,0.1482547469689799,104.3745,37.005787098736256,2,R,ML,quad
4854,-50.3745,0.1214589274371292,6.676164289744972,22.348592673902942,0.0657105103057052,0.1613865632955937,104.3745,38.75731411117668,2,R,ML,quad
4855,-50.3745,0.0970415700934685,4.211208867146064,18.304004664316345,0.0956810227848903,0.1482306828345872,104.3745,39.994486396834574,2,R,ML,quad
4856,-50.3745,0.0834710953174725,3.931339477365274,20.503442069854334,0.0887356969411673,0.1283347976593325,104.3745,41.404528163192886,2,R,ML,quad
4857,-55.058800000000005,0.1141261624315723,3.857430625791643,13.528729874714797,0.1250746523418371,0.177489614727384,115.0588,43.69613773544406,2,R,ML,quad
4858,-55.058800000000005,0.0835648819112975,3.051302423157156,16.631937197992816,0.1254949067047843,0.1408694672175559,115.0588,46.67539969979736,2,R,ML,quad
4859,-61.069,0.0923700014644011,2.5162988666471757,11.21694726422616,0.1633439857720252,0.1512066489826708,127.069,49.17095219246638,2,R,ML,quad
4860,-61.069,0.0781604596374803,2.41435729877107,11.367511548618763,0.1046385199877346,0.0929391396506537,127.069,51.49201002044517,2,R,ML,quad
4861,,,,,,,139.0726,54.462931730562936,2,R,ML,quad
4862,,,,,,,139.0726,55.78734218849709,2,R,ML,quad
4863,,,,,,,139.0726,56.17465978040328,2,R,ML,quad
4864,,,,,,,151.0711,61.55558867027115,2,R,ML,quad
4865,0.0,0.1967611387917589,21.078789326119505,42.25726099860168,0.0377051881926304,0.2923831186645922,0.0,2.7801060236961703,0,L,ML,quad
4866,0.0,0.0955425018732715,8.734364080068,29.037779799172306,0.0494697059706547,0.1589557117874551,0.0,3.815690658512292,0,L,ML,quad
4867,0.0,0.2113522977567465,28.826121871338607,57.87061131648361,0.0280487230140025,0.2974437379789295,0.0,4.463683312791644,0,L,ML,quad
4868,-7.062000000000001,0.1268798847540806,11.65651037046282,33.06273433397419,0.0403252492675542,0.1729223516699187,19.062,6.27734303716793,0,L,ML,quad
4869,-7.062000000000001,0.1248738013726973,10.069907116002108,33.74460416267076,0.0457464834002169,0.1694683876782049,19.062,7.962603378523481,0,L,ML,quad
4870,-7.062000000000001,0.1490978519662986,15.504936245291413,41.60574175933667,0.0337736965252473,0.1926433844751978,19.062,9.794601473508257,0,L,ML,quad
4871,-7.062000000000001,0.2004380169677877,22.92423920763641,48.27359783221206,0.0336072432101321,0.2834218565537862,19.062,11.113501904031567,0,L,ML,quad
4872,0.0,0.1571613082571579,17.160436401772976,49.65359466811426,0.0410521801863886,0.2591612539462117,0.0,13.335493426514663,0,L,ML,quad
4873,-13.0504,0.2400325176887053,24.93474226836152,42.8377115517667,0.0351657196180614,0.3225744093852475,31.0504,14.944680226532348,1,L,ML,quad
4874,-19.0523,0.1289968823509313,9.077739444814704,22.300702639223847,0.0635411264939452,0.2121964633332492,43.0523,17.385892569759918,1,L,ML,quad
4875,-19.0523,0.200867806876801,16.488535808189468,31.795424889417117,0.0454190622827843,0.2755026454518199,43.0523,18.42243540847789,1,L,ML,quad
4876,-19.0523,0.1686111731944559,15.53130015852959,38.42103589166956,0.0403237564772514,0.2303956708280956,43.0523,20.579686892980856,1,L,ML,quad
4877,-19.0523,0.1819096681757462,13.035726317538389,27.931882890581413,0.0650476464801753,0.3119409136455294,43.0523,21.554005697405795,1,L,ML,quad
4878,-19.0523,0.1849372361940138,17.798802593394104,40.989321696554704,0.0388685724434298,0.2545041653756064,43.0523,23.045385669420835,1,L,ML,quad
4879,-25.0622,0.222505914671383,18.200052096884157,33.728661698895344,0.0476033943732977,0.3187249565191999,55.0622,24.43378202219021,2,L,ML,quad
4880,-31.0641,0.1427171458249638,11.115766653515418,34.091602119151794,0.0509970382646903,0.2085402519473286,67.0641,26.74995988544525,2,L,ML,quad
4881,-43.063100000000006,0.136573063675523,7.692801444904657,22.608704646489727,0.063324600879556,0.1792101084016052,91.0631,29.877167204016423,2,L,ML,quad
4882,-43.063100000000006,0.1233302628490234,6.823869831716392,23.567038508493503,0.0711319764097199,0.1785669693299659,91.0631,32.300922069156016,2,L,ML,quad
4883,-50.3747,0.0832815663776769,3.69136143990691,18.684890898081434,0.0924482413154962,0.125542491439413,104.3747,34.00614031735769,2,L,ML,quad
4884,-43.063100000000006,0.119898830328795,6.77819040369556,25.15623148874499,0.0739572486506238,0.1844166075198915,91.0631,34.47654535134436,2,L,ML,quad
4885,-43.063100000000006,0.1080849933489602,5.645692279720647,23.51301302856525,0.0854208226696096,0.1774134212369685,91.0631,35.876640035699964,2,L,ML,quad
4886,-50.3747,0.1300073663411848,6.247368952944748,20.3371735627618,0.0803338755357941,0.1846296269348031,104.3747,38.09022917357479,2,L,ML,quad
4887,-50.3747,0.1241848677063302,5.29684701173237,19.00138033943084,0.1030958357883969,0.2008926609450897,104.3747,40.56321363504733,2,L,ML,quad
4888,-50.3747,0.1065413079640846,4.848217197914554,21.44838398030993,0.1014961169815413,0.1810243569006258,104.3747,42.60619434038189,2,L,ML,quad
4889,-50.3747,0.1211486305830454,5.503730714652543,21.278556336553617,0.1015788532000015,0.2056676568496045,104.3747,44.040030196759226,2,L,ML,quad
4890,-61.0702,0.1222437429107552,3.3529594957019877,10.151123333096104,0.1433686314527434,0.1768430370914784,127.0702,45.75350335730952,2,L,ML,quad
4891,-55.057,0.1194968325763088,4.319582219580056,16.08625342507541,0.1245239487539128,0.1978792005000536,115.057,48.25844113094672,2,L,ML,quad
4892,-61.0702,0.1220463570809999,3.383413209431508,11.35590886106235,0.1539125858634663,0.1915731734127873,127.0702,49.6961008059136,2,L,ML,quad
4893,-61.0702,0.0879256061141737,2.77702391391445,13.726350961884238,0.1290177797513364,0.1318058546904666,127.0702,50.70185271930973,2,L,ML,quad
4894,-61.0702,0.1270754680757926,3.411975549921144,11.948668046416184,0.176832506447408,0.2219593943913677,127.0702,53.476498620850165,2,L,ML,quad
4895,,,,,,,139.0728,56.52551705776818,2,L,ML,quad
4896,,,,,,,151.0715,56.82447543748015,2,L,ML,quad
4897,,,,,,,139.0728,59.46623759115314,2,L,ML,quad
4898,,,,,,,139.0728,62.433329436956726,2,L,ML,quad
4899,,,,,,,151.0715,67.06203198803345,2,L,ML,quad
4900,-7.062000000000001,0.1237164851864221,11.121355985056274,33.52276415810704,0.0434154719390449,0.1776265115847296,19.062,5.261961809078128,0,R,ML,quad
4901,-25.0622,0.0778265398857952,5.347221763438519,22.407165979043327,0.052073284718917,0.1024350744016016,55.0622,5.90041672056366,0,R,ML,quad
4902,-7.062000000000001,0.1493854072218635,19.162117395693024,52.165411821724106,0.0278002036691647,0.1959733390244887,19.062,7.452866966376781,0,R,ML,quad
4903,-25.0622,0.0772312858245254,5.264313446141243,18.358292976317696,0.0539051788018299,0.104394531358799,55.0622,8.2726799267525,0,R,ML,quad
4904,-13.0504,0.1305458199158621,13.439822410314306,42.47441017546858,0.0384543487018128,0.1901273120563967,31.0504,9.390606690901208,0,R,ML,quad
4905,-25.0622,0.1697244609323836,12.453564762926042,26.08305111076306,0.0470755889568019,0.2156725949784098,55.0622,11.601020572175075,0,R,ML,quad
4906,-13.0504,0.167270038962015,14.833161232477162,35.052690186774726,0.043224333805749,0.2358671958862151,31.0504,11.902491238243933,0,R,ML,quad
4907,-13.0504,0.20212092014948,18.361657028982677,35.81321071194593,0.0413618492725514,0.279394168211616,31.0504,15.157367130468623,0,R,ML,quad
4908,-19.0523,0.1754399927518146,17.752867505971956,40.51968344949773,0.0337505318727305,0.2204218540990392,43.0523,16.875231167579827,0,R,ML,quad
4909,-19.0523,0.1668504453683318,14.924030527706218,35.86224985977938,0.040315281150087,0.2213407308682317,43.0523,18.151358738005293,0,R,ML,quad
4910,-13.0504,0.1313719678855074,8.225270207796159,28.548163048524387,0.0685758334340148,0.2075041497957366,31.0504,19.132995330640263,0,R,ML,quad
4911,-19.0523,0.1712202950626672,15.51147600628082,38.05584212568327,0.0415807313185365,0.2372743360966063,43.0523,22.159776758543643,0,R,ML,quad
4912,0.0,0.0829501620392906,25.53743493638769,102.57831793292104,0.0161124091073971,0.151371206230618,0.0,22.84934146962977,0,R,ML,quad
4913,-25.0622,0.2323380727881688,22.32179817755705,39.78781634181122,0.0396402966713272,0.3255154387348636,55.0622,25.34085450579424,2,R,ML,quad
4914,-43.063100000000006,0.2909140236208374,21.742269427209067,29.928130411017257,0.0436649558638275,0.3492556308838362,91.0631,25.512085980704665,2,R,ML,quad
4915,-43.063100000000006,0.1075381343530072,5.181089160825316,18.011922861265358,0.0818225517771387,0.1559551079969958,91.0631,30.669611747398527,2,R,ML,quad
4916,-37.0616,0.1052734417807946,6.721645825621166,28.172192518785035,0.0607052960094009,0.150109343057338,79.0616,32.24260727104197,2,R,ML,quad
4917,-55.057,0.1375213143247496,4.659863958203834,11.570403989222363,0.1167080666679749,0.200068921406153,115.057,34.76185146641137,2,R,ML,quad
4918,-55.057,0.0611862131824904,2.1988119837969573,12.225631037136662,0.090698127288283,0.0733655087200694,115.057,35.64684802733945,2,R,ML,quad
4919,-55.057,0.0784542018833066,2.702098789269083,14.688367225952636,0.1289647603497378,0.1281969805893709,115.057,37.10462268035117,2,R,ML,quad
4920,-43.063100000000006,0.1251541744899823,7.046004039813755,25.22210282325508,0.0750306904932983,0.194485554364129,91.0631,38.87894995234221,2,R,ML,quad
4921,-55.057,0.08270528078,3.034313321982832,16.17581000127108,0.1156274412638989,0.1290704597811065,115.057,40.60980916736069,2,R,ML,quad
4922,-55.057,0.0723576400940311,3.297467540316994,18.732569969504333,0.0791218935461439,0.0959804362319296,115.057,41.69122425858882,2,R,ML,quad
4923,-55.057,0.1043686691696228,3.610162036300055,14.708398247461938,0.1319843491046347,0.1752889937808391,115.057,43.03831308081219,2,R,ML,quad
4924,-55.057,0.0857469762058219,2.939821682477084,15.66746247888168,0.1401215532001954,0.1515414538579391,115.057,45.79047139166943,2,R,ML,quad
4925,-55.057,0.0845091727847835,3.006843841137317,16.052639882424188,0.1308220264711327,0.1447095736952409,115.057,46.85335285338749,2,R,ML,quad
4926,-61.0702,0.1489330255683504,4.007175558105559,12.141891059844308,0.1714224421614371,0.2527036796362943,127.0702,53.09415988725973,2,R,ML,quad
4927,,,,,,,139.0728,59.864752632679945,2,R,ML,quad
4928,,,,,,,139.0728,60.59011203104741,2,R,ML,quad
4929,,,,,,,151.0715,64.37054885920577,2,R,ML,quad
4930,,,,,,,151.0715,65.27507699232746,2,R,ML,quad
4931,,,,,,,151.0715,68.2519222773196,2,R,ML,quad
4932,,,,,,,151.0715,73.24629533893102,2,R,ML,quad
4933,0.0,0.0558261210907263,9.760108573113564,58.81181044787805,0.0135889841003102,0.0487918356473465,0.0,1.6550610426256531,0,L,ML,quad
4934,0.0,0.1297300171094837,15.01378775208184,43.5292926621321,0.0291486742926255,0.1609958189405737,0.0,3.84871788854212,0,L,ML,quad
4935,-19.0525,0.0058102129596018,0.3886146790417208,9.628367689834944,0.1894399186193049,0.0270829655708159,43.0525,4.421120649630644,0,L,ML,quad
4936,0.0,0.1445256652364341,14.190900690044446,35.21719689472005,0.0441143348096173,0.2303006766025926,0.0,4.929870835871395,0,L,ML,quad
4937,0.0,0.1806519739023388,25.000303772404624,55.4896234648015,0.0242918217832599,0.2234142602170451,0.0,5.624273907450776,0,L,ML,quad
4938,-1.0656,0.1652763193169782,18.36250505186661,43.62848416979077,0.0335161135240338,0.2264076511348676,7.0656,7.292054139799491,0,L,ML,quad
4939,0.0,0.1495161776998183,16.71657183133003,46.55470188419925,0.0353482379928044,0.2173804619268041,0.0,8.735760739000904,0,L,ML,quad
4940,-1.0656,0.2220172443533366,22.542693609449746,40.58207295093731,0.0389384226942012,0.322916087375761,7.0656,10.38542804040916,1,L,ML,quad
4941,-13.0505,0.1227041905520194,8.868435468820081,28.660286633130795,0.0480630365681177,0.1568063818024063,31.0505,11.296938790757174,1,L,ML,quad
4942,-1.0656,0.1791814331460282,23.75592407345837,55.06165078953313,0.0284803965259874,0.2488991871151518,7.0656,12.86401722651195,1,L,ML,quad
4943,-1.0656,0.1709712508270642,19.652633286023857,47.02658720290796,0.0313582623765194,0.2267139575155871,7.0656,14.459605733343484,1,L,ML,quad
4944,-7.062999999999999,0.1351637278980565,11.946862232060496,34.13032420090598,0.0450318790511061,0.1979153336647787,19.063,15.941020797397352,1,L,ML,quad
4945,-7.062999999999999,0.0947971746828056,7.878321801834184,28.32790059671391,0.0529754284716465,0.1535372339689568,19.063,16.983289506752094,1,L,ML,quad
4946,-7.062999999999999,0.1744589292977002,18.583769252731027,43.04167679170872,0.0336202860656929,0.2298479988036527,19.063,17.775413725861696,1,L,ML,quad
4947,-7.062999999999999,0.1481677587258541,11.894571379356488,23.850661099716422,0.0772498053900827,0.3380272474449868,19.063,18.567537944971303,1,L,ML,quad
4948,-13.0505,0.2038255442992788,26.63618131790537,53.02425202426669,0.0241574047826102,0.2367160782310828,31.0505,20.78971901528765,1,L,ML,quad
4949,-7.062999999999999,0.2255372490468589,31.84217930917107,58.281580526605815,0.0280789142518536,0.3289187357446344,19.063,21.986970179196614,1,L,ML,quad
4950,-19.0525,0.1554667673230988,12.67845708765156,29.532454582863224,0.0439514155505641,0.2049957183119816,43.0525,23.980679049204465,1,L,ML,quad
4951,-19.0525,0.1779811221238598,15.92495552336995,35.816013818180444,0.0398657647913105,0.2335521374421438,43.0525,25.32797887159624,1,L,ML,quad
4952,-19.0525,0.2489281085289206,26.268091041776795,43.89627732562703,0.0355391333003781,0.3434320824671029,43.0525,27.399420591970127,1,L,ML,quad
4953,-25.061300000000003,0.1923320510165038,15.92817941690046,34.35597730760306,0.0444322524569141,0.2603574366797511,55.0613,29.02843151075511,2,L,ML,quad
4954,-37.062,0.1697492812500291,11.896850196189051,27.74417940634388,0.0489014251680641,0.2140223002316161,79.062,31.59536062955001,2,L,ML,quad
4955,-43.064400000000006,0.1335280930949094,7.552125161501149,22.387824858650816,0.0626181904641967,0.1739703392125502,91.0644,33.197527406052366,2,L,ML,quad
4956,-43.064400000000006,0.1276108242226805,6.256960088478672,19.30192208939702,0.0869963616095008,0.2002488324553452,91.0644,35.51610935482756,2,L,ML,quad
4957,-43.064400000000006,0.0897711964429123,5.194179703475247,25.913710947742825,0.0736864717077494,0.1408024627019875,91.0644,36.84275546746231,2,L,ML,quad
4958,-50.376000000000005,0.0958690874830074,4.078412953644438,17.637055039248775,0.1003307259872454,0.1505326372824618,104.376,37.97225337836116,2,L,ML,quad
4959,-43.064400000000006,0.0908012864183206,4.838844005157385,23.310507997139613,0.0794162170627673,0.1413696997210526,91.0644,39.65196209263591,2,L,ML,quad
4960,-43.064400000000006,0.1018282155705696,5.5075953156068165,24.467084790486776,0.0809809219198943,0.1640779633480346,91.0644,40.5904820926359,2,L,ML,quad
4961,-43.064400000000006,0.114983308918656,6.33333588051729,24.34190144521073,0.0757014436262699,0.1763771011915278,91.0644,41.917460988931865,2,L,ML,quad
4962,-50.376000000000005,0.1129922963437034,5.103890996022447,19.168757864839705,0.088023042453992,0.1652735228260385,104.376,43.12727258743827,2,L,ML,quad
4963,-50.376000000000005,0.1805956666534179,7.841916397786818,17.288732767866364,0.0916442145178843,0.264382545277688,104.376,44.687692352354205,2,L,ML,quad
4964,,,,,,,139.074,48.46700355046093,2,L,ML,quad
4965,-50.376000000000005,0.1264474726145446,6.682185183607218,23.33439810605662,0.0786999231558499,0.1934631850742146,104.376,49.752855063501656,2,L,ML,quad
4966,-55.0562,0.1338652256469861,4.979681707359321,16.038025411553257,0.1124830100821835,0.2060601597048135,115.0562,50.96877199149184,2,L,ML,quad
4967,-55.0562,0.152844197005033,5.604675539352553,16.640059421990355,0.122391744681116,0.2523527952294035,115.0562,53.65611412708842,2,L,ML,quad
4968,-61.0705,0.1319321885089039,3.5479218125530934,11.331048010324434,0.1682663491372512,0.2196224998351832,127.0705,56.3089111714381,2,L,ML,quad
4969,-61.0705,0.0968902883246483,2.5892166161944363,12.285712712112048,0.1874179350114778,0.1785192493376073,127.0705,58.44513713759379,2,L,ML,quad
4970,-61.0705,0.1562654472539347,4.314465822665277,12.79023108601999,0.1714074992593243,0.2720585443202953,127.0705,61.09296067455698,2,L,ML,quad
4971,,,,,,,139.074,63.29341241858222,2,L,ML,quad
4972,,,,,,,139.074,65.32139549346888,2,L,ML,quad
4973,,,,,,,139.074,66.20748975864964,2,L,ML,quad
4974,,,,,,,151.071,69.12119314298965,2,L,ML,quad
4975,,,,,,,151.071,72.51625343359906,2,L,ML,quad
4976,,,,,,,151.071,73.71471591071979,2,L,ML,quad
4977,,,,,,,151.071,74.55832559451312,2,L,ML,quad
4978,,,,,,,151.071,75.49506324917354,2,L,ML,quad
4979,,,,,,,151.071,78.97720776557529,2,L,ML,quad
4980,-13.0505,0.1067529060464297,11.272347626276837,41.41596023563872,0.0309302951098233,0.1282637565431941,31.0505,5.490816851148058,1,R,ML,quad
4981,-13.0505,0.1063480645687579,8.160399494599554,25.09733590507663,0.0504455250555624,0.151439645756519,31.0505,7.386855363256924,1,R,ML,quad
4982,-13.0505,0.115215148947221,10.722835322069136,33.11121005461816,0.0346942737015176,0.1368588715214495,31.0505,8.335618722583158,1,R,ML,quad
4983,-19.0525,0.1527853286731233,20.736561927244946,51.62564049537373,0.0248916627864341,0.1898874139682559,43.0525,9.28438208190939,1,R,ML,quad
4984,-25.061300000000003,0.0742387774547881,7.936725396307527,40.66891296595236,0.0256525310588009,0.0748991854348559,55.0613,10.098095965379247,1,R,ML,quad
4985,-19.0525,0.2061563277587159,25.714037623940342,49.65855888779777,0.0296514958623995,0.2804932410720932,43.0525,12.118872403230824,1,R,ML,quad
4986,-37.062,0.1054107031735843,6.815829774468273,28.11966214187936,0.0626320107339263,0.1570437322303365,79.062,15.493227415559522,2,R,ML,quad
4987,-55.0562,0.0444321568388766,1.63695541194368,16.89768252382682,0.1249891714843873,0.0752687593146698,115.0562,17.558622036731286,2,R,ML,quad
4988,-55.0562,0.0787915641970752,2.8679986864153704,14.631900847591522,0.1056953671196514,0.1115168305529206,115.0562,21.793142209676542,2,R,ML,quad
4989,-50.376000000000005,0.0955939471265495,5.276035266722967,22.912721724219463,0.068143400707854,0.1322625864489126,104.376,23.1167865452246,2,R,ML,quad
4990,-61.0705,0.063967870657881,2.2411807120301668,13.682330557956917,0.0931387869371738,0.0767914682870883,127.0705,28.70353296981009,2,R,ML,quad
4991,,,,,,,139.074,30.68515031779013,2,R,ML,quad
4992,-61.0705,0.0766156208862251,2.2146074063608614,13.137655503375557,0.1508006150546414,0.1228585481782445,127.0705,33.301641119200305,2,R,ML,quad
4993,,,,,,,139.074,34.54546013086692,2,R,ML,quad
4994,,,,,,,139.074,36.10970079112257,2,R,ML,quad
4995,,,,,,,139.074,41.25507884851584,2,R,ML,quad
4996,,,,,,,151.071,43.15062463665561,2,R,ML,quad
4997,,,,,,,151.071,44.74162462062795,2,R,ML,quad
4998,0.0,0.1037414218074281,10.89735023491047,34.82162506421948,0.0318383106382021,0.1276369573897522,0.0,2.773309122178241,0,L,ML,quad
4999,-1.0659,0.0887990926523513,8.201513027717429,30.65086432436254,0.0489474216466497,0.1476825957136859,7.0659,4.770997494469532,1,L,ML,quad
5000,-7.063199999999998,0.0850654935963897,7.582843587439009,27.774328054315305,0.0416240744235224,0.1161133634198691,19.0632,5.084618539681743,1,L,ML,quad
5001,-1.0659,0.1106287080970454,11.913053592035766,42.22019494735238,0.0332344952711918,0.145652418790737,7.0659,6.139473473145232,1,L,ML,quad
5002,-7.063199999999998,0.1672676675927133,28.934136273725787,66.86331455810615,0.0222344281004388,0.2366693423364242,19.0632,7.273224492608624,1,L,ML,quad
5003,-13.0506,0.0780649738722029,5.480234648476443,22.990287322523923,0.0518005124723422,0.1044332343643312,31.0506,8.6660123652366,1,L,ML,quad
5004,-7.063199999999998,0.0839049360569118,8.206240367709682,36.87096118684415,0.0368261823307522,0.1111748240625113,19.0632,9.261183494526756,1,L,ML,quad
5005,-7.063199999999998,0.1698883431826716,23.62597710077508,56.24018798832928,0.0258575424080179,0.2247411208132413,19.0632,10.06670462274128,1,L,ML,quad
5006,-13.0506,0.1648174183233255,14.055300544961211,30.572600657715835,0.0400877943958935,0.2072801990286289,31.0506,12.382571397532336,1,L,ML,quad
5007,-13.0506,0.181849905386678,20.33693937268186,45.307366751497575,0.0323415589957136,0.2419647284647816,31.0506,13.533334108443515,1,L,ML,quad
5008,-13.0506,0.1848197759616982,21.74487807974618,47.2591215853148,0.030098412521157,0.2407720582223386,31.0506,14.487257063927863,1,L,ML,quad
5009,-13.0506,0.1838880593172797,20.126125717753453,44.22302093994623,0.0321094577263381,0.2377380359031849,31.0506,16.05682966940769,1,L,ML,quad
5010,-13.0506,0.1776037306089041,15.880377399914568,34.57652811140326,0.0428259535282119,0.2501919769388825,31.0506,16.894877780075134,1,L,ML,quad
5011,-13.0506,0.2251200839638188,23.79482108824358,43.639271314769616,0.0349245727987415,0.3057166304939354,31.0506,18.81457778007514,1,L,ML,quad
5012,-50.3774,0.0644162822951305,4.577475848865658,28.15689698908464,0.04812222382552,0.0810358642907523,104.3774,20.44913984639819,1,L,ML,quad
5013,-19.0527,0.1220864748507484,9.421127915412908,29.78172087447568,0.0533080585995624,0.1847571630471838,43.0527,21.3862043996708,1,L,ML,quad
5014,-19.0527,0.1594684680932931,20.05696675349997,51.26770926923111,0.0317217326322438,0.2340602545722809,43.0527,23.294354717530304,1,L,ML,quad
5015,-19.0527,0.227112916431857,24.73178100199478,46.09794074976027,0.0361160262202014,0.3285949388282057,43.0527,24.340991571008256,2,L,ML,quad
5016,-43.0656,0.0974222691416829,4.813065105083088,18.677434841327248,0.0786568420490515,0.1392719834193698,91.0656,28.459592793665305,2,L,ML,quad
5017,-43.0656,0.0773473461172211,3.791365598403981,21.79926327353583,0.0955868827726527,0.1333212822926281,91.0656,30.553477987230515,2,L,ML,quad
5018,-43.0656,0.1270409857601715,6.399163022228606,20.226538563126127,0.0819201126980003,0.1928498180231063,91.0656,32.13319858695717,2,L,ML,quad
5019,-43.0656,0.1076778587904711,5.176537939957783,21.460829553266212,0.1035193050947031,0.1971361485518128,91.0656,34.98141483173329,2,L,ML,quad
5020,-55.0595,0.0928341213233128,3.0062377351418674,14.56800219460007,0.1624674464571154,0.1796781198910479,115.0595,36.007583245504605,2,L,ML,quad
5021,-50.3774,0.1412801045813045,6.092333074240631,18.53620156628387,0.100336958399801,0.2248796146992394,104.3774,38.088573814979846,2,L,ML,quad
5022,,,,,,,139.0762,40.61175823455572,2,L,ML,quad
5023,,,,,,,139.0762,41.66801549524207,2,L,ML,quad
5024,-55.0595,0.1424799776889572,4.959497896730105,13.7099976734747,0.1220543381697163,0.2226878122430171,115.0595,42.31672217887893,2,L,ML,quad
5025,-55.0595,0.1247945599449944,4.226727048859394,14.789139712792752,0.1379969821854731,0.2145750934129438,115.0595,44.61434354071343,2,L,ML,quad
5026,-55.0595,0.1449128287693424,5.076877233503904,15.552781641487678,0.1303770315569642,0.2435024125730915,115.0595,46.07476973201885,2,L,ML,quad
5027,,,,,,,151.0711,48.39748457761726,2,L,ML,quad
5028,,,,,,,139.0762,49.43427282446423,2,L,ML,quad
5029,,,,,,,139.0762,51.80587028224735,2,L,ML,quad
5030,,,,,,,139.0762,55.05183850794551,2,L,ML,quad
5031,,,,,,,139.0762,55.718707465038,2,L,ML,quad
5032,,,,,,,151.0711,56.390596775713504,2,L,ML,quad
5033,,,,,,,139.0762,59.06743640529375,2,L,ML,quad
5034,,,,,,,151.0711,61.86874100700955,2,L,ML,quad
5035,,,,,,,151.0711,62.73142100700955,2,L,ML,quad
5036,,,,,,,151.0711,66.00517537620046,2,L,ML,quad
5037,,,,,,,151.0711,70.07986850523852,2,L,ML,quad
5038,-1.0659,0.1630873888979797,31.473571809179607,75.24728944549786,0.0238142778668365,0.2757331402058959,7.0659,4.622038918644514,1,R,ML,quad
5039,-13.0506,0.1179195448948486,9.430563576624683,30.65183648671884,0.0415501750358056,0.1441504568042448,31.0506,7.098054514576099,1,R,ML,quad
5040,-13.0506,0.0855560205159182,5.514247602677032,21.62022857412404,0.0686206470323012,0.1392023573238241,31.0506,7.652582745778083,1,R,ML,quad
5041,-13.0506,0.115746544218618,9.54842637820361,28.15473843207733,0.0467080309201551,0.1640698877661202,31.0506,8.636593771902564,1,R,ML,quad
5042,-7.063199999999998,0.1626042389012308,17.11043541252803,45.078958089668326,0.0366820335325147,0.2308978999113143,19.0632,10.545169009343171,1,R,ML,quad
5043,-13.0506,0.1198895182866629,11.305594831693568,36.523431499811984,0.0366486171446598,0.1524251136293189,31.0506,11.899892530599896,1,R,ML,quad
5044,-19.0527,0.0715409673508604,4.575601745488569,11.552672018761506,0.071896939038957,0.1210219471424073,43.0527,12.671258168294685,1,R,ML,quad
5045,-13.0506,0.1528724249706385,17.221870121452977,47.29045772310637,0.0355510231536711,0.2252360653068747,31.0506,14.131220061633,1,R,ML,quad
5046,-19.0527,0.1404656757287096,11.27581456888213,30.4182592053464,0.0488434308470755,0.2026094069325597,43.0527,15.69446427033858,1,R,ML,quad
5047,-19.0527,0.1388966378330321,11.14199396042974,29.007891713301188,0.0464670547989984,0.1904642993632841,43.0527,17.67955353446436,1,R,ML,quad
5048,-25.0632,0.1576179739702701,12.593017566055966,29.235829354911772,0.0424637906886691,0.1967225239359654,55.0632,18.975538843023067,1,R,ML,quad
5049,-19.0527,0.2283595029670239,25.95881139267833,47.48199419139596,0.033268184397444,0.3177016139785836,43.0527,20.141925620725896,1,R,ML,quad
5050,-31.065700000000007,0.0855214942522122,6.393878639175219,32.85489297331504,0.0547790594971242,0.1288500164794625,67.0657,22.806716535294573,2,R,ML,quad
5051,-43.0656,0.0823522706716569,4.047242409625634,19.43810852131353,0.0833258066693521,0.1240635665653714,91.0656,24.798397446579237,2,R,ML,quad
5052,-61.072500000000005,0.026302736583677,0.9950788384874932,15.417040036759284,0.0941292474564571,0.0344578039135004,127.0725,25.643717017942013,2,R,ML,quad
5053,-55.0595,0.0727782128694948,2.7582619087341467,15.545014829600191,0.1022210091142358,0.1037244603411844,115.0595,28.506640344898894,2,R,ML,quad
5054,-43.0656,0.123964202349108,8.181232359286037,29.202851208842198,0.0607107089010143,0.1827214569939345,91.0656,28.743640344898896,2,R,ML,quad
5055,-50.3774,0.1323444499804914,6.126195560510172,19.746611552242804,0.0863351854950559,0.1945737283596762,104.3774,30.898543604339583,2,R,ML,quad
5056,-55.0595,0.0776903201906082,2.5058129494483903,13.376225448568391,0.1719818540991678,0.1585392480499861,115.0595,35.58937319109667,2,R,ML,quad
5057,,,,,,,151.0711,36.42665152950024,2,R,ML,quad
5058,-55.0595,0.0925684141027652,3.314110911897773,17.733785394775087,0.1422556631353284,0.1734371471494199,115.0595,36.60389344779273,2,R,ML,quad
5059,-55.0595,0.086259388786102,2.8370442731546723,15.64203773070452,0.1656774271383494,0.1729159173021843,115.0595,39.51851316075066,2,R,ML,quad
5060,-61.072500000000005,0.0939737296991541,2.410333506608908,10.833917146016736,0.1939740155915147,0.1719991151383849,127.0725,41.14971611165167,2,R,ML,quad
5061,,,,,,,139.0762,43.76147997067803,2,R,ML,quad
5062,,,,,,,151.0711,46.86101462356716,2,R,ML,quad
5063,,,,,,,151.0711,49.05681234032069,2,R,ML,quad
5064,,,,,,,139.0762,50.295199147322165,2,R,ML,quad
5065,,,,,,,151.0711,57.33199510082582,2,R,ML,quad
5066,,,,,,,163.064,59.95319039758306,2,R,ML,quad
5067,,,,,,,163.064,62.783333626697214,2,R,ML,quad
5068,0.0,0.1596973165166611,16.112586156760926,41.32415403352382,0.0351931992329783,0.2086073080563799,0.0,5.778722432128516,0,L,MM,quad
5069,0.0,0.1577164943727814,17.32810830348707,41.51901863001666,0.0341961223569135,0.2179884754980698,0.0,6.300022475577582,0,L,MM,quad
5070,-1.0632,0.1234839349655022,12.306100739583837,35.67095162662228,0.0381652338163656,0.1727801757627955,7.0632,7.164579216225647,0,L,MM,quad
5071,0.0,0.5007296049632786,111.90049474256676,84.15536405999352,0.0224053490090882,0.9223361657161694,0.0,8.439392601116026,0,L,MM,quad
5072,-1.0632,0.1322077782782664,16.095392507337397,50.00950608115546,0.0305462523758424,0.1808693699343467,7.0632,9.587099226602804,1,L,MM,quad
5073,-1.0632,0.0995563953228429,11.642160967114084,47.79098560672652,0.0301953658340951,0.1293240847291818,7.0632,14.085871560195724,1,L,MM,quad
5074,-7.058900000000001,0.1773044279923105,17.57927416873922,40.80124654009828,0.0393683744921177,0.2545973863081229,19.0589,14.592304521437711,1,L,MM,quad
5075,-7.058900000000001,0.1459448332513377,21.666530394609246,57.34451118202015,0.0238001026957044,0.1897027905835747,19.0589,17.5433923202841,1,L,MM,quad
5076,-7.058900000000001,0.2156425020470803,23.26545816075,43.61740394146838,0.0336900889621534,0.2883495548455544,19.0589,19.33719078624955,1,L,MM,quad
5077,-7.058900000000001,0.1978005251725501,20.671430692461144,43.78991125104769,0.0369393120408127,0.280908484427357,19.0589,21.95430848160629,1,L,MM,quad
5078,-13.0501,0.1675247512640093,17.227875350397838,41.00034331933853,0.0341327097156515,0.2163256444553085,31.0501,23.36904475187012,1,L,MM,quad
5079,-13.0501,0.1841110541346372,18.06427120379658,39.91397115565034,0.0373411171356692,0.2481494228925675,31.0501,25.10531199264845,1,L,MM,quad
5080,-19.0512,0.1295984876173215,10.650266890270624,32.50948896754853,0.0454794710927029,0.1781892150013802,43.0512,26.45574206880937,1,L,MM,quad
5081,-19.0512,0.1655758499681038,20.901345787980397,51.60991204128648,0.031831881548738,0.2447609208017154,43.0512,29.21345600381441,1,L,MM,quad
5082,-25.0585,0.1383217591371114,11.54029870089536,32.8029243658001,0.0426465962519919,0.1810535074663199,55.0585,30.517885484160285,1,L,MM,quad
5083,-25.0585,0.2099344669172524,23.248785305720883,44.72397080985103,0.0337606214264542,0.2887461598403505,55.0585,32.04901032669954,2,L,MM,quad
5084,-37.0581,0.1263327815988653,7.852401396729368,24.553719688713777,0.0592706822435372,0.1712174150456256,79.0581,35.96105435186749,2,L,MM,quad
5085,-37.0581,0.1493432309520582,10.8129335956922,30.665584561793803,0.0541805522586166,0.2155224331843704,79.0581,38.89713969937416,2,L,MM,quad
5086,-43.06270000000001,0.1168903996546602,6.482885172683725,23.081753920476025,0.0680288452741414,0.1622433655426143,91.0627,42.04779231698696,2,L,MM,quad
5087,-50.3725,0.1014219573318616,4.490499888000334,18.71898410699944,0.0925420889088794,0.1528760688203604,104.3725,43.96136695211379,2,L,MM,quad
5088,-43.06270000000001,0.1302593651551908,6.813414312323272,23.70220915664156,0.0829167328946359,0.2078320388712814,91.0627,45.22360099824012,2,L,MM,quad
5089,-43.06270000000001,0.1253169849702952,6.817100139338669,24.42966764769951,0.0794305873457988,0.1992016656969519,91.0627,48.085876342921416,2,L,MM,quad
5090,-50.3725,0.0958961783089325,4.579999370404331,21.49105306221596,0.0892264895168761,0.1503366065770829,104.3725,50.36419787201599,2,L,MM,quad
5091,-61.0669,0.1006099422587362,2.735777266869681,10.491863968649806,0.1496192661475754,0.1505822474795786,127.0669,51.24454952296034,2,L,MM,quad
5092,-55.0576,0.136533204082274,4.829593639911714,14.333699898585104,0.116859395875792,0.2076250479905505,115.0576,53.81068405927419,2,L,MM,quad
5093,-55.0576,0.1087362784586446,3.807429525305513,16.624865199005132,0.1410164152861668,0.1975181739774428,115.0576,54.92344385869184,2,L,MM,quad
5094,-55.0576,0.1101031803846178,3.908111330696028,16.731997120471306,0.1338191383834213,0.1923936236135967,115.0576,57.41467729394442,2,L,MM,quad
5095,,,,,,,139.0725,58.89806776675364,2,L,MM,quad
5096,-61.0669,0.1502019699452192,4.021130165758744,11.45527431123877,0.1737695596216008,0.2570557661716567,127.0669,60.01944065378688,2,L,MM,quad
5097,,,,,,,139.0725,63.008393780465376,2,L,MM,quad
5098,-61.0669,0.0769383863286203,3.3575315872164597,18.082762443806637,0.0897549522983593,0.110862341165589,127.0669,64.490568348131,2,L,MM,quad
5099,,,,,,,139.0725,66.60420678616767,2,L,MM,quad
5100,,,,,,,151.0701,68.30561003482407,2,L,MM,quad
5101,,,,,,,139.0725,69.85496273641593,2,L,MM,quad
5102,,,,,,,151.0701,71.00629794307021,2,L,MM,quad
5103,,,,,,,139.0725,72.39388791031557,2,L,MM,quad
5104,,,,,,,139.0725,73.60457587699072,2,L,MM,quad
5105,,,,,,,151.0701,76.09068269834034,2,L,MM,quad
5106,,,,,,,151.0701,82.31366458714749,2,L,MM,quad
5107,0.0,0.1493606256286187,13.972186831701936,28.39203495158189,0.0514187956926752,0.2642967379458363,0.0,4.578329040319503,0,R,MM,quad
5108,-31.062,0.042593531978635,2.5899459841221413,18.95115096381259,0.0621526439883711,0.0592182859830643,67.062,5.2863052493124325,1,R,MM,quad
5109,-25.0585,0.0944454286093117,6.807677427972492,25.153613958317383,0.0472515381759418,0.1183369680470887,55.0585,6.202534467990876,1,R,MM,quad
5110,-1.0632,0.1278032610860736,12.870165021668926,37.685212704246496,0.0397074170747423,0.188001481298159,7.0632,8.342636929707178,1,R,MM,quad
5111,-7.058900000000001,0.1922405733914384,23.088952161817385,48.27573499349841,0.0297784467142934,0.252936661843233,19.0589,9.90360407756435,1,R,MM,quad
5112,-7.058900000000001,0.1255897191307053,13.457625546169451,41.50590587107075,0.0319058500084002,0.1579589642434924,19.0589,11.46835338110654,1,R,MM,quad
5113,-19.0512,0.1022159472699944,13.508917638204949,52.66015214408219,0.0267792923849846,0.1330837926556138,43.0512,13.035163391882357,1,R,MM,quad
5114,-7.058900000000001,0.1164956777220995,10.435501835621032,30.94672046085402,0.0430745446476527,0.165363460489282,19.0589,13.515604210745956,1,R,MM,quad
5115,-7.058900000000001,0.1877553225637721,18.703168793460545,38.81685660257256,0.0367622760100579,0.2529432549080728,19.0589,16.175773755064448,1,R,MM,quad
5116,-7.058900000000001,0.1291568531636554,11.746184431583046,33.77415247273808,0.0428923293764857,0.1853454657576907,19.0589,17.60716322423908,1,R,MM,quad
5117,-13.0501,0.1379295766767779,12.500886437339656,33.2442396361828,0.038713469549564,0.1780362438389449,31.0501,18.417354516562696,1,R,MM,quad
5118,-19.0512,0.105776719246006,7.507898061282328,22.40781071737373,0.0568406315411576,0.1569939006625524,43.0512,19.99110044248902,1,R,MM,quad
5119,-13.0501,0.1783623034110306,15.47515003693817,32.50726864891544,0.042936699538415,0.2444381816820573,31.0501,20.991793225782423,1,R,MM,quad
5120,-19.0512,0.1636114530559448,14.227672276614614,33.42634536320928,0.0408085928069167,0.2135949548894876,43.0512,22.937983313766487,1,R,MM,quad
5121,-13.0501,0.1554427092213853,15.90187577712086,41.99052867849918,0.0357105938337266,0.2089060159715133,31.0501,23.84479233422301,1,R,MM,quad
5122,-19.0512,0.1819372168636837,15.534017094640523,34.046775855269914,0.0430172555401606,0.2458283669961425,43.0512,25.800074968570627,1,R,MM,quad
5123,-19.0512,0.2165911096250492,32.647316941961506,57.77653811266,0.0274232217988246,0.3293604821481902,43.0512,28.97816318256364,1,R,MM,quad
5124,-25.0585,0.2296858526688117,19.80905864786755,34.62681987937944,0.0408109096704809,0.2974031958980745,55.0585,30.147019824784508,2,R,MM,quad
5125,-43.06270000000001,0.1144624147740033,6.80787520875118,24.319919573770285,0.0610129242756345,0.1528054855242776,91.0627,33.08305772264477,2,R,MM,quad
5126,-31.062,0.1279098057648706,9.246333920339406,28.949047783199926,0.050210459563597,0.1707926935897964,67.062,34.489096731031424,2,R,MM,quad
5127,-37.0581,0.1121277122785465,6.657852375633941,22.58186982909565,0.0610393868022337,0.1495029772754903,79.0581,36.19798327001627,2,R,MM,quad
5128,-43.06270000000001,0.2004973597498857,11.827458723391556,22.439758169147325,0.0545511638011142,0.2373564180931179,91.0627,38.15862407720562,2,R,MM,quad
5129,-37.0581,0.1501998754855111,10.450059849410216,28.00366303110515,0.0501034810758302,0.192615927614478,79.0581,38.91500111876624,2,R,MM,quad
5130,-43.06270000000001,0.1325208957250093,7.078640133842208,19.71731287565996,0.0644774311169658,0.1679047870802764,91.0627,41.70335496467173,2,R,MM,quad
5131,-50.3725,0.137792369561131,6.628241927349787,18.899640085740085,0.0731258535513153,0.1783096378777015,104.3725,43.785836653669264,2,R,MM,quad
5132,-43.06270000000001,0.1704989302487191,10.170532538840265,24.12601976275937,0.0621048109991774,0.2323670027414803,91.0627,44.75372872754749,2,R,MM,quad
5133,-50.3725,0.127380730751353,5.303119623466076,16.039347008954234,0.0998241203239609,0.194747743167357,104.3725,47.93963980082659,2,R,MM,quad
5134,-43.06270000000001,0.1490962603428535,7.816023003558899,23.238275950314765,0.0840067588050939,0.2415491846359635,91.0627,49.50498358826699,2,R,MM,quad
5135,-50.3725,0.1359887612057997,6.623573749012745,20.617504235364077,0.0806533108964637,0.1965260361276147,104.3725,51.65112967693953,2,R,MM,quad
5136,,,,,,,139.0725,53.419032915912055,2,R,MM,quad
5137,-55.0576,0.1705431524054986,6.32501429360616,13.773736834120037,0.0963501005481532,0.2241915303914344,115.0576,56.06065368030799,2,R,MM,quad
5138,,,,,,,139.0725,57.26785375201796,2,R,MM,quad
5139,-55.0576,0.1520734677925003,5.160909758814157,14.557274770176477,0.1402597303920198,0.2662960859209981,115.0576,59.51270169354061,2,R,MM,quad
5140,,,,,,,139.0725,61.01519155572685,2,R,MM,quad
5141,-55.0576,0.1281454420126944,4.924555401462075,17.221368722993933,0.1106298863419654,0.2004218247882348,115.0576,61.5415604239308,2,R,MM,quad
5142,-61.0669,0.1675785071295106,4.41496988522983,11.135328536018468,0.1856049799747998,0.3014552753722214,127.0669,67.1276714515021,2,R,MM,quad
5143,-61.0669,0.1069519931850195,3.3565401774559485,14.0198621448805,0.1356978035122419,0.1675599361010941,127.0669,69.14077463003316,2,R,MM,quad
5144,,,,,,,139.0725,71.45004989554226,2,R,MM,quad
5145,,,,,,,139.0725,73.45310503993397,2,R,MM,quad
5146,,,,,,,139.0725,79.02007801154437,2,R,MM,quad
5147,,,,,,,163.0609,81.71271150067672,2,R,MM,quad
5148,,,,,,,151.0701,84.3813207537255,2,R,MM,quad
5149,,,,,,,163.0609,85.67043197271383,2,R,MM,quad
5150,-1.0643000000000002,0.1100049667889287,12.236632537913287,44.18183356620906,0.0321169669713217,0.1445779164418541,7.0643,1.7601981840065424,1,L,MM,quad
5151,-1.0643000000000002,0.5811048522269766,74.23190952146183,53.9081566762725,0.0299381137031403,0.8175617864151251,7.0643,2.4491307278742243,1,L,MM,quad
5152,-1.0643000000000002,0.1023296080077079,11.46369828437024,47.58974706752274,0.034213022651373,0.1442851749091821,7.0643,3.715816599146627,1,L,MM,quad
5153,-7.062000000000001,0.0506833382698353,4.430837141960919,27.416644436305447,0.0502141818303198,0.081849813944085,19.062,5.263769587230648,1,L,MM,quad
5154,-7.062000000000001,0.1201152370518251,10.092250032986763,26.18912006714178,0.0546470568495012,0.2028898385435819,19.062,6.130353136578314,1,L,MM,quad
5155,-1.0643000000000002,0.1099483429973962,10.43276039875366,35.07137765154777,0.0463794063636044,0.1780040718964787,7.0643,7.236272198325231,1,L,MM,quad
5156,-7.062000000000001,0.2271949964312505,22.034388995358444,38.51501310303254,0.0380848253373073,0.3087155450611356,19.062,8.988447623565856,1,L,MM,quad
5157,-7.062000000000001,0.1318057201268518,12.346797698692509,36.449208267249446,0.0409452902159705,0.185978955426203,19.062,10.838500882899709,1,L,MM,quad
5158,-7.062000000000001,0.2207642616356263,20.836445389020778,36.05751782175815,0.0412613384759828,0.3162805331042856,19.062,11.51791466875664,1,L,MM,quad
5159,-13.0522,0.1900426852091367,16.748143315319385,37.68710076637499,0.0439743192758109,0.2709388679695507,31.0522,15.186239205056983,1,L,MM,quad
5160,-13.0522,0.2895389633391061,27.040021462304164,36.894160356802814,0.0386366797848342,0.3843371351992363,31.0522,15.576634313248674,1,L,MM,quad
5161,-13.0522,0.2430651704433706,21.51790529919145,34.129680758792794,0.0399844227931443,0.3165164899746431,31.0522,17.036726750371326,1,L,MM,quad
5162,-13.0522,0.1983976259074919,17.822808065627278,35.658204213219264,0.0428430762143015,0.2809068273621217,31.0522,18.153161452611695,1,L,MM,quad
5163,-13.0522,0.1923154779479647,17.161705970564565,36.931640271493976,0.0428104348015635,0.2702810602066779,31.0522,20.344752946220563,1,L,MM,quad
5164,-19.0532,0.1680493590543302,13.175670386149203,30.45373600379098,0.0477941441513118,0.2316610011268643,43.0532,21.56977395947674,1,L,MM,quad
5165,-19.0532,0.2016191659286516,23.623989008081534,47.48782249439318,0.0323956409058823,0.281543384007451,43.0532,22.601581706103985,1,L,MM,quad
5166,-19.0532,0.2193623096107166,23.40576535046992,43.9223996638347,0.0345496476528792,0.2974897368765926,43.0532,24.021930034843013,1,L,MM,quad
5167,-25.0606,0.2035738567824953,17.128913186467226,33.7241240772747,0.0414600331229534,0.2612552166725504,55.0606,25.666641455706213,2,L,MM,quad
5168,-43.0639,0.1550239059594385,7.7628868267366204,17.840555258572895,0.0765994212189064,0.2187531225388014,91.0639,27.62808719856116,2,L,MM,quad
5169,-31.06310000000001,0.1164061820270872,7.622149736382391,25.84391723174862,0.0596327611881292,0.1672121816844575,67.0631,28.37260006998864,2,L,MM,quad
5170,-43.0639,0.1043747505679735,5.3019126515452335,18.59389557208888,0.0714586690970219,0.1393776089666388,91.0639,30.53370402869485,2,L,MM,quad
5171,-55.058800000000005,0.0672459410809473,2.384380971521051,16.069930978231863,0.1272232957891188,0.1115957890892179,115.0588,32.95154257945651,2,L,MM,quad
5172,-50.3746,0.1013991036029785,4.769473141410893,18.752477843923007,0.0803607603789888,0.1410002760707924,104.3746,34.44063477322189,2,L,MM,quad
5173,-50.3746,0.1413999418327248,6.264871647110653,16.7821388870355,0.0847217573547784,0.1952597151584633,104.3746,35.10464788560543,2,L,MM,quad
5174,-55.058800000000005,0.1327897840947617,4.869836077554965,14.014241528322405,0.1048216335653634,0.1877892746442072,115.0588,39.05032627596819,2,L,MM,quad
5175,-55.058800000000005,0.1271899034230353,4.577533057094015,15.524072596950688,0.1151482887087908,0.1939074501083275,115.0588,40.533144122002085,2,L,MM,quad
5176,-61.069,0.0902969628422845,2.357117199948811,10.431489695647208,0.1700502887916911,0.1474565500790554,127.069,42.63383475221711,2,L,MM,quad
5177,-61.069,0.0722437439572252,2.795584558519022,16.0020141281845,0.0954349468433542,0.0981489339865866,127.069,43.74130092325801,2,L,MM,quad
5178,-55.058800000000005,0.1155872953662986,4.06213130967353,15.690355096617562,0.1264331371560089,0.1889384682797285,115.0588,44.93444626768181,2,L,MM,quad
5179,-61.069,0.1466612522431,3.96215541377406,10.182855564911986,0.1579122374744376,0.230172169809634,127.069,48.637165151587325,2,L,MM,quad
5180,-61.069,0.1010184891165489,2.7946482912275825,12.702736157161894,0.1677129450148444,0.1724246140688727,127.069,50.55039069374072,2,L,MM,quad
5181,,,,,,,139.0726,53.03971803191743,2,L,MM,quad
5182,,,,,,,151.0702,55.48106728555001,2,L,MM,quad
5183,,,,,,,139.0726,58.52777778806632,2,L,MM,quad
5184,,,,,,,151.0702,61.568432064909445,2,L,MM,quad
5185,,,,,,,151.0702,62.92113837954438,2,L,MM,quad
5186,,,,,,,151.0702,65.5923797439823,2,L,MM,quad
5187,,,,,,,151.0702,66.0639621033852,2,L,MM,quad
5188,,,,,,,151.0702,68.23112022329398,2,L,MM,quad
5189,,,,,,,151.0702,71.11796198793127,2,L,MM,quad
5190,0.0,0.1217723772157867,14.670413426880954,44.757887300666354,0.027733665496249,0.1496770255435369,0.0,2.536547526927648,0,R,MM,quad
5191,0.0,0.0927785758782066,9.175255481340724,35.62399384989504,0.0406974012652035,0.1373695141267092,0.0,3.777134708649136,0,R,MM,quad
5192,0.0,0.1252249088258499,12.04345523282089,34.662044698765264,0.0414300336412916,0.1835574038825891,0.0,4.82862033008312,0,R,MM,quad
5193,0.0,0.1492273370422955,21.58438847275656,61.78837423705343,0.0276585576387868,0.2196214706001001,0.0,7.918231778785581,0,R,MM,quad
5194,-13.0522,0.1034093604472824,8.116524149298764,24.50160865264776,0.0578926555578371,0.1728618173372378,31.0522,9.523482337507838,1,R,MM,quad
5195,-7.062000000000001,0.123291928947331,11.888388811221208,37.02291345677798,0.0396279438307049,0.1733125679303539,19.062,10.130743067665026,1,R,MM,quad
5196,-1.0643000000000002,0.1791875234030019,24.22335127667671,56.552978465366806,0.0285889088277947,0.2547635693629068,7.0643,12.223860851641838,1,R,MM,quad
5197,-7.062000000000001,0.2718645623238079,26.280399704372865,36.80611852334699,0.0386602559362657,0.3737680795425019,19.062,13.699686592910403,1,R,MM,quad
5198,-7.062000000000001,0.2392238711982564,23.479363054265388,39.09703254772663,0.0390466524349306,0.3372683873228724,19.062,15.929529071533231,1,R,MM,quad
5199,-13.0522,0.2515899172407947,21.507975282131824,32.30371936629494,0.0442947576694615,0.3504752682774121,31.0522,19.02665199228321,1,R,MM,quad
5200,-13.0522,0.2124226265394637,21.360461199872365,40.40256442823562,0.0373470115408606,0.2934756001374484,31.0522,20.96875618101013,1,R,MM,quad
5201,-13.0522,0.188807126988944,17.62519389257849,36.7708634751974,0.0371110581345764,0.2406261147511172,31.0522,21.720185311134856,1,R,MM,quad
5202,-13.0522,0.191328793758862,19.70076380236789,42.35396984004648,0.0373623485285678,0.270783844322841,31.0522,23.522785016891007,1,R,MM,quad
5203,-19.0532,0.1822839932576533,16.47168607998263,36.657525154218725,0.0411773227965943,0.249517885753631,43.0532,25.007818486528187,1,R,MM,quad
5204,-19.0532,0.2163213986006654,18.99420056371112,36.76418790119301,0.043525293825592,0.3041362936919654,43.0532,27.04543131468268,1,R,MM,quad
5205,-25.0606,0.212044073493549,18.98032313242043,36.807719927760175,0.0406533636452402,0.2838609191762395,55.0606,28.346427106854552,2,R,MM,quad
5206,-55.058800000000005,0.0924059749343835,3.375234840909658,13.778552100266351,0.1036738109013844,0.1287296464188185,115.0588,31.59598261382132,2,R,MM,quad
5207,-37.0603,0.1133493772072494,6.995328888076373,25.61055258676877,0.0630750637261444,0.1623197457972499,79.0603,32.932864542830984,2,R,MM,quad
5208,-43.0639,0.1072996910393124,5.537775486200677,22.32029891539945,0.080962852548759,0.1649402558054708,91.0639,35.674341961580204,2,R,MM,quad
5209,-50.3746,0.151157129880638,6.852978418891863,17.332983382604414,0.0803273047512353,0.2025107478351594,104.3746,38.14301410569762,2,R,MM,quad
5210,-43.0639,0.1305853328473919,6.8377725561649845,23.67275463262075,0.0839553636373887,0.2111876978363273,91.0639,40.05285700777706,2,R,MM,quad
5211,-61.069,0.1488317565889683,3.69102161162408,6.7514330739320965,0.1670017892063487,0.2267635411041814,127.069,41.58896096175894,2,R,MM,quad
5212,-50.3746,0.137803742349689,6.195250730853054,19.13367474969452,0.0918258764497544,0.2092808487444643,104.3746,45.11897698243786,2,R,MM,quad
5213,-61.069,0.1015785593847562,2.7734848597255266,10.15437945494262,0.1449925974324941,0.1479371158432329,127.069,46.3531002652437,2,R,MM,quad
5214,-61.069,0.1226728189712463,4.78220149140314,15.902550603989043,0.0938282167878469,0.1650695058771384,127.069,47.97459684986929,2,R,MM,quad
5215,-55.058800000000005,0.1243862690892749,4.454726352952383,15.967346415270136,0.125858631966693,0.2062574081534423,115.0588,50.78164479443279,2,R,MM,quad
5216,-61.069,0.1250432018475142,3.290438011935175,10.432261509639238,0.1784910182742025,0.2160606104818027,127.069,52.83007665403961,2,R,MM,quad
5217,,,,,,,151.0702,54.172923788308566,2,R,MM,quad
5218,-61.069,0.1316283746321194,3.919055381617627,13.358043928594071,0.1465960881158782,0.2113534299643649,127.069,55.91878069879911,2,R,MM,quad
5219,,,,,,,139.0726,58.946596676071806,2,R,MM,quad
5220,,,,,,,139.0726,61.69976541904405,2,R,MM,quad
5221,,,,,,,139.0726,65.14423251749758,2,R,MM,quad
5222,,,,,,,151.0702,67.07248647074022,2,R,MM,quad
5223,,,,,,,151.0702,68.90372154565974,2,R,MM,quad
5224,,,,,,,151.0702,72.02138051307179,2,R,MM,quad
5225,-1.0654000000000003,0.1475936421786858,17.383581723517054,47.84654721763996,0.0315165023711108,0.2015499970870219,7.0654,2.905884016634362,1,L,MM,quad
5226,-7.061900000000001,0.1181722125190575,11.764513700115188,39.50832370716834,0.0382467188220405,0.165528843571537,19.0619,5.289924102859541,1,L,MM,quad
5227,-13.0503,0.1315976359253332,10.63085335282179,29.68158972524348,0.0607498208846491,0.2375847972323762,31.0503,6.691859586263176,1,L,MM,quad
5228,-7.061900000000001,0.2322820577184057,31.094053812305383,56.40134371464588,0.0316699535754616,0.3622682646070056,19.0619,8.394529969919232,1,L,MM,quad
5229,-13.0503,0.1862957712194166,17.4961700639912,38.03698555252484,0.0400410008641648,0.2577231519253418,31.0503,10.54930975065038,1,L,MM,quad
5230,-13.0503,0.1704113183945781,28.654263533758808,64.88197355459417,0.0242021563281965,0.2551225403682681,31.0503,12.708363487404348,1,L,MM,quad
5231,-43.062,0.2082597498113494,10.79426268417241,17.774247260245254,0.06885552503343,0.2734244171027652,91.062,13.704082888488378,1,L,MM,quad
5232,-19.0522,0.1258651199128798,9.310692173858644,28.46253552004414,0.0582316214617213,0.1994556622269368,43.0522,14.468358792596312,1,L,MM,quad
5233,-19.0522,0.1332126444282616,10.517770523778648,32.929630477332935,0.0511002815094824,0.19772086506641,43.0522,16.4719274708373,1,L,MM,quad
5234,-25.061300000000003,0.1359674854370308,14.562878388926896,43.85649042771481,0.0359183063846108,0.1924281442560453,55.0613,17.55954833308664,1,L,MM,quad
5235,-25.061300000000003,0.1813074927601491,17.205586915647274,40.02431290745711,0.0403837085076487,0.2556119823301767,55.0613,18.49132622263748,2,L,MM,quad
5236,-50.3737,0.1406470807686404,13.2256229205193,35.194257057693875,0.0415906591803176,0.2023566392475714,104.3737,20.003689482455545,2,L,MM,quad
5237,-43.062,0.1143360989375615,6.646883916837039,23.083544759173385,0.0611457662902224,0.1495168036963829,91.062,22.454758991657663,2,L,MM,quad
5238,-37.0615,0.0935075087307293,5.604020445951727,24.14391747179724,0.0641974656704597,0.1323497462363883,79.0615,22.97181113793528,2,L,MM,quad
5239,-43.062,0.1696510122040355,9.648332427034346,22.641711461645745,0.0649503387905366,0.2305362355509866,91.062,26.93183718424391,2,L,MM,quad
5240,-61.0692,0.0762026324134917,2.148725844665686,11.487625232097384,0.1471734169480546,0.1163364745087205,127.0692,28.8017723574518,2,L,MM,quad
5241,-43.062,0.128586478242316,6.832581598506383,22.127819435986293,0.0800418161375666,0.2011904116515375,91.062,30.497425306577817,2,L,MM,quad
5242,-43.062,0.1227320882691503,6.323988983053549,23.96710686423015,0.0903628844073118,0.2102261360415046,91.062,32.44556816127886,2,L,MM,quad
5243,-50.3737,0.1283066693397475,5.93122361061168,19.61859567874871,0.0870596013617118,0.1899618934728886,104.3737,34.46506833496433,2,L,MM,quad
5244,-55.057100000000005,0.0567418530226811,2.441450423763683,20.05402671568106,0.1055657967382381,0.0948149145107694,115.0571,35.40990833496433,2,L,MM,quad
5245,-50.3737,0.1430264801378645,6.056686645875979,21.715791410671237,0.1310070002741787,0.2919006928456328,104.3737,36.65505421505377,2,L,MM,quad
5246,-55.057100000000005,0.0864621147488331,6.6453817853849575,30.62462430318622,0.0467123518386075,0.1141976555965682,115.0571,37.97473049977877,2,L,MM,quad
5247,-55.057100000000005,0.0969288051310086,3.382034261014003,15.973301608884054,0.1373839373747922,0.1709304672716536,115.0571,39.35047416194845,2,L,MM,quad
5248,-61.0692,0.0820971087880612,2.2205604469628035,11.44323559515331,0.1669908038874122,0.1364145432738733,127.0692,41.30177198832318,2,L,MM,quad
5249,-61.0692,0.1125280304567518,2.9291308966671,11.27007133200761,0.1868104236223,0.2013007547351129,127.0692,42.039707855954845,2,L,MM,quad
5250,-55.057100000000005,0.1043025931627796,3.851678872331446,17.815664066208743,0.1300396582618097,0.1842601451579987,115.0571,44.5077666090033,2,L,MM,quad
5251,-61.0692,0.1333951777773119,3.73282086491306,11.798812749512384,0.155188351334619,0.2131089976721493,127.0692,46.00367953624469,2,L,MM,quad
5252,,,,,,,139.0717,50.55190656249536,2,L,MM,quad
5253,,,,,,,139.0717,51.96758656249536,2,L,MM,quad
5254,,,,,,,151.0704,54.75657900365578,2,L,MM,quad
5255,,,,,,,151.0704,57.28294727095288,2,L,MM,quad
5256,,,,,,,151.0704,57.852624372476185,2,L,MM,quad
5257,,,,,,,151.0704,59.767581077138274,2,L,MM,quad
5258,,,,,,,151.0704,64.31624454868508,2,L,MM,quad
5259,0.0,0.2299104144864676,30.54983612442393,56.188854677789806,0.0336079099669343,0.3777077605511824,0.0,5.279189048062154,0,R,MM,quad
5260,-7.061900000000001,0.171001003379969,21.285816756450497,49.784680836241606,0.0280727847007992,0.219827151374971,19.0619,7.334618450693146,1,R,MM,quad
5261,-7.061900000000001,0.1685380576462169,17.69490102841805,39.677736521050015,0.0323426966816325,0.2105377046566438,19.0619,8.449328716187953,1,R,MM,quad
5262,-7.061900000000001,0.1591238565496333,18.680286347609652,50.03082172117018,0.033682087526691,0.2314664481057577,19.0619,12.842535966311845,1,R,MM,quad
5263,-19.0522,0.2448980966664914,22.93920296389479,37.081648214855534,0.0378889987881049,0.319740000539903,43.0522,14.933788650892163,1,R,MM,quad
5264,-19.0522,0.2094027617163229,20.62724429871239,39.351025676988606,0.0361941607344269,0.2746535652924251,43.0522,16.501465865984834,1,R,MM,quad
5265,-19.0522,0.2165554553236837,19.571337958819047,36.82040586664961,0.0408866955537132,0.2943798278468767,43.0522,19.082680357493157,1,R,MM,quad
5266,-25.061300000000003,0.1586244108802237,16.531872324246645,43.49832720740273,0.0378075338110028,0.2299354376409368,55.0613,19.95669317204452,1,R,MM,quad
5267,-25.061300000000003,0.1944304773149019,16.048834994706322,34.095237691729025,0.0439629706828621,0.259558981331356,55.0613,22.154016372113503,2,R,MM,quad
5268,-37.0615,0.1356269302661511,7.80725320874578,23.567405780496845,0.0743321484812379,0.2134914410519725,79.0615,25.437062208742347,2,R,MM,quad
5269,-43.062,0.164691047420406,8.850238847974225,21.318322526323847,0.0701048723618666,0.2282489101437241,91.062,28.594273095953813,2,R,MM,quad
5270,-43.062,0.1469631033567992,7.947273645604996,24.04697630248932,0.0781877122518719,0.228592612614307,91.062,30.90898177720698,2,R,MM,quad
5271,-43.062,0.1661034760094167,8.953151738028884,25.10764152374073,0.0815474521483951,0.2685912495497635,91.062,31.93519177720698,2,R,MM,quad
5272,-50.3737,0.1736714303156086,8.190429028365003,20.632645467342275,0.0876232067304063,0.2640166477403063,104.3737,35.222175144173264,2,R,MM,quad
5273,-50.3737,0.1047794399134988,4.358277068817028,20.35199466780209,0.1250249503329799,0.2004550699495005,104.3737,37.08823338832918,2,R,MM,quad
5274,-55.057100000000005,0.1322483655426942,4.817492217450962,15.939247463606952,0.1172349370411838,0.2077703610038924,115.0571,40.1939604013415,2,R,MM,quad
5275,-61.0692,0.1134471659036169,3.015409007967904,11.087811604182454,0.1701787437104367,0.1887804683740296,127.0692,41.245890714860415,2,R,MM,quad
5276,-61.0692,0.0816085359062451,2.188702291963727,11.93996006948822,0.1813386924731168,0.1460100301897729,127.0692,43.00996412296568,2,R,MM,quad
5277,-61.0692,0.1215360260674607,3.27567368971381,11.639604065303564,0.1733274145246449,0.2088687219699938,127.0692,44.67172508604686,2,R,MM,quad
5278,-61.0692,0.0984535508813866,3.8176313780363578,16.552782062416522,0.1024451368158937,0.1438768286426325,127.0692,47.79141695660085,2,R,MM,quad
5279,,,,,,,139.0717,49.613703030260105,2,R,MM,quad
5280,,,,,,,139.0717,53.41459821872889,2,R,MM,quad
5281,,,,,,,151.0704,54.69720887405944,2,R,MM,quad
5282,,,,,,,139.0717,56.59715887405943,2,R,MM,quad
5283,,,,,,,151.0704,58.62810181893833,2,R,MM,quad
5284,,,,,,,151.0704,63.4127489577221,2,R,MM,quad
5285,-1.0656999999999996,0.1291677465798727,20.65073868093354,62.85577524695223,0.0214482727086403,0.1629421461109557,7.0657,1.9022188060911287,0,L,MM,quad
5286,-13.0506,0.2063046113364593,20.70390110788306,37.73376956942003,0.0323131698811506,0.2461145370201808,31.0506,4.429707071855366,0,L,MM,quad
5287,-7.063099999999999,0.1687425346759674,22.08378203222637,52.84159566448296,0.0275213230865703,0.2235878906738809,19.0631,6.702212704377581,0,L,MM,quad
5288,-7.063099999999999,0.1795511463664454,19.368475741938827,43.20778908452422,0.0328913814996608,0.2343597775717664,19.0631,7.528640063462799,0,L,MM,quad
5289,-19.0526,0.1073987066663225,8.1681366437557,26.786091271224414,0.0515672870096891,0.1549540015435728,43.0526,8.666074645186074,0,L,MM,quad
5290,-13.0506,0.2396683639167756,23.644408847443017,39.23996286187242,0.0355553301658469,0.3092706408679046,31.0506,10.137927247236108,0,L,MM,quad
5291,-7.063099999999999,0.1859704918268999,21.72135234486387,49.55031393022023,0.0318164549628334,0.2542401679534347,19.0631,11.15730279138066,0,L,MM,quad
5292,0.0,0.0171836446642549,1.452878891425287,-0.7137047322687514,0.2883677222131418,0.1541280128445581,0.0,11.728089509957751,0,L,MM,quad
5293,-13.0506,0.2041792124131976,17.034372394499606,31.960441611382237,0.0460679141052481,0.2886889784903114,31.0506,13.079457192159753,1,L,MM,quad
5294,-19.0526,0.1853898198987447,17.8346926432745,38.7208087319527,0.0366114724771743,0.2402084846434994,43.0526,15.557200933005154,1,L,MM,quad
5295,-19.0526,0.239399084546143,23.666405872642525,40.61938708982196,0.037270090940892,0.3244877296691015,43.0526,16.239982170298624,1,L,MM,quad
5296,-19.0526,0.2288436524479553,23.63767441754879,43.70233277658127,0.0370286396281739,0.3219941797395226,43.0526,18.9572776565388,1,L,MM,quad
5297,-19.0526,0.1685799067170807,14.366675148221088,35.58036034001141,0.0470288247090795,0.2485569524558803,43.0526,20.29621550511472,2,L,MM,quad
5298,-31.063500000000005,0.1188144841388069,7.859841811924226,26.31854034937907,0.0559438124735202,0.1617600911701961,67.0635,23.15394488747203,2,L,MM,quad
5299,-37.062,0.0983611205009704,6.005736968289809,24.74649968990964,0.062355432577245,0.1377672920747722,79.062,24.919295576319616,2,L,MM,quad
5300,-13.0506,0.0580060505144681,5.65653720839239,48.14034671389293,0.0551477349220543,0.1147582312029794,31.0506,26.412395576319614,2,L,MM,quad
5301,-43.064400000000006,0.1165420915995971,6.077189331007625,21.69737754241601,0.0773374545331262,0.172901260147273,91.0644,28.908444127081275,2,L,MM,quad
5302,-43.064400000000006,0.1023663015395134,5.042384923194551,19.46147949156665,0.0844911641806619,0.1567302433277271,91.0644,30.56585288261073,2,L,MM,quad
5303,-50.37520000000001,0.1149693572066255,5.156690334435164,18.71435238306165,0.0889270622559411,0.1686982260646911,104.3752,32.1823484500509,2,L,MM,quad
5304,-50.37520000000001,0.1308316452162724,5.90914681275218,18.984628352969523,0.0894477112070245,0.194446231458862,104.3752,33.73053323659047,2,L,MM,quad
5305,-50.37520000000001,0.1104555914618709,4.683172520961823,20.199277114097164,0.1178300449379134,0.2030026551403431,104.3752,37.71887763535652,2,L,MM,quad
5306,-55.0564,0.104148145886022,3.45302531243386,16.606166991712136,0.1684750506542748,0.2140133551761161,115.0564,39.37787763535652,2,L,MM,quad
5307,-61.0705,0.0680605468214538,2.00913090662264,13.776677114552172,0.1582948535736776,0.1169985684870911,127.0705,40.93880648767491,2,L,MM,quad
5308,-61.0705,0.0985516945116498,2.712323822537914,12.507744677324911,0.1654341265155099,0.1650715233832603,127.0705,42.431268291873465,2,L,MM,quad
5309,-61.0705,0.1105262081473019,3.009395930505778,12.740914224150837,0.182077606686672,0.2015771885249013,127.0705,45.880540950516526,2,L,MM,quad
5310,,,,,,,139.074,49.84189135653351,2,L,MM,quad
5311,,,,,,,139.074,52.88372769850137,2,L,MM,quad
5312,,,,,,,151.0708,53.9301747966362,2,L,MM,quad
5313,,,,,,,151.0708,57.41836194065284,2,L,MM,quad
5314,,,,,,,151.0708,58.27262777492224,2,L,MM,quad
5315,,,,,,,151.0708,62.97536926416187,2,L,MM,quad
5316,-7.063099999999999,0.1715435062085008,18.239945865804884,43.20818343500974,0.0367776243672674,0.2467815774319998,19.0631,2.27400102175844,1,R,MM,quad
5317,-13.0506,0.1690242792039113,22.46004937619305,53.23172353222749,0.0278710605602495,0.2302871577907483,31.0506,4.530241021758441,1,R,MM,quad
5318,-7.063099999999999,0.1940161503704748,19.00771803302697,39.68637548548037,0.0401984299494351,0.2810894785999419,19.0631,6.219800827218343,1,R,MM,quad
5319,-13.0506,0.1690678754433671,14.60697865815128,33.17018188580817,0.0406688828124597,0.218538599299401,31.0506,7.749240827218342,1,R,MM,quad
5320,-31.063500000000005,0.1690216893237413,10.434828915848158,19.43826120141517,0.0552822641336748,0.2122152906575697,67.0635,10.827246999479886,1,R,MM,quad
5321,-19.0526,0.1382273490824229,11.705139724736856,33.45572293428911,0.0429323600149311,0.1848701880085596,43.0526,12.676931473947525,1,R,MM,quad
5322,-25.0614,0.1666937553925544,15.531427580898551,37.16721881403453,0.0379974636575238,0.2171058382821208,55.0614,13.802869675139036,1,R,MM,quad
5323,-31.063500000000005,0.1242229483338411,4.214789150306711,12.794811716336962,0.087420732859923,0.1355488428433999,67.0635,15.271418726583097,2,R,MM,quad
5324,-37.062,0.2247249836017193,12.48428452776709,16.889887400864644,0.0635580339380455,0.29190372072562,79.062,17.30518905311993,2,R,MM,quad
5325,-55.0564,0.1144396792659871,3.9974172065214426,11.646125137435316,0.105160820615496,0.1546460964346001,115.0564,19.430560958064103,2,R,MM,quad
5326,-50.37520000000001,0.1595176491384306,7.281899501446962,16.532458141398997,0.076417593600154,0.2047121203227815,104.3752,21.24644988200926,2,R,MM,quad
5327,-43.064400000000006,0.12080731592895,6.693615981369876,25.525725665505416,0.0762822478239699,0.1878407410826847,91.0644,23.12130306209921,2,R,MM,quad
5328,-50.37520000000001,0.1181258756938761,6.047811967415458,21.014405325245924,0.0726784823225018,0.1616998614940496,104.3752,24.457021577865568,2,R,MM,quad
5329,-61.0705,0.0890779008941064,2.552074697419034,11.835975727121449,0.1389310781616383,0.1304362504098626,127.0705,29.433773960341544,2,R,MM,quad
5330,,,,,,,139.074,30.1469745015333,2,R,MM,quad
5331,-61.0705,0.094622732025374,2.4425715673303965,10.80949446329824,0.1826808068186588,0.1641518329558872,127.0705,32.16839477632164,2,R,MM,quad
5332,-61.0705,0.0760207435063574,2.7616372072297146,14.967486038769453,0.1012211208838507,0.1028355524669065,127.0705,33.81328003522186,2,R,MM,quad
5333,,,,,,,139.074,35.75195941021181,2,R,MM,quad
5334,,,,,,,139.074,37.560976469061785,2,R,MM,quad
5335,,,,,,,139.074,39.03027473479892,2,R,MM,quad
5336,,,,,,,139.074,41.58194139822682,2,R,MM,quad
5337,-13.0505,0.1487995522838626,14.609398822224954,37.87597039154759,0.0331644490950352,0.1782422479068,31.0505,0.5183110022732869,1,L,MM,quad
5338,-13.0505,0.1804438459362072,15.577721044866614,30.676974151277925,0.0406657598841641,0.2330442181972525,31.0505,2.741058086532961,1,L,MM,quad
5339,-13.0505,0.165258569946034,13.832196658979113,30.966592322481304,0.0473385912663198,0.2408862455317818,31.0505,4.479140855016671,1,L,MM,quad
5340,-19.0527,0.120645271914923,9.059258330231192,25.80182567885063,0.0457232228538276,0.1523824657130455,43.0527,4.138340312176728,1,L,MM,quad
5341,-19.0527,0.1378072872385224,11.693847669168433,31.393577005541985,0.0360195172874049,0.1549533031733755,43.0527,5.740102863524461,1,L,MM,quad
5342,-19.0527,0.1095430121057838,8.261380995341874,22.371151191853343,0.0477404114247181,0.1450922871663933,43.0527,5.910503134944433,1,L,MM,quad
5343,-19.0527,0.1626715469062647,11.206549743935271,26.628113034614582,0.0474600522183708,0.1956616236280562,43.0527,7.756572783956991,1,L,MM,quad
5344,-13.0505,0.1981046218352573,20.07775094663604,43.38768935233631,0.0395449834297906,0.2920868322701764,31.0505,9.756265727210232,1,L,MM,quad
5345,-13.0505,0.1487081248450693,14.354635616797037,40.15221717254937,0.0397928085284704,0.2101368815458617,31.0505,10.695575727210231,1,L,MM,quad
5346,-19.0527,0.1576306990577191,15.109687698610394,40.01577434042495,0.0384774822825347,0.2138787577620281,43.0527,12.811743456745674,1,L,MM,quad
5347,-19.0527,0.2004508249041963,22.08691040353277,46.18193458682162,0.0351831213721601,0.2858741287705399,43.0527,14.25547965588635,1,L,MM,quad
5348,-25.0623,0.1644107792421233,13.72708762190145,34.34549387675424,0.0445064480072663,0.2247537047627182,55.0623,16.17696299224412,2,L,MM,quad
5349,-43.0655,0.152879716779798,8.288855599302693,21.9638094526723,0.0699687678042366,0.2133557332865771,91.0655,20.70332163563512,2,L,MM,quad
5350,-55.0585,0.1188544682486088,4.195802394834756,12.45070517374765,0.1080163580671394,0.1667285890353589,115.0585,22.703914686507822,2,L,MM,quad
5351,-43.0655,0.11226617330403,6.3383339485502805,24.68364764637776,0.0723537752869069,0.1687103910291581,91.0655,23.00891812550483,2,L,MM,quad
5352,-55.0585,0.0848089717661977,2.8917057119677745,16.801115504116332,0.1525869374620032,0.1623218438982373,115.0585,25.321114940417417,2,L,MM,quad
5353,-61.072500000000005,0.0711915264185856,1.853909537296459,14.087639240625856,0.2539174616946453,0.1731755695797985,127.0725,26.377886573228373,2,L,MM,quad
5354,-55.0585,0.1419519499386321,5.336622357746685,15.293709083462328,0.1048758730476535,0.2058958431148351,115.0585,29.530745159229376,2,L,MM,quad
5355,-55.0585,0.107489397037622,3.917680210500548,15.993991165714933,0.1171509988799839,0.1688420034844815,115.0585,30.71527385463207,2,L,MM,quad
5356,-61.072500000000005,0.1095589747112608,2.911381582629508,10.843426415664734,0.1708865189735331,0.1830258580440302,127.0725,32.1960309990955,2,L,MM,quad
5357,-61.072500000000005,0.0942588345858167,2.522568663529004,12.222334402065394,0.1836878601940575,0.1704625455480829,127.0725,34.90775644272814,2,L,MM,quad
5358,-61.072500000000005,0.0979703700331707,2.7360615732292004,12.298391851623206,0.1619201848140012,0.1629792727750025,127.0725,35.830648680720714,2,L,MM,quad
5359,-61.072500000000005,0.106707804385832,2.9463781399579907,12.78527866059224,0.1715238223124879,0.1859167196177162,127.0725,39.88132787651887,2,L,MM,quad
5360,,,,,,,139.0761,41.093100164025856,2,L,MM,quad
5361,,,,,,,139.0761,44.62481167665764,2,L,MM,quad
5362,,,,,,,163.064,46.37395603379502,2,L,MM,quad
5363,,,,,,,151.0712,49.06942396675983,2,L,MM,quad
5364,,,,,,,151.0712,51.0555556408839,2,L,MM,quad
5365,-1.0659,0.2042230061113777,21.66415614850605,41.645066802805474,0.0330117790298076,0.2630971991771553,7.0659,1.5738001676938886,1,R,MM,quad
5366,-7.063199999999998,0.1673445438964852,15.63320139907662,31.99262398328684,0.0365227190049952,0.2100470289243872,19.0632,2.376596182082098,1,R,MM,quad
5367,-7.063199999999998,0.2336040511249366,31.8320418860296,54.73775607252075,0.0254933517284608,0.2985361677879,19.0632,4.568276014198061,1,R,MM,quad
5368,-13.0505,0.0152018737804788,1.1060974914143769,11.885023650373752,0.1963440073481143,0.0798944435077612,31.0505,6.152269906213361,1,R,MM,quad
5369,-13.0505,0.1331709179674306,10.9313444597446,30.15855268702404,0.0464561006587621,0.1868193478839453,31.0505,7.081436011127242,1,R,MM,quad
5370,-19.0527,0.1820751769519358,16.35553819145902,33.619951267008545,0.0365737531106806,0.2200593807250045,43.0527,8.362206195693016,1,R,MM,quad
5371,-19.0527,0.2429521649256626,23.44737004194729,36.570475056519655,0.033526686766887,0.2891946753546496,43.0527,10.368002798857884,1,R,MM,quad
5372,-19.0527,0.1443561535387177,13.019530528734007,33.96888215394266,0.035970952444064,0.1722871074625173,43.0527,11.085795946777257,1,R,MM,quad
5373,-19.0527,0.1454974781697065,10.05508054604794,19.4081297473464,0.0832901579017131,0.3080950759508028,43.0527,14.051042322295189,1,R,MM,quad
5374,-19.0527,0.1608979046517912,15.796884777772426,39.27597280977872,0.0357361822664341,0.2076754322344687,43.0527,15.951639804037953,1,R,MM,quad
5375,-37.063100000000006,0.1683318652880265,11.135641137783509,26.03018204955229,0.052958642828219,0.2169489695678128,79.0631,18.46068733442769,1,R,MM,quad
5376,-25.0623,0.1657967738438082,19.26016613351345,46.80920729184176,0.0318531978730899,0.2256932583282481,55.0623,18.85377881781872,1,R,MM,quad
5377,-25.0623,0.1683853837395654,14.481106315318351,36.66675078990352,0.0442079600621307,0.2355091230573291,55.0623,20.101075629338556,2,R,MM,quad
5378,-37.063100000000006,0.1100931684675324,8.377814500596171,31.10769547702223,0.0484937676383875,0.1494590389620248,79.0631,24.306486762958617,2,R,MM,quad
5379,-55.0585,0.0919128320186986,3.332683454056959,14.559121559442133,0.1067587417678551,0.1308889639553542,115.0585,26.602526674800792,2,R,MM,quad
5380,-43.0655,0.1377897611461307,7.35553945618159,23.37182891746433,0.0791578469177702,0.2141973139702404,91.0655,29.0773422906484,2,R,MM,quad
5381,-43.0655,0.1033511382720126,5.681113654957059,24.68025340300895,0.0806774933932115,0.1686131307524162,91.0655,30.21755506798428,2,R,MM,quad
5382,-50.3763,0.1202272022040727,5.738186683411981,20.282792339723944,0.0835549251013128,0.1763811807628623,104.3763,33.41583667043888,2,R,MM,quad
5383,-50.3763,0.0896456359383412,3.9480413574854745,20.41702486554444,0.1035030937800845,0.1503282296166914,104.3763,34.86463593891585,2,R,MM,quad
5384,-55.0585,0.0960862067197967,3.140428327094797,13.375846104648186,0.1480166738230812,0.1710035179170013,115.0585,36.5351876204662,2,R,MM,quad
5385,-55.0585,0.1172425896172609,4.223174203555539,16.064723373862126,0.1241812113291867,0.192930285138608,115.0585,38.925966851309326,2,R,MM,quad
5386,-55.0585,0.1207957441188671,4.0490094820922975,15.384999453076189,0.1525219320238926,0.227188638987395,115.0585,41.54266509120288,2,R,MM,quad
5387,,,,,,,139.0761,43.23070465826496,2,R,MM,quad
5388,-61.072500000000005,0.0826470023103407,2.289302622342745,12.562086665602909,0.1641955455601172,0.1382834145791507,127.0725,45.65424460891656,2,R,MM,quad
5389,-61.072500000000005,0.0769121065688248,2.509232924879532,13.413411878057088,0.1188705055353062,0.1097287938150814,127.0725,47.45916162506454,2,R,MM,quad
5390,,,,,,,139.0761,50.6917222913836,2,R,MM,quad
5391,,,,,,,151.0712,55.27802524803628,2,R,MM,quad
5392,,,,,,,151.0712,56.94291135566438,2,R,MM,quad
5393,,,,,,,151.0712,60.51803128109606,2,R,MM,quad
5394,0.0,0.1138058856102124,13.06170212708346,41.76057937221751,0.0322662551912681,0.1550436049906276,0.0,1.8902522255093184,0,L,MM,quad
5395,0.0,0.1244300050209156,12.770373298424149,31.526773111939665,0.037768095621197,0.1774329191343198,0.0,2.7128138189933257,0,L,MM,quad
5396,0.0,0.1798629640458497,20.03374511963444,42.50758610517387,0.0325381849347045,0.2398065192551911,0.0,3.200628843991405,0,L,MM,quad
5397,0.0,0.0900605521949649,9.338227018636369,27.40356346062501,0.0371995210125273,0.1277930671362496,0.0,3.7280227337520193,0,L,MM,quad
5398,0.0,0.1152739657029716,13.36749323856292,45.71087593196393,0.0315464904162049,0.1551338396644705,0.0,5.133544336042312,0,L,MM,quad
5399,-1.0662000000000005,0.0948000792821411,8.545293808735018,28.79889251912962,0.0496996031463926,0.1562375566128149,7.0662,5.918021893911243,1,L,MM,quad
5400,-1.0662000000000005,0.0906538776191738,8.871595476523558,36.691487509666,0.040116864640266,0.1309285119551592,7.0662,6.633280843732915,1,L,MM,quad
5401,-1.0662000000000005,0.1198361882210188,13.672842726869272,46.53699359609816,0.0331875210169149,0.166931828263069,7.0662,8.521080276191313,1,L,MM,quad
5402,-1.0662000000000005,0.0447130406155245,3.82195923825012,29.788717788437776,0.0432647595032278,0.0608311270534333,7.0662,9.390030948978538,1,L,MM,quad
5403,-7.064299999999999,0.0689698670459613,6.404990001270911,33.67380785295976,0.0413722436803126,0.0974839342735717,19.0643,10.676814602846587,1,L,MM,quad
5404,-7.064299999999999,0.1041327902453635,11.017159343208808,43.16628406519612,0.0355261651325884,0.1439870649250353,19.0643,11.457619333804022,1,L,MM,quad
5405,-7.064299999999999,0.104542417095639,17.947540831958634,67.52841220027116,0.0243366711179864,0.1606836325914064,19.0643,12.57532252975033,1,L,MM,quad
5406,-13.0536,0.1431397290754672,16.13389786988957,47.316128352810686,0.0330240412014113,0.1960085604135597,31.0536,14.209321328787894,1,L,MM,quad
5407,-13.0536,0.1814730461514745,18.151655489218022,39.853310328981365,0.0354601442900958,0.2367893998381552,31.0536,15.354561956406071,1,L,MM,quad
5408,-19.0545,0.1399100333716793,15.689252179896163,45.80451159031802,0.0323882420900539,0.1869369439527341,43.0545,17.301321940347293,1,L,MM,quad
5409,-25.065800000000003,0.1183276332980633,8.487866986161869,26.80801975154748,0.0557790676827327,0.1741707950023507,55.0658,17.818066490004085,1,L,MM,quad
5410,-19.0545,0.180099554015375,18.50288069082271,41.18909889506497,0.0333230741293006,0.2268244809683389,43.0545,19.156904641387587,1,L,MM,quad
5411,-19.0545,0.1647230816413815,14.944763803902688,38.996035015100674,0.0418774395910314,0.2302367756160708,43.0545,21.432224298210063,1,L,MM,quad
5412,-25.065800000000003,0.2278575677089747,20.02059742615216,35.08613107456703,0.0388017651941208,0.2857814492384528,55.0658,23.116330508343363,1,L,MM,quad
5413,-25.065800000000003,0.2201284406533915,20.50060860162568,38.44715529121149,0.0394108310699531,0.2972267312282007,55.0658,24.925809490766067,2,L,MM,quad
5414,-37.0643,0.1498559078083366,9.405115318812832,26.03346750279456,0.0586895861375499,0.2030629494918734,79.0643,28.03165844799262,2,L,MM,quad
5415,-43.0658,0.1253462392094927,7.364157499338474,24.65200175766596,0.0655181272574955,0.1774966094885799,91.0658,30.397176973512373,2,L,MM,quad
5416,-43.0658,0.1104479614773088,6.086322423513158,22.013846888710415,0.0660993894161005,0.1479987070405427,91.0658,31.53313284385473,2,L,MM,quad
5417,-50.3793,0.0891925364880079,3.9420264614783664,16.5334015987526,0.0795334922078307,0.1153387141740134,104.3793,32.766529818795064,2,L,MM,quad
5418,-43.0658,0.1088492511025888,5.900189270976624,24.60749588607649,0.0800520503297719,0.1737576448219696,91.0658,33.49079223670725,2,L,MM,quad
5419,-55.0606,0.0929710249277342,3.1335169235860167,14.40370250834667,0.133214559639884,0.1535639434915659,115.0606,35.96319781551447,2,L,MM,quad
5420,-55.0606,0.1119813495880029,3.927738534273887,14.983939610002812,0.1266356817739209,0.1829802347608081,115.0606,37.68387914066842,2,L,MM,quad
5421,-55.0606,0.0957918264118055,3.5259064120115418,16.709992708531548,0.1196570173809992,0.1552081319930724,115.0606,40.41261724990151,2,L,MM,quad
5422,-61.0726,0.0924294562960308,2.4113784450461826,11.1519047256844,0.1902825244385772,0.168798971871239,127.0726,41.75449756984538,2,L,MM,quad
5423,-61.0726,0.080947195388847,2.543116453643751,13.870589196779935,0.1311019193548366,0.1226537457319372,127.0726,43.00562037287348,2,L,MM,quad
5424,-55.0606,0.1000492590124149,3.667538113035132,18.238499422520885,0.138532765832923,0.1869100522532781,115.0606,45.16411022372277,2,L,MM,quad
5425,-61.0726,0.0929806985806004,2.6231797689955125,13.115146847673996,0.1654270951137645,0.1596394474638123,127.0726,47.51287665539303,2,L,MM,quad
5426,-61.0726,0.069727592178708,2.6160550603212047,17.187840381323817,0.1212158511730379,0.1166572713441312,127.0726,49.21455678247364,2,L,MM,quad
5427,,,,,,,139.0771,50.70869194842083,2,L,MM,quad
5428,,,,,,,139.0771,52.096216247307154,2,L,MM,quad
5429,,,,,,,139.0771,53.47463322961747,2,L,MM,quad
5430,,,,,,,163.0651,55.42643208514008,2,L,MM,quad
5431,,,,,,,151.0722,59.69894191547214,2,L,MM,quad
5432,,,,,,,151.0722,62.35513806248795,2,L,MM,quad
5433,0.0,0.09591062365259,11.249980760851212,39.89431487003572,0.0296003857715738,0.1225052409789146,0.0,0.8819837797303495,0,R,MM,quad
5434,0.0,0.1310698373468124,19.36417532812984,58.40033434281112,0.0242612087544783,0.1728291360651146,0.0,2.201480949492002,0,R,MM,quad
5435,0.0,0.1692295090474442,22.999802734950663,56.52460096535009,0.0279624008216167,0.2365941957009614,0.0,3.1294035813707226,0,R,MM,quad
5436,-1.0662000000000005,0.1244825108449546,15.783186844307991,51.34559952322411,0.027702866877971,0.1608514317685272,7.0662,4.133153419253977,1,R,MM,quad
5437,-7.064299999999999,0.0871816813216585,10.746627906470149,47.57896811762695,0.0258935134995432,0.1023690596969848,19.0643,5.096381490804841,1,R,MM,quad
5438,-7.064299999999999,0.0856767158182486,7.766084954923265,30.08216186683852,0.0375529972727631,0.1072882745559927,19.0643,5.951664579960524,1,R,MM,quad
5439,-7.064299999999999,0.0610786469567945,4.692919811075142,19.61834772766837,0.0720666734971015,0.1244179747044677,19.0643,7.227073032966856,1,R,MM,quad
5440,-13.0536,0.0944201058047874,7.988579818951525,30.11773321612556,0.0399595100868026,0.1174343780370937,31.0536,7.965467400496837,1,R,MM,quad
5441,-7.064299999999999,0.1215722186139192,11.670101684864314,38.67428983405858,0.0401042169446675,0.1721750426450234,19.0643,9.138548305293732,1,R,MM,quad
5442,-13.0536,0.1896873809194026,20.80575993745093,44.74914486812644,0.0323064958942935,0.2472742858962326,31.0536,10.382867137952497,1,R,MM,quad
5443,-19.0545,0.174743576926006,14.667410249381728,31.08248202447956,0.041085818998333,0.2216924515961655,43.0545,11.170570429427148,1,R,MM,quad
5444,-19.0545,0.1425358552283163,11.742323035197405,31.3588759555312,0.0450171528770601,0.1944632619300427,43.0545,12.745977012376454,1,R,MM,quad
5445,-13.0536,0.1433063050931465,13.121753385963686,35.402138195868865,0.0389874697714043,0.1882012225984277,31.0536,13.865344847629906,1,R,MM,quad
5446,-19.0545,0.1366628564126613,11.162831132717548,30.180191741785297,0.0445298713360595,0.182865304429401,43.0545,15.574177588257117,1,R,MM,quad
5447,-19.0545,0.1553197976726266,14.185773285982338,38.30058580816875,0.0423185354926594,0.2208458092934302,43.0545,16.27142184968922,1,R,MM,quad
5448,-19.0545,0.187588026877297,16.268207227894653,35.71178521477996,0.0433387585700102,0.2593711579259983,43.0545,17.70865600444656,1,R,MM,quad
5449,-19.0545,0.2441283361448362,25.10890439966325,43.37091248567042,0.0368495153063344,0.3403808050047516,43.0545,19.26518777399063,1,R,MM,quad
5450,-19.0545,0.192888673815519,17.701464442330728,39.40130848067613,0.0420954681391072,0.2741258925569495,43.0545,20.24106327664925,2,R,MM,quad
5451,-31.0658,0.2004992031528258,19.72740086144975,37.495456720042725,0.0365263811894902,0.2650830963144363,67.0658,21.225909425559497,2,R,MM,quad
5452,-37.0643,0.1263923942479698,7.387181513136092,23.14782917689142,0.0665434203372674,0.1808378805279986,79.0643,24.12952669738112,2,R,MM,quad
5453,-50.3793,0.0954762656557952,5.095660700723662,20.9164362776218,0.0621999427799039,0.1165993167788975,104.3793,26.184581054219635,2,R,MM,quad
5454,-43.0658,0.1187828918765368,7.072993660211682,24.93254483434603,0.0627534565840944,0.163285055997039,91.0658,27.26422442561821,2,R,MM,quad
5455,-50.3793,0.0790358029508933,3.3434363671739717,18.22586929086816,0.106716574981483,0.1312594132211829,104.3793,29.013612964292165,2,R,MM,quad
5456,-25.065800000000003,0.0696353768104765,5.401675422502938,44.79263459577295,0.0933202079072938,0.1854426822848801,55.0658,29.49951666728871,2,R,MM,quad
5457,-55.0606,0.1481566812580739,5.280456610056131,14.47115915625298,0.1120266031499915,0.2176196783248373,115.0606,32.56046187934864,2,R,MM,quad
5458,-55.0606,0.0932488566910786,3.8399059659001233,18.6380449524012,0.1027443496219449,0.1451389760051065,115.0606,34.29088365962154,2,R,MM,quad
5459,-61.0726,0.0766838334380055,2.1043066220868143,12.558287881828322,0.1737574190513371,0.134511029621133,127.0726,34.7962052313954,2,R,MM,quad
5460,-61.0726,0.0922051486838468,2.541398152045276,12.761597094094574,0.17380983209924,0.1624997016423102,127.0726,36.63409470554755,2,R,MM,quad
5461,,,,,,,139.0771,38.248258887594986,2,R,MM,quad
5462,,,,,,,139.0771,41.38840077876836,2,R,MM,quad
5463,,,,,,,151.0722,43.33107755069791,2,R,MM,quad
5464,-61.0726,0.0650952354201757,1.714990918691594,15.858131055789512,0.2913811293051881,0.1838352393797888,127.0726,45.08433560741692,2,R,MM,quad
5465,,,,,,,139.0771,47.2676591477957,2,R,MM,quad
5466,,,,,,,139.0771,52.26785800683803,2,R,MM,quad
5467,,,,,,,163.0651,55.36590120166228,2,R,MM,quad
5468,,,,,,,163.0651,57.11158402896883,2,R,MM,quad
5469,,,,,,,163.0651,59.745624497966176,2,R,MM,quad
5470,0.0,0.1501757305059437,20.543278475316107,54.48569265410355,0.0245199646533521,0.1853084020961404,0.0,1.435370447204454,0,L,MM,quad
5471,0.0,0.0510026167027283,4.861864870999211,26.802897193836863,0.0576201399087801,0.1030582374320495,0.0,2.7947500860709598,0,L,MM,quad
5472,-13.052700000000002,0.0553319070286886,4.842385451042659,28.45848574079589,0.0385883354890555,0.0687418031477934,31.0527,3.758541265934,1,L,MM,quad
5473,-13.052700000000002,0.0561818105382211,4.502572017641628,24.63778336813041,0.0490202230988207,0.0811972778217854,31.0527,4.459696863857881,1,L,MM,quad
5474,-13.052700000000002,0.0641107054316453,4.871145952900986,18.57627805812308,0.0692292301894965,0.124058396347808,31.0527,5.4295535957284535,1,L,MM,quad
5475,-7.0656,0.1879274140692879,22.505294819765624,48.305319075439336,0.0286160971779276,0.2369194013798804,19.0656,6.700423761029246,1,L,MM,quad
5476,-13.052700000000002,0.1324505587170968,11.155090444381123,30.191596347749652,0.0432263226039435,0.1773890893786886,31.0527,8.932928010503066,1,L,MM,quad
5477,-7.0656,0.1576114067242714,18.844396544577894,51.788449839565736,0.0286355577577608,0.1985150325521297,19.0656,10.172324637613512,1,L,MM,quad
5478,-13.052700000000002,0.1632220444000306,15.902750301958196,37.930066527870565,0.0353928580048841,0.2070586564761766,31.0527,11.305684453757252,1,L,MM,quad
5479,-31.066199999999995,0.0618034101994225,3.412702194897472,15.385849899589164,0.0891514999757503,0.1119264075050373,67.0662,12.739000723566535,1,L,MM,quad
5480,-13.052700000000002,0.1683128446404805,17.00718864798826,41.44948117401293,0.0368212376416751,0.2303755733743668,31.0527,14.074150549221953,1,L,MM,quad
5481,-19.053600000000003,0.1901353891860484,22.932858441893107,49.56035118647581,0.0322550931524082,0.2721209690437359,43.0536,15.816944703358518,1,L,MM,quad
5482,-19.053600000000003,0.1407125190743055,12.08968554642251,34.410267834499216,0.0417130311699194,0.1855206567445311,43.0536,17.1052967239219,1,L,MM,quad
5483,-25.0655,0.2331520360168251,22.39664853533274,39.42010523469527,0.0376941618889196,0.3105722470795621,55.0655,18.62797472920907,2,L,MM,quad
5484,-43.06529999999999,0.10409137365203,5.687578563855284,21.8494400292804,0.0675712195433264,0.1413821833279319,91.0653,24.12185740793499,2,L,MM,quad
5485,-61.07299999999999,0.0522860106708304,1.35319140444233,10.70550299046998,0.1982407731228756,0.0986864965182616,127.073,26.69236066950131,2,L,MM,quad
5486,-55.0608,0.0668126559414255,2.4438036410950894,14.311747989071272,0.108154222672547,0.097233362780787,115.0608,28.43601481078744,2,L,MM,quad
5487,-55.0608,0.0507223576791963,1.835840306170554,15.570460093919708,0.1203851116206278,0.0813042407384505,115.0608,29.52754169095225,2,L,MM,quad
5488,-55.0608,0.0599721645822126,2.0257541150573632,17.21856759792077,0.1665997598890344,0.1241556874748703,115.0608,32.07040107001744,2,L,MM,quad
5489,-61.07299999999999,0.0688024815345898,1.787813158428463,11.340154064960242,0.1814993247925166,0.1193720524901899,127.073,33.15348275796006,2,L,MM,quad
5490,-61.07299999999999,0.0672987131655533,2.0339664365901746,13.773593582454762,0.1415165468470232,0.1058903839533661,127.073,34.83473480834735,2,L,MM,quad
5491,,,,,,,139.0775,37.073040983016966,2,L,MM,quad
5492,,,,,,,139.0775,38.9295964684561,2,L,MM,quad
5493,,,,,,,139.0775,40.8249401611145,2,L,MM,quad
5494,,,,,,,151.0726,42.55862962498301,2,L,MM,quad
5495,,,,,,,151.0726,48.04639576516704,2,L,MM,quad
5496,0.0,0.1961530319847939,29.789889874423206,60.30207043683709,0.0238569496948225,0.2614504120609532,0.0,0.4996248808856502,0,R,MM,quad
5497,-7.0656,0.1847143386851491,17.876338147657606,37.10198182293731,0.0396357591131487,0.2606581205920841,19.0656,4.911946169596929,1,R,MM,quad
5498,-7.0656,0.1275948169850425,14.163283584276238,45.373855437505625,0.0301198660953335,0.1569359735117929,19.0656,5.737417153171174,1,R,MM,quad
5499,-7.0656,0.1640219942594527,26.50265022144769,63.18008787385485,0.0252854350749324,0.2465274330542636,19.0656,6.901883796740371,1,R,MM,quad
5500,-13.052700000000002,0.2207077673481208,23.311623121491987,44.91087892786177,0.037286451180781,0.3197636420050748,31.0527,7.503542937206146,1,R,MM,quad
5501,-19.053600000000003,0.1396525880898849,15.762161722566212,44.0826541746666,0.0276701674771474,0.1604475481898552,43.0536,8.614667475905566,1,R,MM,quad
5502,-7.0656,0.186965617306419,19.180898883910164,40.95360154680303,0.0363178248233423,0.2562679551203816,19.0656,9.376909508415585,1,R,MM,quad
5503,-7.0656,0.1473920176357715,13.443637362204951,36.00966457784019,0.0420018616826488,0.2077259948130982,19.0656,12.079499771319314,1,R,MM,quad
5504,-13.052700000000002,0.2074793906109092,18.120647069229044,34.58296454970748,0.0438580813948595,0.2923673350457172,31.0527,13.221506010745802,1,R,MM,quad
5505,-13.052700000000002,0.1850126398869684,16.75740238242101,36.61813139719367,0.0425635077115455,0.2623914187492405,31.0527,15.27244316036154,1,R,MM,quad
5506,-13.052700000000002,0.2374145589649306,25.441529782205503,43.49674308488871,0.0333676482371,0.3123016927452224,31.0527,16.478838180657736,1,R,MM,quad
5507,-19.053600000000003,0.2331661118278537,18.66668537242705,30.404535384938768,0.0515435770708855,0.3539543714998433,43.0536,18.68772605347162,1,R,MM,quad
5508,-25.0655,0.2240263131814014,17.961234798059213,31.85914681336201,0.045634713984728,0.301534522373873,55.0655,20.43394982443821,1,R,MM,quad
5509,-25.0655,0.1366285000897923,9.565568120812664,25.64920334857902,0.0533124818843695,0.1876053365090622,55.0655,21.1379014435144,1,R,MM,quad
5510,-37.0647,0.1402079500437723,8.120979556827395,22.648531262720603,0.0678783206371643,0.2027892945002969,79.0647,24.77697590097057,2,R,MM,quad
5511,-37.0647,0.1064537731386846,5.351121347085967,18.556006296977746,0.0995678021286257,0.1960059423841851,79.0647,25.95570581442094,2,R,MM,quad
5512,-50.3797,0.0795546087719548,3.849001325208302,20.05682971344625,0.0787407737851794,0.1114944519269698,104.3797,28.83072429796773,2,R,MM,quad
5513,-50.3797,0.1142094720722364,5.102024199944326,18.13358627709292,0.0874921686199095,0.1642166595571285,104.3797,29.62704429796774,2,R,MM,quad
5514,-61.07299999999999,0.066666488103325,1.7333055975110143,11.108788369450211,0.1919969413682009,0.1224263686326999,127.073,32.27117146077293,2,R,MM,quad
5515,-55.0608,0.0850786610278624,2.916094801145076,15.13391770823091,0.1321982079836706,0.1418184468533983,115.0608,33.20107892508544,2,R,MM,quad
5516,-61.07299999999999,0.0791069983340424,2.010285053610241,11.068574786062264,0.1926708504332202,0.1424882905213124,127.073,33.9592319272704,2,R,MM,quad
5517,-55.0608,0.0907045962143892,3.768585387275937,17.917047985376723,0.095125702132878,0.1318808547587393,115.0608,35.34243710456696,2,R,MM,quad
5518,-61.07299999999999,0.0765574230521701,2.315221577802544,13.745428315551568,0.1478416106315878,0.1259200144178468,127.073,37.74083234090482,2,R,MM,quad
5519,,,,,,,151.0726,42.05454863678492,2,R,MM,quad
5520,,,,,,,139.0775,42.865052648911046,2,R,MM,quad
5521,,,,,,,139.0775,45.760465851642,2,R,MM,quad
5522,,,,,,,139.0775,49.43162636493468,2,R,MM,quad
5523,,,,,,,151.0726,53.126378183049525,2,R,MM,quad
5524,0.0,0.1706569421621653,20.17551799824744,43.55177295886309,0.0270267523719481,0.20059683407571,0.0,2.928809526461353,0,L,MM,quad
5525,0.0,0.302747463361969,34.11278234965219,47.485356207367055,0.036757886938221,0.4612891068280011,0.0,3.7718810289238087,0,L,MM,quad
5526,0.0,0.1104172014433246,10.81611058907074,30.20176171901383,0.0359049637695296,0.1428667383793543,0.0,4.4384032377060825,0,L,MM,quad
5527,-1.0648999999999995,0.141008676579852,14.477209862162043,37.97395847227016,0.0355719261210559,0.189451378537812,7.0649,5.425547094246795,1,L,MM,quad
5528,-7.0639,0.1417671919744413,13.365942454555253,34.156758501749785,0.0374202651125144,0.1839975181718376,19.0639,6.539442335348257,1,L,MM,quad
5529,-7.0639,0.1829509714723985,19.14355561387205,42.34179345547619,0.0335620474896712,0.236361408852944,19.0639,7.487728008971979,1,L,MM,quad
5530,-7.0639,0.1197271954125018,13.33577005276323,47.20901786874178,0.0347011028830165,0.1702420712158179,19.0639,8.608429259618198,1,L,MM,quad
5531,-13.0537,0.0142008966030255,1.0047609171244265,3.9159953806511583,0.2353313674543622,0.0869857415504379,31.0537,9.815338298775664,1,L,MM,quad
5532,-7.0639,0.1838120860143965,16.454220002622,38.75820704761639,0.0413975463948846,0.2505863552552702,19.0639,10.160169452820655,1,L,MM,quad
5533,-13.0537,0.1954543247035788,17.25619416856665,33.80117936461284,0.0423120084613391,0.2686050526574026,31.0537,11.539494069000616,1,L,MM,quad
5534,-13.0537,0.1966808671716628,19.807280454424887,41.94380723169073,0.0378984790029664,0.2761545158963269,31.0537,12.229156377090597,1,L,MM,quad
5535,-13.0537,0.1961757686262774,10.381339417128656,20.09592728667812,0.0812703252955877,0.3103779831071568,31.0537,13.263649839225566,1,L,MM,quad
5536,-25.0654,0.1731418176677249,12.716805406364712,27.560611398708744,0.050780159761665,0.2375623467119592,55.0654,15.6320223217725,1,L,MM,quad
5537,-19.0558,0.2542187148233182,24.12418857308399,35.938863861951525,0.0339511613522095,0.3013095294832654,43.0558,16.8402289196464,1,L,MM,quad
5538,-19.0558,0.1634155911513017,10.204145756444117,14.050146383090116,0.0969762552506057,0.3640387222292829,43.0558,18.63528294069981,1,L,MM,quad
5539,-25.0654,0.31986194037566,24.722081780145373,27.82943825011532,0.0422273895535914,0.384047366603537,55.0654,21.16266841871999,1,L,MM,quad
5540,-13.0537,0.1747005997284032,19.765992585425995,48.93709773546754,0.0355139421692687,0.2582397123976466,31.0537,22.837393113005312,1,L,MM,quad
5541,-25.0654,0.2569418951173711,20.649946478928225,32.841117604902,0.0454814392918428,0.3455084301150596,55.0654,24.66343842460084,1,L,MM,quad
5542,-25.0654,0.213949934941452,25.47207115033208,47.34409244525604,0.0321388116975245,0.3011615976223283,55.0654,26.029643348988536,2,L,MM,quad
5543,-37.0629,0.1300757573657693,7.704199424618091,23.68915168918001,0.067785337418702,0.1921183271253198,79.0629,29.25028162515506,2,L,MM,quad
5544,-43.064400000000006,0.1173803542407883,5.993974528802051,20.93543893115523,0.0800313245834222,0.1764738725900472,91.0644,31.609875804393877,2,L,MM,quad
5545,-43.064400000000006,0.1610058622395744,8.31088381110438,22.730386214190347,0.0825595114949019,0.2524177222361931,91.0644,34.91974015640765,2,L,MM,quad
5546,-43.064400000000006,0.1343812303479214,6.893043833658462,24.255169766019208,0.0923933244433279,0.2342918341496328,91.0644,38.20436583674935,2,L,MM,quad
5547,-55.0592,0.1659837220407488,6.275923602680385,14.680779074335618,0.0979564319853706,0.226160171140108,115.0592,40.50391654843168,2,L,MM,quad
5548,-55.0592,0.1168314312515715,3.983709454374122,14.74171730136381,0.133052969191715,0.1949924271104951,115.0592,43.40462976931287,2,L,MM,quad
5549,-55.0592,0.0962013692012061,3.5748372304009988,17.13876751391407,0.1215830403963026,0.1598949655784743,115.0592,44.40611569343368,2,L,MM,quad
5550,-61.0731,0.1207692488751909,3.278185357755044,11.12740556309058,0.1611203380942096,0.194307421565776,127.0731,47.057361653779004,2,L,MM,quad
5551,-61.0731,0.1440647185973533,3.918385223569067,11.706862197861804,0.1692374600862562,0.2439546760507425,127.0731,48.91254682804055,2,L,MM,quad
5552,-61.0731,0.1007358567686447,2.9560584923719744,14.55559162044201,0.1732999205778846,0.1884590098746499,127.0731,53.21597426883219,2,L,MM,quad
5553,,,,,,,151.072,54.831935670891454,2,L,MM,quad
5554,,,,,,,139.0758,56.857345314486736,2,L,MM,quad
5555,,,,,,,151.072,61.39595770292504,2,L,MM,quad
5556,,,,,,,151.072,65.15672560306179,2,L,MM,quad
5557,,,,,,,151.072,67.61412982474982,2,L,MM,quad
5558,,,,,,,151.072,71.21504474463244,2,L,MM,quad
5559,0.0,0.1277069136319398,12.678781998941956,29.631167695935467,0.0379851312780698,0.1771726513541291,0.0,0.5572586307990217,0,R,MM,quad
5560,0.0,0.1584879969023318,17.767655924651113,39.68341311447339,0.0314987018715908,0.2058867079447946,0.0,1.976177116589364,0,R,MM,quad
5561,-13.0537,0.1428577188697542,12.153364783104069,31.84865883574836,0.0390249448284681,0.1744794764013665,31.0537,8.597440048270972,1,R,MM,quad
5562,-13.0537,0.1686156888306403,15.331887772028272,34.62270965273538,0.0402980405410918,0.2272924862095384,31.0537,9.761349222605464,1,R,MM,quad
5563,-7.0639,0.2110673001635617,23.144655200901347,46.30077720619079,0.0357842770048285,0.3046831804632274,19.0639,11.5449842931843,1,R,MM,quad
5564,-13.0537,0.1562596902984608,14.635662075516024,37.47589849148215,0.03856176540512,0.207622683415648,31.0537,14.004202960715476,1,R,MM,quad
5565,-13.0537,0.2584166036711123,24.92738407104987,40.10851805160399,0.0395888656482565,0.3630406709927912,31.0537,14.386680463321836,1,R,MM,quad
5566,-25.0654,0.1562262330740708,10.837398637917536,24.49741530738856,0.0485731352039429,0.1936541030394217,55.0654,16.8875015941822,1,R,MM,quad
5567,-19.0558,0.1451451289421481,12.633523638378591,35.889100316422635,0.0436832412790818,0.2030228269646068,43.0558,17.76151895820398,1,R,MM,quad
5568,-19.0558,0.1780503868967896,15.047149258111588,37.134266036856665,0.0481986153069847,0.2668052116471076,43.0558,19.74547896042787,1,R,MM,quad
5569,-31.0654,0.2569304129082483,23.266643981925483,36.61693995847644,0.0399048177883733,0.3415581044339376,67.0654,20.67799565832202,2,R,MM,quad
5570,-43.064400000000006,0.0724770724048911,4.713712286557262,25.99218245202184,0.0530416461626207,0.0919783433043448,91.0644,24.93149288812362,2,R,MM,quad
5571,-61.0731,0.077890395840837,1.967112642626764,10.201828488528532,0.1940399799757438,0.1404190300612461,127.0731,26.064469119327253,2,R,MM,quad
5572,-43.064400000000006,0.1293141533699358,6.917773317644934,23.73674367270908,0.0777586265604943,0.1978884405602055,91.0644,27.842504834154155,2,R,MM,quad
5573,-55.0592,0.1162206363891685,4.204667185245072,13.067787194542555,0.1001439407423656,0.1549037105101245,115.0592,29.973145745324626,2,R,MM,quad
5574,-50.3779,0.0977772400702288,4.379445984688034,19.36602546979546,0.0962392306063316,0.1550518079603589,104.3779,31.771089279850155,2,R,MM,quad
5575,-55.0592,0.1106505704162778,3.870995617175685,13.786359865733983,0.1176397064347009,0.1675259655738903,115.0592,36.01709321123292,2,R,MM,quad
5576,-61.0731,0.0676281470429974,2.059695882886586,13.551453320803912,0.1357389904698838,0.102852116690377,127.0731,37.12546321123292,2,R,MM,quad
5577,-55.0592,0.0939973769484585,3.186310157250948,16.325561964797465,0.1482814899502147,0.173812300334035,115.0592,38.571171892486085,2,R,MM,quad
5578,,,,,,,139.0758,40.589539654864296,2,R,MM,quad
5579,-61.0731,0.1061638242693636,2.910990242441162,12.592977641145556,0.1712741162629101,0.1834163315974858,127.0731,42.68003846422727,2,R,MM,quad
5580,,,,,,,139.0758,44.37066267843121,2,R,MM,quad
5581,,,,,,,139.0758,45.95619267843121,2,R,MM,quad
5582,,,,,,,151.072,47.60966267843121,2,R,MM,quad
5583,,,,,,,151.072,51.55512401462165,2,R,MM,quad
5584,,,,,,,151.072,53.88239203887393,2,R,MM,quad
5585,0.0,0.1645658135336236,19.129873960446837,41.29238849916406,0.0299049858100699,0.210455959108512,0.0,1.9909000909903232,0,L,MM,quad
5586,0.0,0.1686898585958132,22.666072834706068,52.98094028493717,0.0271160543827836,0.2261040254160993,0.0,2.899429565104525,0,L,MM,quad
5587,0.0,0.1509093779279372,15.172014211549063,36.72428047494,0.0439912528321179,0.2455359507483817,0.0,4.094644262029357,0,L,MM,quad
5588,0.0,0.1762554986282126,19.35332891143396,41.95622195205613,0.0358199769037141,0.2550271967239445,0.0,4.770633290704165,0,L,MM,quad
5589,-0.4889999999999999,0.1498800807702765,14.04571610549712,34.97134164972429,0.0431632713251421,0.2230302424385373,6.489,6.025180332935584,1,L,MM,quad
5590,-0.4889999999999999,0.0772197232616998,7.1178767094265645,29.903325875284192,0.0500918098019768,0.131166431158699,6.489,7.623340765432898,1,L,MM,quad
5591,-6.4862,0.1096870687352122,13.43949905661847,50.42744106491859,0.0292727077254957,0.1447276451406391,18.4862,9.459974730240445,1,L,MM,quad
5592,-6.4862,0.0389807649864848,3.434233881565452,24.996518118201333,0.0509500758980082,0.0643695127875911,18.4862,10.203925534836674,1,L,MM,quad
5593,-6.4862,0.0996385092548928,8.883757390494294,35.04903010116256,0.0475531963940516,0.1554110598409747,18.4862,11.478402740950012,1,L,MM,quad
5594,-12.476,0.1209051323997744,10.76032456286588,34.13762162398708,0.0449720341648547,0.178021895595886,30.476,13.038975707523509,1,L,MM,quad
5595,-6.4862,0.1244751822493353,13.040697276948205,44.06637507046286,0.0375449432127809,0.1801182767703089,18.4862,15.38012313589481,1,L,MM,quad
5596,-12.476,0.186152478034034,17.100169226482343,37.429344060879735,0.0416817676842462,0.2622116932825873,30.476,16.74787393424954,1,L,MM,quad
5597,-24.4934,0.1094328789933768,6.129335126742014,22.47221969132869,0.0703452098162029,0.1586183452393946,54.4934,19.65434438075334,1,L,MM,quad
5598,-24.4934,0.1504126909379384,9.151617164148414,14.99261094378387,0.0853799363647334,0.2874479323405323,54.4934,19.483375530959,1,L,MM,quad
5599,-18.480400000000003,0.1543723615390612,11.076731139850692,26.471557862484005,0.0588621104008467,0.2398573114856149,42.4804,21.449517303593925,1,L,MM,quad
5600,-18.480400000000003,0.1648176788227773,13.445860186141752,32.72040730534536,0.0472045937382358,0.2334954238014929,42.4804,23.77102674024165,1,L,MM,quad
5601,-18.480400000000003,0.1684936559206523,13.558991495275452,33.942361521713174,0.050807038068633,0.2534292764864835,42.4804,25.29296077251704,1,L,MM,quad
5602,-24.4934,0.1187940881206415,7.7753995122887805,26.57249883236987,0.071293221543964,0.2039278172773856,54.4934,28.2149891264076,2,L,MM,quad
5603,-36.4863,0.148983472619607,9.17837177115607,24.0704139857608,0.0577128443160824,0.1948693971162441,78.4863,30.942623709905515,2,L,MM,quad
5604,-36.4863,0.0989350892046587,5.1833726622736656,19.030220170760035,0.0767256031022938,0.1463046949191203,78.4863,32.9126036041918,2,L,MM,quad
5605,-54.4859,0.056634520768704,1.9918303815509972,11.339496598319691,0.1015825912663292,0.0744349939739885,114.4859,34.4032756052671,2,L,MM,quad
5606,-36.4863,0.0793580408568113,4.559373142803478,23.17978633318293,0.0722287152490738,0.1211491983642155,78.4863,35.329902919839704,2,L,MM,quad
5607,-36.4863,0.094352122482106,5.528641679127757,24.96447785050769,0.0707266083244824,0.1438489822917819,78.4863,36.98490287375772,2,L,MM,quad
5608,-42.49,0.1063212534788508,5.4433190083526455,23.15673646701481,0.087581478433027,0.1753806104072649,90.49,39.99031335319496,2,L,MM,quad
5609,-49.8015,0.0953380632964694,3.9539576604481614,15.56216552529614,0.0929732763098567,0.1352370435742182,103.8015,41.98657812570367,2,L,MM,quad
5610,-49.8015,0.1180835611469384,4.903047993182253,17.676198045101614,0.1103641199141501,0.1990671353496678,103.8015,44.58623876479356,2,L,MM,quad
5611,-54.4859,0.1183741226916984,4.059809161304261,14.333459835769547,0.1358320129162083,0.2028678721471024,114.4859,48.39646546784981,2,L,MM,quad
5612,-49.8015,0.1252526549012895,5.4650498567169015,19.960550394236787,0.1041014839230746,0.2092938980209894,103.8015,49.26198751175849,2,L,MM,quad
5613,,,,,,,138.4984,53.11305627260266,2,L,MM,quad
5614,-60.4978,0.1725615845001488,4.290613530895971,9.946527405132626,0.2268494408252041,0.358065624428858,126.4978,55.826980430860175,2,L,MM,quad
5615,-60.4978,0.1146046017450763,3.3892056861005635,11.606113309841096,0.1233500690114199,0.1537952212671755,126.4978,57.20686613890703,2,L,MM,quad
5616,,,,,,,138.4984,58.42875807679967,2,L,MM,quad
5617,-60.4978,0.0871099269148015,3.8231945708331088,17.676055775401853,0.0807526365963807,0.1135765388943346,126.4978,59.59042936974652,2,L,MM,quad
5618,,,,,,,138.4984,62.80693201303683,2,L,MM,quad
5619,,,,,,,138.4984,64.57687288824349,2,L,MM,quad
5620,,,,,,,138.4984,66.6237368320757,2,L,MM,quad
5621,,,,,,,138.4984,70.5348831423024,2,L,MM,quad
5622,,,,,,,150.4974,78.72155632833488,2,L,MM,quad
5623,,,,,,,150.4974,79.6279170875431,2,L,MM,quad
5624,-6.4862,0.1078596285343293,8.974942261636642,24.468408816537465,0.0448216807793705,0.1479875974789566,18.4862,2.585292887092967,1,R,MM,quad
5625,-6.4862,0.1131890014983147,10.42118181976768,33.46462894726965,0.0399227446181114,0.1530533648327919,18.4862,4.6435534811628,1,R,MM,quad
5626,-12.476,0.0878535118424763,9.698733640287578,42.03617559269422,0.0259050349105854,0.0924282504152804,30.476,6.392382246365384,1,R,MM,quad
5627,-18.480400000000003,0.1380596904805581,11.3354572761801,29.171188142294973,0.0435344358739547,0.1815421538433948,42.4804,8.78750601848224,1,R,MM,quad
5628,-18.480400000000003,0.103432065483771,8.761246930404651,32.476987031198775,0.0407770812070137,0.1314279019252153,42.4804,9.358277601516994,1,R,MM,quad
5629,-12.476,0.12172819252789,17.49965351334869,58.00589491914945,0.0263289959042574,0.1694998292138361,30.476,10.148732367719932,1,R,MM,quad
5630,-18.480400000000003,0.1301992284572648,11.113321232548795,33.024561203631045,0.0415683527232343,0.1699464904943565,42.4804,11.355339379136655,1,R,MM,quad
5631,-12.476,0.153963747366095,15.885651741939723,42.78415353228456,0.0367336013699829,0.2146713385203287,30.476,12.502302252602409,1,R,MM,quad
5632,-12.476,0.1916098357203891,22.22509668891937,49.25171838668901,0.0333220010018812,0.2724458834185361,30.476,14.036850519949516,1,R,MM,quad
5633,-18.480400000000003,0.1819342985120864,15.84451820771224,35.789288976262014,0.0431207215824003,0.2513451883792875,42.4804,16.042398809244066,1,R,MM,quad
5634,-24.4934,0.1670281345312734,12.575958524514345,28.86697053672165,0.0493463517891614,0.2282977677073261,54.4934,19.07513451130492,1,R,MM,quad
5635,-24.4934,0.2015473472047432,19.71725766615601,41.1526705001624,0.039280122119594,0.2849212619830374,54.4934,20.4322670974252,2,R,MM,quad
5636,-30.48990000000001,0.1859815395019539,16.63561687419621,35.954907092473704,0.0387214903953716,0.2369717047994368,66.4899,22.84220726596733,2,R,MM,quad
5637,-42.49,0.0956500275079174,4.671899744874457,16.268883387076244,0.0775212016236203,0.1332353688627874,90.49,25.672166031346887,2,R,MM,quad
5638,-42.49,0.1094054530145798,5.926280634666133,20.78101795181372,0.0673518975641858,0.1468376980134256,90.49,26.82087756631187,2,R,MM,quad
5639,-36.4863,0.1126391657747221,7.583435081270665,28.95020684899039,0.0578996363011917,0.1615278182425172,78.4863,28.380004011872927,2,R,MM,quad
5640,-42.49,0.0985054618862151,5.108367345338859,21.237455328848807,0.0766293953595834,0.1440068122626804,90.49,31.24261117897165,2,R,MM,quad
5641,-42.49,0.1255046185650802,6.704611493717349,22.01510373266984,0.0734586575524419,0.1811849509432016,90.49,32.3487736813193,2,R,MM,quad
5642,-49.8015,0.0747474524665104,3.429327759685845,20.776162543756403,0.0938185397384579,0.1183595164158052,103.8015,35.10597784962525,2,R,MM,quad
5643,-60.4978,0.0549156600820115,2.1746275769065755,15.687061380769151,0.0810300731096617,0.064824121508739,126.4978,36.61666942093984,2,R,MM,quad
5644,-49.8015,0.1150629084482772,5.075511387842277,18.3967528877672,0.0919052168728867,0.1716032421497972,103.8015,39.6041850732248,2,R,MM,quad
5645,-54.4859,0.1415039263109601,5.078425562885374,13.543277012452826,0.1068164296391832,0.1995596192920465,114.4859,42.24578783194093,2,R,MM,quad
5646,-49.8015,0.0970646080191028,4.1823417118447015,19.944510473281017,0.1077091807164327,0.1657210795961964,103.8015,44.39056813756706,2,R,MM,quad
5647,-60.4978,0.1058357505449816,2.6460045477556053,10.383986486205083,0.2089412609651097,0.2033856537388101,126.4978,46.12455654158303,2,R,MM,quad
5648,-60.4978,0.0622760505079482,2.449643401537013,15.987737368913056,0.0898104552919693,0.0809347974487709,126.4978,50.48829371009972,2,R,MM,quad
5649,-60.4978,0.0572137919339761,1.98356980714,13.48266508726296,0.0937357236526632,0.0684003216080223,126.4978,51.929566384509386,2,R,MM,quad
5650,,,,,,,138.4984,53.016815844942606,2,R,MM,quad
5651,,,,,,,138.4984,56.78905354620688,2,R,MM,quad
5652,,,,,,,138.4984,58.959210561385895,2,R,MM,quad
5653,,,,,,,150.4974,60.20717963893124,2,R,MM,quad
5654,,,,,,,150.4974,65.49738462180073,2,R,MM,quad
5655,,,,,,,150.4974,66.91119428052725,2,R,MM,quad
5656,-6.4891000000000005,0.1633955262126246,23.585028394056906,59.32450394902395,0.0274949440111965,0.2385584262852844,18.4891,5.3273580331208334,1,L,MM,quad
5657,-6.4891000000000005,0.1672967066705407,27.906354568589336,66.37052353402343,0.0252450876388523,0.259170465471675,18.4891,7.726183114196985,1,L,MM,quad
5658,-12.477900000000002,0.1777126070250151,16.497608492387688,37.9818412901244,0.0424933366787182,0.2578976266261986,30.4779,10.619505945194192,1,L,MM,quad
5659,-12.477900000000002,0.2404235016952302,22.59871205111753,38.81959737007959,0.0409215148895166,0.3402051700459426,30.4779,13.38813665859748,1,L,MM,quad
5660,-18.480400000000003,0.1956726532406764,15.724467268619389,30.12036364925667,0.0436688327867242,0.2526114564812879,42.4804,15.618422511061242,1,L,MM,quad
5661,-18.480400000000003,0.2323794078258818,19.15411496136231,34.03709163319606,0.0492686796707238,0.347167076102093,42.4804,16.63233777385245,1,L,MM,quad
5662,-18.480400000000003,0.2566931568487236,25.11733774088648,42.249815659871736,0.0404160701243521,0.3734506381364344,42.4804,20.161935292587923,1,L,MM,quad
5663,-30.490799999999997,0.2100779899318908,15.77163862588348,29.920993420289303,0.0461057566657774,0.2675084404760849,66.4908,22.301319025022668,2,L,MM,quad
5664,-30.490799999999997,0.1292974561598607,8.437447680293019,26.55864467941793,0.0604655101962287,0.1876827389278156,66.4908,24.390907928811064,2,L,MM,quad
5665,-30.490799999999997,0.1938352987623444,11.346774202224433,24.067202852292212,0.0813515490124178,0.3395812928523228,66.4908,26.117764987661044,2,L,MM,quad
5666,-36.4871,0.1659882059726993,10.075052897091073,24.723330582604877,0.0644060245021631,0.2387148002672285,78.4871,28.78363858873553,2,L,MM,quad
5667,-42.49209999999999,0.1816422257584178,12.985410466324684,30.272269924089017,0.058502680355233,0.2794711386580333,90.4921,30.367950407511344,2,L,MM,quad
5668,-42.49209999999999,0.1263815028896918,6.467650607918726,22.905492011485368,0.0861088354197879,0.2048801032767365,90.4921,32.359415117963685,2,L,MM,quad
5669,-49.8015,0.1118021311580544,4.707701343991185,15.986897185186544,0.0785398119405744,0.1360204723286762,103.8015,33.80162540887136,2,L,MM,quad
5670,-42.49209999999999,0.1243868832382623,6.344712044641281,22.63855767997925,0.0876960208250587,0.2046903281957637,90.4921,35.2730612384136,2,L,MM,quad
5671,,,,,,,138.4995,36.75284275484265,2,L,MM,quad
5672,-49.8015,0.1430441796481784,6.391072855511903,19.25976307436628,0.0937596304708217,0.2204424217427769,103.8015,37.82024502132891,2,L,MM,quad
5673,-54.4858,0.1014799745823995,3.405326552764792,14.82204748321223,0.1429001925569931,0.1790181632437242,114.4858,41.122888551495095,2,L,MM,quad
5674,-54.4858,0.1286216297495547,4.902821918596318,16.263874426544355,0.1052062001759158,0.189754888104121,114.4858,42.409435373785726,2,L,MM,quad
5675,-54.4858,0.1003712038397097,3.4099390607162112,15.988935168784174,0.1447791126635438,0.1816176476914889,114.4858,43.38009257998091,2,L,MM,quad
5676,-54.4858,0.1067646384616343,3.755276225689699,17.32402710556705,0.148390023089802,0.2049991726408197,114.4858,45.33680632501363,2,L,MM,quad
5677,-60.4987,0.1477199371491356,4.000004214974323,12.050389161399298,0.1702896707581507,0.2505845397146815,126.4987,47.87532681654466,2,L,MM,quad
5678,-54.4858,0.1185069790578794,4.126305997424039,17.634146738678766,0.1537630607177329,0.233409734406212,114.4858,50.15322207653039,2,L,MM,quad
5679,-60.4987,0.1103436647217534,3.025053107372983,12.11988881607442,0.1654110718684034,0.1840785130190368,126.4987,52.36556110441799,2,L,MM,quad
5680,,,,,,,138.4995,53.583680905135466,2,L,MM,quad
5681,,,,,,,138.4995,54.95153963819905,2,L,MM,quad
5682,,,,,,,138.4995,56.81700927435831,2,L,MM,quad
5683,,,,,,,138.4995,60.252458545517925,2,L,MM,quad
5684,,,,,,,150.4973,61.52894772240448,2,L,MM,quad
5685,,,,,,,150.4973,64.27168142073333,2,L,MM,quad
5686,,,,,,,150.4973,65.49791789397923,2,L,MM,quad
5687,,,,,,,150.4973,66.7347064447409,2,L,MM,quad
5688,,,,,,,150.4973,69.97781050100147,2,L,MM,quad
5689,-6.4891000000000005,0.0838259109071033,8.440963589239606,39.53912263074822,0.0372607253576283,0.1157041270553953,18.4891,0.5302792247957666,0,R,MM,quad
5690,-18.480400000000003,0.119826854176778,12.962018284627543,43.20328094626481,0.03187981863962,0.152017641361204,42.4804,1.8895948723663936,0,R,MM,quad
5691,-12.477900000000002,0.1019703132685674,9.77466080216279,38.45657211266351,0.0404400055201641,0.1454180845631,30.4779,4.393660564985271,0,R,MM,quad
5692,0.0,0.1078395284861824,16.117932585298835,66.25655502787669,0.0310070718308713,0.1838550691120996,0.0,5.943183957692847,0,R,MM,quad
5693,-6.4891000000000005,0.1290756688371527,7.180207478818787,26.33114742430314,0.0806774572178467,0.2131055270365588,18.4891,9.39856827406572,1,R,MM,quad
5694,-12.477900000000002,0.1763576929616039,19.02666052218572,46.14555433864428,0.0372081147769353,0.2604388408587474,30.4779,12.165446421360636,1,R,MM,quad
5695,-18.480400000000003,0.172427990744569,17.135031257503623,40.90183787764242,0.036475901545823,0.2299304312708498,42.4804,14.069052718806244,1,R,MM,quad
5696,-18.480400000000003,0.1431049329556732,12.61120081989617,37.72637913971161,0.0442583384805745,0.2053322023823671,42.4804,16.62265058113696,1,R,MM,quad
5697,-24.4931,0.1227547736303273,9.320899532165104,31.927707204417946,0.0494093318039262,0.1694229836193546,54.4931,18.298874723456,2,R,MM,quad
5698,-42.49209999999999,0.1033778271404565,6.298548839415931,24.89222837267569,0.0584890065825204,0.1355252647727712,90.4921,23.69817952665133,2,R,MM,quad
5699,-42.49209999999999,0.0738696985233214,3.771741141608429,21.625673109846904,0.0793443463071092,0.1100939321991496,90.4921,27.42654782392021,2,R,MM,quad
5700,-42.49209999999999,0.0870281454240859,4.509582667683548,21.98699565842777,0.0770823534507757,0.1278782948355763,90.4921,29.8245378872206,2,R,MM,quad
5701,-49.8015,0.1016758916537513,4.579111466144009,18.088754321697515,0.0837701475864778,0.141115920843009,103.8015,32.24646979454928,2,R,MM,quad
5702,-60.4987,0.0610492157077627,1.5453616107328634,10.82691328220188,0.1892654095591255,0.1075986658594962,126.4987,34.45815933515644,2,R,MM,quad
5703,-54.4858,0.1038702516053114,3.781456470644964,14.53802689966586,0.103817126177953,0.1444220902480642,114.4858,35.5543772859604,2,R,MM,quad
5704,-60.4987,0.0954987928924393,2.79582103405196,10.280566309944655,0.1089076257273461,0.112014224422705,126.4987,37.64057341541608,2,R,MM,quad
5705,-60.4987,0.0701168360553018,1.8714742294078877,10.046607362640906,0.1590445991910211,0.1094985316078262,126.4987,39.61640941216755,2,R,MM,quad
5706,,,,,,,138.4995,42.11397977591548,2,R,MM,quad
5707,,,,,,,138.4995,43.08587810203904,2,R,MM,quad
5708,,,,,,,150.4973,46.97746618932139,2,R,MM,quad
5709,,,,,,,150.4973,50.34348419862821,2,R,MM,quad
