,hard_latency,mean_growth,A,Ti,kg,max_growth,appiration,depth,stage,side,uniq-condition
0,0.0,0.0378493370461226,4.5882486666128575,3.422765314004643,0.0656727583835517,0.1108505170182943,0.0,1.5690930278125803,0,L,LL
1,-3.1430000000000007,0.0368942694195658,3.2410632721312607,30.427775340478192,0.055893317511354,0.0666427508167224,45.143,5.413349199850863,1,L,LL
2,-5.261800000000001,0.0777083903734333,10.910816595530449,53.0940122743501,0.0271260964999273,0.1088804923627613,53.2618,8.790833312269502,1,L,LL
3,-5.261800000000001,0.0582733050771777,4.76837734785844,25.615310420690676,0.0619923792501399,0.108746287401623,53.2618,10.250054841613144,1,L,LL
4,-9.743799999999991,0.0643718426274328,4.082950586394967,28.445120067471706,0.1144705227176922,0.1719385690482614,69.7438,13.794924013223897,1,L,LL
5,,,,,,,153.4495,17.242622475470696,1,L,LL
6,-9.743799999999991,0.0773518493505794,4.886243439579606,29.297353908884894,0.0973389359248138,0.1749714588453488,69.7438,19.977300595105472,2,L,LL
7,-0.0008999999999996,0.012723573103959,1.485671233942879,21.37747022661244,0.0618396678775271,0.033798340819688,12.0009,1.5768042480837148,1,R,LL
8,-3.1430000000000007,0.0268669685040867,2.420419908641417,22.62800442369275,0.0511484066367585,0.045543703534625,45.143,3.606761856244334,1,R,LL
9,-3.1430000000000007,0.0972436186265727,9.398904052489982,37.05463303988994,0.0390172724814008,0.1349086016774179,45.143,7.337924413007411,1,R,LL
10,-9.743799999999991,0.0298223580004383,2.010284475477933,21.781229839660764,0.0501820857816905,0.0371117766148707,69.7438,10.209301031350982,1,R,LL
11,-10.7337,0.018190774734696,0.962666891050195,7.956979438736862,0.0965567507065043,0.034195125037948,76.7337,10.774634216295931,1,R,LL
12,0.0,0.0103127894067363,1.3558683729632357,25.38767984076399,0.0374066571934022,0.0186582946977073,0.0,2.526734824229528,0,L,LL
13,0.0,0.0688661578244813,9.005513891407897,24.073837524988654,0.0297484631273985,0.0985549751085566,0.0,5.182909171735144,0,L,LL
14,0.0,0.0440161609257173,8.542059082228056,72.31801025569342,0.0165068634082627,0.0518719586098184,0.0,6.113843810821046,0,L,LL
15,0.0,0.026757861114245,3.272395248797649,21.928010258178816,0.0383176772752986,0.0461286183602717,0.0,6.954170860942035,0,L,LL
16,-0.0034999999999989,0.010114538541367,0.9854035079357982,14.533087378291142,0.0775694935504012,0.0281196932021944,24.0035,9.30299138510444,1,L,LL
17,-0.0011999999999972,0.0590872495339638,6.38396655299014,41.28773568303596,0.0386045100841323,0.0906638519197917,36.0012,12.85412408507534,1,L,LL
18,-3.143500000000003,0.0694847445761543,7.150413985926031,41.69282090149751,0.0410548174473843,0.10799429911645,45.1435,15.881003804496045,1,L,LL
19,-16.1336,0.05753480647247,2.1612847863603384,10.38713330459968,0.1183837598790689,0.0941260087530405,100.1336,17.845902857740054,1,L,LL
20,-3.143500000000003,0.0755030208939833,7.425460743014167,43.46855792613431,0.0464488709738827,0.1268831893598825,45.1435,18.985476146300297,1,L,LL
21,-10.750100000000003,0.0736476073940659,4.3535250359488495,26.772964169231653,0.0955956374846859,0.1531033304787958,76.7501,20.656850302855315,1,L,LL
22,-5.264000000000003,0.0777691241332986,6.401965669200791,38.4265188347969,0.0675957309002818,0.1591981905913916,53.264,21.34059427599146,1,L,LL
23,-11.221400000000004,0.0826685543210724,4.290649585077089,17.668808926768556,0.0996642552066195,0.1573142235555881,83.2214,24.60737103653082,1,L,LL
24,-15.399900000000002,0.0507484012268854,2.130772292267428,12.814965683217176,0.3273228597514395,0.2565776928948825,93.3999,25.40668124874985,1,L,LL
25,-27.909800000000004,0.0253309193772871,0.9485246823066762,8.910539178270739,0.0891399190368075,0.0311047267064142,117.9098,29.17542521075273,2,L,LL
26,-16.1336,0.0761365330211463,2.77075179612194,9.0816318782152,0.164600869685252,0.1677780981165532,100.1336,30.36540747711015,2,L,LL
27,-27.909800000000004,0.0760378974745705,2.5687884939748105,4.628992540246175,0.1667376226066725,0.1575677996227269,117.9098,33.57078353886821,2,L,LL
28,-27.909800000000004,0.0841391343086191,3.757432968618253,13.627823000087794,0.0636562014929149,0.0879908432018894,117.9098,34.31810243105318,2,L,LL
29,-27.909800000000004,0.0513165924599212,2.3209987142628057,14.208906863815988,0.0572069988610197,0.0488460649713169,117.9098,35.46289211369803,2,L,LL
30,-27.909800000000004,0.0467907871371846,7.627317118076744,50.3182264557914,0.0294827963884513,0.0827267560074462,117.9098,37.74905977274011,2,L,LL
31,,,,,,,153.4517,40.52942443347703,2,L,LL
32,,,,,,,172.0355,41.612372544144485,2,L,LL
33,,,,,,,172.0355,44.1852765241665,2,L,LL
34,0.0,0.0761530469960079,16.558794685218814,92.64259539435842,0.0196286243454942,0.1195705158631694,0.0,0.2102739751490904,0,R,LL
35,-0.0034999999999989,0.0756244266876271,11.432170232863085,66.46745513804686,0.0275649473951164,0.1159288075951743,24.0035,0.3320115397090901,0,R,LL
36,0.0,0.0047997849282738,0.6561899356267336,17.048773281148723,0.0281003074148071,0.0067833801192228,0.0,0.8742970545672708,0,R,LL
37,0.0,0.0032284433822939,,,,,0.0,1.8324847149505223,0,R,LL
38,-10.750100000000003,0.0104058432199339,0.6459470466449365,11.632591628192,0.1075685109359638,0.0255615739411643,76.7501,2.2277635580386157,0,R,LL
39,0.0,0.0052627154315866,0.6344042153516594,-4.663426483692969,0.0362232251550811,0.0084539308954005,0.0,3.2019500008496258,0,R,LL
40,-14.951300000000003,0.0198853472030651,3.27162897459466,62.524999535671405,0.0183338391980241,0.0220659678874495,68.9513,4.424750123041758,1,R,LL
41,-3.143500000000003,0.0295890944137303,2.5569878580146037,40.94706945074112,0.1063161187554587,0.1000076673150016,45.1435,8.06244390350101,1,R,LL
42,-3.143500000000003,0.0561490728427288,4.249101044121757,27.831608267060567,0.0429202645589315,0.0670911084501942,45.1435,11.636222511081067,1,R,LL
43,-11.221400000000004,0.0256421721531387,1.3303357127625155,10.610444534707804,0.0986553000837604,0.0482822154717967,83.2214,13.838085381704614,1,R,LL
44,-10.750100000000003,0.0429472085560812,2.4293711375166978,27.78369762408303,0.0954123242118258,0.0852714917845714,76.7501,17.543291203965456,1,R,LL
45,-15.399900000000002,0.0427799028365968,1.7859337965648456,12.349909264476953,0.1842381794100651,0.1210460180328466,93.3999,18.99447933200752,1,R,LL
46,-27.909800000000004,0.0130317679150097,0.4209493454688277,6.995842395683618,0.1934840199970901,0.0299626663886517,117.9098,24.983557480276914,2,R,LL
47,,,,,,,153.4517,28.370929027655343,2,R,LL
48,0.0,0.0444014023072847,7.614066915645818,61.3815967665206,0.0215289437708454,0.0603038348629652,0.0,2.4096663875372712,0,L,LL
49,0.0,0.0112004847903216,2.6488227994797424,85.83352656662544,0.011822117565647,0.0115200323300427,0.0,3.4449293943088493,0,L,LL
50,-16.135999999999996,0.0258908676361675,0.9293071952840372,7.50173169465743,0.3226485123003194,0.110304818613437,100.136,6.460186244713096,1,L,LL
51,-11.220799999999995,0.0383440550319376,2.024327563502442,16.50101304244656,0.2043634354323036,0.1521911859861064,83.2208,11.57631683229343,1,L,LL
52,-10.748400000000004,0.0334496574489419,1.9838676719900663,21.14810698874806,0.1940992909638846,0.1416583462641669,76.7484,13.397005850076548,1,L,LL
53,-15.399100000000004,0.0371213374789555,1.618225984885474,12.05803318877672,0.3758463196841256,0.2237458509521829,93.3991,16.541084327941785,1,L,LL
54,-11.220799999999995,0.0150471348069833,0.7942930272140227,14.278679137599111,0.2069720810896876,0.0604780855010564,83.2208,19.73434211521797,1,L,LL
55,,,,,,,117.9102,21.22665679778881,1,L,LL
56,-15.399100000000004,0.0701059980161009,3.115365814536322,12.041185994335734,0.1471533859042346,0.1686494104988388,93.3991,24.191314002075217,2,L,LL
57,,,,,,,159.4499,29.188687758747804,2,L,LL
58,-27.910200000000003,0.0114902602839579,,,,,117.9102,32.81336978811171,2,L,LL
59,-27.910200000000003,0.02252027879509,175.38429361736826,199.8686500622402,0.0103085934412718,0.665113293241935,117.9102,36.24455666534205,2,L,LL
60,0.0,0.0131084026299794,1.697519015512535,8.25630124125373,0.043563681876719,0.0272047502938246,0.0,3.688228963983768,0,R,LL
61,-11.220799999999995,0.0117037037037037,0.6525206592316839,18.687626436547287,0.1696266928182027,0.0407187070384713,83.2208,5.304821245819676,1,R,LL
62,-16.135999999999996,0.027579328159905,1.0714299618357022,9.340077216297033,0.1184886661828839,0.0467031437863299,100.136,13.20218419697244,1,R,LL
63,,,,,,,147.4518,14.991311483333028,1,R,LL
64,,,,,,,159.4499,29.72660746778837,2,R,LL
65,0.0,0.0089778830624433,1.3315113803559238,44.17030700147431,0.0167900723697209,0.00822437622296,0.0,0.6414494743352731,0,L,LL
66,-27.9106,0.0575945418112158,1.9664532824582817,5.015335431227531,0.1277178409715384,0.0923933511888061,117.9106,4.633024034174342,1,L,LL
67,-27.9106,0.048507130567786,1.7913672323312824,7.481051261378062,0.1025666218073321,0.0675921398263278,117.9106,17.732061085946803,2,L,LL
68,-16.138400000000004,0.0648145510126755,2.654925261543692,12.406230202453203,0.1040203006810087,0.1015958393644323,100.1384,18.86130511638419,2,L,LL
69,-27.9106,0.0534917037093161,2.5410125861405013,15.90820050670778,0.054190707457835,0.0506567303877672,117.9106,21.60387402482073,2,L,LL
70,-27.9106,0.0713358144403142,5.004122329432984,26.84837808618174,0.0385173271688539,0.0709070762780335,117.9106,24.531758958443408,2,L,LL
71,-45.4519,0.0588393981334234,4.820512329533197,28.37317406354593,0.0482310101484283,0.0855313001956604,147.4519,25.89755009145488,2,L,LL
72,,,,,,,159.4499,28.02452403475105,2,L,LL
73,,,,,,,165.4486,29.30978147925586,2,L,LL
74,0.0,0.0894114798090267,19.985728077544007,81.7743070333912,0.0147835368370944,0.1086935667071787,0.0,0.7364644444404644,0,R,LL
75,0.0,0.0753857068724409,18.188876839709952,92.5512788043983,0.0136117966326057,0.0910808032947766,0.0,3.5311702576297788,0,R,LL
76,0.0,0.0383262254708911,5.243931888225024,18.121193936878555,0.0254479783586588,0.0490925789256668,0.0,5.113636868330081,0,R,LL
77,-5.263100000000001,0.0129193691334822,1.1323554995497778,27.381966876970253,0.0502086402652567,0.0209154287587279,53.2631,8.339323271546148,1,R,LL
78,-9.745999999999997,0.0271686442030655,1.7871062755535505,19.43454384969266,0.0757455614428779,0.0497981360073436,69.746,10.005249527417034,1,R,LL
79,-16.138400000000004,0.0746925860921097,3.155004396207846,14.45084364944824,0.0790901704091937,0.0917968963796843,100.1384,12.718146256257278,1,R,LL
80,-27.9106,0.0325776604755994,2.308803206227914,27.439111860012705,0.040206991563285,0.0341502599407491,117.9106,16.17444492199794,1,R,LL
81,-15.399699999999996,0.0232755982140571,1.104810688038209,13.3873823902055,0.0833459686481539,0.0338748970041777,93.3997,18.669775173303915,1,R,LL
82,-15.399699999999996,0.0529638830063765,2.3304072253584427,14.49525873655484,0.1175592665474739,0.1007846064016757,93.3997,23.31483201358427,2,R,LL
83,-50.8878,0.0067969989192219,,,,,146.8878,26.227771047377036,2,R,LL
84,-16.138400000000004,0.0731033340920693,4.594242717672443,24.086910377783514,0.0435010100866204,0.0735222509709914,100.1384,28.923149404950763,2,R,LL
85,-27.9106,0.0523998802064053,8.165736745960466,49.572795405002594,0.0291826495845015,0.0876648740251264,117.9106,32.72176980039126,2,R,LL
86,0.0,0.164448833660391,39.83003563796567,89.09870222628044,0.014151065145566,0.2073506224270306,0.0,0.8946901676710173,0,L,LL
87,0.0,0.0436001995441465,5.8244347817113455,36.73239426201458,0.0361867935703696,0.0775370739351742,0.0,2.287839730124741,0,L,LL
88,0.0,0.0454628290435938,5.825528901881605,26.36986312312166,0.0417233694354668,0.0894170324745111,0.0,3.189507470984281,0,L,LL
89,0.0,0.0507458852235175,6.445404796739274,26.46917821529645,0.0342738598996039,0.0812678430495588,0.0,5.537681023561245,0,L,LL
90,0.0,0.058161546665552,5.53274836767738,23.2905372389676,0.0438750857571191,0.0893026641178031,0.0,6.414984757678186,0,L,LL
91,0.0,0.0409353829433751,5.0448102248868425,22.57440234109117,0.0447156984405366,0.0829870583484183,0.0,7.399908558778772,0,L,LL
92,0.0,0.1032476020468244,32.16298700331086,114.42890454836336,0.0116247652129209,0.137545404065651,0.0,7.994975995598587,0,L,LL
93,-0.0022999999999999,0.0810236184788267,11.01976942237092,44.296158822243626,0.0299359914830157,0.1213589113973152,6.0023,10.52537979929766,1,L,LL
94,-0.0056000000000011,0.1542478595743532,16.85417892147259,44.33275118233098,0.0293194300282247,0.1817894356640075,24.0056,11.452252918538612,1,L,LL
95,-3.144599999999997,0.014496081952174,1.1723898620772475,19.64811789531676,0.0632960337511719,0.0272994608221475,45.1446,12.306412109733332,1,L,LL
96,0.0,0.0564938192055375,7.096665038956958,23.518527719517024,0.0347135838102333,0.0906273492409128,0.0,0.9381810467492347,0,R,LL
97,-0.0056000000000011,0.0745244020293988,7.733959360745248,22.23758302559401,0.0525690757267799,0.1495676758187111,24.0056,1.2183559716055654,0,R,LL
98,0.0,0.0735279395236737,10.002835478335708,40.80724752206489,0.0281378285515274,0.1035426374012515,0.0,2.4935006190017885,0,R,LL
99,0.0,0.0755185630168131,9.445010139223706,47.92398505565442,0.0261726869521126,0.0909402737587245,0.0,4.423167880304504,0,R,LL
100,0.0,0.041698504035393,4.901038247976142,41.33954372327453,0.03693448047718,0.0665925437136897,0.0,5.093298930489439,0,R,LL
101,0.0,0.0532795119424267,4.847561204882218,28.6913913415794,0.0810764004414357,0.1445850129654136,0.0,5.867538429481838,0,R,LL
102,-0.0022999999999999,0.0747335342541574,10.008169061658847,51.73944766964004,0.0295279376680707,0.1087159503220837,6.0023,6.090146008766949,1,R,LL
103,-0.0056000000000011,0.0277928112550404,3.1782365339657765,36.28104724304647,0.0307824427634002,0.0359910746454166,24.0056,7.16859126420656,1,R,LL
104,-5.263300000000001,0.0155027445595215,1.374117058868437,23.72659705394128,0.0463117063204504,0.0234110036030779,53.2633,8.908142055374041,1,R,LL
105,-9.7509,0.0112416464025712,0.7634553394773438,10.728888816962725,0.0904904264415419,0.0254150980649201,69.7509,10.65522016081832,1,R,LL
106,-10.750100000000003,0.0262222888709896,1.5178459853618933,13.426474415625334,0.0877338315864978,0.0489891970213671,76.7501,13.435438735816696,1,R,LL
107,,,,,,,153.4497,18.33849242980138,2,R,LL
108,-16.141000000000005,0.0064219731491749,0.36097651484116,20.864225703884248,0.0550038023836346,0.0073042760612912,100.141,20.68019517276869,2,R,LL
109,0.0,0.1012851550655816,15.479334541510433,54.04356011816928,0.0242131331851123,0.1378823876709546,0.0,1.8221813029453608,0,L,LL
110,0.0,0.0941637725597881,17.209377378507906,67.54809442245455,0.0155905379934696,0.0987033239359444,0.0,3.807206343230831,0,L,LL
111,0.0,0.0258385265771605,3.283454257377977,16.57479639618336,0.0543756046972906,0.0656811258021882,0.0,5.818973703954527,0,L,LL
112,0.0,0.0231546883255975,3.5847737310765537,50.56668545009345,0.0272750827550375,0.0359694124242536,0.0,6.303602684580387,0,L,LL
113,-0.0022999999999999,0.1022114948756279,28.003465488080245,75.2198400150856,0.0207987009830602,0.2142661217384521,6.0023,7.651991572717174,1,L,LL
114,-0.0037000000000002,0.0134614346164708,1.4806450102672843,21.433793932860198,0.1348855072232176,0.0734719818734343,12.0037,9.27425268586062,1,L,LL
115,-9.999999999976694e-05,0.0490215976585886,4.799854703298333,20.24092793173261,0.0520038736666063,0.0918267690255995,30.0001,13.331583842255515,1,L,LL
116,0.0005000000000023,0.0476521011701149,4.424651689898813,21.740898460749303,0.0585393054661562,0.0952866748931487,35.9995,15.350938763386708,1,L,LL
117,-14.9516,0.0176825334059756,1.2804309706822028,24.11485392304627,0.099963689353462,0.04708731907478,68.9516,21.19553481136038,1,L,LL
118,-27.9106,0.0336900174721809,1.184962263668946,6.326215519460016,0.1500055971414572,0.0653909282292917,117.9106,25.127655594010843,2,L,LL
119,-16.143299999999996,0.0490301957394353,1.8689284378831856,8.144004938947882,0.1640711805629375,0.1128055567972395,100.1433,26.75771699470298,2,L,LL
120,-16.143299999999996,0.0642176155744255,2.624915744727888,12.010012645241158,0.0935074090914104,0.090295666844779,100.1433,30.640451280511385,2,L,LL
121,-27.9106,0.0209865722300171,0.890519029271929,14.114704912039862,0.0584432653916336,0.0191462266418279,117.9106,32.22905937590386,2,L,LL
122,-27.9106,0.0245322271155195,0.9500177826070844,8.494381233213751,0.1090105300621132,0.0380983093681421,117.9106,33.55411031594887,2,L,LL
123,,,,,,,153.4486,38.23750709751017,2,L,LL
124,-45.45140000000001,0.0199731139628084,0.4743363303917225,4.131182541524404,0.2793997275021064,0.0487548568615217,147.4514,40.19547976044731,2,L,LL
125,,,,,,,165.4476,41.67688528275434,2,L,LL
126,0.0,0.0850032138885617,6.2085417902977404,23.322709448816976,0.050448072190578,0.1152231388062932,0.0,3.1753576975268176,0,R,LL
127,0.0,0.0261073184534551,3.260041753350956,29.553092101566268,0.0628625728603037,0.0753912306303542,0.0,6.436554117395552,0,R,LL
128,-0.0037000000000002,0.1448757402593185,23.65347956193746,66.07654547887454,0.023636787669713,0.2056785533427762,12.0037,7.410190430454749,1,R,LL
129,-0.0073000000000007,0.0390087022902751,4.223936884741347,27.99436329004629,0.0578716720172384,0.0899267645672488,18.0073,9.527346969087471,1,R,LL
130,-9.999999999976694e-05,0.0672576121442308,6.7397600963827,33.01182313641257,0.0499387815934398,0.1238191728030777,30.0001,11.059531572803325,1,R,LL
131,-5.2622,0.1005157634864657,8.480672833511562,31.2465917593628,0.0646442685865029,0.2016814028273744,53.2622,12.135009419299884,1,R,LL
132,-9.749200000000002,0.0577536774531893,3.911063162183624,22.451243352450863,0.0852318247548832,0.1226315264865246,69.7492,14.881908273073696,1,R,LL
133,-10.7504,0.0865601324770932,5.19714405896322,21.75922028369472,0.0831117511658775,0.1589032230872957,76.7504,16.24732643366299,1,R,LL
134,-27.9106,0.0143186135287299,0.46185036017189,2.6729580941536497,0.53932323998652,0.0916338512177188,117.9106,18.035940954347254,2,R,LL
135,-27.9106,0.0199958329208184,0.7206393138203336,4.495755477197784,0.3113563306251825,0.0825431749225737,117.9106,21.56409646568629,2,R,LL
136,-27.9106,0.0221156040791908,0.6252824741262273,4.089369044011433,0.1981208718692364,0.0455734602797488,117.9106,27.75863201845393,2,R,LL
137,-45.45140000000001,0.0110405856389053,,,,,147.4514,34.707549459333606,2,R,LL
138,,,,,,,172.0405,39.01966481212734,2,R,LL
139,0.0,0.0273921437706721,3.7585964554604328,31.988681249563385,0.0312564044974351,0.0432185544282194,0.0,1.4690736379110716,0,L,LL
140,0.0,0.0712664740126181,14.632570690375202,78.2937143621832,0.0162641949763768,0.0875505182068597,0.0,3.3313625741444595,0,L,LL
141,0.0,0.0710565331933498,14.311039518804622,80.39386393851208,0.0185513064810947,0.0976677537247509,0.0,4.081069583115118,0,L,LL
142,-0.0074000000000005,0.0115022969057588,1.3296456526739304,32.456039303128534,0.0447026302212393,0.0218662602657562,18.0074,5.604366673009839,1,L,LL
143,-0.0034,0.0742124586536142,9.60791254349907,49.27128657301438,0.0383515667549933,0.1355556644018135,6.0034,7.347896528567192,1,L,LL
144,0.0003000000000028,0.013863263790972,1.4270551422886106,27.735507429840084,0.0324197717799515,0.017019869516852,35.9997,9.365676893057245,1,L,LL
145,-0.0012000000000007,0.0052783632440361,0.5218861978250617,14.60919040447422,0.055964516850919,0.0107446949049428,30.0012,10.165266954651308,1,L,LL
146,-0.0012000000000007,0.0163443151554579,1.4575642560055886,15.33606069236219,0.0784821917100407,0.0420827730855196,30.0012,11.119616383005514,1,L,LL
147,-5.263199999999998,0.0414169362580985,3.4250425575723304,23.766492200042467,0.0713868739831353,0.0899476569664216,53.2632,12.088531992808493,1,L,LL
148,-5.263199999999998,0.0284550492919291,2.3080263717524,18.776262649680508,0.0854035505556074,0.0725140582775305,53.2632,15.259373881881778,1,L,LL
149,-9.750299999999996,0.0079601854795448,0.5171444299766594,12.193729015794146,0.0893942626755306,0.0170069727614402,69.7503,17.322849975678864,1,L,LL
150,-10.751400000000004,0.0310510313828699,1.8971904300651523,15.908343254342482,0.1148097289251603,0.0801299985581941,76.7514,18.85268488495769,1,L,LL
151,-15.404899999999998,0.0528521494042591,2.1833976565676343,12.59475908869571,0.2839964542591355,0.2281136511347047,93.4049,21.524708776910835,2,L,LL
152,-16.144499999999994,0.0621322710664844,2.451604601647259,10.592831741937974,0.1106593984738984,0.0998031505320106,100.1445,23.33067917422935,2,L,LL
153,-27.912899999999997,0.0235274055218702,1.0454521690987542,12.929294223507572,0.0626168806643965,0.0240824748292936,117.9129,25.828736666681245,2,L,LL
154,-27.912899999999997,0.0692009689870551,4.252938191354359,24.235361604940174,0.0464071138392776,0.0726071096570136,117.9129,28.617886594500572,2,L,LL
155,-45.45320000000001,0.0523792615883962,1.3659256465941725,7.55429369358857,0.1421413778114434,0.0714254686038003,147.4532,29.2410296321822,2,L,LL
156,-45.45320000000001,0.04851511423892,7.787594327611727,37.90574447837815,0.0460087787138218,0.1318103591691285,147.4532,30.959155375037145,2,L,LL
157,0.0,0.0705662846770002,12.545192828955903,61.41087559902539,0.0171202096419765,0.0790117967100195,0.0,0.0,0,R,LL
158,0.0,0.0532192864866492,7.505756538275025,43.67011712579425,0.0292380113608422,0.080732392292894,0.0,4.343458516475036,0,R,LL
159,-0.0034,0.0489687353884584,4.848488656935051,42.20559322983112,0.0420282771299985,0.0749641272666848,6.0034,6.794043372312221,1,R,LL
160,-0.004999999999999,0.0644453512561389,6.887485104264347,33.72198196609379,0.0415705698675397,0.1053300205081271,24.005,8.483585109245968,1,R,LL
161,-0.0012000000000007,0.0792933948827585,9.997420263004043,50.12712330258813,0.0308075554314104,0.1133054253974105,30.0012,10.007207483899045,1,R,LL
162,0.0003000000000028,0.0333635041166292,2.9991905978428064,16.804540692893216,0.08346496142543,0.0920902773714119,35.9997,12.121822395987936,1,R,LL
163,-9.750299999999996,0.0395710641899349,2.725211746598165,20.23489483666832,0.0955247724262395,0.0957683008368117,69.7503,16.29341428604166,1,R,LL
164,-9.750299999999996,0.0640651898365283,4.085983570448706,26.026725150450822,0.0893869185695388,0.1343618887726655,69.7503,17.56215874621531,1,R,LL
165,-10.751400000000004,0.0848518341582882,5.137382776846299,21.140412166573512,0.176862711722001,0.3342594721247204,76.7514,19.10510513030388,2,R,LL
166,-27.912899999999997,0.0277399670048676,1.212700521780344,12.24634797852906,0.0616410703725932,0.0274997821864256,117.9129,22.930959966378172,2,R,LL
167,-16.144499999999994,0.0619552195535963,2.782312282663518,14.572262326287978,0.0660978529373469,0.067654820099916,100.1445,25.631534058288832,2,R,LL
168,-27.912899999999997,0.0157981847968855,0.5364632332911415,4.934313863383797,0.186540299917509,0.036814436010697,117.9129,27.86220231366114,2,R,LL
169,,,,,,,153.4496,36.79185093753922,2,R,LL
170,0.0,0.0588043014533306,9.857778161315528,54.8553431438815,0.0191655893345174,0.0695035099056119,0.0,0.8624502761898801,0,L,LL
171,-0.0055000000000013,0.0143677549483382,19.302035404619076,223.61357903078053,0.0073117435645553,0.0519193895478263,30.0055,3.3030471656348315,1,L,LL
172,-3.5242999999999967,0.0234167013502154,2.214190390078904,27.93996378525893,0.0385801854570602,0.0314256877238186,45.5243,6.252916368239654,1,L,LL
173,-3.5242999999999967,0.0240491423325117,2.365772881228927,27.715253583498654,0.0404205730946527,0.0351788010609885,45.5243,7.824528825539305,1,L,LL
174,-5.2672000000000025,0.0325925287267317,2.688482468886714,31.81396244051989,0.0729716538685773,0.0721716968775651,53.2672,9.947871973449285,1,L,LL
175,-9.763000000000003,0.043863201670562,2.892367700350635,26.549691299423124,0.1705242916197787,0.1814451128806682,69.763,11.531596986014923,1,L,LL
176,-9.763000000000003,0.0412382433302653,2.8448264037204343,21.1932206179441,0.0702472225016634,0.0735174518214115,69.763,13.790980608119176,1,L,LL
177,-16.153899999999993,0.0201663475901745,0.7533741811768692,8.07105619057239,0.125250227687669,0.0347132099175697,100.1539,16.403671971445505,1,L,LL
178,-15.409899999999991,0.0497939277797203,2.227074181148429,14.065649647372268,0.092938300227094,0.0761438665809411,93.4099,18.969055500360778,2,L,LL
179,-27.9183,0.0215067912027752,0.7807353142499615,7.966614865311206,0.0910056692697807,0.026138327178587,117.9183,20.67469005283457,2,L,LL
180,-27.9183,0.0238112950522751,0.6078339987551676,3.089594941641889,0.3476318139879272,0.0777338219233061,117.9183,22.6414920463499,2,L,LL
181,0.0,0.0340451905761715,4.264972482208618,17.16258966079806,0.0359755876800133,0.0564455421362694,0.0,1.019207150393872,0,R,LL
182,0.0,0.043969726488789,5.545685172365832,22.57030569112777,0.0367962998405386,0.0750697342296113,0.0,2.57132622821267,0,R,LL
183,0.0,0.0224732930670586,3.613623403935829,50.13874759675889,0.0213268956252426,0.0283515007008533,0.0,3.170841607178007,0,R,LL
184,-0.0061999999999997,0.014815936955649,1.714948665830055,38.81724848643456,0.0395287596934477,0.0249384714228193,24.0062,4.356199163583902,1,R,LL
185,-15.409899999999991,0.0082822407612232,0.3936198182564953,11.24061946319131,0.0790695146624962,0.0114496325087544,93.4099,7.539696142847821,1,R,LL
186,-10.756500000000004,0.0352707357219061,2.0077994341308387,19.34894062164317,0.1170837222364325,0.0864813312553045,76.7565,11.909801166424948,1,R,LL
187,-15.409899999999991,0.0179246631320572,0.8259446812271386,10.507050263032106,0.1196948803559357,0.0363690581179166,93.4099,16.18604017142142,1,R,LL
188,-27.9183,0.0106101897755428,0.6706089953281967,24.3506890025726,0.0527810308096092,0.013021252495987,117.9183,18.148577786169227,1,R,LL
189,-15.409899999999991,0.0536992904758248,2.412594341367956,14.99323428497349,0.0993280058809371,0.0881579615545454,93.4099,23.617880666629407,2,R,LL
190,-27.9183,0.0253164959311778,55068009.02188123,783.5883498465264,0.0038611381132215,78220.43550728833,117.9183,26.46693055245012,2,R,LL
191,-27.9183,0.0290254180064093,231.19769311980517,191.7578477153183,0.0108493572196548,0.922769057555316,117.9183,27.748119303829903,2,R,LL
192,-3.5264000000000024,0.0229963827094021,2.930061000009814,46.55405688584508,0.0257020200481299,0.0277044439528138,45.5264,2.820406436625887,0,L,LL
193,0.0,0.0426865391113215,5.400582488747136,15.40135921950079,0.0339104984278074,0.0673721326746026,0.0,4.9795040416451695,0,L,LL
194,-0.0067000000000003,0.0637191892251388,7.794069423325189,40.61024362550637,0.0338436268530358,0.0970390834636918,6.0067,8.02592825764941,0,L,LL
195,0.0,0.009316220830836,1.0547974049401547,12.690658044669355,0.052912382755501,0.0205320299887159,0.0,8.59650572346803,0,L,LL
196,-3.0511000000000017,0.0343406693952464,4.390242054860434,40.686827644577065,0.0269552328928368,0.0435348519810305,21.0511,9.31013775821388,1,L,LL
197,-0.0067000000000003,0.0187850415793528,3.2362703773559205,71.18543115551614,0.0261634281425379,0.0311490613597543,6.0067,10.077085868881332,1,L,LL
198,-0.0063999999999992,0.0061499771194025,0.6960225785485826,18.0519190159208,0.0554103077872664,0.0141879421406892,12.0064,10.844239312527009,1,L,LL
199,-0.0055000000000013,0.0099369621201765,0.9700274839826863,12.550759678972366,0.065447946747081,0.0233553071834693,30.0055,11.144307937347312,1,L,LL
200,-8.579,0.0050182460756478,0.4591877998005073,13.93386587317108,0.0779838106240664,0.0131734737898109,44.579,13.909906029272504,1,L,LL
201,-0.0055000000000013,0.0637527911774885,7.0394857428307445,49.20417944919235,0.0460356237326606,0.1192176298776547,30.0055,15.044486278476128,1,L,LL
202,-3.5264000000000024,0.0349817932071588,3.3121326926883845,35.568764585550504,0.0419535588204316,0.0511189650348171,45.5264,15.708120134755324,1,L,LL
203,-3.5264000000000024,0.0563986196058912,5.646543788072228,36.99312164940488,0.0432058754211285,0.0897492912299294,45.5264,16.003068515323857,1,L,LL
204,-5.2672000000000025,0.044698696884445,3.608594524254218,37.70957149885633,0.0756624997920408,0.1004440671244616,53.2672,17.75215295950035,1,L,LL
205,-5.2672000000000025,0.0641916087907696,5.249359670937276,34.90095793856264,0.0678023247112795,0.1309352051758922,53.2672,19.321108075238207,1,L,LL
206,-10.758200000000002,0.0616526523034888,3.6061687350287626,21.05270384449272,0.1171328319370194,0.1553925542062394,76.7582,21.450469408990728,1,L,LL
207,-9.763900000000008,0.0595089038070752,3.9682971750597655,26.493256125485576,0.0859122958445981,0.125419490110885,69.7639,21.88376118366456,1,L,LL
208,-15.412599999999998,0.0627934112435772,2.6983646275311,13.685013120159754,0.1541214341776647,0.1529921665867616,93.4126,24.99423966306768,2,L,LL
209,-16.156999999999996,0.0667441340701923,2.4700926278252644,9.81843788061934,0.1405991467205422,0.1277619237847053,100.157,26.730522052026625,2,L,LL
210,-27.920500000000004,0.0600737362165054,2.813400908971206,15.056199117742178,0.0533743415779789,0.0552420354427896,117.9205,28.65469701662325,2,L,LL
211,-45.45840000000001,0.0344707808518737,7.5872788255989745,44.54423666115126,0.0388931690837666,0.1085587650111274,147.4584,29.63947280262914,2,L,LL
212,,,,,,,159.4494,31.68991780262914,2,L,LL
213,,,,,,,159.4494,32.80918557122845,2,L,LL
214,0.0,0.0170737577231238,1.939146415524914,6.240666698959098,0.075332415061648,0.0537400431074657,0.0,1.6593711057922615,0,R,LL
215,0.0,0.0081033717115522,1.0006532533786034,0.6866574769182624,0.1684396553595269,0.0620059654480454,0.0,2.928596636805854,0,R,LL
216,0.0,0.0491529754988128,7.2909327332159215,44.36949372898484,0.0222435051288011,0.0596611793328905,0.0,4.75464594400912,0,R,LL
217,-0.0067000000000003,0.0355687302538523,4.399881528246003,30.227340214238595,0.0409947968909851,0.0663552423837864,6.0067,6.782012047975114,0,R,LL
218,0.0,0.0063594823186152,0.7971917775737549,2.1374427744381266,0.1153027415556613,0.0338148887056321,0.0,5.883934388759393,0,R,LL
219,-0.0109999999999992,0.0152193612831428,1.7743239668760118,36.85659431609329,0.0355215270057893,0.0231862259632344,24.011,9.62840819021562,1,R,LL
220,-0.0109999999999992,0.0260696105274814,3.1770051472689778,40.50174105463629,0.0304769460178491,0.0356200793302711,24.011,10.55680158110396,1,R,LL
221,-0.0109999999999992,0.004674580182046,0.4927086804790555,16.405640226771805,0.0467955406984954,0.0084820377594658,24.011,11.134247810635337,1,R,LL
222,2.9488999999999983,0.0314228703387464,11.71040436139879,102.75166414382976,0.0157932890627306,0.0680377579634101,21.0511,12.13718073561088,1,R,LL
223,-0.0055000000000013,0.0238273102457816,2.828158287393768,41.51782182800952,0.030688833692724,0.0319293159487176,30.0055,13.693018871959694,1,R,LL
224,-0.0055000000000013,0.0518996783679351,6.981221575764129,54.90923961686291,0.0287582207528578,0.0738582398257986,30.0055,15.260462023456688,1,R,LL
225,-3.5264000000000024,0.1364278823543508,13.102435065414705,44.270130789034944,0.058390185539077,0.2814474961622988,45.5264,16.6504594855921,1,R,LL
226,-5.2672000000000025,0.0264295685066585,2.2426564648470686,30.431059005603757,0.0634576926760848,0.0523543229529572,53.2672,18.606353275949274,1,R,LL
227,-9.763900000000008,0.038211064709635,2.531397923277517,26.83556898678665,0.0825195860597003,0.0768463029087982,69.7639,22.68130160522731,1,R,LL
228,-9.763900000000008,0.0568011001302691,3.736510621993376,28.82164993302045,0.0768493757624077,0.1056360329615185,69.7639,23.88168893986937,1,R,LL
229,-10.758200000000002,0.0415867683382225,2.4377909919212617,22.51506231755837,0.0870269851462881,0.0780469479737329,76.7582,25.382688939869368,1,R,LL
230,-16.156999999999996,0.029937870444361,1.118061225382026,9.507221520160718,0.143474167127177,0.0590126091523824,100.157,29.05376348706533,2,R,LL
231,-27.920500000000004,0.0455081435086436,2.209789303743493,15.38396119852765,0.0504419995515526,0.0410061200797725,117.9205,32.16625393501122,2,R,LL
232,-50.8878,0.0201933184507059,20.451944624827096,93.50859385628743,0.0198085573184895,0.149036613177494,146.8878,33.60422177827586,2,R,LL
233,,,,,,,159.4494,35.497020693646576,2,R,LL
234,,,,,,,153.4511,36.90862517503152,2,R,LL
235,-45.45840000000001,0.0165233925912138,,,,,147.4584,37.54994559853292,2,R,LL
236,0.0,0.0738585245762657,19.66555035502469,100.67354148553058,0.0117251442096372,0.0848261616806899,0.0,1.0448312225742669,0,L,LL
237,-10.758399999999996,0.0575532381309353,3.458184103547973,20.447537696364535,0.0953030829721104,0.1212440899625546,76.7584,2.350748845738417,0,L,LL
238,0.0,0.0240870108770685,3.4238350953717607,43.97117931993957,0.0243048830541751,0.0306134230522245,0.0,6.0431810359277565,0,L,LL
239,,,,,,,159.4473,13.712139207699453,1,L,LL
240,-27.917500000000004,0.0432570324809059,3.643826529597781,32.71907189614406,0.0337142642389771,0.0451935958860807,117.9175,17.818302201921657,2,L,LL
241,-27.917500000000004,0.0958497900452103,8.449203926893357,33.49738681894146,0.0345536124424383,0.1074025933883771,117.9175,17.818302201921657,2,L,LL
242,-27.917500000000004,0.0120082983633589,0.5277672490647731,16.65594565543398,0.0902296594475352,0.0175185143247903,117.9175,18.98346197031317,2,L,LL
243,-45.45519999999999,0.0317655100687482,51.41153134077662,87.04255197815566,0.0228468136492989,0.4321073936007853,147.4552,20.32984729539296,2,L,LL
244,-45.45519999999999,0.0378612231893978,,,,,147.4552,21.051012636842746,2,L,LL
245,,,,,,,159.4473,22.315558147568623,2,L,LL
246,,,,,,,159.4473,22.68758210939308,2,L,LL
247,,,,,,,165.4465,23.51073687663976,2,L,LL
248,-11.226799999999995,0.0248323652960021,1.4469614623144011,19.413459584652784,0.0874421033329676,0.0465460764155728,83.2268,2.488437300797428,0,R,LL
249,0.0,0.0335272738678977,4.186922244578959,15.83722509144163,0.0309588187754725,0.0476853303582563,0.0,5.426267965730602,0,R,LL
250,0.0,0.0431724133157667,5.7262239905042325,30.499679003543296,0.0331990441271651,0.0699357811071965,0.0,6.756404780375306,0,R,LL
251,0.0,0.0237514167121449,3.0672484918141576,38.22305613035804,0.031299682588852,0.0353178626328608,0.0,8.45296975721421,0,R,LL
252,0.0,0.0096048525465333,1.216328603513491,13.226526001031372,0.0663341459576009,0.0296820286524916,0.0,9.217154197778138,0,R,LL
253,-9.761899999999995,0.0127413116342009,0.8284473229863465,5.727283102520854,0.1178211568582427,0.0359082053113302,69.7619,10.078737967507374,1,R,LL
254,-0.0079999999999991,0.0367128226644624,3.84378541387591,42.43094870540702,0.0282491449502581,0.0399456929658478,24.008,11.722871913266516,1,R,LL
255,-0.0035999999999987,0.0525375011566783,6.690032016899046,53.649232664456704,0.0317150953737199,0.0780548217067956,30.0036,14.478406665296747,1,R,LL
256,-3.524000000000001,0.010142820022806,0.8474184598162324,14.538047804767857,0.0759844654901687,0.0236879921873813,45.524,15.966909194294493,1,R,LL
257,-0.0035999999999987,0.05194363075609,4.447578404548786,36.66902128196172,0.0374735956896368,0.061313272665514,30.0036,18.33038270800265,1,R,LL
258,-27.917500000000004,0.0071085831181236,,,,,117.9175,18.172817807088776,1,R,LL
259,-0.0035999999999987,0.0690276605351743,8.703388578405866,52.43980372845524,0.0315296401338365,0.1009515300985702,30.0036,19.853510083503465,1,R,LL
260,-5.265000000000001,0.0352390853564002,2.794598262722709,21.848359614619564,0.0567557275292335,0.0583491586090148,53.265,22.846352520138645,1,R,LL
261,-10.758399999999996,0.0134002777832118,0.9166433241474656,17.769915256759756,0.0455671266746591,0.0153658837099265,76.7584,24.8126750572622,1,R,LL
262,-9.761899999999995,0.0606118231499751,3.692669441208309,26.00717200465868,0.1105355758094311,0.1501578455495313,69.7619,26.04679928948013,1,R,LL
263,-11.226799999999995,0.0455071873294156,2.458774969785155,19.48293980446321,0.0830903585834623,0.0751579515326802,83.2268,27.72442356564694,1,R,LL
264,-11.226799999999995,0.0281211942142886,1.491011423994585,14.098767511692962,0.2239847155101721,0.1228584049414637,83.2268,28.620866670297875,2,R,LL
265,-27.917500000000004,0.021611310140113,1.82443731880418,32.8298823803157,0.0306842137934007,0.0205944152503794,117.9175,30.760717768594667,2,R,LL
266,-16.154899999999998,0.081663525474619,3.370239038159131,12.49903547595226,0.094017406476709,0.1165666967482559,100.1549,32.19061360107105,2,R,LL
267,-27.917500000000004,0.0070204070191079,0.2543381374334585,6.194517203776987,0.307318838030498,0.0287545242897794,117.9175,34.373955779792325,2,R,LL
268,-27.917500000000004,0.0096867464285409,0.4474560526600392,16.07954037656583,0.0651908839413931,0.0107310637522712,117.9175,37.57174257171293,2,R,LL
269,,,,,,,153.4489,39.14211064979469,2,R,LL
270,-27.917500000000004,0.0110155950608092,0.4661026137821348,13.145819050844286,0.0722028123480113,0.0123805851201628,117.9175,40.96161995588167,2,R,LL
271,-27.917500000000004,0.0160644155508079,1.1360229982580556,27.722859333108516,0.0475612055903755,0.0198767555335405,117.9175,42.45650321854825,2,R,LL
272,-45.45519999999999,0.0265672648807239,1609.3578057403229,176.15633333491394,0.0135348033735614,8.013275603122331,147.4552,43.91969211094748,2,R,LL
273,-45.45519999999999,0.0175394059522901,0.4711845926674909,8.180936403707523,0.1130608033524983,0.0195978606841166,147.4552,46.95042615740778,2,R,LL
274,0.0,0.0482017418544118,8.65466035140755,69.05936183262403,0.0223863449404609,0.0712752481882911,0.0,5.00999950030749,0,L,LL
275,0.0,0.0183194297516595,2.2196093994073385,12.662173101734504,0.0622043493423676,0.0507928784421173,0.0,7.130060303156718,0,L,LL
276,0.0,0.01644025817846,1.9930690245200375,6.416685507104514,0.0760323587380866,0.0557476187625403,0.0,8.690676713483633,0,L,LL
277,-5.265900000000002,0.0172935439961864,1.5264522846251054,32.01781908019349,0.0546011658975692,0.0306613072842365,53.2659,11.258825824001065,1,L,LL
278,-3.524700000000003,0.022972896684908,7.192201626126558,103.85957654763564,0.0139030291748833,0.0367855120807565,45.5247,12.680455153038036,1,L,LL
279,-3.524700000000003,0.0577034935904137,5.6937679723809245,39.13943457968061,0.0430519979144571,0.0901775836140236,45.5247,16.374003723595123,1,L,LL
280,-3.524700000000003,0.0804776808541574,8.707403085950634,46.628269531959056,0.0367333524035811,0.1176670140408415,45.5247,19.511231853621688,1,L,LL
281,-5.265900000000002,0.032872511586186,3.3291754731927425,41.88687955629381,0.038437590457203,0.0470758705219647,53.2659,20.527909983611707,1,L,LL
282,-10.758399999999996,0.0689928605768676,4.084751845111317,21.4740318032596,0.0890592096806111,0.1338289382868208,76.7584,22.209209576970245,1,L,LL
283,-9.767300000000006,0.0816959538666986,5.5113160530462215,25.2870410492831,0.0659729972784215,0.1337602433866314,69.7673,25.75164469088161,1,L,LL
284,-16.155600000000007,0.0256670340247527,0.8815943152772975,7.900812284438213,0.1854786716890913,0.0601545214533485,100.1556,27.552054008670392,2,L,LL
285,-16.155600000000007,0.0430916053203861,2.47382439518978,20.9771406984826,0.0467580882093193,0.0425530929404116,100.1556,29.84145543085952,2,L,LL
286,-27.9182,0.0456221656828219,1.734808087802712,7.352047477972625,0.1107674416426604,0.0706918067196274,117.9182,31.82213863787486,2,L,LL
287,-16.155600000000007,0.0482581767084292,2.19349434104224,16.358160780053908,0.0683556963819114,0.0551590462850284,100.1556,32.777946282685235,2,L,LL
288,-27.9182,0.0283361743922641,2.6383049317057203,35.992827563234115,0.034191640773558,0.0331856592394344,117.9182,34.24620483344689,2,L,LL
289,-45.45570000000001,0.0293232427559369,0.711542437717281,7.380314962154744,0.1770203917000081,0.046337182450024,147.4557,35.196573780237614,2,L,LL
290,,,,,,,172.0572,38.63660021194016,2,L,LL
291,,,,,,,153.4505,40.5371006612616,2,L,LL
292,-45.45570000000001,0.0284738434020815,95989.59735434689,235.6032569754425,0.0116849858848339,412.6272259312697,147.4557,41.76034723584123,2,L,LL
293,,,,,,,172.0572,43.90178386397843,2,L,LL
294,0.0,0.0703290109303429,9.081434782366305,22.95789739638172,0.0327141842811305,0.1092939399796588,0.0,0.938133542128624,0,R,LL
295,0.0,0.0455411941305709,6.352527455846813,36.85772912779986,0.0320759300960046,0.0749603019353599,0.0,5.341370353480324,0,R,LL
296,0.0,0.0699747295341371,9.63918215005652,33.317251611791626,0.0283523511861568,0.1005390517658953,0.0,7.187893886416193,0,R,LL
297,0.0,0.0513463436570629,5.164425059415493,22.25821831016991,0.0413869183336126,0.0786304186476711,0.0,8.951333279056332,0,R,LL
298,0.0,0.0323714717714459,3.8368585873189223,26.848593402272435,0.043523929170063,0.0614340866504942,0.0,10.44269750938583,0,R,LL
299,0.0,0.0495009840865752,6.813600710577872,37.067704315557805,0.0309706366281936,0.0776304905281048,0.0,11.204647492521207,0,R,LL
300,0.0,0.0358301104721024,5.076399614039318,44.37204547775513,0.0313939610103981,0.0586283180381976,0.0,12.527793259634093,0,R,LL
301,0.0,0.0421772095657042,6.245385363874551,52.03192399775099,0.0269298214505575,0.0618725810466863,0.0,13.096794230863182,0,R,LL
302,-8.577800000000003,0.0223497959901638,2.120982885997499,26.243604535182996,0.050007993969773,0.0390195373645572,44.5778,15.457728803837089,1,R,LL
303,-3.524700000000003,0.0248014632510867,2.262625501344028,23.744717973102794,0.0495886346400459,0.0412762606653646,45.5247,17.765540566546516,1,R,LL
304,-0.0056000000000011,0.035662273100639,4.016158962143972,39.23221401438161,0.0382939926729508,0.0565779310517376,30.0056,18.44430873204929,1,R,LL
305,-0.0056000000000011,0.0475746969436877,5.282495864242056,36.72160196404254,0.0362900859534356,0.070523308861865,30.0056,20.185031289540657,1,R,LL
306,-0.0056000000000011,0.066841353353189,7.482249539302276,44.30340813650192,0.0345282743470713,0.0950413463833995,30.0056,21.587975205169503,1,R,LL
307,-3.524700000000003,0.0507857402828621,5.303982005797347,40.08194346180453,0.0376744937420915,0.0735114493256412,45.5247,23.550641622770733,1,R,LL
308,-3.524700000000003,0.0795660344111841,8.059502960668341,40.624736151841695,0.0401355958523683,0.1189990494045728,45.5247,25.018638490977366,1,R,LL
309,-3.524700000000003,0.0594644747664301,5.388182401515438,39.28730537832573,0.0750217622915215,0.1487082520575151,45.5247,27.657013780810104,1,R,LL
310,-9.767300000000006,0.0603238761119125,3.974298197223866,24.93519383163945,0.0941884890360417,0.1377094671553555,69.7673,29.31821303737146,1,R,LL
311,-16.155600000000007,0.0352139666377936,1.4510290387958178,12.122853751934151,0.0926699625019392,0.0494675736734261,100.1556,31.242474975163635,2,R,LL
312,-11.4623,0.0683267133171493,3.645976246921202,21.50809692779596,0.0802646076191744,0.1076572891685243,83.4623,32.396808962091605,2,R,LL
313,-27.9182,0.0532787945554273,2.692834858448349,17.100913248376546,0.050999508056151,0.0505220803889834,117.9182,41.2431061336915,2,R,LL
314,,,,,,,159.4498,44.06714823594332,2,R,LL
315,-27.9182,0.0356483878941625,25.92764667289312,84.31047655828682,0.0228610982571053,0.2180548285902099,117.9182,46.77641460939782,2,R,LL
316,-45.45570000000001,0.0397206070798024,63.08467028110476,91.09377347278452,0.0213969202264766,0.4965701655312078,147.4557,47.92744460939782,2,R,LL
317,,,,,,,159.4498,49.26644538172568,2,R,LL
318,0.0,0.0284643632477307,3.681661222824113,19.108677253366857,0.0349505661182561,0.0473373079443637,0.0,2.773039759200053,0,L,LL
319,-0.0065999999999997,0.0343134860902907,4.570397909005821,50.47213137576011,0.0296398695085754,0.0498351555040899,6.0066,3.583839014610301,1,L,LL
320,-3.5253999999999976,0.0492307157826336,5.456879506237846,38.69517628944076,0.0291710320860457,0.0585600821443846,45.5254,5.077388375190312,1,L,LL
321,-0.0086000000000012,0.049614124898641,5.454659718259996,38.385883487981104,0.0412574358863963,0.0827895294932664,30.0086,7.371036159059587,1,L,LL
322,-8.5796,0.0450027178553704,4.983244876761784,41.73916919203396,0.035331114780272,0.0647701775716467,44.5796,9.004785533526729,1,L,LL
323,-5.266800000000004,0.0593296430639769,5.259571128728503,32.19665176769289,0.048523237338784,0.0938870339004492,53.2668,12.92010105633361,1,L,LL
324,-27.918800000000005,0.020282461507845,0.8038646624980517,9.924612438229564,0.0712231802646174,0.0210624951268982,117.9188,19.31162082404619,1,L,LL
325,,,,,,,153.451,25.835092731206764,2,L,LL
326,-45.4572,0.0096879502473425,0.1957115426876356,2.515257163579541,0.6394837463467433,0.0460417125299101,147.4572,28.198045483737392,2,L,LL
327,,,,,,,165.4458,29.59876463736464,2,L,LL
328,0.0,0.0319269075476082,4.176242606274579,23.04218857496298,0.0296746219586413,0.0455907180967407,0.0,2.159023268599816,0,R,LL
329,-0.0106999999999999,0.0525964195329771,6.645034560024788,49.59250313379311,0.0321223373110218,0.0785253535324253,24.0107,3.6635555283737657,1,R,LL
330,-10.758300000000006,0.0459867697240346,2.79448973680284,22.56704980811112,0.0834893213643969,0.0858299714337204,76.7583,5.493710366801427,1,R,LL
331,-9.767399999999997,0.026089119232755,2.281267378645375,33.77286216918186,0.0407703241758648,0.0342157349489851,69.7674,7.199581591602291,1,R,LL
332,-0.0086000000000012,0.0584314183478077,6.501859274531373,41.52228504401496,0.0394931078423135,0.0944635787269262,30.0086,9.14738262456228,1,R,LL
333,-14.983599999999996,0.0489276801285752,4.2072952113768745,29.00755954114073,0.0348786891423352,0.0539844471869339,68.9836,12.114516280693095,1,R,LL
334,-15.415300000000002,0.0294603601732981,1.5487250558862924,18.67191582758012,0.0728165526058189,0.0414868018184204,93.4153,14.215209135969308,1,R,LL
335,-10.758300000000006,0.0420116419982149,2.496130690454599,23.02465643216749,0.0822802455539925,0.0755559059385279,76.7583,17.238430036796768,1,R,LL
336,-16.155500000000004,0.0496376403776959,2.091751538009317,13.447835756936316,0.1184841623649641,0.0911750305880373,100.1555,18.53291861966917,1,R,LL
337,0.0,0.0198621095937626,2.628922887208153,20.99130616856161,0.0348640779222772,0.0337179800238892,0.0,3.646479928077899,0,L,LL
338,0.0,0.0127188876205031,1.945206326657393,43.67108126775698,0.0240861893934509,0.0172361112459664,0.0,4.646685198502373,0,L,LL
339,0.0,0.006424048264421,0.766027866755348,7.386224010336579,0.077426864931516,0.0218193476305826,0.0,5.843471003028137,0,L,LL
340,0.7325999999999979,0.0021944444444443,0.1580000000026429,0.7532932010757462,4.247178833052701,0.2468670645581891,53.2674,14.931964530726216,1,L,LL
341,0.0,0.0360181307394965,4.211827690868618,6.390011594905561,0.0389106157545148,0.0602898519159502,0.0,0.7702398717282832,0,R,LL
342,-3.5261,0.013845100521333,1.2209411512324075,18.996951519345803,0.0436306817506633,0.0195971198600506,45.5261,3.6763486764713873,0,R,LL
343,0.0,0.0809720002586458,5.772935048856658,24.72881097412495,0.0399001459672144,0.084737700372741,0.0,4.6600898371838575,0,R,LL
344,-0.0116000000000013,0.0489790285342873,6.219193050475318,51.24952350070717,0.0299764145358317,0.0685834364220785,30.0116,6.469878818080421,1,R,LL
345,-0.0116000000000013,0.058370652543399,7.418159293358054,49.79694290083074,0.0295574035894856,0.0806618084369765,30.0116,9.251837220048229,1,R,LL
346,-3.5261,0.0580250274031074,5.402669612413726,33.1111835495173,0.0424579267014218,0.0843864488200978,45.5261,12.47331735293038,1,R,LL
347,-0.0116000000000013,0.0331972964961599,3.050454424201584,25.45596339876,0.0557419501061643,0.0625535868042665,30.0116,16.194441863466317,1,R,LL
348,-0.0116000000000013,0.0968258911540802,11.285968515558553,46.43554042898079,0.0387357958526119,0.1608262130293929,30.0116,17.92849299549999,1,R,LL
349,-5.267400000000002,0.0332028673646972,2.6634023794553303,16.151134982395984,0.065230639074053,0.0639136963299029,53.2674,19.77004958457729,1,R,LL
350,-9.768199999999991,0.0262609033909226,1.778292014922224,22.116462696083445,0.1192802225289822,0.0780327724081796,69.7682,22.09184204168087,1,R,LL
351,-15.416200000000003,0.1246317978356847,5.851464669675302,11.847979256092978,0.3732277721045926,0.8034226250372599,93.4162,24.118154616420117,1,R,LL
352,-5.267400000000002,0.0831937920535726,6.162750450796263,32.82167200527934,0.1036049185703398,0.2348878074154744,53.2674,24.445523600900927,1,R,LL
353,-10.758300000000006,0.0654182721197457,3.866428053482754,20.504609444105014,0.1424305165144159,0.2025902314314328,76.7583,25.962547019028385,2,R,LL
354,-45.458,0.0137008306313876,0.9056824939451956,24.12017883621788,0.0687870958186059,0.0229186200783157,147.458,27.029879379630003,2,R,LL
355,-27.9186,0.0172079978051151,0.6044578994080978,5.705672573400613,0.1527795101775228,0.0339732182394254,117.9186,29.948112286432792,2,R,LL
356,-15.416200000000003,0.0872887215883422,3.907244842500088,14.03131487334788,0.1255153953474972,0.180415207868229,93.4162,31.99993524108169,2,R,LL
357,-0.0116000000000013,0.0284187445037673,177.06622795009417,310.165694575096,0.00662581370218,0.431599044316217,30.0116,33.55561112435765,2,R,LL
358,-27.9186,0.0375482555976564,2.588096245353236,27.055104429463107,0.0473140200774765,0.0450480286602591,117.9186,40.63214388006561,2,R,LL
359,-45.458,0.0455530351271803,1.3768927508543145,11.252350815094855,0.1145667378706438,0.0580315511112914,147.458,42.23623208466406,2,R,LL
360,-45.458,0.0291252985435035,3.9770100021487846,36.43749486292475,0.0444609011695283,0.0650489757186069,147.458,44.34798167780615,2,R,LL
361,-45.458,0.040532623809158,4.7379773770214015,33.27369777627501,0.0500229751234711,0.0871902692299815,147.458,45.29340771947928,2,R,LL
362,-45.458,0.0257685726189564,,,,,147.458,48.69525124052127,2,R,LL
363,0.0,0.0556948889710086,7.841416105551899,38.575178494763605,0.0286208880069872,0.0825625547077333,0.0,2.871126793895004,0,L,LL
364,0.0,0.0088945862422874,1.0076354295553576,12.35955213536837,0.0445459123045716,0.0165126511202841,0.0,4.720969817489253,0,L,LL
365,0.0,0.0216074328320758,2.731655236488991,21.865254572879746,0.0527428992376253,0.0530023838520617,0.0,5.48124016093624,0,L,LL
366,-3.0511000000000017,0.0075629536418005,0.8207360817637174,11.59527342218466,0.138142319029047,0.0417095771522432,21.0511,6.923132191611559,1,L,LL
367,-0.0118000000000009,0.0506388670341574,6.314146291309877,51.18429508446816,0.0320242840099944,0.0743874354736015,30.0118,9.137958471693937,1,L,LL
368,-5.550600000000003,0.0204523761447329,1.6890263273965271,24.7998676336785,0.0576826794607692,0.0358415978887827,53.5506,10.892476824203523,1,L,LL
369,-0.0118000000000009,0.0478577181916718,5.549450331858344,44.819278724573465,0.0347733583565853,0.0709908086245697,30.0118,11.65120591946744,1,L,LL
370,-3.526200000000003,0.0186561626275584,1.5871786809009925,17.967618621547462,0.0554381735097453,0.0323698176478773,45.5262,15.043769944834413,1,L,LL
371,-0.0118000000000009,0.0720118237057687,11.002968798010617,58.99038235973686,0.0251160722388308,0.1016639835793244,30.0118,17.041217086730462,1,L,LL
372,-5.550600000000003,0.0838697941600479,8.033054119325604,39.89953660592437,0.0398153052365384,0.1176620092861722,53.5506,19.689609418972758,1,L,LL
373,-5.550600000000003,0.055280638250827,4.521831443427726,36.54433706403631,0.0680093393921141,0.1131327760390254,53.5506,21.61889417670902,1,L,LL
374,-9.7693,0.0354350756840744,2.544651299566543,21.007217248410367,0.0654157731606511,0.061237333981578,69.7693,22.727446448848674,1,L,LL
375,-9.7693,0.0423276443844273,2.796169645854928,24.4853632055243,0.0847612085831462,0.0871898991873581,69.7693,23.44132010811311,1,L,LL
376,-15.417199999999994,0.0209678204449014,1.0264712363597803,10.036849425430296,0.1061994967217922,0.0401028059561436,93.4172,24.99920625030049,2,L,LL
377,-16.155199999999994,0.0296174958706355,1.1851128621392184,7.144269180816315,0.2055492386438454,0.0896150811035799,100.1552,27.24403486570975,2,L,LL
378,-45.4581,0.0046551196428114,0.1466944303365149,11.726959520630247,0.1020839164176902,0.0055090468576993,147.4581,28.087244594068984,2,L,LL
379,-27.9195,0.0221293482018488,0.8467097283209223,10.501927631876228,0.0939801300260779,0.0292735983181901,117.9195,29.77781203188114,2,L,LL
380,-27.9195,0.0271120370551511,1.229701532006097,13.325036959540768,0.0586713817750602,0.0265418718906736,117.9195,30.11982364352612,2,L,LL
381,-16.155199999999994,0.0310267750483035,1.3339018450157645,10.14396652327378,0.0899456231948264,0.0441376723614732,100.1552,36.706555608352026,2,L,LL
382,,,,,,,153.4529,37.81659236322564,2,L,LL
383,,,,,,,153.4529,38.7360048359991,2,L,LL
384,-45.4581,0.0073603904259368,0.2319442601027541,11.726959530043535,0.1020839163082861,0.008710567899407,147.4581,40.42563752455785,2,L,LL
385,-45.4581,0.0238187237592702,1.3787399549545647,22.08866551975976,0.067868445461611,0.0344235599336743,147.4581,42.0481517308648,2,L,LL
386,,,,,,,153.4529,43.88179658449386,2,L,LL
387,,,,,,,165.4465,45.28548053581624,2,L,LL
388,,,,,,,153.4529,46.2013968886456,2,L,LL
389,-10.760400000000004,0.0585742142853985,3.556269498531388,23.683839364200864,0.0783530509747736,0.1025076069674578,76.7604,3.158389100411477,1,R,LL
390,-15.417199999999994,0.0594774486293507,2.6545117466546224,14.07788998937356,0.1256801116222272,0.1227316936489952,93.4172,3.9037682298483034,1,R,LL
391,-9.7693,0.0046867060582785,0.2830608426620583,2.8272860974475886,0.4366652168373288,0.0454709379083232,69.7693,6.171836001422493,1,R,LL
392,-5.550600000000003,0.0740827072718794,5.854517676179506,31.121683638557712,0.0779584641157551,0.1679035637126067,53.5506,10.494817458407358,1,R,LL
393,-3.526200000000003,0.0859402939956339,41.97614497623465,92.02130893434288,0.0207834168364367,0.3209408638552911,45.5262,14.432703325595837,1,R,LL
394,-27.9195,0.0191456459434081,0.6719255851076431,3.331677718929884,0.319241569441182,0.0789125601663787,117.9195,18.850144761366057,1,R,LL
395,-15.417199999999994,0.0170615675160784,0.8275346255218088,7.855033750188508,0.1570371889725937,0.0478072987167418,93.4172,20.494786346844705,2,R,LL
396,-16.155199999999994,0.0267496102841125,1.1037289428484485,5.193720115547981,0.3316396863815601,0.1346587085357567,100.1552,22.38915010122672,2,R,LL
397,,,,,,,172.06,35.56553138636319,2,R,LL
398,-0.0009999999999976,0.0366545666279201,3.737215069319866,34.40792389092736,0.0446571888676315,0.0613966945745966,36.001,4.464351753217233,1,L,LH
399,-0.0024000000000015,0.0326264532012825,3.682978652502506,34.20843598926701,0.0393240729741854,0.0532798769344227,24.0024,6.305761061898861,1,L,LH
400,-14.950000000000005,0.0172353904259368,1.1912793727575075,10.527218302863371,0.1581489507130776,0.0693083332402417,68.95,7.053297290767779,1,L,LH
401,-0.0009999999999976,0.0366451942748254,3.88053876747345,34.657011927518205,0.0372954029252342,0.053241814511175,36.001,9.47597318722656,1,L,LH
402,-9.744100000000005,0.0389860151072476,2.7710548068750667,19.727098805396786,0.0583703909017396,0.0595035991463529,69.7441,11.592205383857516,1,L,LH
403,-16.133300000000006,0.0536158804410012,1.9615393693630383,8.465373669726901,0.2296279397670334,0.1657018192311941,100.1333,14.970300313361657,1,L,LH
404,-5.264000000000003,0.0505556185686236,4.328063422445172,30.14767062322873,0.0438925195873178,0.0698859134310292,53.264,15.84983397707993,1,L,LH
405,-5.264000000000003,0.0565970431339213,4.922569950431426,35.60161592610217,0.0517582085885632,0.0937295756528145,53.264,17.668765359293126,1,L,LH
406,-5.264000000000003,0.0363906580769811,2.9880455784785105,30.430247872631764,0.0637464794513225,0.0700727143425281,53.264,19.081477104024213,1,L,LH
407,-10.748000000000005,0.0510218726001688,2.972343113290655,18.65002566618061,0.1072539744965894,0.1172783517626315,76.748,21.258366148276004,1,L,LH
408,-9.744100000000005,0.0536720414167326,3.4545650427474497,25.341923845293028,0.1336164020337348,0.1698082026561228,69.7441,25.3248546518898,2,L,LH
409,-15.397800000000004,0.0680395729384064,3.091215197183461,11.380968731826934,0.1246883128828977,0.1417948660287661,93.3978,28.698713935883852,2,L,LH
410,-16.133300000000006,0.0731139546616707,2.680181095058313,8.599158364996297,0.158791654594533,0.1565659550976574,100.1333,31.43991618668996,2,L,LH
411,-16.133300000000006,0.0762712217353461,3.253612080874357,14.024421629343738,0.0789749112266149,0.094527992852955,100.1333,34.61120237289131,2,L,LH
412,-27.906899999999997,0.0296360736320549,1.5461679576976812,18.92594857401445,0.0534920114690473,0.0304264382229725,117.9069,36.52916123185762,2,L,LH
413,-27.906899999999997,0.0566375359034859,2.8083516465485774,18.4006692590768,0.0604258020146736,0.0624280009546051,117.9069,40.72360536859882,2,L,LH
414,0.0,0.1138264501239774,21.31781524070661,70.70573050120555,0.0181024389985908,0.1419663134035244,0.0,1.3476078919792989,0,R,LH
415,0.0,0.1862402608686821,66.84161695444102,126.3853967563506,0.0107647089195676,0.2647004967235812,0.0,3.815827084368822,0,R,LH
416,-0.0018999999999991,0.163503652140895,17.791993023907132,51.97143590680336,0.0477876833493482,0.3127851276783449,30.0019,6.487769930727632,0,R,LH
417,0.0,0.1811050758834095,46.077514396754495,98.80514157819192,0.0151337496752983,0.2565317404692144,0.0,8.89985833391362,0,R,LH
418,-0.0018999999999991,0.0915480516461845,11.219168577170135,51.36726866845362,0.0341395215695215,0.1409040974421421,30.0019,10.369094867153253,1,R,LH
419,-0.0019999999999988,0.165070282920403,28.03567243376492,72.6686712440872,0.0243793218455884,0.2514421699267692,18.002,13.682632520345916,1,R,LH
420,-14.950000000000005,0.088597477854276,6.891535783751016,31.9021309405486,0.0622077036947337,0.1577123503342793,68.95,15.975407018287434,1,R,LH
421,-0.0024000000000015,0.1187250027744111,17.632641953628884,60.787747681656114,0.0253526956602263,0.1644549878735385,24.0024,17.182098091787694,1,R,LH
422,-16.133300000000006,0.0820877423000934,3.0465322161700024,7.330706633644701,0.1477727771761257,0.1656173107683934,100.1333,20.65125853535723,1,R,LH
423,-3.1434,0.2529746462706684,26.390909045574556,43.61730481984686,0.0383410560592933,0.3722407708348961,45.1434,23.895721212068544,1,R,LH
424,-5.264000000000003,0.151449407614839,13.707594217976744,39.30516069935775,0.0481400463615372,0.2427578385176562,53.264,25.63218606126205,1,R,LH
425,-5.264000000000003,0.1743571590941464,15.007187328959471,39.12579546074903,0.0566347313991366,0.3126710462961667,53.264,27.433179913616843,1,R,LH
426,-9.744100000000005,0.1809381254960285,11.49342118846991,30.395746412904327,0.0938099421435678,0.3966465748451232,69.7441,30.98329891189453,2,R,LH
427,-10.748000000000005,0.1151139219021991,6.515736065556521,23.4656477543439,0.1088987194891676,0.2610308124197443,76.748,32.765289275179086,2,R,LH
428,-10.748000000000005,0.1059893251552544,5.916061023795551,25.787912437476205,0.0995745927395708,0.2167138671566064,76.748,33.96913839252532,2,R,LH
429,-10.748000000000005,0.1871672150270687,10.62939840219635,24.801514503472777,0.0989186665137795,0.3868053359224387,76.748,35.20119931004941,2,R,LH
430,-10.748000000000005,0.1503298858976118,8.65894374224941,25.808975367864463,0.1088782817799613,0.3468260379829369,76.748,37.847093032427615,2,R,LH
431,-16.133300000000006,0.1331387338481324,5.277518316882692,11.469505978583758,0.0967938789098803,0.1879243953150368,100.1333,41.00900061102667,2,R,LH
432,-15.397800000000004,0.1894799665383428,8.841836576294977,16.783418873027337,0.0889952280910739,0.2894774392460416,93.3978,42.26984061102668,2,R,LH
433,,,,,,,159.4498,44.126479196854994,2,R,LH
434,-16.133300000000006,0.09642501757493,4.36367177536988,15.811943400485823,0.0693310252266005,0.1112974507541325,100.1333,46.039722175795234,2,R,LH
435,-16.133300000000006,0.1970411174352761,8.799064514514699,14.80369977161909,0.0815961621497133,0.2641263637108358,100.1333,49.01222218592536,2,R,LH
436,-27.906899999999997,0.0962548306154938,8.955950164140958,35.342773380440185,0.0337052614577083,0.1110490600070333,117.9069,52.27187249502489,2,R,LH
437,-27.906899999999997,0.1226089281328512,15.63942917163887,45.22434861445959,0.0276872939942393,0.1592967546057276,117.9069,53.83999762077219,2,R,LH
438,-45.4519,0.0824558405861894,6.700507714101736,28.26125562054482,0.0493818291199234,0.1217251734129694,147.4519,55.565732553469445,2,R,LH
439,-27.906899999999997,0.0674534435543772,191.6242060422645,140.94397417365275,0.0140634046938717,0.9913941705749952,117.9069,57.73210333611875,2,R,LH
440,-45.4519,0.0754695118511993,16.861724807167956,43.42089208220503,0.0414536318393322,0.2571402733206354,147.4519,60.4345504631668,2,R,LH
441,,,,,,,153.4507,61.82569560541947,2,R,LH
442,-45.4519,0.0729588048395161,58.85163063140751,63.57456981175647,0.0317884341686825,0.6882292948655182,147.4519,63.61316402565053,2,R,LH
443,-45.4519,0.0457002722475265,,,,,147.4519,65.89178875443481,2,R,LH
444,,,,,,,153.4507,67.97242563652522,2,R,LH
445,,,,,,,159.4498,69.17128696456211,2,R,LH
446,,,,,,,159.4498,71.67384045598664,2,R,LH
447,0.0,0.052236722540724,7.321639713810289,29.6067348004495,0.0242319429389314,0.0652682712686347,0.0,1.3212534430446248,0,L,LH
448,0.0,0.014229783872219,1.6261840783771908,4.156555954591704,0.0549267575507217,0.0328593664095906,0.0,5.209314234191926,0,L,LH
449,-3.1417,0.0199926244322586,1.922092345408791,29.315816139349383,0.0423277838040488,0.0299299021889871,45.1417,8.718043658136995,1,L,LH
450,-16.133899999999997,0.0429086280503292,1.7253918330009053,7.613297988480734,0.1148266836332817,0.0728846509133878,100.1339,29.1569476410256,2,L,LH
451,-3.1417,0.0419836259008317,3.970044786795545,34.21525960703838,0.0537375328774334,0.0784835516397681,45.1417,2.4077920656365386,0,R,LH
452,0.0,0.0060064379811243,0.7062651799109564,0.9825255949525044,0.4400475421378843,0.1143333458891455,0.0,3.197891345868228,0,R,LH
453,-27.908199999999997,0.0331804818968212,1.4430605299363064,13.089954863646376,0.057663035333863,0.030611708269334,117.9082,3.9851929160844217,1,R,LH
454,-3.1417,0.0570070641438746,5.810970030512341,44.32417922084715,0.04052279847091,0.0866270616245991,45.1417,5.345623379724516,1,R,LH
455,-0.0018999999999991,0.0619277822764215,7.604915052419772,48.45378350468139,0.034341391820011,0.0960766337172247,24.0019,7.824806289245862,1,R,LH
456,-0.000399999999999,0.1259761338793053,16.20755039097619,54.0004454538656,0.0300263812739411,0.1790300337739234,36.0004,9.79559774122651,1,R,LH
457,-0.000399999999999,0.146365462624589,16.8836443943908,48.28564325227349,0.0325690526500171,0.2022911301720328,36.0004,13.441248603232268,1,R,LH
458,-5.262099999999997,0.1692182526092037,13.363358793154214,41.260482959322566,0.083311607847306,0.4095686089801951,53.2621,16.011771757444755,1,R,LH
459,-5.262099999999997,0.0777911701530109,6.062347328691359,34.10164545858386,0.0959952329155814,0.2140898113433597,53.2621,18.07053312916805,1,R,LH
460,-5.262099999999997,0.1404192925175038,11.265151496551791,40.19531378888823,0.0728809029728542,0.3020343235197638,53.2621,19.02809655787657,1,R,LH
461,-9.743700000000004,0.1550762262185497,10.015207610158162,29.48725690873984,0.090056891716597,0.331804619309304,69.7437,21.60448617005333,1,R,LH
462,-5.262099999999997,0.1415449164285893,10.601428996561983,41.46222657232824,0.0932409009076567,0.3636439681121488,53.2621,22.59932092411391,2,R,LH
463,-11.2196,0.0986375977492124,4.846964219046297,19.262378815042908,0.1281993216557342,0.2285920166429544,83.2196,25.759557151743923,2,R,LH
464,-11.2196,0.1584285371836466,7.866944878690352,19.183924179032392,0.1187271150319345,0.3436066340816618,83.2196,27.576557151743923,2,R,LH
465,-15.3981,0.1343917896112877,5.849225740106752,14.00076693208894,0.1216680504440509,0.2618065150401943,93.3981,29.72404280896898,2,R,LH
466,-16.133899999999997,0.0980495778284766,3.4173234390451657,8.751595935908579,0.3716199021114466,0.4671868047696255,100.1339,30.683102038987737,2,R,LH
467,-27.908199999999997,0.0505863132833509,1.814464034442545,9.242915769292155,0.0917603142438714,0.0612503781769511,117.9082,30.999718624939906,2,R,LH
468,-16.133899999999997,0.1246554006026501,5.175013674678991,13.205283521928672,0.0853230213086893,0.1624363586639952,100.1339,34.04500432667073,2,R,LH
469,-27.908199999999997,0.0283127654675041,103.2597500509917,114.63898112183396,0.0194630456010389,0.7393454214177769,117.9082,37.26548928967471,2,R,LH
470,-27.908199999999997,0.0804464389457354,13.147372676645936,54.55186447303064,0.0234462902145393,0.1134014553266877,117.9082,38.13968943219268,2,R,LH
471,-16.133899999999997,0.1051830491124356,7.502755492028111,28.341410694273367,0.0404078837773081,0.1115301837938176,100.1339,39.60785424961101,2,R,LH
472,-27.908199999999997,0.0389463129176778,,,,,117.9082,41.19294936268844,2,R,LH
473,-27.908199999999997,0.1173819453097322,11.04033806009264,35.783456646692365,0.0314667885745959,0.1278027833213812,117.9082,43.29849495424583,2,R,LH
474,-27.908199999999997,0.0719253903540105,28.774827840257668,73.57265721162172,0.0234798123161218,0.2485494881525848,117.9082,46.619288474603614,2,R,LH
475,-27.908199999999997,0.0609157249805385,37.06704842663145,79.7703938792222,0.0237916842041996,0.3244282845565435,117.9082,48.48875166528926,2,R,LH
476,-45.452,0.0673304006675541,14.248600443297084,41.95217463273602,0.0434009039672002,0.2274974335008916,147.452,50.67578927106367,2,R,LH
477,-45.452,0.0409997242645259,,,,,147.452,52.798352914699066,2,R,LH
478,,,,,,,172.0346,66.90873260929826,2,R,LH
479,0.0,0.0533834592069346,6.6418950422530925,13.98740051165598,0.0391159807648198,0.0955766381523447,0.0,1.3742679858622922,0,L,LH
480,0.0,0.0453204531071266,5.750651249245045,16.49932771827118,0.0386315198289246,0.0817267714622429,0.0,3.656369017153836,0,L,LH
481,0.0,0.0467144180999832,6.292998935804833,37.11196943252621,0.0313117437016466,0.0724887197970777,0.0,5.382470148558102,0,L,LH
482,0.0,0.035335574274185,4.576005296829528,26.944409292621373,0.0395867972205011,0.0666411377470085,0.0,5.98336888877978,0,L,LH
483,-0.0025000000000003,0.0030467116350484,0.3721768384903158,11.82888711756274,0.0776256219939099,0.010628205757427,6.0025,7.597737254040819,0,L,LH
484,-0.0025000000000003,0.0107646735200547,1.24488364584669,20.96637202936062,0.0575019065680914,0.0263339813930187,6.0025,8.559359650040404,0,L,LH
485,0.0,0.0075163088549782,0.998899963956042,24.25032596609825,0.0418969899289083,0.0153960863408993,0.0,9.037783435455442,0,L,LH
486,-0.0025000000000003,0.0320599758989921,4.224414702622687,45.72744904980186,0.0327327514965667,0.0508691612590363,6.0025,9.718497606308375,1,L,LH
487,-0.0030000000000001,0.0133733732651356,1.2688951200550205,17.30900606438817,0.050289215641649,0.0234750273687614,24.003,11.59260379076162,1,L,LH
488,-0.0007000000000019,0.0124553493368135,1.1220349204098878,10.014613301829058,0.1513610677900251,0.0624778497479093,36.0007,13.205778301745603,1,L,LH
489,-0.0007000000000019,0.033803725208592,3.3075335553684835,26.56188139875156,0.042519420993183,0.0517365087819152,36.0007,14.443364800615644,1,L,LH
490,,,,,,,6.0025,19.21254953870726,1,L,LH
491,-10.750500000000002,0.1034535523829636,6.486736814915281,21.153467524586983,0.0716149397073504,0.1708973885761336,76.7505,20.81567812852433,1,L,LH
492,-27.911500000000004,0.0565377162011795,2.453938864078852,14.415632378099144,0.0766373009291422,0.0691846037519732,117.9115,33.00861354896317,2,L,LH
493,0.0,0.0862635371453778,15.572839053134798,61.63773867810696,0.0191653295323331,0.1097967801140428,0.0,5.39207482169833,0,R,LH
494,0.0,0.1406054133975811,27.88684212522211,80.55376566388196,0.0160837654295531,0.1650032835511087,0.0,6.465865875343916,0,R,LH
495,0.0,0.1154634665810468,21.647765648632795,75.06027633567957,0.019763280281296,0.1573901776845092,0.0,7.427268076374639,0,R,LH
496,-0.0036999999999984,0.0208119950875179,2.3361390549374645,34.35756821962292,0.0542560403521213,0.0466285921885834,18.0037,8.716381546011817,1,R,LH
497,-0.0025000000000003,0.0585604349347997,21.08584159191221,120.43323279218278,0.0127809650751631,0.0991425547362859,6.0025,9.327014242155744,1,R,LH
498,-0.0025000000000003,0.1006429082061952,24.821869056051643,96.23750548911724,0.016922146045857,0.1545238204883856,6.0025,10.650051750467584,1,R,LH
499,-0.0038999999999997,0.0479844819431417,7.637043654427621,65.92944429418706,0.0218160040014372,0.0612923108927939,12.0039,11.343311748159646,1,R,LH
500,-0.0007000000000019,0.0331637950245483,3.658993974989387,42.91421759921201,0.0375788064980457,0.0505836536609556,36.0007,12.927906028598647,1,R,LH
501,-0.0036999999999984,0.0814575536669332,14.424322863103487,72.32977230305457,0.0225511487433216,0.1196656825653511,18.0037,14.21538888145534,1,R,LH
502,-0.0030000000000001,0.0390663722089719,8.095289295124058,83.01455482844058,0.0201987440753324,0.0601536878833065,24.003,15.601908876839468,1,R,LH
503,-3.1449,0.0802140693785842,8.82378283129896,42.33461756926111,0.0316372645004363,0.102697354043847,45.1449,17.159456536623907,1,R,LH
504,-0.0007000000000019,0.1536378978369294,15.01195635575364,49.27619305915577,0.0659331257258599,0.3641216283876357,36.0007,18.093985132494574,1,R,LH
505,-0.0007000000000019,0.0446762394999182,4.819913081448465,37.80651870943621,0.0337188107096529,0.059788405723358,36.0007,19.640065848477683,1,R,LH
506,-0.0007000000000019,0.0851177569891256,8.388534665916792,39.40667037740209,0.04722986750502,0.1457499280187263,36.0007,21.559103337038028,1,R,LH
507,-3.1449,0.098630143923487,9.269276551036397,42.84629689763719,0.0525457975977301,0.1791799232989218,45.1449,22.984674042825716,1,R,LH
508,-3.1449,0.1463411294569986,12.869850083745916,44.36762726288144,0.0670955583427811,0.3176674942665278,45.1449,24.62690843413512,1,R,LH
509,-9.7449,0.0833652333448526,5.534900015389631,26.86468030715438,0.1020856183942362,0.2078642784223841,69.7449,25.68530418717564,2,R,LH
510,-9.7449,0.1594583189611935,10.287282861787972,28.6649813679552,0.0909359088045671,0.344145116364424,69.7449,27.916920791815787,2,R,LH
511,-10.750500000000002,0.1433823563370493,8.071311265837801,22.68530243936269,0.1042728044755982,0.3096140557145612,76.7505,30.74065717028549,2,R,LH
512,-11.2209,0.1151740147498472,5.569090750553855,19.03140793057305,0.1349967067318432,0.2765750419785313,83.2209,33.715162395081826,2,R,LH
513,-27.911500000000004,0.0651080068279278,3.210647837933819,16.15237404314554,0.0490725276875996,0.057961100012744,117.9115,35.22882310536187,2,R,LH
514,-16.138199999999998,0.1516492053003521,5.427940732329158,8.020459830195596,0.231913588985996,0.4630915024551865,100.1382,36.69137122425335,2,R,LH
515,-16.138199999999998,0.1433559122201442,5.515124516482153,10.474224105329586,0.1195439261686924,0.2425427823954646,100.1382,40.36193913834453,2,R,LH
516,-16.138199999999998,0.1516777746096424,6.778204209321329,13.387725017686469,0.0696580516024908,0.1736966688449608,100.1382,43.20714520538249,2,R,LH
517,-16.138199999999998,0.1020318502609388,6.401662419224641,24.283425234091744,0.0452157539678873,0.1064849089239656,100.1382,45.51738553426578,2,R,LH
518,-27.911500000000004,0.1420681276633213,7.698904480402026,18.890874565512345,0.0474840711197728,0.1344876473308829,117.9115,47.66430443719993,2,R,LH
519,-27.911500000000004,0.1203481979383738,8.158832553139515,25.56005267821688,0.0394063776825936,0.1182769327565695,117.9115,49.8810598926965,2,R,LH
520,-27.911500000000004,0.1142540641312181,10.663891573478333,35.39154838917712,0.0325048327868854,0.1275173195157208,117.9115,52.15082186526363,2,R,LH
521,-45.4519,0.078742549784798,4.796601237790231,23.050611683351896,0.064107365698497,0.1131219973004778,147.4519,54.65012493771095,2,R,LH
522,-50.8886,0.0754299584705506,4.438390599140002,23.8844742219404,0.061485244761977,0.1003926559344589,146.8886,57.924780136934174,2,R,LH
523,-45.4519,0.0590442756556669,17.331211434054733,46.03007033518535,0.0416347923237033,0.2654549580622826,147.4519,59.899818420155576,2,R,LH
524,-45.4519,0.0357520559655528,,,,,147.4519,62.0452111862596,2,R,LH
525,,,,,,,165.4485,63.67924110415328,2,R,LH
526,,,,,,,153.451,65.40678392793312,2,R,LH
527,,,,,,,159.4499,67.79920987756239,2,R,LH
528,,,,,,,172.0367,69.43752576262347,2,R,LH
529,,,,,,,165.4485,72.52113357070404,2,R,LH
530,0.0,0.0253575023856245,3.171936759894824,4.497956209852362,0.0562461708873935,0.0656331124952512,0.0,4.495090572087592,0,L,LH
531,0.0,0.0275698166874499,3.408018168992625,13.551810215885864,0.0415852125049823,0.0521370368203285,0.0,6.763578293047697,0,L,LH
532,0.0,0.1010996586846885,20.687737499248037,81.84868181272775,0.0185007265903625,0.1408015060247627,0.0,7.212704236186143,0,L,LH
533,0.0,0.0062585670757105,0.8182730908242095,19.966220231595862,0.0477453627730223,0.0143725882871209,0.0,8.515934108027778,0,L,LH
534,0.0016000000000033,0.0341428534875612,2.845304348939666,22.79234191186109,0.0659327519503455,0.0690137217921312,35.9984,12.79046782301696,1,L,LH
535,-3.142800000000001,0.0287082340092283,2.6279999222737374,22.25220401682484,0.0503961310028778,0.0487223315006814,45.1428,13.447284768712128,1,L,LH
536,-5.261299999999999,0.0283376809273514,2.6164441246417547,27.342125502188946,0.0422589473188086,0.0406757582191254,53.2613,15.380625712824743,1,L,LH
537,-9.7491,0.0235258199243202,1.7182023389180132,21.012552653580407,0.0671671707913059,0.0424557853949787,69.7491,17.85038102050105,1,L,LH
538,-16.141199999999998,0.0857450249565018,3.38896707734854,11.712701530765,0.1118671087001303,0.1394682274861198,100.1412,18.998477836540776,1,L,LH
539,-10.749200000000002,0.0465077334718958,2.6861872987950823,16.912023468845383,0.1544962673486901,0.1526721426448123,76.7492,21.37992493107762,1,L,LH
540,-16.141199999999998,0.0926893742178933,3.637986030369465,10.722381240667616,0.0924883094601523,0.1237808288551386,100.1412,23.14122855790695,1,L,LH
541,-16.141199999999998,0.0774165990177116,3.8111370252708543,15.513651695831149,0.0630377097083048,0.0883813249024984,100.1412,28.79038071371009,2,L,LH
542,-27.910300000000007,0.0605396536554664,2.795460573427881,14.50346421100223,0.0629600747257409,0.064747666983322,117.9103,32.89736314830919,2,L,LH
543,-27.910300000000007,0.0498352728996928,,,,,117.9103,34.13805797701688,2,L,LH
544,,,,,,,159.4491,38.97666013436984,2,L,LH
545,-16.141199999999998,0.0415862020871911,1.617745154005826,6.732779973546472,0.1134981136553593,0.0675467206646657,100.1412,1.6181441215794208,0,R,LH
546,0.0,0.1703348290489772,47.6904079366993,105.58651911317172,0.0115705997333212,0.2029983114985423,0.0,3.539838483311517,0,R,LH
547,0.0,0.0504663344071846,6.386571301529137,32.83635102783802,0.0321365129296229,0.0755043605334693,0.0,5.886116778267462,0,R,LH
548,0.0,0.1370842446744778,48.21362132202833,125.7406685371436,0.0125690490631001,0.2229347102871369,0.0,7.870314974819411,0,R,LH
549,0.0,0.1550940812617323,47.5342589989649,114.60132011516838,0.013153513522239,0.2300138683070035,0.0,8.456025724261194,0,R,LH
550,0.0,0.0818628929379685,19.4483346829848,97.6228844237636,0.0189749134324124,0.1357587219804282,0.0,10.89351034566074,0,R,LH
551,-0.0027000000000008,0.0474578079467742,7.551836619530809,65.83414425213428,0.027888858658222,0.077479863157336,12.0027,11.647639727796191,1,R,LH
552,-0.0037999999999982,0.0942918200119867,15.320226913703149,67.1687270723447,0.0251102495689958,0.1415212790775304,24.0038,13.586206981961418,1,R,LH
553,,,,,,,159.4491,14.95509713460333,1,R,LH
554,-0.0037999999999982,0.0487269058308626,14.261594508858408,94.90003420710048,0.0166351657116054,0.0872771857144303,24.0038,15.938647134603327,1,R,LH
555,0.0016000000000033,0.0650206615214925,7.628420288780987,47.571630811791735,0.0311612887669875,0.0874491397344939,35.9984,17.123512286001763,1,R,LH
556,0.0016000000000033,0.0775297046919607,9.800654902835428,54.09203890454109,0.0315565590294259,0.1137758939232884,35.9984,18.844488800949016,1,R,LH
557,-3.142800000000001,0.1661239422917406,15.980634708856137,41.35117342254284,0.0457770081007301,0.2691206028981988,45.1428,22.20354754742035,1,R,LH
558,-5.261299999999999,0.1260687795646144,9.864258115419435,39.48436710102098,0.079993212242218,0.2902839892381884,53.2613,24.181878627035157,1,R,LH
559,-9.7491,0.2459114562971969,16.296403018597946,28.991898177634106,0.0779499030235856,0.4673183706095309,69.7491,27.312804597402103,2,R,LH
560,-9.7491,0.1677573001240253,12.190719745092707,33.96734555098719,0.0639948977744117,0.2869988886788694,69.7491,30.761621866980786,2,R,LH
561,-11.220699999999994,0.1899877270058529,9.598828797770247,20.117051442638186,0.1007801047555367,0.3558758925001301,83.2207,34.40954743037781,2,R,LH
562,-15.398200000000005,0.1794769044500173,7.977567411168541,15.405763781521763,0.102142914088207,0.2997672920374841,93.3982,36.90021150970868,2,R,LH
563,-16.141199999999998,0.1677484092447919,7.006471534778485,12.51805084434618,0.0848259772287697,0.2186420806852322,100.1412,38.38302276889141,2,R,LH
564,-16.141199999999998,0.2267603469923289,9.377490674522964,11.714359778853808,0.0862347716172417,0.297491510333468,100.1412,40.96673446228056,2,R,LH
565,-27.910300000000007,0.1209464361993719,6.71647382387056,20.09610399864224,0.0479756647372785,0.1185407977264033,117.9103,42.762943669131445,2,R,LH
566,-16.141199999999998,0.1328120505905368,7.565813796649669,22.43288496943959,0.0517722538922392,0.1440980948629606,100.1412,45.69489962518822,2,R,LH
567,-16.141199999999998,0.1971886727282801,8.703836876429634,14.9684960247616,0.0763116033597044,0.2443469034254607,100.1412,46.93344629673516,2,R,LH
568,-27.910300000000007,0.1658831099761288,8.458791041722037,17.061782606470814,0.0482194130421481,0.1500499082941806,117.9103,49.58249434438564,2,R,LH
569,-27.910300000000007,0.1079183713360809,5.17564350642979,17.687790409878627,0.0595383518108926,0.1133617863708651,117.9103,51.73152711298495,2,R,LH
570,-27.910300000000007,0.1196137297941972,18.837735251535097,48.83059676083279,0.030692946350843,0.2127025944820871,117.9103,53.46205026730832,2,R,LH
571,-27.910300000000007,0.0896663344320306,104.64472817950472,99.01453636534563,0.0198113320638713,0.76266980008948,117.9103,55.44625745592575,2,R,LH
572,-27.910300000000007,0.0985948950353944,24.28477266268462,59.39192663754213,0.0281235409424589,0.2512520192376399,117.9103,56.5437270127559,2,R,LH
573,-45.45140000000001,0.0962573423496422,12.337175135278589,35.085147286985986,0.0468558564315127,0.2126596664322849,147.4514,59.0832862558827,2,R,LH
574,-45.45140000000001,0.0996088743019761,13.39817290488594,36.04603901202776,0.0454449048632695,0.2239939533235751,147.4514,60.745418152127975,2,R,LH
575,-45.45140000000001,0.0738771944514165,483.16982257388577,96.116563129057,0.0239059903310142,4.249247810054001,147.4514,63.05297814006092,2,R,LH
576,-45.45140000000001,0.04130983465847,,,,,147.4514,64.85597575913864,2,R,LH
577,,,,,,,153.4476,67.8782216658603,2,R,LH
578,,,,,,,153.4476,69.12329446865449,2,R,LH
579,,,,,,,159.4491,71.89444169653314,2,R,LH
580,,,,,,,165.4477,74.63892773606038,2,R,LH
581,,,,,,,165.4477,76.70744962723559,2,R,LH
582,,,,,,,165.4477,78.9193496822484,2,R,LH
583,0.0,0.0073479683502073,0.8855192513029553,2.7902202495955697,0.4926477260084557,0.1604870550668451,0.0,3.0692299843821647,0,L,LH
584,0.0,0.0185785895961266,2.625096240686043,27.716922359337858,0.0193731541944432,0.0187090218952366,0.0,3.765599047144205,0,L,LH
585,0.0,0.0177942839132222,2.401813884903534,33.380853755631826,0.0337390180764993,0.0298110524194928,0.0,7.187735362462416,0,L,LH
586,-16.144599999999997,0.014458298055674,0.6107918600747554,5.139260918984349,0.2445372718774678,0.0549469792219136,100.1446,8.48341053341527,1,L,LH
587,-0.0040000000000013,0.0070850340831444,0.7055796993960609,5.274386361511506,0.2023632007173805,0.0525270650144234,24.004,9.419680525725182,1,L,LH
588,-11.221999999999994,0.0041330763115736,0.2380411688040715,13.39813604916451,0.094911754264362,0.008311465235796,83.222,11.9629872659746,1,L,LH
589,-0.0001999999999995,0.0030038775869999,0.2660730471294544,14.296149373646902,0.057556502399705,0.0056337918369136,30.0002,14.70957280659822,1,L,LH
590,-0.0040000000000013,0.0126300365515158,1.4941318059879485,38.5117787338633,0.0362338743868055,0.0199163249405188,24.004,16.263616841651086,1,L,LH
591,-5.263199999999998,0.0066206013716358,0.469694621519875,4.806081809601293,0.1995070995807257,0.0344730302233666,53.2632,17.530078176085247,1,L,LH
592,-11.221999999999994,0.0242213256611522,1.2873121094104525,12.113004701569643,0.1734970669670381,0.0821639878968971,83.222,21.37810166098371,1,L,LH
593,-16.144599999999997,0.0053201367346416,0.1864377291754199,2.5283525040417887,0.6295066644099269,0.043175726587523,100.1446,24.238689711062296,2,L,LH
594,-10.750500000000002,0.0245702724405037,1.4646828884614405,20.8949066062406,0.1919041448207536,0.1034030813880411,76.7505,26.645102765383207,2,L,LH
595,-16.144599999999997,0.0387829953885155,1.518000623130893,7.622884485276662,0.346357405881979,0.1934202526207135,100.1446,28.035673248131477,2,L,LH
596,-16.144599999999997,0.0053201367579143,0.2956414141134756,20.63223262084774,0.0564640636939815,0.00614105405198,100.1446,32.349826025086855,2,L,LH
597,,,,,,,146.8864,34.62328898987148,2,L,LH
598,-16.144599999999997,0.0360426222967589,1.70837612795793,14.618417511760114,0.0610699157963774,0.0383810042029657,100.1446,36.8956954024578,2,L,LH
599,-27.910799999999995,0.0118811908729854,,,,,117.9108,39.24374145199573,2,L,LH
600,-27.910799999999995,0.0298539662712925,1.078292934975705,8.490693266669389,0.1213390360145431,0.0481329875002016,117.9108,44.79284164743106,2,L,LH
601,,,,,,,147.4523,47.32340302514909,2,L,LH
602,0.0,0.1175351618322977,20.331641011702374,66.2234569390204,0.0206663332763389,0.1545757562014522,0.0,3.337831357784112,0,R,LH
603,0.0,0.086468835472616,13.683659654077529,57.48084652108199,0.0231371458782417,0.1164709362546411,0.0,4.0638250726350895,0,R,LH
604,,,,,,,24.004,5.729702473542955,1,R,LH
605,-0.0034999999999998,0.0569664843544454,9.2602169928775,67.11715704060671,0.0221046970423611,0.0753028214481057,6.0035,6.2467905037402,1,R,LH
606,-0.0073000000000007,0.0964784080054024,15.270076774295818,62.67094446437599,0.0230886629980877,0.1297016567250154,18.0073,7.27994395863041,1,R,LH
607,-0.0073000000000007,0.0931048103456373,11.93671866130835,49.93273091702579,0.0290508306141556,0.1275701394491091,18.0073,8.419723019347668,1,R,LH
608,-0.0040000000000013,0.077386614363215,16.080099057372685,76.69789405553635,0.01917562708949,0.1134341479452248,24.004,12.0559127613348,1,R,LH
609,-0.0040000000000013,0.1410434692665057,17.978115625510984,53.98190605064403,0.0309989890663339,0.2050204669265035,24.004,11.68739660158058,1,R,LH
610,0.0003000000000028,0.1466917035259052,17.773448242871606,47.78231326197303,0.0311100996011612,0.2034129571492114,35.9997,13.511012941972574,1,R,LH
611,-3.1447999999999965,0.1278536355612102,12.152832329131844,41.11618445490841,0.0427348155939482,0.1910578377459978,45.1448,14.8283289743584,1,R,LH
612,-3.1447999999999965,0.1132650380737062,10.736576000789375,42.0554338154137,0.0503568867332105,0.1988978978977871,45.1448,16.68307696839802,1,R,LH
613,-3.1447999999999965,0.1733154114304931,16.49420515772118,40.333654516548776,0.0475260638554084,0.2883824036797716,45.1448,17.520208623515664,1,R,LH
614,-5.263199999999998,0.1678423867741788,13.520641806240288,37.797246278652885,0.0658346911192798,0.3274595252519684,53.2632,20.676327441546057,1,R,LH
615,-10.750500000000002,0.1325865849160941,7.981934829171547,22.36711172600285,0.0921408630328694,0.2705614834091387,76.7505,24.057175065774043,2,R,LH
616,-9.750200000000008,0.087856807299193,5.470798196807308,26.77816831782436,0.1012465293646613,0.2037681760890795,69.7502,25.32275506577404,2,R,LH
617,-10.750500000000002,0.1344779201890891,7.493612035747831,23.17652752702308,0.1080823650097718,0.2979556066666026,76.7505,27.590058632360915,2,R,LH
618,-10.750500000000002,0.1188964551457428,6.309161741089872,23.90659995721672,0.1226925424280972,0.284770727781091,76.7505,29.04875535659208,2,R,LH
619,-11.221999999999994,0.1408980252378645,6.752189521884318,19.508243559749065,0.1372956267277274,0.3410411983355791,83.222,31.961334167713808,2,R,LH
620,-16.144599999999997,0.1208190671201091,4.664891151148161,10.423339202380255,0.1086012423045602,0.1863724978500231,100.1446,33.6307298113876,2,R,LH
621,-16.144599999999997,0.0550268436770667,2.226733312752444,11.7071763015117,0.1000927292104095,0.0819929016055983,100.1446,35.602050894805544,2,R,LH
622,-16.144599999999997,0.1225691743946564,4.879612318535624,11.427648974667257,0.0936107617530315,0.1680415258695013,100.1446,36.256999636859454,2,R,LH
623,-27.910799999999995,0.0855506539765726,4.135718123229164,15.827010838945563,0.0508885921055931,0.0774242282140499,117.9108,39.411019727392926,2,R,LH
624,-27.910799999999995,0.1116714508283737,8.74110507276582,29.983578154433943,0.0358664200815178,0.1153346732609515,117.9108,41.58877954717132,2,R,LH
625,-27.910799999999995,0.0877612462280062,22.42211743551116,67.18598323208394,0.021974460510518,0.1812593267520572,117.9108,44.41783347167876,2,R,LH
626,-27.910799999999995,0.0581709267829838,22206.153872513503,335.11924914173625,0.0074476726666542,60.84143428262214,117.9108,46.63487913307587,2,R,LH
627,,,,,,,153.4485,50.462877701919965,2,R,LH
628,-45.45230000000001,0.0543291104480824,,,,,147.4523,52.79960276886227,2,R,LH
629,,,,,,,153.4485,54.95822099467575,2,R,LH
630,,,,,,,159.4491,58.00885348148206,2,R,LH
631,0.0,0.0531648109247037,6.9678553747252,29.2311077657129,0.0310252296538646,0.0795279249312841,0.0,3.191382675478058,0,L,LH
632,0.0,0.0425344133770164,6.297009989239919,45.042156890887576,0.0232368267328223,0.0538290505873586,0.0,5.370945799905828,0,L,LH
633,-0.0048999999999992,0.0435698059985021,5.46001112899862,43.085214629741394,0.0349117677451784,0.0701246789151912,12.0049,7.1638738021464405,1,L,LH
634,-0.0048999999999992,0.0810141788576868,12.92396010771656,67.77244405176883,0.026004558363694,0.1236376123301715,12.0049,7.7447387283556255,1,L,LH
635,0.0003000000000028,0.0251274244910229,3.6523418106334753,55.73349116981011,0.0226730555646718,0.0304640041171193,35.9997,9.592150242858835,1,L,LH
636,0.0003000000000028,0.0702106119165697,8.1003760559823,48.01170146678316,0.0349118179372259,0.1040358844063762,35.9997,9.880663607540615,1,L,LH
637,0.0003000000000028,0.0576026128979934,5.811187076194108,35.24756388467665,0.0424098460356664,0.0906644581903255,35.9997,11.736206792302845,1,L,LH
638,-5.263300000000001,0.0948329417215548,8.10975627450955,31.224586379550264,0.0555827273889177,0.1658262095848099,53.2633,13.037015140523286,1,L,LH
639,-5.263300000000001,0.0727892600076075,6.055951255499015,33.22735222989411,0.0601337150009806,0.1339694961152903,53.2633,14.79222663424484,1,L,LH
640,-16.146600000000007,0.0214242053887527,0.906786208595899,6.264620819120538,0.1606472134448058,0.0535899832298446,100.1466,16.96752530586656,1,L,LH
641,-10.751400000000004,0.069170311957413,4.003051069513913,19.869422673176064,0.1245487593403298,0.1834155086732024,76.7514,18.78676277338745,2,L,LH
642,-15.405900000000004,0.0074062499999999,0.3603316751423744,5.262375761576882,0.1692944700382349,0.0224414405241412,93.4059,21.280220237708217,2,L,LH
643,-27.915000000000006,0.0518341162172663,2.034994105701618,9.351330199381865,0.0947042633637625,0.0708986889116358,117.915,23.33541768085513,2,L,LH
644,-11.224100000000009,0.0477336409539574,2.52083702878482,23.90123471414441,0.1089408468448234,0.1010278322867229,83.2241,25.79490145903146,2,L,LH
645,-27.915000000000006,0.0444628754888794,1.5649620849606058,6.321234796552744,0.1268105280136624,0.0730070245982246,117.915,26.53587699532628,2,L,LH
646,-27.915000000000006,0.0134256856975346,0.6872150366847145,16.24229086574296,0.053975625314422,0.0136457010977255,117.915,28.13624167501535,2,L,LH
647,-27.915000000000006,0.1155337267640977,8.244861852876047,27.50512884245831,0.0393835093299783,0.119454719634866,117.915,31.923246043329208,2,L,LH
648,-27.915000000000006,0.0413625482050075,2.15310434501291,18.446276113915246,0.0649834066875842,0.05147224023202,117.915,34.61394874283328,2,L,LH
649,-27.915000000000006,0.0105075389802885,0.394981474444931,7.932094494111752,0.1484282664639381,0.0215674529857214,117.915,36.21752338081265,2,L,LH
650,,,,,,,159.4491,38.676640390868194,2,L,LH
651,0.0,0.1612888952816243,43.1122160009099,104.56379903737782,0.0157575879629946,0.249916888234901,0.0,0.2204227415671979,0,R,LH
652,-0.0023000000000017,0.0917968310743843,11.641100853014937,59.98440803136669,0.0348963072955206,0.1494441924203436,30.0023,7.897491545687755,1,R,LH
653,-3.516599999999997,0.100343272106204,16.316088100549152,60.43474321574594,0.0234896555186845,0.1409932130222389,45.5166,9.329984628149234,1,R,LH
654,-3.516599999999997,0.1936385863724493,18.045736067523748,45.48574012054758,0.0552539453061222,0.3668118968550496,45.5166,10.986224143643357,1,R,LH
655,-10.751400000000004,0.1672090261526985,9.712397175525016,21.24346656500207,0.1011806887915863,0.3615177152525649,76.7514,11.444287916496002,1,R,LH
656,-5.263300000000001,0.1443728250497959,13.120167982501886,44.25597851464294,0.0570968628757949,0.2755860059694294,53.2633,13.396908644624254,1,R,LH
657,-5.263300000000001,0.1499889650060277,11.90047008319292,39.04677773713138,0.0767332215998749,0.3359333084877304,53.2633,14.037619893719906,2,R,LH
658,-5.263300000000001,0.1466577825171754,11.137496298073447,41.44745132468135,0.0876450912099453,0.3591043683091682,53.2633,15.200131218949426,2,R,LH
659,-11.224100000000009,0.1336529630384142,7.361989577613862,20.57158281131812,0.1182731943764992,0.3203222032369205,83.2241,17.066079966780066,2,R,LH
660,-11.224100000000009,0.1445065921930577,7.321066541167342,20.023900034787623,0.0992708421574977,0.2673631679481725,83.2241,16.397081605122196,2,R,LH
661,-15.405900000000004,0.2149345192201623,8.028338496713575,15.933993794063875,0.1373746011997025,0.4057304830336371,93.4059,19.538497601664613,2,R,LH
662,-16.146600000000007,0.1051663215803664,4.343614128576545,12.296665410993947,0.0803272086692161,0.1283569624134653,100.1466,20.95146483367943,2,R,LH
663,,,,,,,93.4059,22.83574783437204,2,R,LH
664,-16.146600000000007,0.1871125696962546,6.852158057933574,13.215263278031728,0.1719873668377518,0.4335402640013027,100.1466,22.97071766396369,2,R,LH
665,-16.146600000000007,0.1186666112768121,6.271174193533045,20.267513371057017,0.0567139779253123,0.1308411920552924,100.1466,24.419913772708696,2,R,LH
666,,,,,,,117.915,26.185946183953245,2,R,LH
667,-16.146600000000007,0.1121359895572298,6.544126584311675,21.940051726351072,0.0518145245505548,0.1247408579988837,100.1466,28.50109367117032,2,R,LH
668,-27.915000000000006,0.1762775054782061,4.309166942929014,8.627443086455445,0.1731728137453945,0.2745228830186033,117.915,30.090843312801454,2,R,LH
669,-27.915000000000006,0.151573477343889,10.56547318059072,26.595359974512107,0.0389464898827208,0.1513780101923066,117.915,32.30880737209233,2,R,LH
670,-27.915000000000006,0.1322568435158495,12.09268555916286,34.941175046899495,0.0325735456122578,0.1449083169052342,117.915,33.586237372092334,2,R,LH
671,-27.915000000000006,0.071423579970538,416.57432248674377,146.48921399230863,0.0147404853103037,2.2589665342929304,117.915,36.32786283107043,2,R,LH
672,-27.915000000000006,0.0831525799869273,44.0405593619894,80.25847794656134,0.0224068673447195,0.3630274687046524,117.915,37.722311297848606,2,R,LH
673,-27.915000000000006,0.0628408499338042,16353.397986670798,270.9721150226846,0.009296525017948,55.928628120848366,117.915,38.8529855314849,2,R,LH
674,-45.45419999999999,0.0944759915921971,10.991696090302836,33.4388397744314,0.0487188895990247,0.1970006283833581,147.4542,41.47218476543984,2,R,LH
675,,,,,,,153.4506,45.1555120497606,2,R,LH
676,-45.45419999999999,0.0490441708330133,5.608618994874463,30.08829242993779,0.0730555055856176,0.1507351048069687,147.4542,46.12246268428213,2,R,LH
677,,,,,,,153.4506,49.33462478813191,2,R,LH
678,0.0,0.0264470665801946,3.2769002552997617,5.429384885815328,0.0275690487295472,0.0332346049899608,0.0,0.7248731689408412,0,L,LH
679,0.0,0.0566257288110967,6.711064192182112,20.157199600345344,0.030992056191518,0.0765151267140314,0.0,3.6469318480653072,0,L,LH
680,0.0,0.0092408755002819,1.129760377768678,5.440948365797645,0.0349181439557408,0.0145125259247978,0.0,5.009665269354759,0,L,LH
681,0.0,0.015094067367273,1.8206510263476556,6.296414300150601,0.0849160998241416,0.0568751123153059,0.0,6.687533025764661,0,L,LH
682,0.0,0.0345682604269373,10.917191649044629,115.34878470414414,0.0154670178341461,0.0621187973103902,0.0,8.853353295508116,0,L,LH
683,-8.579900000000002,0.0045706826190415,0.4102886976850848,5.582614531886506,0.1544732826408269,0.0233156993871284,44.5799,9.57533290810116,1,L,LH
684,-15.411699999999996,0.0503501695504776,2.3742520783127365,14.36283479252596,0.1228756786204607,0.1073243518329733,93.4117,16.56537904429679,1,L,LH
685,0.0,0.1299420166703647,30.96073917627125,91.34383642426468,0.0147850798673875,0.1683993898947638,0.0,1.457517484324922,0,R,LH
686,0.0,0.1013789754107577,15.97473775486637,60.3480868870552,0.0248616728948641,0.1461065223203392,0.0,3.09821317208456,0,R,LH
687,0.0,0.079370774028374,15.2369717616302,74.31486528482756,0.0179237965631197,0.1004694874660141,0.0,4.764319296787146,0,R,LH
688,-0.0056000000000002,0.1173654386958434,24.6431093098176,93.0815825358461,0.023852523455824,0.2162396616432064,6.0056,9.121713410716822,1,R,LH
689,-0.0062999999999995,0.1216384849045834,18.45869245279421,75.02980516980998,0.0332532919114333,0.2258089216540506,12.0063,10.818896822215756,1,R,LH
690,-0.0054000000000016,0.0555158027703179,6.178235221422359,56.89403755505024,0.045806499702295,0.1041111068278091,30.0054,12.039929764976982,1,R,LH
691,-0.0054000000000016,0.1136844762622975,14.868788714774457,58.138470543149,0.0321674263830278,0.1759533030680775,30.0054,14.404736524637467,1,R,LH
692,-0.0054000000000016,0.1506437456861539,18.228697683003396,56.80595805674891,0.0375606088477868,0.2518800575818085,30.0054,16.18321676136325,1,R,LH
693,-50.88919999999999,0.0967921939667815,6.920453111272672,27.692111524266103,0.0595666551394941,0.1516502959966828,146.8892,16.565762790489156,1,R,LH
694,-3.525199999999998,0.120828472775421,10.911541226217484,44.92491942903549,0.0579388573461688,0.2325742032756923,45.5252,17.873184616244213,1,R,LH
695,-3.525199999999998,0.1260088552411109,11.565639656484215,44.07075586662899,0.0542416473451443,0.2307852486081855,45.5252,19.879039229338343,1,R,LH
696,-5.2672000000000025,0.0780701189708136,6.661401998791929,38.27145611357252,0.0566251375763613,0.1387651569767039,53.2672,20.82914356045152,1,R,LH
697,-5.2672000000000025,0.0771713863671314,8.971884220336843,48.47146910506322,0.0307650824117828,0.1015423619941975,53.2672,21.957392453648403,1,R,LH
698,-11.228899999999996,0.0997655077417231,5.006652525106379,19.59507196472901,0.0981907112579248,0.1808520247292259,83.2289,24.213890240042176,1,R,LH
699,-5.2672000000000025,0.0858885424214497,6.948994119942678,44.4545675189167,0.0670235333817338,0.1713384294782544,53.2672,25.163994571155342,1,R,LH
700,-16.156000000000006,0.0387445951025535,1.5161996810342595,7.467740077152033,0.1194621723944518,0.0666334541855826,100.156,26.404906497300058,2,R,LH
701,-11.228899999999996,0.1401804670794562,7.0561225897182345,18.930118099484908,0.1033034427411056,0.26815532822599,83.2289,29.022966497300057,2,R,LH
702,-10.757400000000004,0.1187354153793463,6.884267719800192,26.150202025062796,0.0851278306574303,0.215593089177138,76.7574,30.16595482574504,2,R,LH
703,-10.757400000000004,0.1318362644592161,7.39685606897615,26.41140362480593,0.0954590395393568,0.2597584873514023,76.7574,31.75787910426434,2,R,LH
704,-11.228899999999996,0.1492415011861039,7.420470238391685,21.069703883011904,0.0995810932136754,0.2718402966029024,83.2289,33.36209451572522,2,R,LH
705,-15.411699999999996,0.0767780428638134,3.4947361516822,15.684845179605448,0.0876653657311253,0.1127062395309763,93.4117,35.34405077174967,2,R,LH
706,-16.156000000000006,0.0998114744802305,4.226312915251469,13.925059495677091,0.0775427791288345,0.120561468456148,100.156,37.83131054428573,2,R,LH
707,-16.156000000000006,0.1846553417265533,7.357356235709206,11.399978057868577,0.0983813932988373,0.2662810566170351,100.156,39.50653876393234,2,R,LH
708,,,,,,,153.4522,42.07528851949774,2,R,LH
709,-16.156000000000006,0.1402267303516971,6.929061474044152,17.322675371917892,0.0601487105796365,0.1533226278553519,100.156,43.70063481537783,2,R,LH
710,-16.156000000000006,0.1188677973127153,11.723991824190444,38.35494967803678,0.0298947731242684,0.1289366216650304,100.156,45.862193012330266,2,R,LH
711,-27.920199999999998,0.1084072479754424,18.514161593198395,55.53168578109951,0.0236724546959128,0.1612326017704536,117.9202,48.43477630824123,2,R,LH
712,-27.920199999999998,0.0974883408539837,61.01600769696647,99.44139350250056,0.016627342472121,0.3732262216659708,117.9202,50.2550892959396,2,R,LH
713,-27.920199999999998,0.0755258460996777,214.72822965102435,145.08957743655552,0.0135476815657742,1.070186927653351,117.9202,52.50662867464093,2,R,LH
714,-45.455900000000014,0.0878459166502827,49.02568412225408,65.63787349380395,0.0275744311133658,0.4973197905608907,147.4559,54.40299457651048,2,R,LH
715,-45.455900000000014,0.0746239902043504,13.76155506197123,38.38435809933302,0.0495825608800396,0.2510163348481828,147.4559,57.276640124825335,2,R,LH
716,-45.455900000000014,0.0548632744128031,,,,,147.4559,59.441394150056496,2,R,LH
717,,,,,,,153.4522,62.90700615899124,2,R,LH
718,,,,,,,165.4505,65.50202646102386,2,R,LH
719,,,,,,,165.4505,68.33236839432932,2,R,LH
720,0.0,0.009216893212128,1.0824240738648685,3.0406207485861088,0.4459191245660524,0.1775656925539111,0.0,3.5564176980365287,0,L,LH
721,0.0,0.0610749535452675,13.35965632889186,84.80818249156981,0.016085823363589,0.0790576862394848,0.0,4.813583523486006,0,L,LH
722,-0.0054999999999996,0.0085191464417421,1.0503591578236742,21.86139766166676,0.0287115233587702,0.0110942916879404,6.0055,6.465081351219891,1,L,LH
723,-8.576799999999999,0.0123038094470668,1.3308225749255298,35.877987897093305,0.0379520324256175,0.0185806420024333,44.5768,7.625776601920952,1,L,LH
724,-5.264899999999997,0.014316788079677,1.1384681364710594,31.51926259496598,0.1189259510648159,0.0498084504959377,53.2649,11.382624414434645,1,L,LH
725,-10.758399999999996,0.0225660986375721,1.33284322154744,14.2866444805902,0.105861857212344,0.0519067807203352,76.7584,14.007168866800454,1,L,LH
726,-3.5238999999999976,0.0219172897552066,1.868216212759072,23.19260967021457,0.0551070253342161,0.0378738646921939,45.5239,17.356517040094158,1,L,LH
727,,,,,,,172.057,22.07058674775847,1,L,LH
728,,,,,,,159.448,23.06793482077644,1,L,LH
729,-9.761700000000005,0.1140131904837381,8.349917659134837,29.25025866936589,0.0550746397705653,0.1691762430135606,69.7617,24.791308771673695,1,L,LH
730,-16.154600000000002,0.0191623918452673,0.9078202904047902,14.695848455452658,0.0665493921549396,0.0222253954243618,100.1546,27.389446037436823,2,L,LH
731,,,,,,,172.057,34.59291888292212,2,L,LH
732,,,,,,,153.4495,38.2106299982018,2,L,LH
733,-27.9183,0.1143186291576334,9.87011291923481,33.00211137697087,0.034770322891511,0.1262514466250236,117.9183,7.059599766984904,1,R,LH
734,-0.0055000000000013,0.1226413636260223,15.487503195762091,57.072697600379605,0.0359585276711646,0.2048749347442628,30.0055,7.604157140416523,1,R,LH
735,-45.455900000000014,0.0649720304045625,188.26007687681627,110.0143271690782,0.0182643301962161,1.2649329333126649,147.4559,9.73719371417704,1,R,LH
736,-0.0055000000000013,0.1402386622862535,16.506738556984985,55.34438114058322,0.0398576327563652,0.2420350666077208,30.0055,10.086236062610578,1,R,LH
737,-0.0055000000000013,0.1518095878236599,17.58864410510683,55.93882814813188,0.0423770127639187,0.2742004850044068,30.0055,11.41689277620007,1,R,LH
738,-0.0055000000000013,0.1435383101493171,19.205567980973942,59.149569511385664,0.0278247536163946,0.1965911670889751,30.0055,12.45650155992595,1,R,LH
739,-5.264899999999997,0.156586949980798,13.21532538018801,36.867677760246686,0.0582156042776854,0.283023689699609,53.2649,14.299444403803642,1,R,LH
740,-10.758399999999996,0.231480997294582,11.4603036457959,22.99037610378469,0.0998729357242555,0.4210653058170452,76.7584,16.500528561487382,1,R,LH
741,-10.758399999999996,0.1441321202297823,8.329583594455585,19.927286521216583,0.1077405162674776,0.3301473847796344,76.7584,16.75078779348493,1,R,LH
742,-10.758399999999996,0.1136865502043842,6.881547980256397,24.572363347258143,0.0821014736559234,0.2078464507608749,76.7584,18.18696572732957,2,R,LH
743,-11.4623,0.1795508300090827,9.215359526298744,20.858918804710104,0.1095548573521762,0.3714064479197131,83.4623,19.34134911045287,2,R,LH
744,-11.4623,0.1582981523983024,8.40778272170087,18.9672276705545,0.0865858881556396,0.2678145167864367,83.4623,19.89631767698134,2,R,LH
745,-11.4623,0.1574645994690073,8.002894151880122,20.12166444367916,0.1066413272179279,0.3139627558136209,83.4623,22.027690255195655,2,R,LH
746,-16.154600000000002,0.0563931082949089,2.508216129233422,14.080528970380538,0.0851666592152303,0.0785850775589605,100.1546,23.89216423187017,2,R,LH
747,-11.4623,0.1393349944261498,6.87727255261814,20.3999766748146,0.1204595421215307,0.3047635068814695,83.4623,25.260099013008144,2,R,LH
748,-16.154600000000002,0.0890829409886087,3.634676702330321,12.568931860445572,0.0933493624360662,0.1248195640612071,100.1546,27.264485801085115,2,R,LH
749,-16.154600000000002,0.1211102578136011,5.270076446276333,14.815461918653147,0.077663141942754,0.1505696321887067,100.1546,28.84974841783609,2,R,LH
750,-16.154600000000002,0.094265335603308,4.564811526125472,17.90958714075804,0.0635264498359068,0.1066799871112584,100.1546,30.110181487798734,2,R,LH
751,-16.154600000000002,0.1152850982252542,7.103318070206525,23.06098703970118,0.0470446473423035,0.1229354109181961,100.1546,32.773529426586656,2,R,LH
752,-27.9183,0.1126096494628099,5.052466761517098,13.594090093789609,0.0611110896302279,0.1135870997202124,117.9183,34.0371151024314,2,R,LH
753,-27.9183,0.0560261556762805,13.133385385348166,62.42417610363802,0.0242461874990673,0.1171455149413917,117.9183,34.89626398370867,2,R,LH
754,-27.9183,0.0588618945306957,3.04645537755137,19.39280380443481,0.0548104242080408,0.0614275936462096,117.9183,36.14691149618879,2,R,LH
755,-27.9183,0.1118496162362872,10.149339396520617,34.26622380031911,0.0363186968780802,0.1356043281442785,117.9183,37.768455259000405,2,R,LH
756,-27.9183,0.0561010264228073,291.6402557772313,139.71155474070997,0.0154680251560374,1.6595405103497576,117.9183,40.79768450338497,2,R,LH
757,-27.9183,0.0621535159052065,32.12528575661939,76.21894505321514,0.0244365212898553,0.2887964820701972,117.9183,42.648702696183456,2,R,LH
758,-45.455900000000014,0.0616154800356464,60.81587297217639,66.04619203018157,0.0312178626609316,0.6984344118307705,147.4559,44.89579797862305,2,R,LH
759,,,,,,,153.4495,47.22303057364663,2,R,LH
760,,,,,,,159.448,49.41905363632248,2,R,LH
761,,,,,,,165.4462,51.43388843973729,2,R,LH
762,,,,,,,165.4462,53.57206915791375,2,R,LH
763,,,,,,,165.4462,55.116357380082064,2,R,LH
764,0.0,0.0324364039896853,4.524811329267386,29.20829181696606,0.0270561863073982,0.045037323594914,0.0,3.580350402954388,0,L,LH
765,0.0,0.0134756417221778,1.7156172018877005,19.9665897820432,0.0353387220285944,0.0223036915342047,0.0,4.153410100026576,0,L,LH
766,0.0,0.0450736480745263,4.701935533698519,32.8897792415118,0.0324381308609013,0.0561097081784551,0.0,5.390081863268543,0,L,LH
767,-0.0076,0.0075368696336242,0.9054489925196916,25.553278723712413,0.0409225450561992,0.013631138907139,6.0076,6.344030064007715,1,L,LH
768,-3.0503,0.0264995393715417,3.035089082355505,29.065939295993143,0.0418962512941384,0.0467791284785753,21.0503,7.483603352567957,1,L,LH
769,-0.0095999999999989,0.0175634788182843,1.761438366974283,23.55388144136222,0.0473318738302514,0.030670910452524,30.0096,8.589659779699955,1,L,LH
770,-0.0095999999999989,0.0183590454185646,1.883979372783321,25.410953100885987,0.0472077911534327,0.0327186474325762,30.0096,9.708245059742696,1,L,LH
771,-0.0095999999999989,0.0275501324336485,2.909437113847921,32.64758754620562,0.0447201952289149,0.0478650132504058,30.0096,11.781901009990952,1,L,LH
772,-3.526299999999999,0.080140751671482,8.077378278052587,39.24638278086973,0.0412076794313903,0.1224486774120674,45.5263,14.93179773253492,1,L,LH
773,-11.495199999999995,0.0437331083286841,2.522556452031392,17.403451432670874,0.0680391136374109,0.0631400700617728,83.4952,17.500872136199803,1,L,LH
774,-10.758499999999998,0.0742426479173028,4.258222757952253,21.57274436158683,0.1067045942866234,0.1671540923433015,76.7585,20.057573164530744,1,L,LH
775,-15.415300000000002,0.0696854175807024,3.142182284846891,10.566772133745124,0.1649934497180805,0.1907232316355603,93.4153,20.259459874282975,1,L,LH
776,-16.155299999999997,0.0809165818925314,3.155489027520982,12.009241599831446,0.1071262948841012,0.1243564388823459,100.1553,24.923312868098847,2,L,LH
777,-27.918800000000005,0.0761735798816989,2.987555066412381,10.720194216537609,0.0707148966718072,0.0777199205802912,117.9188,29.954068721836293,2,L,LH
778,-45.45830000000001,0.1003169504436898,6.991355419892559,25.54001009231288,0.0531801727175414,0.1367781239115941,147.4583,32.115765095678846,2,L,LH
779,-3.0503,0.0817547971857834,12.485266375766429,65.02642415810789,0.0277890581686783,0.1276371676899668,21.0503,3.366929057051858,1,R,LH
780,-0.0095999999999989,0.1405516061197658,19.458062788750134,60.32896169358068,0.0303310519997769,0.2171163814147526,30.0096,4.041292973346318,1,R,LH
781,-0.0106999999999999,0.1277042913929697,18.372431141612484,66.83541062812864,0.0341171083522741,0.2305920664261738,24.0107,5.802132088115181,1,R,LH
782,-0.0095999999999989,0.2391080640018246,32.06647151196011,61.79289808687113,0.0336842192690476,0.3973591134977523,30.0096,8.100865690896011,1,R,LH
783,-5.2667,0.1314534402527484,10.236585035312512,38.462238518360735,0.0876161929769282,0.3299476163540819,53.2667,10.172102157131237,1,R,LH
784,-3.526299999999999,0.2201770386197846,21.5640225519585,47.28218608324889,0.0486552305375016,0.3859800251750213,45.5263,12.116486036127355,1,R,LH
785,-5.2667,0.2395029756869524,19.40110888216934,40.43079826047956,0.0704955868195907,0.5031459730482132,53.2667,12.688363647596804,1,R,LH
786,-5.2667,0.2236602016489241,18.209940312232163,41.33427163867763,0.0641539068193355,0.4297710420405017,53.2667,14.262023099695618,1,R,LH
787,-5.2667,0.211735241474724,22.96646123775488,51.035356699037386,0.0433926682657413,0.3666198343726738,53.2667,15.535449435413549,1,R,LH
788,-9.767399999999997,0.2168727505990396,13.686474146198428,29.00161425375939,0.1374392798953014,0.692002989265288,69.7674,16.754192905026795,2,R,LH
789,-10.758499999999998,0.1994969070102312,11.259207218853016,24.766959886495123,0.1018556069808965,0.4218890673488693,76.7585,17.831237182730348,2,R,LH
790,-11.495199999999995,0.2267385963671644,12.921155879490383,22.638525983307968,0.0708912651741411,0.3369764967779782,83.4952,19.991261938992785,2,R,LH
791,-15.415300000000002,0.2151274647995951,9.91842326362586,16.00728676975888,0.093454284450757,0.3409944985385691,93.4153,20.967141872606668,2,R,LH
792,-11.495199999999995,0.2343050504505739,12.239329326057405,22.39751825175431,0.0864032055178839,0.3890388686297082,83.4952,22.6843813799678,2,R,LH
793,-15.415300000000002,0.1634427514559012,7.565588768232535,16.781046942778204,0.1066324375361098,0.2967820199165211,93.4153,24.5837659484735,2,R,LH
794,-16.155299999999997,0.2039640449969095,8.505117026464463,11.72466754237556,0.1019349096036244,0.3189398266891162,100.1553,25.600635609633088,2,R,LH
795,-16.155299999999997,0.1627221219578661,6.931993739055901,13.714889309400334,0.0822319432882073,0.2097028019892242,100.1553,28.53757223369104,2,R,LH
796,-16.155299999999997,0.1974614122376093,8.75184477380139,16.051370360935724,0.07774247990676,0.2503015358271518,100.1553,30.31334646505786,2,R,LH
797,-27.918800000000005,0.1863251413742676,14.247889617384358,29.317386009108716,0.0374722843304279,0.1964111907976222,117.9188,33.606048544878504,2,R,LH
798,-27.918800000000005,0.1230667451869062,27.122984687859937,61.970464891876574,0.0231348778748692,0.2308395442246333,117.9188,35.4868358205398,2,R,LH
799,-27.918800000000005,0.1138039013716838,,,,,117.9188,37.54988100252201,2,R,LH
800,-27.918800000000005,0.084867449489692,11.543281273897447,44.44476975905357,0.0342548100414455,0.1454642793666785,117.9188,38.26647676025436,2,R,LH
801,-27.918800000000005,0.0619042094330133,505930947336.1927,809.9662976708119,0.0042169579034037,784866927.5603894,117.9188,39.88510520553092,2,R,LH
802,-45.45830000000001,0.0780728966045752,42.63478864106295,54.11052035756512,0.0378484878343298,0.5936331775117143,147.4583,42.33661432385577,2,R,LH
803,-45.45830000000001,0.0475446507116877,708500497.3361295,437.9861694061646,0.0072659610744657,1893820.199578883,147.4583,43.6447818097688,2,R,LH
804,-45.45830000000001,0.0445823456616701,,,,,147.4583,45.768002334757085,2,R,LH
805,,,,,,,159.4505,47.93837372553256,2,R,LH
806,0.0,0.0356308398682864,6.821328858472526,53.89946289525135,0.0132021132147903,0.0331297347177286,0.0,1.8578500060698209,0,L,LH
807,0.0,0.0775630049993843,10.82096973456566,37.379373468344575,0.0254803162273068,0.1014323562171449,0.0,3.437966431545348,0,L,LH
808,0.0,0.0861107481399686,13.202774208771364,48.27800757071882,0.020065186695855,0.097457197641789,0.0,4.351479149259228,0,L,LH
809,-3.051200000000001,0.0077815322110433,0.8379059276957711,9.878971781980963,0.1101430401536733,0.0339514119812638,21.0512,7.229969549867638,1,L,LH
810,-0.0084999999999997,0.0454715386863177,7.440863252355845,61.23598787879424,0.0204507569044768,0.0559806874843613,6.0085,7.915202404473441,1,L,LH
811,-0.0120000000000004,0.0391262672379267,4.2328099947088855,30.112012879123032,0.0344830915756197,0.0536958210666801,24.012,11.05550039689987,1,L,LH
812,-0.0118000000000009,0.0696950672649156,7.621794101554181,38.328708872696126,0.0388980642861309,0.1090663351511179,30.0118,12.418456309510958,1,L,LH
813,-0.0118000000000009,0.0623753015036782,6.85790299000967,42.50291148466145,0.0415401969286846,0.1048009951507901,30.0118,14.16656110126548,1,L,LH
814,-5.550699999999999,0.0541972600228253,4.533029236291003,25.35338303704885,0.0634175639794928,0.1057556536646389,53.5507,16.852056972601435,1,L,LH
815,-14.986800000000002,0.0128495734979329,1.2710129764192095,30.658036817539365,0.0272536214012618,0.0127432358531627,68.9868,17.892359038614984,1,L,LH
816,-27.918800000000005,0.0262592180598698,1.830003354378768,27.13307759662949,0.038404642298952,0.0258547967672064,117.9188,19.26338150319396,1,L,LH
817,-16.155199999999994,0.0145888134262838,0.651945543092955,14.557668994320483,0.1452116002768619,0.0348271671519663,100.1552,21.68734085333912,2,L,LH
818,-16.155199999999994,0.1259470252258656,4.98030439767373,9.290445762455713,0.1113355938411515,0.2039836862460406,100.1552,25.021239623245044,2,L,LH
819,-27.918800000000005,0.0584969044066133,2.081487618597857,7.9289632762958755,0.0861418129140224,0.0659619304911276,117.9188,26.45439657033544,2,L,LH
820,-45.458,0.0242072523055717,1808356499.9341557,815.9724492689521,0.0038956318306747,2591597.0406735097,147.458,29.1620081936743,2,L,LH
821,,,,,,,153.4527,31.414366266495765,2,L,LH
822,,,,,,,153.4527,35.02374236339056,2,L,LH
823,,,,,,,159.4523,38.432745798477406,2,L,LH
824,0.0,0.1714220968616643,63.9528403934838,123.15388552856756,0.0138715393901547,0.3263548081522458,0.0,6.531670629826472,0,R,LH
825,0.0,0.1138229536448953,20.58664652460369,74.06075905937254,0.0184138863683207,0.1394558010284508,0.0,8.30721478372113,0,R,LH
826,-0.0118000000000009,0.2284155405876212,46.329758256611264,76.56170735865726,0.0165262111465228,0.2816688686581689,30.0118,9.442753034887494,1,R,LH
827,-3.051200000000001,0.1905037143450872,117.1757271061842,134.4539640113354,0.0137740283509493,0.5937507179373793,21.0512,10.450425470250394,1,R,LH
828,-3.5261,0.1059977743428783,11.281675559054731,43.15755479916277,0.0358828330287375,0.1489243963343698,45.5261,10.488345470250394,1,R,LH
829,-0.0084999999999997,0.2369597035509804,52.3967647961348,96.10341589142952,0.0208319181402064,0.40154964934725,6.0085,11.411258124529748,1,R,LH
830,-0.0118000000000009,0.218682772097126,24.32836923758957,54.54533235273806,0.0430106959142863,0.3849417232655455,30.0118,19.391931490002847,1,R,LH
831,-5.550699999999999,0.160495666900536,12.59506852921503,40.070474192939685,0.0849893052306754,0.3937951217654096,53.5507,22.395202753830787,1,R,LH
832,-14.986800000000002,0.2205540442733217,17.142223924900605,34.701193678470375,0.0697320509190801,0.4397492633334035,68.9868,24.28625082084132,1,R,LH
833,-9.7693,0.2059725845469932,13.707513796785609,31.57126389437699,0.0772076353457935,0.3893359090435471,69.7693,26.652569257427423,2,R,LH
834,-9.7693,0.1540009299447152,9.54187466499045,29.34498159946924,0.1083260937407606,0.3802527017620895,69.7693,27.74890483269624,2,R,LH
835,-11.496300000000003,0.1884352664414983,12.18998956571879,26.110077534983937,0.0531570120155269,0.238379779105316,83.4963,29.009744832696235,2,R,LH
836,-11.496300000000003,0.1653787827457375,8.479489305391187,22.1643951802343,0.1001119362309628,0.312292155921773,83.4963,32.26490050371813,2,R,LH
837,-11.496300000000003,0.2219098595976075,11.338601182292091,20.978054760113768,0.1014845141507779,0.4233160888937922,83.4963,33.229031911132004,2,R,LH
838,-27.918800000000005,0.1625495226250265,9.86837159193786,22.007012941314688,0.0411862817630229,0.14952148400233,117.9188,36.667733763733786,2,R,LH
839,-16.155199999999994,0.1648070710054191,6.503034190531675,14.094386722507522,0.1714044894914781,0.4100565452426205,100.1552,38.55778904369865,2,R,LH
840,-16.155199999999994,0.2661841087778804,11.439621520202046,14.020217748156195,0.0810274485859697,0.3409960420095896,100.1552,40.37300637572807,2,R,LH
841,-45.458,0.0483165827779754,1.4428749559837069,11.048570248200932,0.1241166634637204,0.0658816254654436,147.458,43.53841035575009,2,R,LH
842,-27.918800000000005,0.1674379417943557,11.035545957643835,24.949851720167903,0.0401402737783358,0.1629594957357105,117.9188,45.250711648696935,2,R,LH
843,-27.918800000000005,0.1520687873228646,9.742465169124072,24.63010463183172,0.042855795534342,0.1535974272119963,117.9188,47.49500187665583,2,R,LH
844,-27.918800000000005,0.1054209324255887,124.8777740597157,105.04988391727326,0.0181349762243903,0.833120186368436,117.9188,49.99628252373877,2,R,LH
845,-27.918800000000005,0.0985531275702129,9151.733236969138,216.5560246353104,0.0114186636653089,38.443609008275416,117.9188,52.46088650379792,2,R,LH
846,-27.918800000000005,0.0633394080517042,40.9733056928844,83.72642458605917,0.0222859343909767,0.3359211664122028,117.9188,53.443445411144666,2,R,LH
847,-50.89099999999999,0.0374243735313408,1.0610240957623078,12.82642033921344,0.2878913405751926,0.1123723250891733,146.891,55.25700598661044,2,R,LH
848,,,,,,,153.4527,57.94660195416677,2,R,LH
849,,,,,,,153.4527,59.73986778034308,2,R,LH
850,,,,,,,165.4465,61.33677634064104,2,R,LH
851,0.0,0.0947116646638147,14.08067172838802,39.76579101712102,0.021638333377558,0.112086342868847,0.0,0.4805382398935601,0,L,LH
852,0.0,0.0792127435127132,12.94112247113728,63.87626406898362,0.0209396080998832,0.0996887188374514,0.0,2.0397198631747555,0,L,LH
853,-10.7624,0.0180570184034836,1.1316844309353404,12.520117362207197,0.1051337340890942,0.0437696374191527,76.7624,4.316604890032133,1,L,LH
854,-0.0120000000000004,0.0161833516941061,1.6972989744321954,21.69319927939837,0.0460597521678723,0.0287597736550548,24.012,5.383826576784791,1,L,LH
855,-0.0120000000000004,0.0273639601400703,2.949587736122418,35.86352100849004,0.0442266542300534,0.0479900191219844,30.012,6.718985266440466,1,L,LH
856,-5.5505,0.0195863036721941,1.5734061535960866,11.649858078178331,0.0761697011357118,0.0440888340678209,53.5505,9.18042115631316,1,L,LH
857,-0.0120000000000004,0.0239252259675802,2.348611962222563,26.236623474971967,0.0423736584790821,0.0366110975488961,30.012,10.774439785956398,1,L,LH
858,-9.770300000000006,0.0231610578913995,1.545355781757208,20.430065675277756,0.1231625087026297,0.0700184553811429,69.7703,12.322033453557813,1,L,LH
859,-27.9213,0.0174705032724292,1.013714565877681,21.21976003698615,0.0542079346028888,0.0202154803515146,117.9213,13.663281298812374,1,L,LH
860,-3.5261,0.0495942114623371,4.185745061920174,22.90102213365027,0.0554805713073708,0.0854317329980402,45.5261,14.849769777306792,1,L,LH
861,-14.9867,0.0263678207036417,2.4239181027509016,32.04830076544606,0.0391624953918147,0.0349215745531915,68.9867,16.745097758965336,1,L,LH
862,-9.770300000000006,0.1042184987099801,6.162227191638492,22.336800128414527,0.0898839192980785,0.2037629526823746,69.7703,18.88445509985068,1,L,LH
863,-10.7624,0.0512504567171211,3.1270495081515626,28.292438153179383,0.1514088094167677,0.1741772461043586,76.7624,20.32901858119159,1,L,LH
864,,,,,,,147.4589,22.991296098808306,1,L,LH
865,-16.1571,0.0549858212762202,2.1865631193210477,7.026854067337704,0.3330123521179273,0.2678723448746274,100.1571,24.34608534109379,2,L,LH
866,-10.7624,0.0270933733106459,1.6562439942663312,18.99279946417062,0.0700765536795151,0.0426975120664269,76.7624,27.88188136831974,2,L,LH
867,-27.9213,0.0470790476612703,2.7725508022068426,22.28974073179971,0.0486819112799087,0.0496538183638551,117.9213,31.97832456610754,2,L,LH
868,,,,,,,172.0599,34.74396546316062,2,L,LH
869,-45.4589,0.0158935726189563,,,,,147.4589,38.2279841325376,2,L,LH
870,-45.4589,0.061572246885528,18.986402893576614,47.84469976836012,0.0393741671474644,0.2750170321686536,147.4589,41.48790690487765,2,L,LH
871,,,,,,,172.0599,44.27311230793222,2,L,LH
872,0.0,0.1835920855506268,49.87552834582415,105.7164973340415,0.0148303461914366,0.2721098835688766,0.0,1.3460855533609144,0,R,LH
873,-0.0114,0.1800167681714685,59.120377879181824,119.69319684757626,0.0143524134368478,0.3121531023682355,12.0114,5.902843899892263,1,R,LH
874,-0.0120000000000004,0.1431321457801254,21.261767489390223,66.99153595062322,0.029716682237654,0.2324369687050686,30.012,7.560071480996952,1,R,LH
875,-0.0120000000000004,0.1661270864305296,26.05056209752193,67.78974969200122,0.0264601301719341,0.2535797638551841,24.012,8.935071029311459,1,R,LH
876,-9.770300000000006,0.0816990474019739,5.526423539157898,28.53236450254725,0.2179725917019367,0.4431508348623705,69.7703,10.190502355433988,1,R,LH
877,-0.0120000000000004,0.1594435358662586,23.516539332111847,60.889882814115126,0.0266808869851164,0.230823059490049,30.012,12.104533273083607,1,R,LH
878,-8.581800000000001,0.2183191169316901,27.8972470489078,52.9654241624235,0.0295928103002483,0.3037057935547061,44.5818,13.87685042564406,1,R,LH
879,-8.581800000000001,0.2260092095310651,26.060816277924378,51.59276954385498,0.0369208374359919,0.3539688751816985,44.5818,15.260636398979532,1,R,LH
880,-8.581800000000001,0.1663543081875209,18.59490721186204,48.00851458969864,0.0367638589858431,0.2514899446534827,44.5818,16.554175461010516,1,R,LH
881,-5.5505,0.2356441653548975,19.979331668084637,41.23493865003833,0.0629294840550092,0.4625307870851685,53.5505,18.236448484662304,1,R,LH
882,-5.5505,0.2194553646452152,18.104386785588776,38.816116443905656,0.0661446856781947,0.4405389319061456,53.5505,19.888120096242524,1,R,LH
883,-5.5505,0.1903887689097917,16.47085234740567,36.70660902316434,0.0483281259629389,0.2928340316403593,53.5505,20.524940463379128,1,R,LH
884,-5.5505,0.2254075066120304,18.5968975399586,40.14557937837096,0.0640110277551768,0.4379260870331805,53.5505,22.462187637017987,1,R,LH
885,-5.5505,0.2100653285422112,16.510273807986547,40.346661957055616,0.0777588300888547,0.4722908280939634,53.5505,23.601813548783973,2,R,LH
886,-9.770300000000006,0.2548728132448555,16.425739600195346,28.6743865453998,0.0886788137171893,0.5358587497892069,69.7703,25.6899364803122,2,R,LH
887,-9.770300000000006,0.1615120302998645,10.635638995180749,31.365619221235256,0.0815733414763543,0.3191665420744584,69.7703,27.54134254025596,2,R,LH
888,-10.7624,0.2605416817937724,15.549080350859889,25.89621885667773,0.0822800704129538,0.4706573883292634,76.7624,28.835362540255964,2,R,LH
889,-10.7624,0.2094164511743049,11.800744763095787,25.376966856060207,0.1072624111441755,0.4656530913515349,76.7624,31.43192811926678,2,R,LH
890,-11.496300000000003,0.2427925858825208,12.47098060681046,22.286882339793213,0.0989209579881776,0.4538312899575278,83.4963,34.80341649461469,2,R,LH
891,-16.1571,0.1897511701423305,8.642920152947685,14.180849957619634,0.0672621701243089,0.2138636103188534,100.1571,37.757736576118056,2,R,LH
892,-16.1571,0.231230858696008,9.492839383385713,11.380537728751618,0.0949614860558987,0.3316264433284644,100.1571,38.31316945021307,2,R,LH
893,-16.1571,0.2528192229836336,11.118109791531596,14.370192331289076,0.0786877249555305,0.3218425536830279,100.1571,41.95422573263316,2,R,LH
894,-16.1571,0.2258171096810589,11.548998285631146,19.196743080999063,0.0610110361392638,0.2592138697319605,100.1571,44.743338790012906,2,R,LH
895,-27.9213,0.1666016142987016,16.932695185663878,37.7260118006694,0.0323297124088584,0.2013879355437196,117.9213,46.771086426299696,2,R,LH
896,-27.9213,0.1494147095102993,13.217787219401012,33.4331584596624,0.0350994577145665,0.170672944479235,117.9213,48.85033890380711,2,R,LH
897,-27.9213,0.1496782402728473,17.504792016669256,41.64414815485959,0.0310221108471437,0.1997716324378143,117.9213,49.52654614016296,2,R,LH
898,-27.9213,0.1559521189976997,22.42589841112414,47.8671562262401,0.0283543592552023,0.2339242287214021,117.9213,51.10192495626415,2,R,LH
899,-27.9213,0.1517944507729337,83.1673631215428,85.53103012709967,0.0202716289522398,0.6202219021166928,117.9213,54.819001715558045,2,R,LH
900,-45.4589,0.1242957858873209,25.792644432911743,45.11698112747168,0.0365028544531261,0.3463603868586129,147.4589,56.647159277170495,2,R,LH
901,-27.9213,0.0784615836855217,,,,,117.9213,58.722966225518434,2,R,LH
902,-45.4589,0.0953441890280447,26.92781217658084,44.7852861839904,0.0434347828215381,0.4302731458908328,147.4589,60.689584286430176,2,R,LH
903,-45.4589,0.058883123407494,1792070080.974768,421.33893415088,0.007657559922473,5048366.908340334,147.4589,61.85932275027584,2,R,LH
904,-45.4589,0.052718293400732,,,,,147.4589,63.17866208545986,2,R,LH
905,-45.4589,0.071168612449152,288.95694978019264,85.76860828100068,0.0264754889980537,2.81437946011415,147.4589,64.40341405630174,2,R,LH
906,,,,,,,153.4528,67.11441923384807,2,R,LH
907,,,,,,,153.4528,69.32967520690738,2,R,LH
908,,,,,,,165.4463,73.09249293203038,2,R,LH
909,,,,,,,165.4463,74.34916444479231,2,R,LH
910,,,,,,,165.4463,76.07767692324126,2,R,LH
911,0.0,0.055332614505082,7.264236335718282,23.449104272662943,0.0272944463826246,0.0729406741788708,0.0,4.197967630536162,0,L,LH
912,-10.758700000000005,0.0211459826050848,0.4611938658883426,3.2227655015497825,0.3816960233226161,0.0647599754916349,76.7587,6.401089229343288,0,L,LH
913,0.0,0.0637406307059747,9.101613478376851,37.12607112890687,0.0243537875245397,0.0815437010475591,0.0,7.658976636864327,0,L,LH
914,-5.548499999999997,0.0108890209155864,0.913701599545232,19.43367846589246,0.0543827027306321,0.018279768474463,53.5485,9.220311070325645,0,L,LH
915,0.0,0.0257574855598207,3.389315971808413,17.503750470589903,0.0223808945226022,0.0279058346616755,0.0,10.092035889290894,0,L,LH
916,-5.548499999999997,0.0110334609493851,0.9369834657680264,19.968689393663155,0.0524260948996696,0.018071115210163,53.5485,11.661140563428344,1,L,LH
917,-8.578699999999998,0.0122652478968024,1.3218530212414852,29.4347685618602,0.0328034090394645,0.0159517254215017,44.5787,13.230245237565798,1,L,LH
918,-0.0072000000000009,0.013613678099816,2.1587520722543694,54.89497141477575,0.016905649889905,0.0134257994702954,30.0072,14.712177429806724,1,L,LH
919,-3.520899999999997,0.0165836773972762,1.5769353945074591,21.54324452215563,0.0397009250600602,0.023031384482082,45.5209,17.888397576160017,1,L,LH
920,-3.520899999999997,0.0352786530581217,3.3574547674513373,27.12758960778826,0.0413352149390427,0.0510547188329576,45.5209,20.595933540020887,1,L,LH
921,-9.768500000000005,0.0416899596777457,2.558405792346492,22.60516168138683,0.0980281313736438,0.0922625963553623,69.7685,21.12682294469949,1,L,LH
922,-5.548499999999997,0.0267183569891802,2.414723933362491,26.42665027364255,0.0463138993637521,0.041141900766188,53.5485,23.233478448974537,1,L,LH
923,-5.548499999999997,0.0375833257831009,3.029769352735081,28.83980740717077,0.0919225435335734,0.1024559345935653,53.5485,26.64027812045438,1,L,LH
924,-9.768500000000005,0.046792528553062,3.236959583005219,24.656192101813648,0.0723130909909462,0.0861112156985449,69.7685,28.145692012049643,1,L,LH
925,-9.768500000000005,0.022219439740332,1.5345395160564566,21.545197964469825,0.0745234070494288,0.0420703665790744,69.7685,30.37664744271405,2,L,LH
926,-16.1562,0.0400666353766819,1.5862985131525285,8.664090489045003,0.1064979152081361,0.0621486274086152,100.1562,33.71791271831032,2,L,LH
927,-16.1562,0.0430503426209065,1.7494810756167547,11.177980746023058,0.0912302834101477,0.0587156389297885,100.1562,35.55189514131324,2,L,LH
928,-16.1562,0.021121519117177,0.8987784171497802,10.26690201188272,0.0996431229477726,0.0329462116051552,100.1562,36.99592459963464,2,L,LH
929,-16.1562,0.0434477637427803,3.054096008854496,26.62333338977648,0.0392949804669452,0.0441494482859215,100.1562,39.224532414029945,2,L,LH
930,-27.919200000000004,0.036880520032336,1.7313720164884008,14.974014344003994,0.0722796359956812,0.0460375145118164,117.9192,40.9854684535572,2,L,LH
931,,,,,,,159.4489,42.94670292968083,2,L,LH
932,-45.45509999999999,0.0362733925912135,4.482421051796833,33.27834208780133,0.0531707434051396,0.0876780534982251,147.4551,45.14387607981817,2,L,LH
933,-45.45509999999999,0.0278874475185403,46837295.93840453,542.4685817251741,0.005583062671717,96198.83996579963,147.4551,47.89920245796273,2,L,LH
934,-27.919200000000004,0.0202425721062249,,,,,117.9192,52.428533871345934,2,L,LH
935,0.0,0.1894824803831709,39.077407055567775,89.68267054079851,0.0229717074595038,0.3302360902237039,0.0,2.7731720924789194,0,R,LH
936,-0.0084999999999997,0.2673528327337185,48.40675276006613,80.39940505240067,0.0248464500088934,0.4424618337781639,6.0085,4.19447863652425,1,R,LH
937,-3.048300000000001,0.1570382775696218,26.969977280660824,73.1807913068694,0.0235872879021076,0.2340259983979926,21.0483,6.146759193423743,1,R,LH
938,-0.0097000000000004,0.2161419558972402,44.796629007598575,87.60109506036869,0.0225746051547463,0.3720240489866591,12.0097,7.757194910936628,1,R,LH
939,-5.548499999999997,0.2325387782247975,22.15067126284459,38.908454981393966,0.0435658491212962,0.3550083703865139,53.5485,11.211074910936633,1,R,LH
940,-0.0072000000000009,0.0961398002768804,11.762230161896367,43.8383496952753,0.0280690783880063,0.121457222343719,30.0072,11.654264910936632,1,R,LH
941,-0.0072000000000009,0.1589140534619722,17.58577459197179,53.350305330317376,0.0462369577663813,0.2991274519754426,30.0072,15.446428921552831,1,R,LH
942,-5.548499999999997,0.1163858261909208,185.24784633619493,217.34379783223727,0.0080733621903207,0.5501905441853361,53.5485,18.415611570643804,1,R,LH
943,-27.919200000000004,0.1683050985244899,7.000331361080182,11.019663210592377,0.0603968003512559,0.155538550558414,117.9192,18.5145352179684,1,R,LH
944,-3.520899999999997,0.161202603463733,17.7465435353715,52.00032312336141,0.0397690407008015,0.2596357025116937,45.5209,18.76184433627987,1,R,LH
945,-5.548499999999997,0.1801900562338685,14.308114081269828,38.3488890652778,0.0790851617965195,0.4162774828104371,53.5485,20.732500753440576,1,R,LH
946,-5.548499999999997,0.2249156486141014,17.997935518922233,41.4190460773837,0.0757959122657933,0.5018500757631023,53.5485,22.054125586209587,1,R,LH
947,-9.768500000000005,0.1946481414205493,12.947944758152294,28.428575919633836,0.077477504230526,0.3690472541418,69.7685,23.38370687134813,2,R,LH
948,-9.768500000000005,0.1546302491399973,9.935214634149265,30.01928025553305,0.080963706256282,0.2959192055844974,69.7685,24.75738867479363,2,R,LH
949,-11.493099999999998,0.1693878774349619,8.96835559308089,21.091000408076397,0.0834462543156978,0.2753120275383963,83.4931,26.569364896128533,2,R,LH
950,-11.493099999999998,0.1404474152706112,7.061936781107528,18.31763813084661,0.1603958608297882,0.4166990402806762,83.4931,28.155453689500323,2,R,LH
951,-11.493099999999998,0.1451580876993713,7.354510392788583,20.671305521776706,0.1173028578904652,0.3173714654702614,83.4931,29.761965793289026,2,R,LH
952,-16.1562,0.1463308425430885,6.454324722698076,14.440178844007663,0.0783615544285905,0.1860627226957615,100.1562,31.861604785644992,2,R,LH
953,-16.1562,0.1807711276618842,7.2013575250276025,10.448609642145067,0.105850020967545,0.28042119733077,100.1562,32.98664302226795,2,R,LH
954,-16.1562,0.1697076962174437,7.8067334084168545,15.591249054151737,0.0780338587625687,0.224108304669339,100.1562,36.09360982888332,2,R,LH
955,-16.1562,0.1714904112552309,9.911619029816372,22.81425515865427,0.0533013718403216,0.1943517724750924,100.1562,39.485039206584105,2,R,LH
956,-27.919200000000004,0.1196536544997847,12.394773461572084,38.12876829382058,0.0317053238942881,0.1445693758024513,117.9192,40.62224531076579,2,R,LH
957,-27.919200000000004,0.1300409032231245,10.278003017889793,30.37817216810064,0.0370579985432302,0.1401187385636878,117.9192,42.56176037183734,2,R,LH
958,-27.919200000000004,0.1397185515130753,18.426928088132225,45.21551745657031,0.0296741060553484,0.2011574416739153,117.9192,45.33150037183734,2,R,LH
959,-45.45509999999999,0.1164167308117802,6.435036171769744,21.366195518719845,0.0627602447068204,0.148573426275838,147.4551,47.378718287497925,2,R,LH
960,-45.45509999999999,0.1035762459482508,11.766836948752935,32.950356489895306,0.0495640752078802,0.2145518486644444,147.4551,48.87971828749792,2,R,LH
961,-45.45509999999999,0.070134767796044,17.016959576433234,43.92528786140642,0.042148370245667,0.2638567882012621,147.4551,51.69452118295501,2,R,LH
962,-45.45509999999999,0.0768642932662723,74.65397613930948,62.71794173416692,0.0337995291438798,0.9282588787555937,147.4551,53.93338986420817,2,R,LH
963,,,,,,,153.4495,55.49538059963447,2,R,LH
964,,,,,,,159.4489,56.6737954501876,2,R,LH
965,,,,,,,165.4439,58.27608730691171,2,R,LH
966,,,,,,,165.4439,59.10874730691171,2,R,LH
967,,,,,,,165.4439,60.83094730691171,2,R,LH
968,,,,,,,172.0554,62.09858954945819,2,R,LH
969,0.0,0.3188040656413099,588.759716561792,273.23433315836564,0.0065716393744838,1.423368428894937,0.0,1.6242682166437548,0,L,HL
970,0.0,0.21260033349382,132.1504810811199,179.66643962710873,0.0082511758627995,0.4011345874213548,0.0,5.185936653205793,0,L,HL
971,0.0,0.1181248723955176,27.449408774377652,88.55524152714248,0.0136729313531368,0.1380702611211651,0.0,6.028866653205792,0,L,HL
972,0.0,0.1076888093054473,29.568501169987847,104.79423865405272,0.0142315755304303,0.1548060077202696,0.0,7.651546377602419,0,L,HL
973,0.0,0.1075390053365909,27.979985668099182,101.9561143449898,0.0142841113820924,0.1470300936305217,0.0,8.149507145455452,0,L,HL
974,-0.0009999999999994,0.0878519125435241,10.287836026549018,42.96061854033911,0.0290504195130152,0.1099466395733453,12.001,10.21198254410086,1,L,HL
975,-0.0009999999999994,0.1889952680412799,67.63389453718759,119.2708959738273,0.0166921777438502,0.4153200662653692,12.001,11.40118061576544,1,L,HL
976,-0.0013000000000005,0.1859065658537883,33.992490726008384,76.18534155499965,0.0216447120584429,0.2706701219169889,24.0013,12.978582110919149,1,L,HL
977,0.0001999999999995,0.2185797775246205,26.295043547678635,52.2013638964083,0.0349189110522804,0.3377848010990613,35.9998,14.409211110048789,1,L,HL
978,-5.2620000000000005,0.1874717853839365,16.768114428868625,36.94320379245049,0.0483884459195708,0.2984911239591543,53.262,15.747833958402971,1,L,HL
979,-5.2620000000000005,0.1096729721365817,9.851031230689667,33.39191058718152,0.0436951635396325,0.1583509171685205,53.262,17.873111406713782,1,L,HL
980,-14.774299999999997,0.1240284333346273,9.435112693363967,33.87046151034965,0.0663469448192554,0.2302891829229277,68.7743,18.85108546056184,1,L,HL
981,-10.733900000000006,0.1621709373389634,9.686352452000037,21.512080582815077,0.0840723367338513,0.2995841993061329,76.7339,19.750821590102053,1,L,HL
982,-9.744,0.1432429580159313,9.067245307933296,29.37437410080314,0.0916535658183379,0.3057245043251413,69.744,20.852859601143063,2,L,HL
983,-9.744,0.1947968268206406,12.783138402563406,29.398916342864656,0.0847093897913039,0.398358934810223,69.744,21.974558838338623,2,L,HL
984,-10.733900000000006,0.1875817302734394,10.641878370791536,24.14337043241002,0.1049098217290717,0.4107144266844093,76.7339,23.529099868998312,2,L,HL
985,-11.217399999999998,0.143855502240495,7.07479274091829,19.75055385870764,0.1163745323389441,0.302884597174405,83.2174,25.547239457273765,2,L,HL
986,-15.396900000000002,0.2026090785089168,9.310005235538304,16.83609862859684,0.091834783186537,0.3145304152497911,93.3969,26.46256561163053,2,L,HL
987,-16.132099999999994,0.1451161280570413,5.723359463074993,11.7840302929987,0.105832109987076,0.2228301722986156,100.1321,27.73566556557953,2,L,HL
988,-16.132099999999994,0.2076185538982617,8.196254820388894,11.561448065918198,0.1037129725949225,0.312718844186175,100.1321,29.551192091678047,2,L,HL
989,-27.905900000000003,0.1113122464511831,6.0000782953834255,18.71894036414645,0.0472497090409027,0.1042945402906275,117.9059,30.82268852080047,2,L,HL
990,-16.132099999999994,0.1445555902393335,6.741979598937074,16.088451057506866,0.0666748763695787,0.16536940781456,100.1321,31.985007314183896,2,L,HL
991,-27.905900000000003,0.1554472405377992,8.865907604346205,20.7393026611721,0.0447516050758203,0.1459611698810986,117.9059,33.15570204580299,2,L,HL
992,-27.905900000000003,0.1414393881544093,9.324638362694625,24.99270683661732,0.0414322638906107,0.1421268660529903,117.9059,35.856330472038614,2,L,HL
993,-27.905900000000003,0.0519311893702511,30.77540467360053,90.51591342346067,0.0189405062702754,0.2144375682785745,117.9059,37.09576906281463,2,L,HL
994,-27.905900000000003,0.081729743409627,28.886408398557386,74.48009933192114,0.0215947181487912,0.2294809320972227,117.9059,37.40906415981793,2,L,HL
995,-27.905900000000003,0.1007121393517525,25.62506234156568,59.12417609765527,0.0291579920754346,0.2748704556184495,117.9059,39.41006216767195,2,L,HL
996,-27.905900000000003,0.0814701954777005,26.24597638371958,62.88401644334975,0.0292345622013095,0.2822700799787626,117.9059,41.72296858487148,2,L,HL
997,-45.4519,0.0545030901082197,238222.25880323036,245.6371210726,0.0112538471684806,986.2542083142176,147.4519,43.27748304282935,2,L,HL
998,-45.4519,0.0674817136417563,198923.13132201857,248.18579421629423,0.0109787386144015,803.4211317892468,147.4519,45.78915031805708,2,L,HL
999,,,,,,,153.4496,46.65962629860307,2,L,HL
1000,,,,,,,159.4497,48.60164189016046,2,L,HL
1001,,,,,,,159.4497,50.79660775450887,2,L,HL
1002,,,,,,,159.4497,52.85521213173669,2,L,HL
1003,0.0,0.0194426176644002,2.265475003526789,-0.5945610389639246,0.5458056844621446,0.454886289562101,0.0,0.393305766548114,0,R,HL
1004,0.0,0.0671796715800925,9.67138009806675,39.65351197642753,0.0272122510990904,0.0968185200474709,0.0,1.6786752563659986,0,R,HL
1005,0.0,0.0237141313960126,2.7997438404619177,6.410917007548954,0.0386812573731627,0.0398404650091881,0.0,2.6033087140056264,0,R,HL
1006,0.0,0.0182760890243495,2.1884799785532816,0.5164889265615313,0.378058127827108,0.3043733857235799,0.0,5.665324912043558,0,R,HL
1007,0.0,0.0161344148879346,1.9561703915445148,0.1434935717122842,0.2212264350933434,0.1592022569646011,0.0,7.635584912043558,0,R,HL
1008,0.0,0.0394841698120668,5.149149647958895,34.07386059454269,0.0365858031849676,0.0693032538487603,0.0,7.898654912043557,0,R,HL
1009,0.0,0.0626980368315548,8.911112669937236,35.338689719441795,0.0225769444209176,0.074012081224027,0.0,8.467454912043557,0,R,HL
1010,0.0,0.0622605843955822,8.292113193463079,37.530790929924585,0.0244366104350532,0.0745438304706217,0.0,9.218960599440289,0,R,HL
1011,0.0,0.0241453245233215,3.512303327333836,43.77564641217817,0.024906146068042,0.0321813355738159,0.0,10.2271949850868,0,R,HL
1012,0.0,0.0443636769435349,4.338884756102901,37.019646021535976,0.059150960802845,0.0944159650590002,0.0,11.976778183708689,0,R,HL
1013,-0.0010000000000012,0.0285413822957605,3.255901045432932,29.268466106508384,0.0400755007201127,0.0480015954654825,18.001,12.4641344167907,1,R,HL
1014,0.0001999999999995,0.0158775796627369,1.4201997853325927,13.535886495645418,0.0867620837084392,0.0453299181003557,35.9998,15.458824005771874,1,R,HL
1015,-5.2620000000000005,0.0085042244119415,0.698209578362036,15.229847248566683,0.0663476625001878,0.0170418581968094,53.262,15.156965429614097,1,R,HL
1016,-27.905900000000003,0.0286633343096005,1.1136690561157272,9.952758999278087,0.1027785197064055,0.0421079432721259,117.9059,18.90001177397052,1,R,HL
1017,-14.774299999999997,0.0198771418825389,1.481538091136955,21.33872465260995,0.068548848439038,0.0373610009833235,68.7743,19.7452157872123,1,R,HL
1018,-9.744,0.0122816593083757,0.7816899068364981,8.215237038353694,0.152553413982851,0.0438694261630131,69.744,21.754814731322107,1,R,HL
1019,-9.744,0.0370461624848223,2.479544617394174,20.95272253985902,0.1044438863392071,0.095270944123891,69.744,23.44699942065798,1,R,HL
1020,-16.132099999999994,0.0382616942070031,1.451445519887648,7.807031537570223,0.5157204563806641,0.2753725305784296,100.1321,27.13433462200494,2,R,HL
1021,-27.905900000000003,0.0394942772772294,1.3711106153123716,7.235783142813539,0.1068123364421865,0.0538765064052316,117.9059,31.574519579582613,2,R,HL
1022,,,,,,,153.4496,35.29701925731516,2,R,HL
1023,0.0,0.1319970584401067,29.43236161162903,91.05295781883476,0.0177286084275506,0.1919575846211805,0.0,0.8444210365313889,0,L,HL
1024,-0.0033999999999991,0.0942304999393729,29.631515381150795,114.77745849855268,0.0139277953650942,0.1518244643603665,12.0034,2.507032796001192,1,L,HL
1025,-0.0031999999999996,0.1093470778604257,17.724747855690325,69.48084173917331,0.0272754219535379,0.1778513072936524,18.0032,3.5072432688138777,1,L,HL
1026,-0.0027000000000008,0.1118162008988344,17.0332249532222,67.90420651764336,0.028381932455932,0.177846106708921,24.0027,5.261288174759667,1,L,HL
1027,-0.0027000000000008,0.1005463988736111,13.462434639733662,63.86829506894416,0.0365011150179515,0.1807737042060639,24.0027,6.495307623552918,1,L,HL
1028,-0.0005000000000023,0.159785255452746,17.770062412700078,50.47791106364675,0.0405716880891968,0.2652268878029951,36.0005,9.058730183905544,1,L,HL
1029,-9.7444,0.1594599282350894,10.204506589924067,29.05962165561681,0.0937926833902237,0.3521003766871261,69.7444,11.109669360020373,1,L,HL
1030,-3.142699999999998,0.2390870558283403,22.811426208209376,44.85551696899024,0.0513170949001346,0.4306456053520043,45.1427,14.209979042132789,1,L,HL
1031,-5.263100000000001,0.1564335200030444,12.24597777258492,40.65687392001208,0.0782020267327829,0.352303529058146,53.2631,16.755822390799935,1,L,HL
1032,-14.950500000000003,0.2732415742971176,19.78490047405288,34.89995973034551,0.0869325149367513,0.6327346701051068,68.9505,17.494428130298285,1,L,HL
1033,-10.7491,0.1573417525975889,8.828055600739802,24.583227025652157,0.1108753707986652,0.3600855245823185,76.7491,20.244855495287357,2,L,HL
1034,-9.7444,0.1780547671654241,11.088115679870796,29.206533635803964,0.1077609187234237,0.4395664643985164,69.7444,21.208333042044654,2,L,HL
1035,-10.7491,0.1676589085576542,9.440296192444642,24.548862512480053,0.1066170261964397,0.3702692987586901,76.7491,22.78258477506005,2,L,HL
1036,-11.220600000000005,0.1326157788737908,6.411053672866679,19.868608879125816,0.1318268004559429,0.3109128289778687,83.2206,24.711294494722104,2,L,HL
1037,-15.399100000000004,0.1844126973459383,8.24873292885836,15.62165643321966,0.0897986154582752,0.2724974241234104,93.3991,25.748009940691617,2,L,HL
1038,-16.133899999999997,0.1991026847812599,7.862913151336379,10.877129757395846,0.1018783432358772,0.2946937129472887,100.1339,28.29380622772838,2,L,HL
1039,-16.133899999999997,0.1033614764850427,4.889171774144837,17.292905153193367,0.0673355254829983,0.1211114120478497,100.1339,31.197335027715365,2,L,HL
1040,-16.133899999999997,0.1904701161743469,8.149525235427387,14.267618487931776,0.0831154705987785,0.2491837373180504,100.1339,32.46001341837609,2,L,HL
1041,-27.90900000000001,0.1362678026865698,7.127525366899522,17.77049815619577,0.0472437603851301,0.1238764491037436,117.909,33.74275279287896,2,L,HL
1042,-27.90900000000001,0.109145642410494,16.834637372887162,51.93419443681204,0.0248282712197675,0.1537643883001717,117.909,35.18747269926867,2,L,HL
1043,-16.133899999999997,0.1249536622962002,13.677110422098036,41.67500657264568,0.0313426113326415,0.1577012183304225,100.1339,37.35488014876525,2,L,HL
1044,-27.90900000000001,0.1233085773501871,18.602208044070345,50.10025611017664,0.0266612053003837,0.1824524898452344,117.909,40.20019271720151,2,L,HL
1045,-27.90900000000001,0.0959572525870974,25.69102796145263,66.22393649104892,0.0233148869831435,0.2203536833933086,117.909,41.50650126796316,2,L,HL
1046,-27.90900000000001,0.0657103630686394,324.3756523928605,155.09917124007265,0.0133824579693268,1.5969438815993775,117.909,42.25434800807213,2,L,HL
1047,,,,,,,159.4498,44.41198680614267,2,L,HL
1048,-27.90900000000001,0.0747766351582435,31.00157109128911,71.85301565423083,0.0250217988256666,0.285369628345557,117.909,45.36103164781294,2,L,HL
1049,-45.453,0.0530912594231193,1754.4846823507066,126.75070847154484,0.0192497203129431,12.42451723548459,147.453,47.71494933031881,2,L,HL
1050,,,,,,,153.4508,50.1412833671422,2,L,HL
1051,-16.133899999999997,0.0239406153058873,,,,,100.1339,51.97722535507307,2,L,HL
1052,,,,,,,165.4495,54.19330302480815,2,L,HL
1053,,,,,,,165.4495,57.57722721066722,2,L,HL
1054,,,,,,,165.4495,60.625232811313424,2,L,HL
1055,0.0,0.0443219708949188,6.57589091851108,39.86558707558856,0.0214879045679559,0.0519821436566628,0.0,0.3148167346250802,0,R,HL
1056,0.0,0.0091086247039292,1.1414596486772752,7.237653198577688,0.0623182266721928,0.0261686409329222,0.0,2.8099785737746648,0,R,HL
1057,-5.263100000000001,0.021491154326754,1.901938563701447,28.508079142047627,0.0411168036236875,0.0287687735720773,53.2631,5.74886772391776,1,R,HL
1058,-9.7444,0.0143995123567612,0.978461963886072,12.45838385992861,0.090446303369997,0.0325566932372906,69.7444,9.08413682403376,1,R,HL
1059,-10.7491,0.0432605970994551,2.576390032419421,18.823626881758496,0.1085038694357329,0.1028400678569935,76.7491,11.518099254582989,1,R,HL
1060,-15.399100000000004,0.074681783692473,3.5762313986045147,7.750266124218549,0.2280960559450744,0.3000881912347733,93.3991,16.501656992232444,1,R,HL
1061,-9.7444,0.0664119996634686,3.679367382636499,27.63130427930028,0.1760933984344447,0.2383536172423304,69.7444,16.671552916256537,1,R,HL
1062,-10.7491,0.0572150150183688,3.324927627443683,22.294665398479022,0.1135818105404749,0.1389301491432124,76.7491,19.77777987889524,1,R,HL
1063,-16.133899999999997,0.0412709429872821,1.7053711110364371,8.225540088356404,0.1286591736000444,0.0807170307104318,100.1339,22.294046061941863,2,R,HL
1064,-16.133899999999997,0.0767743191433345,2.8617245119700905,8.450141060408793,0.147157967673394,0.1549234368613588,100.1339,23.92880647081821,2,R,HL
1065,-27.90900000000001,0.0377828227432226,7.593930061109433,58.19464207194918,0.0250050782275506,0.0698554554735901,117.909,30.97131029406864,2,R,HL
1066,,,,,,,172.0356,37.54557032482901,2,R,HL
1067,0.0,0.2068808756837777,87.06824311695296,140.56615054099882,0.010297836027943,0.3298460378435965,0.0,1.2516582790144848,0,L,HL
1068,0.0,0.1595763320361616,52.13692902228748,117.8023693597302,0.0114075906384901,0.2187987784075466,0.0,3.401249815212602,0,L,HL
1069,0.0,0.1600573049316493,32.136928566053,74.85788402588665,0.0176467422870842,0.2086288810697232,0.0,4.314484348068208,0,L,HL
1070,0.0,0.0072106518041101,0.8729948524547854,0.0076493428112092,0.8988219051773305,0.2886628193877266,0.0,5.246744600358306,0,L,HL
1071,0.0,0.1508199293812177,33.21418183904178,85.24682714587274,0.0175895370213558,0.2149232927120943,0.0,6.090859706979496,0,L,HL
1072,-0.0034999999999989,0.1627800951189418,26.405131580890487,71.05908191467974,0.0269845669463574,0.2621255211332665,18.0035,6.999775644969617,1,L,HL
1073,-0.0023999999999997,0.1170965586712373,21.012058988246032,75.69013530140657,0.0229748333906413,0.1775932684371227,6.0024,9.833689968897602,1,L,HL
1074,-0.0023999999999997,0.1377265625717907,38.48097002289289,106.88276687110935,0.01743107009255,0.2467604641563642,6.0024,10.702760347865846,1,L,HL
1075,-0.0034999999999989,0.1909417727588138,26.35786381483699,56.12525058926093,0.0309465388121336,0.3000736152561432,18.0035,11.368575560104288,1,L,HL
1076,-0.0023000000000017,0.1634550684726615,30.35550730859794,74.65954221318944,0.0176985934060269,0.1976431493834886,30.0023,12.95326582058689,1,L,HL
1077,-0.0034999999999989,0.1424892511690429,20.372542622350235,63.292243452528005,0.0328701080443012,0.2463496132457314,18.0035,13.133309576379752,1,L,HL
1078,-0.0034999999999989,0.1513194379615051,25.39737696652908,73.07680621334778,0.0267759279920491,0.2501721233328537,18.0035,14.05630104446121,1,L,HL
1079,-0.0005000000000023,0.1674828426936463,20.92818819673853,50.16006832422668,0.0290476989828333,0.2236396920401611,36.0005,14.842966923789913,1,L,HL
1080,-0.0005000000000023,0.186560271179718,20.87572430013248,47.791337266729776,0.0388657864246589,0.2984795151167069,36.0005,15.992443213624291,1,L,HL
1081,-0.0005000000000023,0.2619094450046454,28.985484651238576,51.98860336604147,0.0458459835937734,0.4888632370145268,36.0005,16.498290028381486,1,L,HL
1082,-3.1447999999999965,0.1458448261316024,13.296032252408658,43.82711292533188,0.0585061711539486,0.2861733947097097,45.1448,18.209364715563712,1,L,HL
1083,-3.1447999999999965,0.1888325621839063,17.859989774264925,38.60113330145617,0.0546517137787974,0.3590794151718625,45.1448,19.195877037635768,1,L,HL
1084,-5.262900000000002,0.1781664674355365,14.987576883684332,36.86791503333399,0.058650712127437,0.3233778220086583,53.2629,22.34914827536665,1,L,HL
1085,-5.262900000000002,0.2096754738213744,17.50866174134954,39.16564272255635,0.0622013739727865,0.400643820421695,53.2629,23.418896551796013,1,L,HL
1086,-11.220799999999995,0.1727006257134265,10.052690442566796,21.747481158827263,0.0722140055986941,0.2670602570716465,83.2208,26.385816546680758,2,L,HL
1087,-10.749300000000003,0.2314074298785219,13.93006773855126,24.98145891348682,0.081186349791784,0.4160463937936771,76.7493,28.073254695572142,2,L,HL
1088,-11.220799999999995,0.2224098064529739,10.494553455725187,17.877998819969807,0.1780061198675184,0.6872336491521533,83.2208,29.410431512267657,2,L,HL
1089,-11.220799999999995,0.1385091552428247,6.778097628680279,18.515670918404115,0.1819188632567193,0.4536188274309982,83.2208,32.344204871504175,2,L,HL
1090,-27.911199999999997,0.1576703953384607,5.578550367937584,7.289532460068656,0.1034805776386643,0.2123663589318888,117.9112,34.17620375299865,2,L,HL
1091,-15.400199999999998,0.1440344692245776,6.440608127041255,15.511103674451707,0.1083106597650446,0.2566277375011548,93.4002,36.127157741278495,2,L,HL
1092,-16.137100000000004,0.1657533841387218,6.19735381638784,10.08838790899478,0.1321427886992004,0.3012695767154374,100.1371,38.31744760104533,2,L,HL
1093,-16.137100000000004,0.1889645354766139,7.580142914903263,12.12405671014942,0.0990189646376519,0.2761221795992529,100.1371,41.3129611365322,2,L,HL
1094,-16.137100000000004,0.1327272709601202,7.0123928345947,18.78748626549396,0.0533193069516893,0.1375486243181554,100.1371,43.89750756512609,2,L,HL
1095,-27.911199999999997,0.1225243236849516,7.40197103776417,22.55587108609248,0.0443690241048366,0.1208183154371586,117.9112,45.48066742228962,2,L,HL
1096,-27.911199999999997,0.1514080691927174,7.509300055857836,17.049953923799777,0.0533501558035901,0.1473807181292274,117.9112,47.440316081357714,2,L,HL
1097,-27.911199999999997,0.1127972101610503,11.135556032340354,36.61174169531271,0.0344250124624661,0.1410235138889616,117.9112,50.221173213090914,2,L,HL
1098,-45.45179999999999,0.0669989189722387,4.192952978876812,23.384205310568635,0.0712217785192565,0.1098596787414459,147.4518,52.12670258037848,2,L,HL
1099,-45.45179999999999,0.1028124037559546,8.242950618597822,27.498135607781585,0.0551734629759124,0.1673086749159107,147.4518,54.3393937224044,2,L,HL
1100,-27.911199999999997,0.0811398765906124,8460960.893361932,537.8769891916993,0.0053811793470483,16749.531832522633,117.9112,57.23600480141175,2,L,HL
1101,-45.45179999999999,0.0821587216215519,84.12549309984257,68.83580118464114,0.0295212722169716,0.9136254954090892,147.4518,59.36476040028421,2,L,HL
1102,-45.45179999999999,0.0503451199691756,,,,,147.4518,61.60827436105542,2,L,HL
1103,,,,,,,159.4499,65.6267249852859,2,L,HL
1104,,,,,,,172.0367,67.6803392540918,2,L,HL
1105,,,,,,,172.0367,68.19856510374618,2,L,HL
1106,0.0,0.0450797948219305,7.003915463005912,50.23273926301898,0.0232881519263359,0.0600041708972313,0.0,0.1310257333503624,0,R,HL
1107,0.0,0.0441797573357166,6.744667190356633,51.45284634539153,0.0248158595326642,0.0615737161018884,0.0,0.9487629256326016,0,R,HL
1108,0.0,0.0350012404319198,4.73750908767453,44.88515620599183,0.0327689891906866,0.0571108493826748,0.0,1.8358040048673785,0,R,HL
1109,0.0,0.0134157244630268,1.720613476648212,15.377365037291415,0.0350442364834525,0.0221822420843158,0.0,2.868474484388813,0,R,HL
1110,-0.0030000000000001,0.0372842938637073,3.957340115633009,27.662214007977653,0.0412142538071986,0.0600007027305061,24.003,5.649237968427785,1,R,HL
1111,-0.0023000000000017,0.0544464948064802,5.761650683079679,31.401915121961785,0.0444295195531922,0.0941724912415236,30.0023,7.4680954301834435,1,R,HL
1112,-0.0030000000000001,0.0506900061229902,6.001636428376658,44.88972346675162,0.0379469538743496,0.08378226949607,24.003,8.895302317479565,1,R,HL
1113,-5.262900000000002,0.0744257854906124,6.234422695357597,30.65815440378792,0.0661107555563389,0.1516260714884471,53.2629,13.356517944261952,1,R,HL
1114,-9.744699999999996,0.0752868935661591,5.053152528530124,19.675247692754507,0.0818975037659423,0.1522434406552233,69.7447,14.455070060821845,1,R,HL
1115,-9.744699999999996,0.0069843459381748,0.6062470628590724,25.19984770140285,0.0379348270052942,0.0084604463051808,69.7447,15.69152579706524,1,R,HL
1116,-16.137100000000004,0.0442115886052146,1.8169684816930836,9.226946676909986,0.1042538802671651,0.0696859363721775,100.1371,17.76446388054041,2,R,HL
1117,-15.400199999999998,0.0565156535776448,2.4557872107681,13.12843016967105,0.1461357701093618,0.1320239687853709,93.4002,20.857877399388247,2,R,HL
1118,-15.400199999999998,0.0648316721380504,2.9070545107850814,15.95015076964793,0.1243017540762569,0.1329339625872148,93.4002,22.21664141151438,2,R,HL
1119,-16.137100000000004,0.0364495711981525,1.5842281636381772,10.747183802605974,0.089166406456629,0.0519666249761449,100.1371,23.08643141151438,2,R,HL
1120,-27.911199999999997,0.0358549935537153,1.6030781547353476,14.089716968001891,0.0656799388388361,0.0387340540096165,117.9112,26.51805359698346,2,R,HL
1121,-27.911199999999997,0.0093102392856229,0.3705248428495395,10.993016047499989,0.0788437893444389,0.0107470764622927,117.9112,29.01899452211513,2,R,HL
1122,-45.45179999999999,0.0244701789006916,0.6779049174469977,11.035619759210798,0.1413587536512951,0.0352530753879611,147.4518,32.75669862021026,2,R,HL
1123,,,,,,,153.4509,35.940106297243375,2,R,HL
1124,-45.45179999999999,0.0093102392856229,0.2933888618124016,11.726959571618982,0.1020839159047884,0.0110180937028288,147.4518,39.95592194447281,2,R,HL
1125,-0.0009000000000014,0.1315351547029111,13.82905492831108,52.07518975995731,0.0471660225913865,0.2399536024327556,36.0009,3.4670970432419685,1,L,HL
1126,-0.0009000000000014,0.1474140280499951,17.309996419301857,54.68371707747491,0.0394139007937527,0.2509873974316114,36.0009,8.910200758682732,1,L,HL
1127,-3.144199999999998,0.1511812261166948,14.696782330489109,46.32112963182481,0.049939380512769,0.2700044555467235,45.1442,11.877948963878728,1,L,HL
1128,-5.263100000000001,0.1802770867447577,14.611049612831389,39.13919160626841,0.0649017750999825,0.3488538406940082,53.2631,14.065689581890574,1,L,HL
1129,-3.144199999999998,0.1788026632027919,17.13027980284164,47.79281316652976,0.0500581688740381,0.3154604611826737,45.1442,14.75985687736048,1,L,HL
1130,-5.263100000000001,0.1632088003696647,12.699490308511384,39.07282509338567,0.0803098832184418,0.3751982494723318,53.2631,19.17830111016358,1,L,HL
1131,-9.745900000000006,0.2210307735928866,14.290429085678202,30.46637123685005,0.0852963844948558,0.4484163198705074,69.7459,20.72996251546608,2,L,HL
1132,-9.745900000000006,0.2012628434071652,12.719343151468276,30.63144577720445,0.091649516137395,0.4288450274776653,69.7459,21.758542515466075,2,L,HL
1133,-10.750699999999997,0.1268957938183503,7.351636266718818,27.47549555234045,0.0873480106737819,0.2362340785904247,76.7507,23.736582841613263,2,L,HL
1134,-11.222300000000004,0.1612040700169884,8.10411789481548,18.889194575472395,0.1075015727529114,0.3204985628593013,83.2223,25.765328881140512,2,L,HL
1135,-15.3998,0.1586348358899362,7.096483709753138,15.196734312084414,0.1052835897549184,0.2748586521742875,93.3998,27.54135396887588,2,L,HL
1136,-16.139399999999995,0.1475994069745124,5.9616564724232735,11.509802046049847,0.0906003541467481,0.1987020558530506,100.1394,28.5389306940328,2,L,HL
1137,-16.139399999999995,0.1976268690155057,7.7496633372315324,10.559339713577996,0.1042014774255634,0.2970723494657002,100.1394,30.3519806940328,2,L,HL
1138,-16.139399999999995,0.1507940576660465,6.198356795781296,13.072573172322642,0.086046136466566,0.1962065335295309,100.1394,33.15312262587712,2,L,HL
1139,-16.139399999999995,0.1845960418849696,9.597042216189884,19.69260995687601,0.0600940726770038,0.21216540035914,100.1394,34.66725166581567,2,L,HL
1140,-27.91070000000001,0.1595911006179866,9.542374229294396,22.09123790108681,0.0435834334244506,0.1529971718088581,117.9107,37.10986942113509,2,L,HL
1141,-27.91070000000001,0.1048749834411027,16.392215856156337,51.1015834345532,0.0261701149167392,0.1578151934815355,117.9107,39.68200343539768,2,L,HL
1142,-27.91070000000001,0.1197284523914621,16.055492521312285,46.74613243762936,0.027274970445562,0.1610992206264282,117.9107,40.93315245170229,2,L,HL
1143,-27.91070000000001,0.0934638990280805,26.239634370555244,65.74184255858744,0.0242543275759718,0.2341275583841708,117.9107,43.5673472653377,2,L,HL
1144,-50.8877,0.0600581087246555,21.485346125364167,65.84771064497032,0.0268045550194587,0.2118636619279142,146.8877,44.823108288952085,2,L,HL
1145,-45.453100000000006,0.0642475345367986,1472.474964044286,144.29090953946763,0.0160161703471387,8.675851638753485,147.4531,46.23501951129055,2,L,HL
1146,-45.453100000000006,0.0529005982140573,7430.774338974377,167.83692327537722,0.0150201592069997,41.05954446450987,147.4531,47.41007191163928,2,L,HL
1147,,,,,,,153.4503,49.04969878145656,2,L,HL
1148,,,,,,,153.4503,52.31840269100907,2,L,HL
1149,,,,,,,172.0425,54.152948377492976,2,L,HL
1150,,,,,,,172.0425,58.83185351073962,2,L,HL
1151,,,,,,,172.0425,60.19267926324041,2,L,HL
1152,-10.750699999999997,0.0573284735036541,3.4274944311383906,18.87068739510866,0.1124190553404271,0.1417497192892551,76.7507,1.5972399080910775,0,R,HL
1153,0.0,0.0033764128552668,0.4254280197668357,0.7492929796941619,4.420653925560074,0.6918598454125839,0.0,3.8717298692852777,0,R,HL
1154,0.0,0.0603670737062729,9.864652456536584,57.894816549737136,0.0221240266250733,0.0802881553011121,0.0,4.891688364849705,0,R,HL
1155,-0.0029000000000003,0.0462782735555302,7.797711905197966,62.63185924996862,0.0223503625308445,0.0641146499850073,6.0029,5.7337993617905525,1,R,HL
1156,-16.139399999999995,0.0196313967413486,0.8003716734176167,7.089783386132296,0.289370878670814,0.085202443681632,100.1394,11.697940608833454,1,R,HL
1157,0.0,0.0550294668683916,20.69072017234214,129.38392312990888,0.0105704277798661,0.0804588254997625,0.0,1.2695832486122658,0,L,HL
1158,0.0,0.1521168922537415,26.010325713573845,68.63266106879843,0.0191172566314065,0.1829266069937809,0.0,2.592115695621396,0,L,HL
1159,0.0,0.0140066649138138,1.388624267625181,13.4368198039158,0.0643065643151252,0.032850771704641,0.0,3.363003508470971,0,L,HL
1160,0.0,0.0126747268259562,1.6457980763990436,19.486104430266916,0.0453715461424076,0.0274704420206331,0.0,3.9276757318907785,0,L,HL
1161,-9.397999999999996,0.0248684980341389,1.0410580352609664,7.019648905398468,0.2089522412634012,0.0800253334571887,93.398,3.9276757318907785,0,L,HL
1162,0.0,0.1525215894382379,28.907098854211057,75.75174137874323,0.0188262842545842,0.2002048699686335,0.0,5.021287801101298,0,L,HL
1163,-0.0035000000000007,0.0776437879059958,11.83250902412367,75.05424010486978,0.0330034581781469,0.1436619678768144,12.0035,10.18257562547448,1,L,HL
1164,-0.0011000000000001,0.1365629403171409,22.54012544134851,66.81702513356336,0.0268373923110771,0.222536965401148,6.0011,6.61302649792431,1,L,HL
1165,-0.0035000000000007,0.1615147095989017,46.48054337109074,109.03768211201364,0.0145710781298216,0.2491543083892313,12.0035,7.621981451748175,1,L,HL
1166,-0.0050999999999987,0.081153794909807,12.833448834426994,62.64868467029318,0.0235116337993373,0.1110022317106941,18.0051,7.304012585347705,1,L,HL
1167,-0.0050999999999987,0.1067970340970679,7.118795873720984,30.6377933427735,0.0717194434791197,0.1878230847734246,18.0051,11.633322811156823,1,L,HL
1168,0.0005999999999986,0.1185238381171572,11.327019907328784,43.06462658794134,0.0904886118408155,0.3770640324989788,35.9994,13.864988862607264,1,L,HL
1169,-0.0010000000000012,0.05169105912654,5.60986608453522,47.785746741419366,0.0435394608721219,0.0898547539582851,30.001,15.444189146682572,1,L,HL
1170,-5.262099999999997,0.1254736781030936,13.325781617746255,44.69951541379751,0.0316663533004967,0.1552373651234066,53.2621,16.94938452099461,1,L,HL
1171,-27.911,0.0804568051001761,2.7109508539254947,2.748018651805965,0.5260905368180329,0.524671715455444,117.911,18.83411475815792,1,L,HL
1172,-5.262099999999997,0.1724095226884795,15.840358633156493,35.84833653765989,0.0430752026625188,0.2510139497776054,53.2621,19.431534466570685,1,L,HL
1173,-9.749899999999997,0.0995108234444562,6.704950190628988,22.1714919685956,0.0666921228485836,0.1645036791716903,69.7499,21.359421009205345,1,L,HL
1174,-9.749899999999997,0.1365974354472818,8.560999726357162,27.180276290548196,0.1056890180721576,0.3328586628957522,69.7499,22.54703460691507,2,L,HL
1175,-9.749899999999997,0.1417988232632447,9.05022363150496,26.78410083333532,0.0911022942318895,0.3033151778118458,69.7499,23.89225398089564,2,L,HL
1176,-45.45230000000001,0.1095365808939468,5.2235698656203375,19.150609543931875,0.0716438227787839,0.1376739195351384,147.4523,24.3823921165089,2,L,HL
1177,-10.749200000000002,0.1519179943776229,8.574568483923228,23.105667963282325,0.103641039637647,0.3269260688181787,76.7492,26.67964116796682,2,L,HL
1178,-9.749899999999997,0.1294483321454334,8.019634115286753,29.826171245525813,0.1009657241130947,0.2978749874625827,69.7499,28.44043764047266,2,L,HL
1179,-15.397999999999996,0.1026027633427954,4.515062153209832,13.64806320274992,0.1208405212645743,0.2007159296080502,93.398,30.444967194294343,2,L,HL
1180,-15.397999999999996,0.1079460226505959,4.849265536860877,15.452179779457166,0.0982909348599678,0.1753456312042813,93.398,34.4039880303656,2,L,HL
1181,-16.141000000000005,0.1771924733513506,6.675162035924712,9.583664131403788,0.1248861418872748,0.3066772637080165,100.141,36.56098878021493,2,L,HL
1182,-16.141000000000005,0.1686592451469816,6.45049110028957,10.642288097989528,0.1146371356207082,0.2720342737615473,100.141,39.60621045433136,2,L,HL
1183,-27.911,0.1195549326219998,8.148922915894016,25.88789833117675,0.0384608758534483,0.1152988293289627,117.911,42.359758353546496,2,L,HL
1184,-27.911,0.0801254612467751,7.84762210523565,36.83934019679487,0.0323722413207035,0.0934579755213941,117.911,44.12820385806169,2,L,HL
1185,-27.911,0.1092665643754986,32.7002661050944,71.30636304323775,0.0215497266164349,0.259237944892908,117.911,46.324881506652815,2,L,HL
1186,-27.911,0.1115414581337901,7.510749961896753,25.722632756102907,0.0404978249431941,0.1118975354080285,117.911,48.7017868997587,2,L,HL
1187,,,,,,,159.45,51.3187724365177,2,L,HL
1188,-50.886300000000006,0.0874985166081952,,,,,146.8863,53.12923604133225,2,L,HL
1189,-45.45230000000001,0.0689871166204004,6.303570539788813,29.92436348140782,0.0507079957514261,0.1175895099632205,147.4523,55.411149779280905,2,L,HL
1190,-45.45230000000001,0.0519543434289381,149.8182683604117,107.75030950935675,0.018724405548393,1.0319967510243753,147.4523,58.20787342074824,2,L,HL
1191,,,,,,,159.45,59.79403852753202,2,L,HL
1192,,,,,,,165.4485,62.6765696830429,2,L,HL
1193,,,,,,,165.4485,63.88088769250648,2,L,HL
1194,0.0,0.0413889100481171,5.628277025096763,38.98666969803145,0.0299123665809105,0.0619343748065479,0.0,4.563864189733221,0,R,HL
1195,-3.1435999999999997,0.0137306571977704,1.1365911902248085,16.143260476241245,0.0584095787382523,0.0244227114067396,45.1436,5.286234558854002,0,R,HL
1196,0.0,0.024481106658491,3.357147192704529,43.60406540385695,0.033345649815244,0.0411827256078209,0.0,6.313911319108234,0,R,HL
1197,-0.0035000000000007,0.0668814760627718,9.2772168783618,49.85046518311814,0.0259317711121221,0.0885024731904171,12.0035,6.87378112659362,1,R,HL
1198,-14.951300000000003,0.0122927407701015,0.9310159910251756,15.883497295119716,0.0809389327021776,0.0277217173926942,68.9513,9.200521441459324,1,R,HL
1199,-0.0045999999999999,0.0888212190405476,11.427654574998169,51.09768342007237,0.0329046028292124,0.1383309232777047,24.0046,9.743206161186166,1,R,HL
1200,-0.0045999999999999,0.0510638553696867,6.280182073009297,43.405509810841394,0.0316807659193528,0.073193653469961,24.0046,10.97651166485342,1,R,HL
1201,-0.0010000000000012,0.0707715263812989,8.481448734033284,43.79748920902405,0.0322452971405837,0.1006101838846367,30.001,12.257895117457668,1,R,HL
1202,-10.749200000000002,0.0389164125038611,2.58511384526569,17.85553582724619,0.0627186457626345,0.0596460741560461,76.7492,15.77959503112843,1,R,HL
1203,-5.262099999999997,0.0454466820181189,4.422342215682439,32.88735468318535,0.0351445568817303,0.0571762853734834,53.2621,16.454376869163454,1,R,HL
1204,-9.749899999999997,0.0962065828084481,6.396634601251349,23.660345020525728,0.1009695535578291,0.2376005803368236,69.7499,18.81175078482543,1,R,HL
1205,-15.397999999999996,0.040666714862503,1.842212425520397,11.417883000503426,0.24439969153009,0.1656326227164298,93.398,23.49215940862278,2,R,HL
1206,-16.141000000000005,0.0609697540616856,2.52404067461856,11.282125707363578,0.1003473161371082,0.0931767651415489,100.141,27.753615999716654,2,R,HL
1207,-16.141000000000005,0.0734427026467526,2.8824013184568416,10.379036415084778,0.1654047084159112,0.1753912139004592,100.141,29.48847630306236,2,R,HL
1208,-27.911,0.0178019207954011,0.6791680854790811,8.15204244138421,0.0779706066879239,0.0194811101312108,117.911,32.92149397790112,2,R,HL
1209,,,,,,,153.4485,35.67874823476086,2,R,HL
1210,-27.911,0.0149497826889796,0.5299016036729922,7.519129820351055,0.1403552564988576,0.0273608404853446,117.911,37.48744861167709,2,R,HL
1211,,,,,,,172.0414,43.46125247481564,2,R,HL
1212,0.0,0.1292770951350565,25.174657143526343,78.13165677540663,0.0192402808770954,0.1781888358134689,0.0,3.297486147997112,0,L,HL
1213,0.0,0.0516411255056459,36.41389093781645,182.3117911229487,0.0092302192399009,0.1236472955876043,0.0,3.6062901705308654,0,L,HL
1214,-0.0074000000000005,0.1453751499896314,21.362682143855118,62.154456240986434,0.0295558653554547,0.2322763410566173,18.0074,6.335692999049247,1,L,HL
1215,-0.0002999999999993,0.199234655977897,24.99410193714402,51.261534827257805,0.0310826603038188,0.2857993501548259,30.0003,8.768840753039527,1,L,HL
1216,-3.143799999999999,0.0618372278473061,7.153981155844218,47.43737605068107,0.0342852554689561,0.0902320241338847,45.1438,11.359425247808325,1,L,HL
1217,-14.952600000000004,0.1069052975563403,7.633714887399085,34.05795347892189,0.0835190737938589,0.2345455097139017,68.9526,14.103418667179676,1,L,HL
1218,-5.263300000000001,0.1497910538948257,11.59309474778608,38.50550800406619,0.0868398610875002,0.3703599556645969,53.2633,16.41513861062006,1,L,HL
1219,-10.750500000000002,0.1425731439286419,8.150717010808577,24.85796924735121,0.1049187290235443,0.3145968385071382,76.7505,19.661182524538287,2,L,HL
1220,-11.221900000000003,0.1453259930102068,7.353938394864073,19.027367908815133,0.0960159976145937,0.2597581030732983,83.2219,21.04954032230323,2,L,HL
1221,-15.405,0.1267327568427189,5.8388396587442974,15.523793043593855,0.0969153008064846,0.208173006920633,93.405,23.670018216153125,2,L,HL
1222,-16.144499999999994,0.1243729528410901,5.030886307650514,10.91392986318839,0.0980190060704888,0.1814096207268834,100.1445,25.71744865071354,2,L,HL
1223,-16.144499999999994,0.1314334714765553,5.800427904074567,14.285404404442229,0.0772843463628883,0.1649138343560152,100.1445,27.508245330707894,2,L,HL
1224,-16.144499999999994,0.1162248730849565,4.835600730833737,12.065259960144704,0.0849479682068099,0.1511154777415237,100.1445,29.081677797668693,2,L,HL
1225,-27.910799999999995,0.167273994925364,7.443508825330843,13.76932873719838,0.0588602929054012,0.1611779562795666,117.9108,32.77411611366667,2,L,HL
1226,-27.910799999999995,0.1071916535342144,5.46054810227188,17.091831541246265,0.0536741444771203,0.1078218765608107,117.9108,35.18012398046444,2,L,HL
1227,-27.910799999999995,0.082135814808094,6.908700480155614,32.16897660228289,0.0384987970466418,0.0978473441778207,117.9108,37.03851379728295,2,L,HL
1228,-27.910799999999995,0.0768339201618123,33.70591040418456,79.60889384286892,0.0211966217712579,0.2628319943919949,117.9108,39.259341386235214,2,L,HL
1229,-27.910799999999995,0.064801812066248,7.636027470125914,40.90025361506569,0.0348222675169067,0.0978205381602797,117.9108,40.42305627483411,2,L,HL
1230,-50.88640000000001,0.0565685792329368,1496.8794255823957,211.3249272790405,0.0105693407343227,5.820231192196274,146.8864,43.04579835334432,2,L,HL
1231,-50.88640000000001,0.0492734214278993,36874479190178.99,1280.1604035403427,0.0027429471013472,37209072565.41847,146.8864,45.19728380040488,2,L,HL
1232,,,,,,,153.4486,47.99325872115072,2,L,HL
1233,,,,,,,159.4492,48.550249060115405,2,L,HL
1234,,,,,,,159.4492,50.447752763643656,2,L,HL
1235,0.0,0.0059009594398234,0.7448520155798943,1.6469234903264205,0.307084386828045,0.0841459564962218,0.0,0.56293390042704,0,R,HL
1236,0.0,0.0230495062095562,2.8056938969437497,8.361035235305465,0.0831423593976335,0.0858159768046136,0.0,2.166388966041749,0,R,HL
1237,0.0,0.0087957704007662,0.9946267030370431,3.067357651238744,0.1276854324633473,0.0467204464920667,0.0,2.8633950914811157,0,R,HL
1238,0.0,0.0315816449285109,4.372312683508128,37.83969915677177,0.033527656017899,0.053928696473117,0.0,3.9221469679735663,0,R,HL
1239,-0.0074000000000005,0.0124917901495363,1.3475316177609564,9.398844587226586,0.126020567859599,0.0624720725794891,18.0074,6.725733739997753,1,R,HL
1240,0.000399999999999,0.0087098897654295,0.7876178084714945,8.822506094410945,0.1566532657924506,0.0453900329986374,35.9996,7.660607870562933,1,R,HL
1241,-0.0002999999999993,0.041663688292053,5.792737553898535,59.0983334760904,0.0285945879298453,0.0609358976708343,30.0003,10.265398477920533,1,R,HL
1242,-5.263300000000001,0.0180660363131697,1.4681098095893237,18.23940218151613,0.065282498624915,0.0352582560138993,53.2633,11.266474311078063,1,R,HL
1243,-10.750500000000002,0.0080620890737298,0.4868807874408934,6.745460714926833,0.196527880557611,0.0352007831705303,76.7505,15.871343627977842,1,R,HL
1244,-11.221900000000003,0.0142632593332578,0.7370205458726885,10.498795172911256,0.1598873593878281,0.043351012268276,83.2219,18.81645188367157,1,R,HL
1245,-16.144499999999994,0.0594623991613914,3.427133751692332,21.13356409670586,0.0476909224020325,0.0601273819742227,100.1445,27.09435402510711,2,R,HL
1246,-27.910799999999995,0.0270217492061053,2.0532250223679944,28.83136416841889,0.0356420879931783,0.0269218688624795,117.9108,28.458193789375628,2,R,HL
1247,-27.910799999999995,0.0333412594231193,2.0200984685933894,22.388773824047178,0.0447806408748493,0.0332788539829937,117.9108,30.151978003579558,2,R,HL
1248,,,,,,,172.0405,41.12229354151223,2,R,HL
1249,0.0,0.0828804121978758,323.57023642353874,456.34058249595085,0.0037211961980718,0.4429519856927585,0.0,1.6283630392852926,0,L,HL
1250,0.0,0.1265146942849027,26.39192639943126,89.74543769011096,0.0189780663813989,0.1842589410331074,0.0,4.476499812923811,0,L,HL
1251,0.0,0.0939165020529276,25.252482532460288,107.16042019916628,0.0179371671339289,0.1666339358153075,0.0,4.974720312708371,0,L,HL
1252,-3.0500000000000007,0.0772934800526478,11.926927780120712,67.6028980211337,0.0274266877638965,0.1203392969717757,21.05,6.6014797329183095,1,L,HL
1253,-0.0060999999999999,0.0962327112031014,15.794718720506372,73.64653918147249,0.0277101072778514,0.161011027475702,12.0061,8.637930108652258,1,L,HL
1254,-0.0098999999999982,0.100323587856472,15.651094222447805,69.43502705205822,0.0280348904152139,0.1614169313905353,24.0099,10.205691859638344,1,L,HL
1255,-0.0052999999999983,0.09796084864764,17.1017382710181,67.67799283085772,0.0249694072460124,0.1570919773781659,30.0053,12.785825495711688,1,L,HL
1256,-3.5249999999999986,0.1276057641526247,12.536423941714888,37.88494711422348,0.0368248887557774,0.1698324331994007,45.525,14.777887915684293,1,L,HL
1257,-9.7637,0.0588793032785822,3.929082958785575,30.410185043410287,0.0814192006097995,0.1176856609512251,69.7637,15.549582059305973,1,L,HL
1258,-0.0052999999999983,0.1755604022910226,20.162885283487174,54.34043188772166,0.042309838564139,0.3138336917092959,30.0053,16.602876017373646,1,L,HL
1259,-5.266800000000004,0.1610468510442427,12.803907518095874,38.7826026500181,0.070392558177588,0.3315696685427775,53.2668,20.5469016272561,1,L,HL
1260,-5.266800000000004,0.1782408215648636,14.546855505803462,40.95109164057023,0.0658720650752202,0.3525136365500849,53.2668,21.478305883170727,2,L,HL
1261,-10.7581,0.1979587674111328,11.064284637141528,24.3934045692152,0.1445264765388474,0.5882694197810466,76.7581,24.438506350837784,2,L,HL
1262,-11.2286,0.1442390310966333,8.332375329975799,21.130451598214812,0.0605496650023466,0.1856034681988285,83.2286,26.384896385149908,2,L,HL
1263,-11.2286,0.1480988725400742,7.446592826165935,20.29600234978385,0.1036840670680386,0.2840371524148593,83.2286,28.319614949790747,2,L,HL
1264,-11.2286,0.1623559444715792,8.146432189563521,20.282671807750702,0.1153736690390797,0.3457639165475398,83.2286,30.015054943381724,2,L,HL
1265,-11.2286,0.1567182217683334,7.952662589835178,20.93988588937229,0.1045419133147039,0.3058500242261265,83.2286,31.80270234909934,2,L,HL
1266,-16.1567,0.1505356422159849,5.769438292640975,11.633382393703442,0.1346834885454801,0.2858600120360818,100.1567,34.3010884597215,2,L,HL
1267,-16.1567,0.1122522077282431,4.14519916125065,9.4995718361835,0.138717799561887,0.2115354266707644,100.1567,35.408830284113854,2,L,HL
1268,-15.4114,0.1253753588922918,6.065639575887002,19.42730613977045,0.0817266199895982,0.182366749254033,93.4114,39.14291594129554,2,L,HL
1269,-27.919300000000007,0.1209042897814746,6.250631925904505,17.584278710272567,0.0496071405435795,0.1140705769314243,117.9193,41.46212792638451,2,L,HL
1270,-27.919300000000007,0.1134401375117876,7.5174377469642195,25.131040865328725,0.0419208102153878,0.1159324532861724,117.9193,43.29588248815116,2,L,HL
1271,-27.919300000000007,0.0880499895761027,8.950274823444227,38.15630939020286,0.0317650886806997,0.1045904330105863,117.9193,45.38828424514568,2,L,HL
1272,-27.919300000000007,0.0782886300543068,24.77692867329232,68.03487281184385,0.0243259271962163,0.2217289453735669,117.9193,47.57460012970114,2,L,HL
1273,-27.919300000000007,0.0623550835667001,43.44852609408445,79.1522884236026,0.0252334006834882,0.4033261218762346,117.9193,50.847220439740646,2,L,HL
1274,-45.4572,0.0486702250780864,508352971970114.0,804.1211362966974,0.0045091862854183,843274683794.925,147.4572,53.70904522087862,2,L,HL
1275,,,,,,,153.4508,56.17744029087801,2,L,HL
1276,,,,,,,153.4508,59.52491806562272,2,L,HL
1277,0.0,0.0083051106465483,1.0794062973180347,28.59664877463407,0.0382012662819096,0.0151693937539919,0.0,3.0648222494614825,0,R,HL
1278,-0.0060999999999999,0.0227015526413869,2.9992009001418647,49.47603150114677,0.033648418800737,0.0371257928074111,12.0061,4.505298698587592,1,R,HL
1279,-0.0060999999999999,0.0140230631392884,1.536821680414506,25.894153395683347,0.038437466742533,0.0217312022659633,12.0061,6.007120327129043,1,R,HL
1280,-0.0052999999999983,0.0121206800852832,1.1834744931495549,13.193546391209017,0.0802803856204648,0.0349521479661621,30.0053,7.130626570312425,1,R,HL
1281,-3.5249999999999986,0.0188784250838666,1.7090074052997075,24.746871709500223,0.0465748440791498,0.0292820091716055,45.525,9.844003023949044,1,R,HL
1282,-10.7581,0.0420189876387558,2.481491335954941,19.97758377016322,0.1028451054638593,0.0938862319138606,76.7581,16.633034376944956,1,R,HL
1283,-16.1567,0.0434173370248238,2.2669002965971474,17.43224703517424,0.0510749357975107,0.042593739139143,100.1567,28.733473762553103,2,R,HL
1284,-45.4572,0.0186204785712458,1.225390131681262,24.060452011104548,0.0679068028608791,0.0306121040241504,147.4572,32.484361511000245,2,R,HL
1285,0.0,0.1791888424701221,54.26882058253016,112.51533944154008,0.0144444113747561,0.2883737665131169,0.0,7.953395921055335,0,L,HL
1286,-3.5238999999999976,0.1085651534131006,10.667425574283923,41.14967349534849,0.0440337265307619,0.1728027225166552,45.5239,9.644621603709329,1,L,HL
1287,-0.0062999999999995,0.106685000805889,16.48016613128841,70.41139578904532,0.0305547918684488,0.1852449738018634,12.0063,10.813850632840122,1,L,HL
1288,-5.265000000000001,0.1046131502568909,9.614085602380472,42.239587044347054,0.0487563353173341,0.172442598295609,53.265,13.467080541320671,1,L,HL
1289,-0.0045999999999999,0.1097766250164071,11.941339237412375,55.483180958404525,0.0528066020033347,0.2319779876740402,30.0046,15.57953397348752,1,L,HL
1290,-3.5238999999999976,0.1543989121792438,14.533708259567494,41.83648421122394,0.0516643621826797,0.2762313898133805,45.5239,18.225663884356017,1,L,HL
1291,-5.265000000000001,0.0814540873381454,6.99328659857129,32.49921651961799,0.0505798906523306,0.1301261950666327,53.265,19.22458197274059,1,L,HL
1292,-5.265000000000001,0.109754031984683,8.747899558215757,39.08236205483316,0.0714591626742844,0.2299679051098283,53.265,21.59128008340804,1,L,HL
1293,-9.761799999999994,0.0778525112349486,5.060693738562812,27.359888758081656,0.0923670929217593,0.1719621431098566,69.7618,22.37208036050704,1,L,HL
1294,-9.761799999999994,0.1277257474370267,8.383085200930557,29.07940070942213,0.0862703598400924,0.2660547443178145,69.7618,25.538589961270212,2,L,HL
1295,-11.226799999999995,0.1388119265945934,6.956614660550808,19.629717605636223,0.1220124567294779,0.3122537318859525,83.2268,29.974083999046726,2,L,HL
1296,-11.226799999999995,0.1473194250194006,7.286187533836338,19.957961223248866,0.1336055610494647,0.3581215027735622,83.2268,31.380029263246755,2,L,HL
1297,-16.154700000000005,0.080299084883046,3.1048018503526307,10.84567964299325,0.1340265324207075,0.1530841362729688,100.1547,33.3304150061017,2,L,HL
1298,-15.411500000000004,0.107880666747938,4.805302705111009,16.21085616918203,0.1314553368024824,0.2323830733534865,93.4115,36.28659671738134,2,L,HL
1299,-16.154700000000005,0.1534954150086616,7.053157972253591,16.344274276948664,0.0721260767952968,0.1871463835096548,100.1547,38.78238814301497,2,L,HL
1300,-27.918400000000005,0.1451016963206085,7.845760141588961,19.53386367653097,0.0503556346737441,0.1453411589966155,117.9184,43.12794829212014,2,L,HL
1301,-27.918400000000005,0.1281405760432827,8.315505135434769,24.340249023996183,0.0423725126527081,0.1296218967716865,117.9184,46.03025130774828,2,L,HL
1302,-27.918400000000005,0.0852624174812122,29.87944185087329,70.50851284186683,0.0239234285060241,0.2629671005542845,117.9184,48.96777671994932,2,L,HL
1303,-45.45599999999999,0.0722750665888461,5.181651066588093,25.54054867547316,0.06035561436695,0.1150512541727048,147.456,50.95762272342576,2,L,HL
1304,-45.45599999999999,0.08858015923632,275.5079385246128,90.9207628440398,0.0236539082340108,2.3974112718463005,147.456,53.47081638969486,2,L,HL
1305,-45.45599999999999,0.0522598124098346,745.7113987440341,111.14609015453458,0.0212791965236002,5.837562256286917,147.456,57.20845736163455,2,L,HL
1306,,,,,,,172.0572,59.08163532993255,2,L,HL
1307,,,,,,,172.0572,61.0437556534234,2,L,HL
1308,,,,,,,172.0572,64.38798278742918,2,L,HL
1309,0.0,0.0389414488049275,5.01355746926011,18.51744403385621,0.0357243233753272,0.0658893961683759,0.0,2.7735391947849277,0,R,HL
1310,0.0,0.0443890489242212,4.187703935334265,17.92862419152003,0.0400435712085591,0.061689931845655,0.0,3.69076987494587,0,R,HL
1311,0.0,0.0072925795098076,0.9614499708805178,21.59388412128336,0.0464321823419357,0.0164229550788999,0.0,5.119814878537625,0,R,HL
1312,0.0,0.0276357910642975,2.6886945276686194,30.86069088632781,0.0443451842537872,0.0438625064492317,0.0,6.007466978180274,0,R,HL
1313,-3.0482000000000014,0.0052930497242822,0.5827594060434279,13.862952301621696,0.0889162089116519,0.0190623196426846,21.0482,7.814875604129327,1,R,HL
1314,-3.5238999999999976,0.0220920706765458,1.7977996292784524,19.09246145715461,0.0536359517617708,0.0354733983738439,45.5239,13.726469166949247,1,R,HL
1315,-0.0045999999999999,0.0285026177954004,2.9272551272348117,30.89411204558926,0.0416467174761967,0.0448483913582301,30.0046,14.680392122433602,1,R,HL
1316,-14.981800000000009,0.0358249613434497,2.8147465099995284,21.988566549717355,0.0606933852425366,0.0628472340516405,68.9818,16.2026652808685,1,R,HL
1317,-9.761799999999994,0.0216974727357763,1.4539776077512256,17.792251321500785,0.1061515646847413,0.0567792480027223,69.7618,18.203014077078805,1,R,HL
1318,-9.761799999999994,0.0290911516393355,1.8643388768178104,30.073750851073264,0.1702115665045829,0.116739933805335,69.7618,22.61900771984431,1,R,HL
1319,-45.45599999999999,0.0246174160210377,35.606252690571736,68.69439920465024,0.0315573999686854,0.413364333962175,147.456,32.95462447931147,2,R,HL
1320,,,,,,,165.4463,40.021589909651325,2,R,HL
1321,,,,,,,165.4463,40.9420187539226,2,R,HL
1322,0.0,0.2060740140657763,54.10168957068237,103.23156365088494,0.015411565224123,0.3067348311070799,0.0,2.1027618338892653,0,L,HL
1323,0.0,0.1932475237149511,44.17539742093742,96.0587542977837,0.0188860649406324,0.3069216060437055,0.0,3.814865157626467,0,L,HL
1324,0.0,0.1176166029272717,26.23179069251705,93.822809090013,0.0193655413855244,0.1868801177839338,0.0,4.902457502439628,0,L,HL
1325,-0.006499999999999,0.0831840702950122,10.31691395703879,47.98167895261416,0.0309511728142251,0.1174714790242397,30.0065,6.319820593160479,1,L,HL
1326,-0.006499999999999,0.0485471587260771,7.266017870247733,55.40058395031743,0.0222495459949841,0.0594734501448291,30.0065,8.09078174416591,1,L,HL
1327,-0.0098999999999982,0.1241053687414298,18.1858162989512,65.0064944839765,0.0286491408693611,0.191668136658342,24.0099,10.750422660910528,1,L,HL
1328,-0.0098999999999982,0.1121817751802515,16.435250599863874,62.14162949101301,0.0278670255242067,0.1684893535203359,24.0099,9.619767170233064,1,L,HL
1329,-3.5245999999999995,0.1422422991600089,13.248814904515031,45.35160770221356,0.0552926895352381,0.269494723304855,45.5246,14.239573227517416,1,L,HL
1330,-14.982799999999996,0.1270934921145104,9.723100691928504,38.09406342862278,0.0821325964105559,0.2937824535442179,68.9828,14.780016379014407,1,L,HL
1331,-9.767300000000006,0.0286570070926957,1.8262540769133195,13.773967430595066,0.0788377112486745,0.0529664327204901,69.7673,19.71346764505943,1,L,HL
1332,-10.758399999999996,0.0465786174609779,2.8008412955893425,15.955149808638703,0.1351388746710415,0.1392433031981431,76.7584,21.95963144178977,2,L,HL
1333,-15.413300000000008,0.0852023687098043,3.63096811468937,12.405242768457244,0.3025474839259477,0.404130379644026,93.4133,24.187141105253072,2,L,HL
1334,-15.413300000000008,0.0129168159384182,0.5971802712319082,10.025602673773808,0.09714689022433,0.021342233776543,93.4133,25.72927348652927,2,L,HL
1335,-15.413300000000008,0.0887025328389292,3.6137414954572975,13.971062106218728,0.2548290972417112,0.3387752047308252,93.4133,28.05959985559602,2,L,HL
1336,-16.155600000000007,0.0677331303315642,2.459320202024844,9.881368254928656,0.1528583050307033,0.1382960050990711,100.1556,31.79510024694205,2,L,HL
1337,-27.918000000000006,0.0791054403622947,3.305110211228339,11.883476571953352,0.067381483031205,0.0819279389217681,117.918,33.54281161393686,2,L,HL
1338,-45.4556,0.0509125504211051,382.48691457487433,115.74249369484824,0.0190614088130192,2.6821131525111515,147.4556,36.32864598696116,2,L,HL
1339,-27.918000000000006,0.0344448425257232,70.09509063946383,94.4986356859774,0.0238411089852651,0.6147797766116259,117.918,37.88461206232441,2,L,HL
1340,-27.918000000000006,0.0637074827036965,10.3384817328172,51.710174168686464,0.0275066407921941,0.1046164162906069,117.918,39.66588951739512,2,L,HL
1341,,,,,,,153.4504,43.84700328532743,2,L,HL
1342,,,,,,,165.446,46.90785225689567,2,L,HL
1343,,,,,,,165.446,49.13681354984253,2,L,HL
1344,0.0,0.0517619842521849,7.242742380213074,44.68861104760303,0.0268337600089989,0.0714973733786161,0.0,1.730829188942295,0,R,HL
1345,0.0,0.0771129363030449,13.165848303485715,64.46154667942695,0.0212915305528841,0.1031243554194725,0.0,5.185243452610616,0,R,HL
1346,-0.0065999999999997,0.0326184772978763,4.302502974214293,46.3025142847577,0.0297794920343854,0.0471350511588296,6.0066,6.29112287078426,1,R,HL
1347,-0.0098999999999982,0.0364501134839519,4.461814051334696,40.30619719468541,0.0289344094357834,0.0474932191489631,24.0099,7.461902870784257,1,R,HL
1348,-45.4556,0.0258119967076723,7.9561464566186,50.44109169731122,0.0354678860497362,0.1038110518799036,147.4556,14.270411596845667,1,R,HL
1349,-45.4556,0.0213257493543711,0.5928347947597912,8.924678972429536,0.1165670241066683,0.0254223042984512,147.4556,16.77651416673829,1,R,HL
1350,-5.267000000000003,0.0843196805205017,6.841574226150283,43.419893458080914,0.0693667431583647,0.1745873872148444,53.267,18.26655469356969,1,R,HL
1351,-3.0493999999999986,0.1049345813071894,16.87045737698492,70.60899937370037,0.0252942779967274,0.1569837366963904,21.0494,1.7124338314330092,1,L,HL
1352,-3.0493999999999986,0.1436556557055716,23.202819989948907,74.84345917943045,0.0300356765579474,0.2563797429516172,21.0494,4.1704343979467,1,L,HL
1353,-5.266800000000004,0.0875428771745563,7.621527338971632,32.81211591854563,0.0516076858359001,0.1446977956374541,53.2668,6.460579345110727,1,L,HL
1354,-0.0088000000000008,0.0734321305322236,8.101283244631729,42.20865669581851,0.0352480933342283,0.1050497358089157,30.0088,7.114467291500711,1,L,HL
1355,-0.0088000000000008,0.1410708195445733,18.385733880810758,61.00235208440284,0.0347837692201395,0.2352681453252992,30.0088,8.392626936745462,1,L,HL
1356,-8.579799999999999,0.2071059876963984,25.204905746971505,53.80698044496476,0.0349176961434902,0.3237696809005914,44.5798,9.529008820311272,1,L,HL
1357,-3.5264000000000024,0.1597895164776941,14.7432828692923,45.19783070890334,0.0570775296261637,0.3095742891516085,45.5264,13.010001686080209,1,L,HL
1358,-5.266800000000004,0.1967906646256736,15.746037248201157,41.04369738691515,0.0742449088231659,0.4300742798555197,53.2668,16.345768915616674,2,L,HL
1359,-10.758499999999998,0.1753564028136863,9.75414137622496,23.35389674340169,0.1162160046623264,0.4170234770318003,76.7585,18.19023035702989,2,L,HL
1360,-11.491500000000002,0.1198288475812729,8.001227266091533,28.695084793745337,0.0536551964982605,0.1579333741979026,83.4915,19.73823210562059,2,L,HL
1361,-15.415499999999994,0.1904230364191313,8.552933694135628,14.7415095866131,0.107275176723082,0.3375358154306355,93.4155,21.31964829893658,2,L,HL
1362,-11.491500000000002,0.1765986459993289,9.07588282633424,20.9870859993076,0.1008716958079827,0.3367935149556827,83.4915,22.838074485222705,2,L,HL
1363,-15.415499999999994,0.1757570431477058,7.976765848017449,15.210816424706485,0.102884382535892,0.3019130026601769,93.4155,24.271301547800316,2,L,HL
1364,-15.415499999999994,0.1811814592834075,8.01557878895649,16.222637442459295,0.1247188763901612,0.3677668627694041,93.4155,25.829123027051835,2,L,HL
1365,-16.155500000000004,0.1740077712011503,6.734993502530571,9.578950411185428,0.1442825771010628,0.3574839846002617,100.1555,26.7994053646972,2,L,HL
1366,-16.155500000000004,0.159832847709035,6.269974914713532,10.564204462728645,0.1144526832541803,0.2639959717981744,100.1555,29.241735992142736,2,L,HL
1367,-16.155500000000004,0.1424948243328362,6.733542709266464,16.883844115187344,0.0653612738889487,0.1619084984697091,100.1555,31.24401237727616,2,L,HL
1368,-27.918899999999997,0.149256875152159,6.137183040320317,11.045201454580315,0.0688345095375374,0.1554106642290371,117.9189,33.34725504158857,2,L,HL
1369,-27.918899999999997,0.1083598308767564,5.50748152049206,17.461757043092856,0.0546902660760915,0.110807358755592,117.9189,36.0629746103803,2,L,HL
1370,-27.918899999999997,0.126836646088936,12.949342159856249,37.87037838390973,0.0339428631633841,0.1616969014714011,117.9189,37.73582408839201,2,L,HL
1371,-27.918899999999997,0.0802540489012186,13.552804037270212,50.265162653410016,0.0312129861514578,0.1556216431644039,117.9189,39.55218242456863,2,L,HL
1372,-27.918899999999997,0.0846795380214292,30.50766553605019,67.90136076977046,0.0261679004223871,0.2936860871116561,117.9189,41.903947378711976,2,L,HL
1373,-27.918899999999997,0.0724976920033866,32213740.91103233,622.7435187577132,0.0047601390031165,56411.32679528829,117.9189,44.39861054603416,2,L,HL
1374,-50.88919999999999,0.0672632727031649,,,,,146.8892,46.45031200646443,2,L,HL
1375,,,,,,,153.4522,49.20732262588929,2,L,HL
1376,-45.45840000000001,0.0438355031492533,11714246.783427978,430.7669815421983,0.0068511393398019,29524.509244719524,147.4584,50.27203010465181,2,L,HL
1377,,,,,,,159.4506,53.8625605139409,2,L,HL
1378,,,,,,,165.4458,57.6427356650518,2,L,HL
1379,,,,,,,165.4458,58.82557109786143,2,L,HL
1380,0.0,0.0160683284250649,1.3388664837385351,4.55234129996994,0.0878392338495293,0.0432644639445185,0.0,0.3072378964255548,0,R,HL
1381,0.0,0.0110193832790076,1.2950225813780782,2.7934042970844883,0.1385988883577621,0.0660301990389829,0.0,2.015006147095161,0,R,HL
1382,0.0,0.0297082317980883,3.675317723614101,30.32129645898137,0.0275432171400608,0.0372404630970892,0.0,2.70936772532728,0,R,HL
1383,-0.0088000000000008,0.0558893173876209,5.388760467016953,29.4243752089838,0.0426695211594155,0.0845886641933478,30.0088,4.699444322692624,1,R,HL
1384,-0.0088000000000008,0.0377529564772526,4.548896767410882,46.223449991506605,0.0292097685860087,0.0488809587389392,30.0088,6.28590909696276,1,R,HL
1385,-3.5264000000000024,0.0410223438175893,4.001219182742175,38.80311239604512,0.0414778455212348,0.0610539898478676,45.5264,7.495539752769488,1,R,HL
1386,-3.5264000000000024,0.0191169660660593,1.651224028045732,23.9743970701826,0.0475150994099406,0.0288631123598955,45.5264,8.912055354377886,1,R,HL
1387,-5.266800000000004,0.0359986336793372,3.0465352272658177,28.835058152182565,0.0639508520591258,0.0716734083905631,53.2668,10.146591078560265,1,R,HL
1388,-3.5264000000000024,0.0633481563761224,4.694798309583655,28.75392852462198,0.0406941215927014,0.0702836222731586,45.5264,11.427503422321536,1,R,HL
1389,-5.266800000000004,0.060377480692373,5.3633201392141165,30.879643997238784,0.047156906168888,0.0930431796698589,53.2668,12.95474506295998,1,R,HL
1390,-5.266800000000004,0.0683948254248738,5.890917930006954,30.002602435785885,0.059641310610555,0.1292515229165931,53.2668,16.0439590649389,1,R,HL
1391,-16.155500000000004,0.0715107350117058,2.799583097621758,7.65017210859973,0.2942143519110426,0.3030140282234184,100.1555,17.926408492532296,1,R,HL
1392,-10.758499999999998,0.032186726259157,1.9168316887356165,17.49080242589953,0.1632156385979237,0.1150936245411588,76.7585,22.00498760745733,2,R,HL
1393,-16.155500000000004,0.0271739030067349,1.0917842951718226,7.886726396718548,0.1283311369257073,0.0515435590269381,100.1555,24.16770105275692,2,R,HL
1394,-16.155500000000004,0.0683643328552556,2.644539037152078,7.691609394077297,0.466148064567481,0.453502186909154,100.1555,27.123832910567387,2,R,HL
1395,,,,,,,153.4522,30.84373259629902,2,R,HL
1396,-27.918899999999997,0.0300415301674504,13.508709639176375,89.72230604433904,0.0173315345171524,0.0861303875640804,117.9189,31.7855706853746,2,R,HL
1397,-45.45840000000001,0.0424392023305158,3.320403288911284,28.283139785261383,0.0439336697338405,0.0536653337232814,147.4584,32.77560942581957,2,R,HL
1398,-45.45840000000001,0.0279307178568684,6.498484379216083,41.929484082252905,0.0457125592690086,0.109283132173253,147.4584,34.252844491266295,2,R,HL
1399,-27.918899999999997,0.0584143333132736,2.7965241330012445,16.172233529279826,0.0579995883614119,0.0596690331586309,117.9189,36.80878851394725,2,R,HL
1400,-45.45840000000001,0.0244051196428112,1.183842179485203,19.47531190924657,0.0779317925430649,0.033940168443708,147.4584,40.85632528978739,2,R,HL
1401,0.0,0.2184760428946952,77.56003712199809,125.69304007226854,0.0118328049383238,0.3376223836194423,0.0,0.9226653815170462,0,L,HL
1402,0.0,0.2744119215107266,76.74229162236952,107.4676576150366,0.0159592965801391,0.4505614463586417,0.0,3.5498221555724503,0,L,HL
1403,0.0,0.2258026751004418,82.43168265186549,128.746916880617,0.0148620432546962,0.4506902927809781,0.0,4.333778988566992,0,L,HL
1404,0.0,0.1495125594588553,32.98945405313014,91.49218906434945,0.0185078925998765,0.2246144112621374,0.0,5.179633678938851,0,L,HL
1405,-0.0103000000000008,0.0885983452511496,12.711203489715151,56.02393173462882,0.032437216107086,0.1516825997438142,12.0103,7.862942708782135,1,L,HL
1406,-0.0087000000000001,0.246647628559813,43.92635481173339,85.4270019004595,0.0290681479231408,0.4697297263380768,6.0087,7.087645547430438,1,L,HL
1407,-3.0511000000000017,0.2147400816160662,48.45833819638052,89.96264650802226,0.0203092706686318,0.3620498420284465,21.0511,9.387489236401406,1,L,HL
1408,-0.0120000000000004,0.2124271763040662,36.460874277368646,73.68797609592939,0.0243901672884589,0.3271503395262787,24.012,10.112197918252546,1,L,HL
1409,-0.0120000000000004,0.2886025606925742,45.04864656009236,68.65372272149435,0.02729345087375,0.4523199209678022,24.012,13.184311370553754,1,L,HL
1410,-8.581600000000002,0.2076529080827976,22.67827169798579,44.59391312917201,0.0337035089237355,0.2811839907642157,44.5816,15.345298670344697,1,L,HL
1411,-14.986599999999996,0.1793339763031671,13.290435109016242,31.976790768657068,0.0680247295430602,0.3325918027833527,68.9866,18.238005045451175,1,L,HL
1412,-9.7701,0.1858798372887317,12.45401545061351,24.823407068706548,0.0793488120605679,0.3635426323510921,69.7701,18.41804880124404,1,L,HL
1413,-9.7701,0.2487114614664763,16.307595036509525,29.85034796923216,0.0831593771091664,0.4988921425242492,69.7701,20.05514348372533,1,L,HL
1414,-9.7701,0.2797307644077388,19.46613237267668,28.700196431251957,0.0578368164283529,0.4141804255987515,69.7701,19.923443114705343,1,L,HL
1415,-9.7701,0.2573448387770445,16.354947475743728,27.36189833804677,0.0932660562475201,0.561149118251163,69.7701,21.086314557728112,2,L,HL
1416,-9.7701,0.2166426550816508,14.55728406975457,31.04961614169535,0.0760384306891145,0.4072105490206942,69.7701,22.857453206619493,2,L,HL
1417,-10.761300000000006,0.2171561088746254,12.821214245773806,25.35685840303752,0.0870423590468596,0.4105493117429968,76.7613,23.813590364745963,2,L,HL
1418,-10.761300000000006,0.2274375785073098,13.193701076647503,25.472316490563955,0.0953372900126306,0.462737782637262,76.7613,24.64651361808805,2,L,HL
1419,-15.417199999999994,0.219483705191667,10.450775909626572,16.96440156325508,0.0829275465504645,0.3188253685326392,93.4172,27.161246862803257,2,L,HL
1420,-16.1562,0.1962946340216946,8.276238761252554,13.112328495614271,0.0817153463753798,0.2487952904590761,100.1562,28.72978024403933,2,L,HL
1421,-16.1562,0.2278879537521728,9.207044806225472,10.932949334148942,0.0991314360510526,0.335766352065458,100.1562,30.121341536986183,2,L,HL
1422,-27.9204,0.0799794829272751,17.793654245678955,61.63658283532328,0.0236838766000201,0.1550327515734388,117.9204,32.561309119508174,2,L,HL
1423,-16.1562,0.1908648964341702,9.692240331321123,18.86832015177261,0.0614397233672574,0.2190680004298595,100.1562,33.61990911950818,2,L,HL
1424,-16.1562,0.2003644222905304,8.056389658525585,12.509947242863218,0.0941914190974512,0.2791626559078066,100.1562,35.70113245806008,2,L,HL
1425,-27.9204,0.1495577287749645,10.543478672547913,27.519890004617174,0.0427862482224514,0.1659562635812082,117.9204,38.02843091347288,2,L,HL
1426,-27.9204,0.0974251517373755,18.193333655605706,54.46657097646209,0.0273116730920401,0.1827957557800378,117.9204,39.18922322378174,2,L,HL
1427,-27.9204,0.1213522972412553,52.45977198471046,80.99754511381579,0.0203633742063984,0.3929901441869904,117.9204,41.18196791921709,2,L,HL
1428,-27.9204,0.1728990356590512,22.4001415754121,44.45229063867853,0.030175025343874,0.248658852319076,117.9204,41.817905652018034,2,L,HL
1429,-27.9204,0.1067725513217477,24.02625799385841,57.71505616831854,0.0279779394622705,0.2472904702593432,117.9204,44.14026447951419,2,L,HL
1430,-27.9204,0.0963103405357614,24.294868625240827,55.155734191855096,0.0347234889048587,0.3103440534831432,117.9204,46.95416260044186,2,L,HL
1431,-45.4579,0.0603777827610716,26.42304486853224,59.678651385011385,0.0299763589701648,0.2913850468966659,147.4579,48.34321501712756,2,L,HL
1432,-27.9204,0.0596671797015507,9840.652182351636,196.0028996385916,0.013318278945247,48.21448217604768,117.9204,49.40504272795882,2,L,HL
1433,-45.4579,0.0649845492683868,59928815.59774873,356.07395360422487,0.0086130133607175,189887.4811402454,147.4579,52.40085584601753,2,L,HL
1434,,,,,,,153.4528,55.5442607197759,2,L,HL
1435,,,,,,,172.0598,59.41109182065097,2,L,HL
1436,,,,,,,172.0598,60.62878018322943,2,L,HL
1437,,,,,,,172.0598,62.62962463882965,2,L,HL
1438,,,,,,,172.0598,64.42055863707905,2,L,HL
1439,,,,,,,172.0598,66.69861100174558,2,L,HL
1440,0.0,0.0292542370370163,3.4750274639701786,20.40445098884731,0.0385291301882524,0.0492552994929742,0.0,1.793194781798452,0,R,HL
1441,,,,,,,44.5816,3.711407706810687,1,R,HL
1442,-3.0511000000000017,0.0279502613616923,3.4021745339073086,34.28954780816994,0.0315252245147906,0.0394566578406375,21.0511,4.518029950938765,1,R,HL
1443,-0.0120000000000004,0.0413916753654844,5.604878578013849,44.29049222123742,0.0238605146634974,0.0491984628296009,24.012,5.556803465901014,1,R,HL
1444,-0.0118000000000009,0.0206265148854126,2.038843945932565,16.795150152097193,0.042939677449361,0.032206852318016,30.0118,7.899093640296185,1,R,HL
1445,-3.526000000000004,0.0766185817053058,8.638883031630154,43.20911980485367,0.0328151759713673,0.1042888430151142,45.526,10.145202448195407,1,R,HL
1446,-0.0118000000000009,0.0360605156468591,5.859093313473,62.68971305504172,0.02252014370283,0.048540817955768,30.0118,10.495414001402896,1,R,HL
1447,-5.550400000000003,0.050556154435071,4.379473784904999,25.85326630486506,0.0464771780878247,0.0748802353387237,53.5504,12.268022925715622,1,R,HL
1448,-10.761300000000006,0.0303936720715799,1.7855781200683307,13.483903980566597,0.105677279035487,0.069417024849513,76.7613,14.243888230725716,1,R,HL
1449,-15.417199999999994,0.0573185105988099,2.6935359095292584,13.266356340648626,0.1201194898275728,0.1190259802708962,93.4172,15.67336773767915,1,R,HL
1450,-15.417199999999994,0.0513173726249922,2.382576302512026,10.70621769863085,0.1436263677574059,0.1258886318011629,93.4172,16.92269062594424,2,R,HL
1451,-50.89099999999999,0.015532310179193,0.5110048421541654,10.35226817032216,0.1055557010754987,0.0198432236870505,146.891,19.872471581745906,2,R,HL
1452,-45.4579,0.0260876379558728,1.130131306210494,16.455415225679733,0.0644812202418567,0.0268082010095643,147.4579,23.11851290095026,2,R,HL
1453,,,,,,,172.0598,42.14281571393337,2,R,HL
1454,0.0,0.3174036590493969,133.0381663773503,140.12556680064506,0.0105594380479602,0.5168000834822294,0.0,2.9514303157041217,0,L,HL
1455,0.0,0.311799368282858,88.43588980150494,105.98532820133676,0.013587404778349,0.4420491720491293,0.0,4.341354706729922,0,L,HL
1456,0.0,0.0256393430881952,,,,,0.0,6.336819691919289,0,L,HL
1457,0.0,0.1893578502063754,44.07977030452077,97.33101638824512,0.0207537979016787,0.3365444432121458,0.0,7.034752473675008,0,L,HL
1458,-0.0087999999999999,0.1530508723484131,25.51789990242169,74.92644982127347,0.0260188925425262,0.2442526336014365,6.0088,9.124219689159116,1,L,HL
1459,-0.0101000000000013,0.2489276347405685,48.016025405155965,76.45906928913759,0.0197878167471463,0.34953414384636,24.0101,10.288195203862198,1,L,HL
1460,,,,,,,146.8901,10.608120820217,1,L,HL
1461,-0.0101000000000013,0.236229397898895,32.1023402215158,57.70580942374916,0.0295554716213458,0.3490439421925797,30.0101,12.951710525020626,1,L,HL
1462,-0.0101000000000013,0.1411553457828561,17.484087251385244,57.59301996845096,0.037164698965733,0.239044690872506,30.0101,13.665034129344049,1,L,HL
1463,-0.0101000000000013,0.163235657859662,20.62153245372099,58.65380931969269,0.0367560023625013,0.2788397757921391,30.0101,14.357976269641489,1,L,HL
1464,-5.548499999999997,0.1674710600950705,10.927585665381256,22.91897814026395,0.0630185657704772,0.2533367838303705,53.5485,16.50326916257867,1,L,HL
1465,-5.548499999999997,0.2352131159294457,19.47340350231556,39.24303375663156,0.0611502907796846,0.4380724155124769,53.5485,19.164836249862685,1,L,HL
1466,-5.548499999999997,0.221141578952809,17.53265742757089,39.16044180242243,0.074622306247104,0.4813067277234567,53.5485,20.32031218989778,1,L,HL
1467,-9.7684,0.2565730779156464,16.707773239119792,29.938044894360733,0.0829604267349777,0.5099118064937258,69.7684,22.12756947131401,2,L,HL
1468,-11.495400000000004,0.1557192756797613,7.903350492605607,15.537600064750109,0.1805206113033545,0.5248600963052525,83.4954,24.6584576529194,2,L,HL
1469,-11.495400000000004,0.2328541608295405,12.10795382260807,20.01616948620457,0.0957538248178235,0.4265131293945146,83.4954,26.16673540440771,2,L,HL
1470,-11.495400000000004,0.2177133243813468,11.4199177533968,21.65186121765022,0.0951767992632447,0.3998522920759717,83.4954,29.39167314865309,2,L,HL
1471,-16.156099999999995,0.1524344231378132,6.002514944635116,10.904915703573415,0.0985708203296027,0.2176642671627592,100.1561,32.779055755364695,2,L,HL
1472,-16.156099999999995,0.1969058176798873,7.749696563731834,11.086925296501516,0.1079312649413319,0.3077070759470268,100.1561,33.832226989401306,2,L,HL
1473,-27.92140000000001,0.2063523165883603,8.215649604297576,9.975836820295768,0.0723054955470456,0.2185338582851715,117.9214,35.79819467422848,2,L,HL
1474,-27.92140000000001,0.1577461737540602,7.9983442689762,16.883072315549683,0.0511688791895432,0.1505606620074511,117.9214,39.10788040162128,2,L,HL
1475,-27.92140000000001,0.144059450118499,10.915515024589125,29.0656794377556,0.0369582497294015,0.14840930987369,117.9214,40.223264364160606,2,L,HL
1476,-27.92140000000001,0.1184359195733542,5.708155807728446,16.36250843962541,0.0540863399020879,0.1135766174053758,117.9214,41.6152859602644,2,L,HL
1477,-27.92140000000001,0.1809370424894205,17.404577344152035,35.72033953589199,0.0371138686034454,0.2376321652473915,117.9214,43.8582522189944,2,L,HL
1478,-27.92140000000001,0.1101558578795756,16.913819751789656,48.37308238754082,0.0304667320002736,0.1895715183332668,117.9214,44.25641221899439,2,L,HL
1479,-27.92140000000001,0.0818938785344866,81477.97345822655,362.2724240483549,0.0071261805032517,213.6006428117968,117.9214,47.51834232613868,2,L,HL
1480,-27.92140000000001,0.1056643954811174,243.9263790806602,129.2148879074085,0.0153020658051898,1.3731385264161136,117.9214,49.11159533307274,2,L,HL
1481,-45.457,0.0903891597168427,80.02110776159765,70.65368803197207,0.0275309589134817,0.8104596833672413,147.457,50.97181239926936,2,L,HL
1482,-45.457,0.0537135972680206,44718457.17175397,449.977276157832,0.0067005675113505,110231.0430602539,147.457,51.76788663268341,2,L,HL
1483,-27.92140000000001,0.0656883345695933,,,,,117.9214,53.29543949259474,2,L,HL
1484,-45.457,0.0758098701448782,3797.302405466437,145.39411798315035,0.0167546596022649,23.40541313426597,147.457,57.16974602858869,2,L,HL
1485,,,,,,,159.4522,59.04179013903046,2,L,HL
1486,,,,,,,165.4442,60.45466940956396,2,L,HL
1487,,,,,,,159.4522,61.98080619845668,2,L,HL
1488,,,,,,,165.4442,65.50889693952251,2,L,HL
1489,0.0,0.057895864386465,6.604457928057967,8.784965047787827,0.0307456280894098,0.0747009397856791,0.0,2.918702601127072,0,R,HL
1490,0.0,0.1141797523275387,25.164414540483797,81.96621312518302,0.0150517161932767,0.1393408225253985,0.0,4.043521493860052,0,R,HL
1491,0.0,0.021865649457652,2.482924116387827,7.410284114774224,0.0509173037450393,0.0465087174134811,0.0,4.430813099680054,0,R,HL
1492,0.0,0.0812185395964141,14.58119869497813,61.209985923479245,0.0174954056775701,0.0938475119699098,0.0,5.59769157108357,0,R,HL
1493,-10.7616,0.0203626052599457,1.308394483387536,15.428825665851065,0.0866419525615886,0.0417034950440626,76.7616,9.963428078935626,1,R,HL
1494,-9.7684,0.0535202233730982,3.796561760452952,23.31909653196472,0.0731402389378024,0.1021532908745765,69.7684,12.908190704019717,1,R,HL
1495,-45.457,0.0116377991070284,,,,,147.457,14.303210486833986,1,R,HL
1496,-10.7616,0.0279979356017181,1.696929993703592,13.93567317791496,0.121867840747489,0.0760779077677679,76.7616,17.437056846616453,1,R,HL
1497,-11.495400000000004,0.0604300681175237,3.1490769549973368,17.931162352562236,0.0948898899120739,0.1099281032804977,83.4954,19.19830473999409,1,R,HL
1498,-10.7616,0.0556086592195725,3.2742872920091903,21.567892849502663,0.1569911952663851,0.1891026420573384,76.7616,20.823157189990585,2,R,HL
1499,-16.156099999999995,0.12028081766296,4.433964302127051,7.504933611089753,0.2144266397015929,0.3497650817174075,100.1561,23.891019482725483,2,R,HL
1500,-27.92140000000001,0.0557877419817222,3.2353428867521887,20.96320038773572,0.0439998602636951,0.052369343543357,117.9214,25.985628854695275,2,R,HL
1501,-27.92140000000001,0.0531900028926186,2.2382720649077408,12.437325077763756,0.0715429656395044,0.0589094992855593,117.9214,27.220660928773,2,R,HL
1502,0.0,0.1479959425379825,30.1563450295217,84.98680902285825,0.0199059354208338,0.2208344441703228,0.0,2.2315328001032,0,L,HL
1503,0.0,0.2528553550900484,49.80543139931707,94.88470202983405,0.0253040655456717,0.4636310655739518,0.0,2.6691878091000114,0,L,HL
1504,-3.5219999999999985,0.1016056800320819,9.49193315692994,40.97439231962416,0.0517283523843372,0.1806295646057379,45.522,4.023066646726888,1,L,HL
1505,-3.5219999999999985,0.2698591852455181,23.924004563778897,45.91426703105252,0.0710629403331086,0.6254355567717593,45.522,7.339591652210793,1,L,HL
1506,-0.0091999999999998,0.1221840824987814,20.979612097825147,70.36893008892943,0.0231214468638115,0.1784505864199617,24.0092,7.576486295459643,1,L,HL
1507,-5.549399999999999,0.1588000182272825,15.32371306990178,39.65711319223725,0.0413114117672408,0.2328839540499841,53.5494,10.205163767441103,1,L,HL
1508,-0.0081999999999986,0.1326754147154684,14.738580692540738,48.24739855499475,0.0403415582816018,0.2187327692703889,30.0082,10.56665243669645,1,L,HL
1509,-0.0081999999999986,0.2918273850378958,39.14363105855097,61.48324204487995,0.0327097182455939,0.471024427868287,30.0082,11.156449739165698,1,L,HL
1510,-0.0081999999999986,0.1706859563064694,22.7693003728034,62.6873426655078,0.0347061253225149,0.2907109130374734,30.0082,14.553524095028434,1,L,HL
1511,-3.5219999999999985,0.2471389663770285,23.578708166085075,45.72272070271588,0.047101090371584,0.408560603447639,45.522,15.265326494467567,1,L,HL
1512,-5.549399999999999,0.2482889654388679,20.856739937836885,39.40745373824229,0.0612542432073914,0.4699894644073046,53.5494,16.246250713240965,1,L,HL
1513,-5.549399999999999,0.31634447584739,24.20605973008253,39.69256089277141,0.1138694288803465,1.0139972125225063,53.5494,18.418566747386706,1,L,HL
1514,-5.549399999999999,0.2381317407467536,19.72579944924132,42.10988064659076,0.066978487216163,0.486043865064785,53.5494,20.794677388663764,2,L,HL
1515,-10.759699999999995,0.217823079362159,12.566430526651224,25.028592920597188,0.0904719237029754,0.4182455004933862,76.7597,23.370198136087406,2,L,HL
1516,-10.759699999999995,0.2095628872518765,11.945316030807868,24.19936099143985,0.1017064561182896,0.4469425311190711,76.7597,24.280278136087407,2,L,HL
1517,-11.493300000000003,0.2595294558317975,13.232112900931044,20.126917118659417,0.1132185361599247,0.551127715037381,83.4933,25.21480951598111,2,L,HL
1518,-11.493300000000003,0.2298300924240282,11.522973825807297,19.404788262043763,0.1149444114510812,0.4872568512605162,83.4933,26.722140222750987,2,L,HL
1519,-15.430400000000006,0.1792079882520564,7.816278435296982,14.846140295726435,0.1309348215759872,0.3764962895308065,93.4304,28.135190029910056,2,L,HL
1520,-16.1571,0.1809329610286576,7.553031130313162,12.43119671408092,0.0860396907921193,0.2390703039661612,100.1571,29.16734902871073,2,L,HL
1521,-15.430400000000006,0.2357753592508315,10.940445006126208,17.69025615027284,0.099089706636537,0.398812762819654,93.4304,31.49018595481532,2,L,HL
1522,-16.1571,0.2206503202541241,25.34197066001822,42.3522809493665,0.0376545903946914,0.3510458389585821,100.1571,33.44125268486247,2,L,HL
1523,-16.1571,0.179473527982953,7.613465530707338,12.16927481207762,0.1061331849047962,0.2972617984187908,100.1571,35.54600744847076,2,L,HL
1524,-16.1571,0.2121450934048172,9.486107472038084,15.106972584737184,0.0751609516355018,0.2622924736686363,100.1571,37.28835876048837,2,L,HL
1525,-16.1571,0.1704736349292382,6.8312798359118805,12.62821649913919,0.096088438727833,0.2414786454713592,100.1571,38.77549854678104,2,L,HL
1526,-27.920100000000005,0.1210510084469798,5.5151755661722826,15.130091529092834,0.0560287180018828,0.1136777700136832,117.9201,39.73994529367764,2,L,HL
1527,-27.920100000000005,0.2099397239711391,11.408587414064264,19.084069073924287,0.0468958357936555,0.1968211082479316,117.9201,41.72535163432245,2,L,HL
1528,-27.920100000000005,0.0968622269038528,24.79128753287369,66.0843407046388,0.0227227181394282,0.2072358476686542,117.9201,43.38342273102017,2,L,HL
1529,-27.920100000000005,0.0717644800020615,80.12435081965698,105.47928567844934,0.0177690759956986,0.52376308590033,117.9201,45.5633056721145,2,L,HL
1530,-27.920100000000005,0.15831460978407,26.976993459095283,53.17602576266152,0.0261159597820484,0.2591821307276676,117.9201,46.50649235203346,2,L,HL
1531,-50.8888,0.1207848148833972,7.773092037884013,27.28987067954216,0.0443629685982149,0.1268586039819006,146.8888,47.278712287897605,2,L,HL
1532,-50.8888,0.0636681059811232,8585712.555168156,498.2028414455646,0.0058279526016259,18407.62988548175,146.8888,50.45499651700425,2,L,HL
1533,-27.920100000000005,0.0620341374007686,2451115.6169186514,526.160694500906,0.0053721644907717,4844.161536940779,117.9201,51.192505277101816,2,L,HL
1534,-50.8888,0.0552622200278903,123.62707809078522,100.85655642372934,0.0205756099656443,0.9357758689172552,146.8888,52.87726346259646,2,L,HL
1535,-45.45599999999999,0.0882796425359665,2610.581142779161,146.22223020178015,0.0160583276259751,15.422082745814905,147.456,54.49305295584736,2,L,HL
1536,-45.45599999999999,0.0835322089496369,639.8145122926708,99.25431752553506,0.0232785377453452,5.479176632272809,147.456,55.82354575085581,2,L,HL
1537,-45.45599999999999,0.0690213985278205,,,,,147.456,57.53171729906866,2,L,HL
1538,,,,,,,153.4506,60.41331152870025,2,L,HL
1539,,,,,,,165.444,63.45481416989784,2,L,HL
1540,,,,,,,165.444,66.691846877767,2,L,HL
1541,-0.0091999999999998,0.0168481649717075,1.987462058938828,25.897809395964355,0.0288120328591724,0.0210658150118913,24.0092,5.174119012477632,1,R,HL
1542,-3.049199999999999,0.0057774935682942,0.6244595211015933,6.18401290942816,0.1581208735380811,0.0363244472784229,21.0492,6.021773293827147,1,R,HL
1543,-0.0081999999999986,0.0371478331008355,3.256672042992236,20.900523304582705,0.0542625118816683,0.0650098910191886,30.0082,6.399206346497129,1,R,HL
1544,-0.0081999999999986,0.0069066755826289,0.6370203378127901,4.759331886080472,0.1068058343702221,0.025029593318315,30.0082,7.688277211888165,1,R,HL
1545,-0.0081999999999986,0.0238560077799223,2.6507352901479755,32.37748121819863,0.0363662924185362,0.0354626270449304,30.0082,8.44645087603115,1,R,HL
1546,-0.0106000000000001,0.0747951153279383,12.45713781670339,69.7852192203274,0.0264301713344282,0.121122204248667,12.0106,10.320408671381994,1,R,HL
1547,-0.0081999999999986,0.0254213485219662,3.2010688970565444,35.50447733830948,0.0239608491322426,0.0282164741349746,30.0082,11.719378894939307,1,R,HL
1548,-3.5219999999999985,0.0232559727907151,2.2805437496616934,27.67302470788982,0.0397497189171629,0.0333486292989472,45.522,14.773288785790106,1,R,HL
1549,-3.5219999999999985,0.0214346749898418,2.1694633343428986,28.764920289022594,0.0383879164733803,0.0306374329544877,45.522,15.787158687563249,1,R,HL
1550,-0.0081999999999986,0.0370733172763204,4.13782189620006,41.05384774368283,0.0410244170442523,0.0624481719839845,30.0082,16.93960487871474,1,R,HL
1551,-27.920100000000005,0.0282435568283541,1.419667262810295,17.27880750049071,0.0503109750021271,0.0262757317592328,117.9201,18.500126189781916,1,R,HL
1552,-16.1571,0.019097276523796,0.7350884563055708,7.706706206801359,0.3529473911474236,0.0954454207799031,100.1571,20.688484381776423,1,R,HL
1553,-5.549399999999999,0.0696734060115247,5.801960370884229,33.55573734656108,0.0636044039054542,0.1357586351089862,53.5494,22.00368493582979,1,R,HL
1554,-16.1571,0.0565562431088029,2.142460490380927,9.36114285071117,0.146581619960642,0.1155308202754442,100.1571,27.880508010195054,2,R,HL
1555,-27.920100000000005,0.0186060551251363,1.179324953961106,24.055452650218896,0.0478796103688629,0.0207725404712522,117.9201,32.503386100594454,2,R,HL
1556,-27.920100000000005,0.0191240931868718,0.9285634016901512,16.93873069532835,0.0595985617905569,0.0203588320727775,117.9201,35.35448356576816,2,R,HL
1557,-8.579799999999999,0.0306837197483145,3.1912494033089307,62.39544887978004,0.0605092947429175,0.0710376123333928,44.5798,36.00715272390527,2,R,HL
1558,-27.920100000000005,0.0290687908449961,1.9246423937757229,25.989468462102884,0.0431784600199419,0.0305719200203167,117.9201,39.45820024652348,2,R,HL
1559,-45.45599999999999,0.0350571767354147,60.29975884114654,94.16393128825088,0.020723917969594,0.4597195341288922,147.456,43.08792070727768,2,R,HL
1560,-45.45599999999999,0.0253728379444772,83.66202377152887,81.9700604396646,0.0274919279236792,0.8461338715492455,147.456,45.2371571870648,2,R,HL
1561,,,,,,,153.4506,48.89827377027312,2,R,HL
1562,,,,,,,159.45,52.50734047902178,2,R,HL
1563,0.0,0.137386723431409,34.750791064758104,95.704226917076,0.013216184038653,0.1689570394770208,0.0,4.50317167005701,0,L,HH
1564,0.0,0.1020246228204451,21.88994215825045,80.77920911040293,0.015358977062526,0.1236836872426804,0.0,5.963187892801064,0,L,HH
1565,0.0,0.0364321058050694,5.683631306457294,47.29157023982866,0.0180369638183102,0.0377133272782461,0.0,6.396064435764764,0,L,HH
1566,0.0,0.0450929994662806,8.100286285982056,69.71329496009032,0.0205525187624403,0.061245042412751,0.0,7.036446620855283,0,L,HH
1567,-0.0007999999999999,0.0811870252889244,13.22086430953251,63.54587894200373,0.0217894215204811,0.1059768646096548,12.0008,10.074886106008885,1,L,HH
1568,-27.9057,0.0217499096587275,0.6901511411359805,8.545833219463313,0.1739779758568931,0.0441716886428326,117.9057,12.36860317558656,1,L,HH
1569,-15.397900000000009,0.0281169188143425,1.3255064448739344,12.104165024599409,0.1235082243932489,0.0602258918535289,93.3979,12.971775493677406,1,L,HH
1570,0.000399999999999,0.0405784105995509,5.5087761904785255,57.00939086797409,0.0281489784601781,0.0570457487903772,35.9996,14.147211052448704,1,L,HH
1571,0.000399999999999,0.0658357348009764,6.010000023152603,25.166867528500838,0.04854152361498,0.1073231461857922,35.9996,15.542273405545648,1,L,HH
1572,-5.262799999999999,0.1009042429780544,9.085640106355555,37.3154805541936,0.0479932479715529,0.1604136017242183,53.2628,17.297434083651204,1,L,HH
1573,-27.9057,0.0222865941915978,0.7941168419791345,6.706432302219138,0.1227359767659012,0.0358559974341639,117.9057,18.77443637892741,1,L,HH
1574,-14.7753,0.0708655985925789,5.850271669718716,29.671654674342207,0.0471249126663058,0.1014219859851487,68.7753,20.26752809138332,1,L,HH
1575,-14.7753,0.0946083089148659,7.522520733475261,35.02618844599422,0.0630368141863126,0.1744468644583403,68.7753,21.512326482061987,2,L,HH
1576,-9.743799999999991,0.1185296014997817,7.982944666705475,28.50758815433646,0.0762496728519454,0.2239270824896535,69.7438,22.89561390585088,2,L,HH
1577,-16.130899999999997,0.0635854210197128,2.5501322852671864,7.309641432866382,0.2287056326600706,0.2145581858226702,100.1309,24.730923891352774,2,L,HH
1578,-11.2183,0.1137667384714938,6.111873883234239,19.98055194766005,0.0819306786327637,0.1842156209590358,83.2183,25.586550878143747,2,L,HH
1579,-16.130899999999997,0.110692886112551,4.243959333579709,8.455424831419768,0.1368305105976368,0.2136287402173123,100.1309,27.59236285400192,2,L,HH
1580,-16.130899999999997,0.1099809586551826,4.274471217176552,9.166699076111314,0.1233237899396465,0.1939254366383991,100.1309,30.267146577449253,2,L,HH
1581,-16.130899999999997,0.1885756903938421,6.92663548977536,8.667616028106748,0.1734464300523208,0.4419704334543934,100.1309,31.919450303508267,2,L,HH
1582,-27.9057,0.2043447242076929,6.696356675373832,4.8101618130527966,0.1327246201021493,0.3269607244188199,117.9057,33.78223842258017,2,L,HH
1583,-27.9057,0.18632073118282,8.052664074853272,12.138751651745794,0.0603313073037565,0.1787260415117817,117.9057,38.25813553128555,2,L,HH
1584,-27.9057,0.1201846990940579,5.209517383707558,12.982634274213009,0.0610197270012773,0.1169427412691962,117.9057,40.41287469192298,2,L,HH
1585,-27.9057,0.1039779273223545,6.496890870174646,23.59870866693116,0.0468725340437441,0.1120287584982985,117.9057,42.28764595263378,2,L,HH
1586,-27.9057,0.1199512225287472,7.14781167812802,22.22167030784481,0.0470605514264101,0.1237472713620454,117.9057,44.33028344497522,2,L,HH
1587,-27.9057,0.0814992782363797,10.817442552952077,45.11747566228176,0.0309159143415833,0.123030336244292,117.9057,46.67364893899536,2,L,HH
1588,-50.88990000000001,0.0707831641329292,6.788302600288435,34.28375553332404,0.0388992391847275,0.0971421740536076,146.8899,48.701242004285,2,L,HH
1589,-50.88990000000001,0.087041127647027,19.029996521830743,49.19251193496452,0.0360578705335895,0.2524319383129669,146.8899,51.21625991127566,2,L,HH
1590,-45.4529,0.0557647529680687,2.664591530440984,19.97552850728884,0.0945862636222668,0.0927180376608796,147.4529,55.19309850897904,2,L,HH
1591,,,,,,,153.4505,56.85576528491369,2,L,HH
1592,,,,,,,159.4506,63.07523881728812,2,L,HH
1593,-11.2183,0.0608883639619291,3.302823275213453,13.869239159656503,0.0727569349621908,0.0884026430631513,83.2183,3.033910668380029,0,R,HH
1594,0.0,0.281522435206305,78.79862345891111,105.4457820422766,0.0134904113966799,0.3910653548956683,0.0,3.11882005066491,0,R,HH
1595,0.0,0.1547046055410613,39.16591461740634,98.39863151094382,0.0153476791677046,0.2211344995814597,0.0,8.3832061631189,0,R,HH
1596,0.0,0.0065807133854568,0.8221912157412001,6.8423427350251815,0.1092218121780569,0.0330360206215411,0.0,9.241236764757902,0,R,HH
1597,0.0,0.0092946768778786,1.1748746345111905,4.955374085583543,0.1265093743830637,0.0546788980577481,0.0,10.0781651364996,0,R,HH
1598,-15.397900000000009,0.0084234309398174,,,,,93.3979,11.5001651364996,1,R,HH
1599,-0.0007999999999999,0.0063994897478647,0.7315494646768146,9.899808425488006,0.0867717786329322,0.0233521953255161,12.0008,12.2467151364996,1,R,HH
1600,-0.0011000000000009,0.0402417237480215,5.931987677853914,59.56099594837847,0.0258717007753941,0.0564586823183679,24.0011,12.8155151364996,1,R,HH
1601,-0.0016999999999995,0.0369184356253989,3.795624040928583,44.19635994271941,0.0353093167082362,0.0493035306212223,18.0017,13.5620651364996,1,R,HH
1602,-14.7753,0.0487457801265385,4.148823446453337,26.120278051447148,0.0450212877603466,0.0687144990979595,68.7753,15.63801610065984,1,R,HH
1603,0.000399999999999,0.1349361052752191,15.56650926861044,50.079976140893294,0.0392893250363559,0.224994198884296,35.9996,16.682161629521733,1,R,HH
1604,-3.143099999999997,0.1356365926394632,13.22011784847816,43.35896445689945,0.0467043516287755,0.2271423905001019,45.1431,17.802136672752066,1,R,HH
1605,-3.143099999999997,0.108994262457952,11.39860081618673,42.91632235207686,0.0378080021039364,0.1585407072689824,45.1431,21.76663870075179,1,R,HH
1606,-9.743799999999991,0.1356491937900157,8.563822403694317,29.636330959026036,0.0918149083931859,0.2892586637848517,69.7438,24.619777552270808,2,R,HH
1607,-11.2183,0.1232278041952107,6.193829687776548,20.668928566160385,0.1040086193371053,0.2369922307136223,83.2183,26.62964264000618,2,R,HH
1608,-11.2183,0.112739533030708,5.596323561623362,17.94747812953847,0.1218805276862474,0.2509242646044166,83.2183,28.59934307690527,2,R,HH
1609,-11.2183,0.1785662896614633,8.832658673601774,19.48853134144998,0.1206576576923627,0.3920593867770757,83.2183,30.41448272140141,2,R,HH
1610,-16.130899999999997,0.1209359670227444,4.625968279580546,9.624488413317849,0.1167224593102997,0.1986381208272911,100.1309,32.81717674350115,2,R,HH
1611,-15.397900000000009,0.1097022555684755,4.952924692285483,15.664550451130602,0.1023218198074909,0.1864384562992134,93.3979,35.01196593498227,2,R,HH
1612,-16.130899999999997,0.1354729625129206,5.330246561200433,11.321280088209775,0.1076469458265673,0.2110836178973614,100.1309,37.00510728337708,2,R,HH
1613,-16.130899999999997,0.1728261715095774,7.001626757799256,12.655661216200771,0.0951615117505154,0.2451126958247536,100.1309,39.202008867086825,2,R,HH
1614,-27.9057,0.1554173330541701,8.342933788767649,18.456080509921502,0.0477146358266717,0.146445465400013,117.9057,43.897945523180624,2,R,HH
1615,-27.9057,0.1204610150591665,17.06504816507233,48.60454978622143,0.0264494933626852,0.1660467555094739,117.9057,47.52682043955356,2,R,HH
1616,-27.9057,0.0841020691804987,9.521514501222512,40.20147039733597,0.0338379101468346,0.1185263973665285,117.9057,48.680396713142926,2,R,HH
1617,-27.9057,0.1055645275308416,49.96309128442569,84.24142130356798,0.0197631344002789,0.3632541989464241,117.9057,51.93072512399439,2,R,HH
1618,-27.9057,0.0785799160479628,122.60824751766695,109.0760270557235,0.018188898523964,0.8204112424811122,117.9057,54.1607518702394,2,R,HH
1619,,,,,,,153.4505,57.20349686381553,2,R,HH
1620,,,,,,,153.4505,60.75680525510375,2,R,HH
1621,,,,,,,165.4505,62.4076117830959,2,R,HH
1622,,,,,,,165.4505,63.70798886386999,2,R,HH
1623,,,,,,,165.4505,65.89500642736147,2,R,HH
1624,,,,,,,165.4505,68.89195659365679,2,R,HH
1625,-3.143500000000003,0.0344088256048574,3.343323008468293,26.149316934057584,0.036937365981958,0.0454307365287804,45.1435,3.4240277773566907,1,L,HH
1626,-0.0022000000000002,0.077898761402582,13.237330608873132,71.48938032887764,0.024190606634631,0.1178020079813943,12.0022,6.430126450233521,1,L,HH
1627,-0.0022000000000002,0.1422359319596519,27.93810325992943,82.88152882025634,0.0213971201602693,0.2199164730618104,12.0022,7.145436044515947,1,L,HH
1628,-0.0025000000000012,0.0764908353696319,10.694767933818737,59.61302644883272,0.0287767442493261,0.113218798144952,24.0025,8.218645738098706,1,L,HH
1629,-0.0025000000000012,0.1633989361612116,23.424729996164405,63.350457556578434,0.0297801495889059,0.2566297416485924,24.0025,9.178726920563788,1,L,HH
1630,-0.0025000000000012,0.142125568516399,19.21369639872053,59.473305912817374,0.0317044746493647,0.2240974957107922,24.0025,11.467351455746222,1,L,HH
1631,-0.0009999999999976,0.1565624733430496,15.425435649786582,35.84583256658616,0.0484000950622837,0.2746560507488082,36.001,13.211051634060818,1,L,HH
1632,-3.143500000000003,0.0855118767461182,7.799212836607498,40.91431383746296,0.0574409749824603,0.1648079256316171,45.1435,16.274168910170964,1,L,HH
1633,-5.2639,0.2157292455510787,17.785524463891562,32.92003195468975,0.0574967194671841,0.3761969417486106,53.2639,17.06743464271838,1,L,HH
1634,-9.745000000000005,0.1903564336083876,12.631336347237283,26.13014779933977,0.0793107663113837,0.3685419792561134,69.745,19.71019692195472,2,L,HH
1635,-10.749899999999997,0.1908631366812188,11.389887362338612,24.71858147120982,0.0867217834012973,0.3633734127420647,76.7499,20.9371219098426,2,L,HH
1636,-10.749899999999997,0.1466701612194487,9.910388867280425,28.132917219993374,0.0623151502526847,0.2271903394495353,76.7499,22.581452458232523,2,L,HH
1637,-10.749899999999997,0.1265526407475636,7.343216780680556,26.579178622794373,0.1156359587706686,0.3123811166321279,76.7499,24.005878601803893,2,L,HH
1638,-11.220399999999998,0.1459601075160439,7.198761591406243,19.15072515822061,0.1291674168259153,0.3420710205147035,83.2204,26.35390049889441,2,L,HH
1639,-16.133399999999995,0.0841753920674408,3.4021789674198506,11.60679150806337,0.0947545190725898,0.1185939693528747,100.1334,27.99926692181215,2,L,HH
1640,-15.398700000000003,0.1566031082559412,7.072211383531851,14.995116824127692,0.1076238334068736,0.2800072059455682,93.3987,29.49362336377912,2,L,HH
1641,-15.398700000000003,0.1401622888878468,6.139931165902209,15.076791179331783,0.1261629788384504,0.2849711893900238,93.3987,31.434603816487567,2,L,HH
1642,-16.133399999999995,0.089710938222762,4.014716039832187,14.973671763788891,0.0735855369155387,0.1086807969142585,100.1334,33.352846446203074,2,L,HH
1643,-16.133399999999995,0.0986393822603892,4.445453754987087,15.141942085714115,0.0720510825777948,0.1178316950961321,100.1334,34.29751026302563,2,L,HH
1644,-16.133399999999995,0.1885799658975128,7.776333593883023,12.9659019879451,0.0936191843092734,0.2678213864192404,100.1334,36.903637825444,2,L,HH
1645,-27.9097,0.1217222171692612,5.4167037166266185,13.672408413908192,0.0577912866969802,0.1151603465699596,117.9097,39.08981037506924,2,L,HH
1646,-27.9097,0.1165307535800835,6.372755343534844,19.304498246659627,0.0465096189318344,0.1090374145427145,117.9097,40.93332164900799,2,L,HH
1647,-27.9097,0.0863775328143585,10.535682866961194,44.07198114041429,0.0279036516053682,0.1081506785155488,117.9097,42.425968909806095,2,L,HH
1648,-27.9097,0.1519514879957881,9.77743432856098,24.167919202476828,0.0424222896815487,0.1525894581959761,117.9097,43.37870890980609,2,L,HH
1649,-27.9097,0.1325305849398284,20.69590844441955,51.372901736561566,0.0259879310780401,0.197861692124801,117.9097,45.76256261634546,2,L,HH
1650,-27.9097,0.0985224860359301,15.196902416721365,46.90436362702413,0.0346313471405638,0.1936109779143457,117.9097,48.08728242180537,2,L,HH
1651,-45.45179999999999,0.1156512787141311,18.107476451098528,39.953905095145394,0.039713502416186,0.2645462667862469,147.4518,50.826932162418586,2,L,HH
1652,-45.45179999999999,0.0930746718639233,9.59699798511261,30.415072936756467,0.0590184332404971,0.208366836346266,147.4518,52.63924798053885,2,L,HH
1653,-45.45179999999999,0.0575169640831194,21386158.584398884,322.36403058962185,0.00940715559816,74011.06071639876,147.4518,56.36445611806579,2,L,HH
1654,,,,,,,153.4515,58.18290913709048,2,L,HH
1655,,,,,,,159.4498,61.08411175504884,2,L,HH
1656,,,,,,,165.4504,62.959938766316135,2,L,HH
1657,,,,,,,165.4504,64.85545879075858,2,L,HH
1658,,,,,,,18.002,2.7487984126668543,0,R,HH
1659,0.0,0.1765898033042294,37.21251926027799,77.5442372024974,0.0152708582153508,0.2090537851926334,0.0,6.640723109603794,0,R,HH
1660,0.0,0.0597102929706454,30.133571727950063,149.7428693345253,0.0097563952774829,0.1081547298820472,0.0,8.183159318733694,0,R,HH
1661,-0.0008999999999996,0.0205041957263329,2.480995184943241,38.98823249521608,0.0273740343543455,0.0249844761181742,6.0009,12.571481350414496,1,R,HH
1662,-0.0022000000000002,0.0536935725745926,8.73544099836996,73.81944910316867,0.0292459831063135,0.0939845740753645,12.0022,13.41507493985275,1,R,HH
1663,-3.143500000000003,0.0601316266629188,5.979208042551753,40.69072495358662,0.0447022792189357,0.0983283722195112,45.1435,16.33298550182716,1,R,HH
1664,-5.2639,0.0225676243043375,1.818141712276498,14.771980086740138,0.0611334514684785,0.0408895343251736,53.2639,16.789602768254966,1,R,HH
1665,-0.0009999999999976,0.0082365525247282,0.7127505966153352,7.079437477070607,0.185457652921513,0.0486281633430268,36.001,18.37666334284344,1,R,HH
1666,-3.143500000000003,0.0384427082379687,3.548216073934044,43.660179304796046,0.0553068097930684,0.0721928497079437,45.1435,21.945288753927464,1,R,HH
1667,-0.0019999999999988,0.1008515742907415,10.343147142420897,55.41932205111199,0.0638412530457208,0.2429179590928371,30.002,25.781255268331257,1,R,HH
1668,-11.220399999999998,0.0927507645089601,4.650644580839836,17.293970434259833,0.1213431992625801,0.2076032316311344,83.2204,28.85180464059166,2,R,HH
1669,-16.133399999999995,0.0411684717712659,1.5337578341493556,9.102701501567925,0.1497845750565313,0.0845141453040281,100.1334,32.8854950108165,2,R,HH
1670,-16.133399999999995,0.0458001601689697,1.649238425445954,8.301454998482127,0.2224616813053581,0.1349721537910197,100.1334,34.620059936636125,2,R,HH
1671,-16.133399999999995,0.0775222248595585,2.9025463844968784,8.73531878709621,0.1677257849400512,0.1790954365245581,100.1334,36.51344449207152,2,R,HH
1672,-16.133399999999995,0.0961452452753653,3.72973630388366,11.619534325021304,0.1054475926306566,0.1446839361077752,100.1334,38.68485959546137,2,R,HH
1673,-16.133399999999995,0.0511385785165019,2.3353606360991988,13.705663845669976,0.0699710283980618,0.0601142911957904,100.1334,40.12515174618786,2,R,HH
1674,-16.133399999999995,0.10950511914591,4.423076284255683,12.7135980671253,0.0916162689217296,0.1490742211043694,100.1334,42.11018232608908,2,R,HH
1675,-27.9097,0.0846299620355216,4.525448494160395,18.29271368160637,0.0467371845800489,0.0778089745385154,117.9097,44.19616008543841,2,R,HH
1676,-27.9097,0.0479265314055773,12.785237871778907,68.13891199147308,0.0219198031941566,0.1030981758424736,117.9097,45.64874001780757,2,R,HH
1677,-27.9097,0.0551536866459153,19.01644973206932,71.4913486542761,0.0231144716675884,0.1617033171277953,117.9097,47.717854383254775,2,R,HH
1678,-45.45179999999999,0.089072429186129,7.62156644779649,29.009168102786823,0.0501776182873292,0.1406888895644213,147.4518,50.42186831694115,2,R,HH
1679,-45.45179999999999,0.065567572416555,13.825646554415478,43.952198185681496,0.0390759229097366,0.1987468309140945,147.4518,53.07819143590452,2,R,HH
1680,-45.45179999999999,0.0412321732992079,3164.4232939313856,193.6002612577888,0.0123195600652688,14.341523543797992,147.4518,53.82855670802204,2,R,HH
1681,,,,,,,153.4515,56.1961664500266,2,R,HH
1682,,,,,,,153.4515,58.87176662585337,2,R,HH
1683,,,,,,,159.4498,60.58117770546599,2,R,HH
1684,,,,,,,165.4504,65.63947296647241,2,R,HH
1685,-0.0033999999999991,0.1363209882230621,18.811764541000123,58.462375375021615,0.0311415393091808,0.2155138215601093,18.0034,6.426947392872182,1,L,HH
1686,-3.142699999999998,0.1226178514801303,14.015492096170156,46.35731468559031,0.0350455142427627,0.1806950709574151,45.1427,10.04902779543812,1,L,HH
1687,-16.134900000000002,0.0667474576199624,2.395825448616395,7.803336321929168,0.2051206558951347,0.1807882031529588,100.1349,12.061880668974164,1,L,HH
1688,-16.134900000000002,0.0477261199244834,1.840843911166432,8.086759707653453,0.2986876981117576,0.2022738866341321,100.1349,14.35345749301689,1,L,HH
1689,-9.744600000000004,0.1285515909495161,8.414590585794533,25.244177746569104,0.0955713677514017,0.2958464140594053,69.7446,18.609501972095806,2,L,HH
1690,,,,,,,165.4485,20.36967195287594,2,L,HH
1691,-10.7483,0.0931798939206079,5.1549886046705,22.772608812467556,0.1188047684078698,0.2253030649402047,76.7483,21.83697077829488,2,L,HH
1692,-11.219700000000003,0.0723870875567013,3.4787094817624364,18.106686850637693,0.1297496716945856,0.1660465844468337,83.2197,23.58955794221841,2,L,HH
1693,-11.219700000000003,0.0755549814529387,3.74209983855248,17.911809188062467,0.1579007953537608,0.2173728031488104,83.2197,25.591854925895987,2,L,HH
1694,-16.134900000000002,0.1351088041963668,4.878706022494201,8.796808588512647,0.1623403539259065,0.29136451345854,100.1349,29.38143762459635,2,L,HH
1695,-16.134900000000002,0.0526112965983259,2.683881343221452,17.110011591210995,0.0540791275657118,0.0533947436986641,100.1349,32.27746153975824,2,L,HH
1696,-16.134900000000002,0.083960680711534,3.3553673804059923,12.5824041739554,0.0911670161243078,0.1125338913978097,100.1349,33.80835281137896,2,L,HH
1697,-16.134900000000002,0.1145429785829474,6.719315323787378,21.87990949780473,0.0467559752842035,0.1155760002206504,100.1349,36.95833710671417,2,L,HH
1698,-27.909099999999995,0.0538102372533183,34762.32474114311,402.02881804885527,0.0062389762388187,79.78617809067985,117.9091,39.33197868368559,2,L,HH
1699,-27.909099999999995,0.056643405386936,32.607178667906815,86.49398864469588,0.0203278413287517,0.243842837486509,117.9091,41.70527258185349,2,L,HH
1700,-27.909099999999995,0.0393479445140542,,,,,117.9091,46.38911426979172,2,L,HH
1701,,,,,,,153.4499,48.840807472314594,2,L,HH
1702,,,,,,,153.4499,50.27070747231459,2,L,HH
1703,,,,,,,172.0356,55.48290363430371,2,L,HH
1704,,,,,,,165.4485,58.07425497086289,2,L,HH
1705,0.0,0.0276683007741687,,,,,0.0,2.3990951424114497,0,R,HH
1706,0.0,0.0382352859023522,11.8564973254872,112.103517465308,0.0132078839130326,0.0576096410058372,0.0,3.921295249554303,0,R,HH
1707,-0.0025999999999992,0.0254493888210038,3.9234949819738416,59.53843867992277,0.0242558555766093,0.0350102504611371,12.0026,5.05522717008664,1,R,HH
1708,-0.0027000000000008,0.0360039672631988,5.450862309054022,56.677691038215656,0.0241151699540141,0.0483571900465096,24.0027,6.7568404730637965,1,R,HH
1709,-0.0005000000000023,0.0249662101600505,2.883431453933349,35.790210845344625,0.0307270072920542,0.0325938312884113,36.0005,8.18473305723439,1,R,HH
1710,-10.7483,0.0605819621438602,3.484408184349512,23.113634826869568,0.0892255713032062,0.1143730968758293,76.7483,20.44667516111955,1,R,HH
1711,-16.134900000000002,0.0563300920536243,2.140266859551944,10.237577749898328,0.1260100229673316,0.0992152738927903,100.1349,26.55281320841179,2,R,HH
1712,,,,,,,153.4499,27.307275675655507,2,R,HH
1713,-16.134900000000002,0.0732781800327184,2.933149916642648,11.874712121705723,0.0918084335286285,0.0990654818541181,100.1349,28.190522526767925,2,R,HH
1714,,,,,,,165.4485,33.918067150361445,2,R,HH
1715,,,,,,,165.4485,35.064963069375096,2,R,HH
1716,-0.0018000000000002,0.0518882601346054,8.277634520858669,68.06574226541152,0.0258210087252932,0.0786294014660889,6.0018,3.010569491186838,1,L,HH
1717,-0.0018000000000002,0.0939263820485667,90.2827138241788,191.9685584066412,0.0089102553033931,0.2959376843248953,6.0018,4.759039964538431,1,L,HH
1718,-5.263100000000001,0.1029605081556971,8.716080069580814,31.216028901855225,0.0533836156941772,0.1711727841913835,53.2631,11.47668649517231,1,L,HH
1719,-10.7496,0.0346931720497489,2.122630360532148,15.974294341488717,0.0641497282290734,0.0500927311264513,76.7496,13.175590914515611,1,L,HH
1720,-16.138499999999993,0.0231700545101003,0.9358462327048994,4.632644891015437,0.2066881135271836,0.071158292110921,100.1385,16.242293529596992,2,L,HH
1721,-16.138499999999993,0.0329453851275135,1.2114528289963575,7.909973661157381,0.4426610884277853,0.1972801430109427,100.1385,19.09137084191521,2,L,HH
1722,-16.138499999999993,0.0381758969211802,2.257698855102452,23.45562078318077,0.0485495839627577,0.0403233906730543,100.1385,22.654678879951973,2,L,HH
1723,-27.9106,0.0326516260119372,1.8489727105963216,21.625642737919332,0.0444583110124521,0.0302405008048143,117.9106,25.07020087947452,2,L,HH
1724,-45.45099999999999,0.0329166666666665,20.74752431246528,64.83854218854468,0.0290513148139815,0.2217367066585035,147.451,29.425923646639163,2,L,HH
1725,-27.9106,0.0283127654907786,103.29692385295294,114.64854834357892,0.0194616678390776,0.7395592317829304,117.9106,31.214762975731706,2,L,HH
1726,0.0,0.0080361852206281,1.0804633907136088,-3.448253568388043,0.023765079541762,0.0094461501943773,0.0,2.659542058660468,0,R,HH
1727,-0.0030999999999998,0.0817043638184726,12.160932867997545,63.07678782634891,0.0267940428369583,0.1198700417267681,12.0031,7.513869855417753,1,R,HH
1728,-3.1441000000000017,0.0969891941997923,9.806790274498676,38.63682563312191,0.0372795097022073,0.1344939032289138,45.1441,11.449010608740885,1,R,HH
1729,-9.7449,0.0699849156143317,4.922208809249341,22.254095089491297,0.0714132267201699,0.1293136016945702,69.7449,14.29021351855747,1,R,HH
1730,-5.263100000000001,0.1179922095508344,10.20261074582604,33.39352812087741,0.0493271205556664,0.1851409978807064,53.2631,15.523763546079662,1,R,HH
1731,-5.263100000000001,0.1395300164561667,11.350677144576911,38.11551282257661,0.065007732502062,0.2714515381763119,53.2631,19.3964625506,1,R,HH
1732,-10.7496,0.1026867893101703,5.7069194970246055,22.849026159276274,0.1078725749381944,0.2264739787698966,76.7496,22.054760993249214,2,R,HH
1733,-10.7496,0.0986630257792684,5.479754487734838,22.30155514970371,0.1324014758273098,0.2669066811805558,76.7496,23.817834200811404,2,R,HH
1734,-15.399600000000008,0.094117484403388,4.214778287132372,14.038283208076113,0.103928000180175,0.1611435113160456,93.3996,26.89719287015012,2,R,HH
1735,-16.138499999999993,0.0715746145991045,2.785697157473644,11.480410843103966,0.0976454211575904,0.1000670972785832,100.1385,30.641286022106783,2,R,HH
1736,-16.138499999999993,0.1166430248050718,4.757825044953349,13.05260475190761,0.0852178473633511,0.1491573111431968,100.1385,32.634203497178135,2,R,HH
1737,-27.9106,0.065435600615938,3.41744881846652,17.59731091112848,0.0484908402978723,0.0609631286746871,117.9106,34.549703787610724,2,R,HH
1738,-27.9106,0.0518275030515357,118.02513701964028,124.08706877395404,0.0161668976720549,0.7019508768185628,117.9106,37.03124464915072,2,R,HH
1739,-27.9106,0.097620825085033,16.025702285250333,52.49391615823596,0.0258567026161424,0.1524388729182854,117.9106,40.01744623770336,2,R,HH
1740,-45.45099999999999,0.0559868902299521,3.1827292558147477,21.940639853774293,0.0699471028547479,0.0818983110156356,147.451,42.83438803453564,2,R,HH
1741,-45.45099999999999,0.0747038001650545,6.043013141436437,27.436550633527748,0.0580987799986124,0.1291594150971712,147.451,45.57818364022447,2,R,HH
1742,-45.45099999999999,0.0582351146904627,802.7263609197321,127.93517167814926,0.0177926821097416,5.254295125480496,147.451,48.70367223099607,2,R,HH
1743,,,,,,,159.4498,53.79451801582261,2,R,HH
1744,0.0,0.1581687360184767,141.33028079640636,204.5185444591963,0.0082264816705581,0.4277153870853663,0.0,1.1867899164936342,0,L,HH
1745,-0.0011000000000009,0.0456261079384449,4.973595598156293,40.01156769381258,0.0347693448778723,0.0636168990370636,36.0011,2.9272536529999846,1,L,HH
1746,-0.0029000000000003,0.1120134106199547,13.898146960793484,44.72183292487771,0.0297453666737307,0.1520833760157061,30.0029,12.191885591687711,1,L,HH
1747,-5.264099999999999,0.1029214784542731,8.412415670220472,19.381561811156317,0.0602559289247189,0.1864773238017597,53.2641,14.911171434888804,1,L,HH
1748,-0.0011000000000009,0.1093929639077427,11.874954940671657,47.89206786227488,0.0401829341830684,0.1755412289528543,36.0011,15.216312961561265,1,L,HH
1749,-5.264099999999999,0.1065469476852874,7.770153439906732,29.463580554361343,0.0861701324719086,0.246315574873037,53.2641,19.00946400050258,1,L,HH
1750,-5.264099999999999,0.148771779934234,11.71142415702646,37.41823532142279,0.0748549192599088,0.3225043483404096,53.2641,21.700923310308287,1,L,HH
1751,-5.264099999999999,0.1359667382623277,11.707581407016974,43.95220654128372,0.0616613220071231,0.2655739885043188,53.2641,23.503395437838705,2,L,HH
1752,,,,,,,159.4508,24.3941182482573,2,L,HH
1753,-9.751800000000005,0.1423333699108256,8.810969062685496,29.39276875428082,0.1068568160811015,0.3463629454350544,69.7518,26.74089164604923,2,L,HH
1754,-16.1417,0.1460465975102268,5.3820324933060215,8.125752110634366,0.1469123138946966,0.2908774354336393,100.1417,30.556182646593324,2,L,HH
1755,-15.399900000000002,0.1405447420041266,6.55485199050843,16.666048249727925,0.0860339103419377,0.2074617659404963,93.3999,32.14089674857316,2,L,HH
1756,-16.1417,0.1178925968160789,4.5584794413250345,10.168051540713062,0.1115784110778169,0.1871137450388196,100.1417,34.063771421881114,2,L,HH
1757,-16.1417,0.1357145609619733,5.40048981697799,10.875295636744422,0.0987157733670986,0.1961215070721116,100.1417,35.6843932187233,2,L,HH
1758,-16.1417,0.1522967158105592,9.956513759472868,26.37373520209764,0.0411666490232692,0.1507850669273404,100.1417,37.64013199765338,2,L,HH
1759,-16.1417,0.1158939172042763,5.349881375492378,16.04175882883485,0.0576319411419949,0.1134260786799344,100.1417,39.72351003401211,2,L,HH
1760,-16.1417,0.1464864990074399,8.402995397417913,21.11509190186584,0.0507422144784765,0.1568588621876427,100.1417,42.01886451764896,2,L,HH
1761,-27.91200000000001,0.0923049813943419,13.612066363700883,49.149580219964,0.0270269144134666,0.1353399595106458,117.912,44.89026447002699,2,L,HH
1762,-27.91200000000001,0.0997919322378777,19.682254560208797,58.61100652700701,0.0239347656937143,0.1733043815731546,117.912,46.79324194891717,2,L,HH
1763,-27.91200000000001,0.0769048149489101,118.52947951764725,115.34381259351429,0.0167153792832761,0.7288667369379948,117.912,49.77784789471138,2,L,HH
1764,-45.453100000000006,0.1011494975521353,10.553255072840312,32.42605374347791,0.0464245404006119,0.180235180678367,147.4531,51.30440867351688,2,L,HH
1765,-45.453100000000006,0.0683127859845762,16.87740217296014,44.02865193710664,0.0423516680553108,0.2629551237041493,147.4531,55.28488770779251,2,L,HH
1766,-45.453100000000006,0.0558614357137374,39315162.79123823,370.028656634326,0.0082206754121594,118897.60241166492,147.4531,57.522915195726846,2,L,HH
1767,-45.453100000000006,0.0193759005295965,,,,,147.4531,59.66943647965648,2,L,HH
1768,,,,,,,159.4508,62.02489654304348,2,L,HH
1769,0.0,0.0764661713459392,15.540997854733291,91.36606969186192,0.0227461343670952,0.1300445088885045,0.0,3.173133280727733,0,R,HH
1770,-0.0030000000000001,0.0068550888046307,0.5903090606799888,26.029729879280016,0.0392590769850114,0.0085256019503036,6.003,4.426403893421819,1,R,HH
1771,-0.0030000000000001,0.0624750427296028,7.73649692703405,81.39762324215059,0.0702280988050616,0.1998760632207157,6.003,5.95465200585964,1,R,HH
1772,-0.0011000000000009,0.0447716518961246,4.995310456508813,34.455225198321685,0.031753675748948,0.0583528414311733,36.0011,6.810189544486672,1,R,HH
1773,-5.264099999999999,0.0510132894298246,4.245501645683483,18.405248241680955,0.0594595071367444,0.0928658069070341,53.2641,9.19488614342476,1,R,HH
1774,-0.0029000000000003,0.1099165970181305,13.226626268836906,49.27996579429523,0.0336979789524501,0.1639677567472309,30.0029,9.3232070474116,1,R,HH
1775,-0.0011000000000009,0.1607690017368713,17.072001438608808,49.67986434471332,0.0452012775793504,0.2838838371292354,36.0011,13.516218135226143,1,R,HH
1776,-3.1445000000000007,0.1504968213492173,13.8698606778781,42.53771083505596,0.0559261824765225,0.285359800103833,45.1445,18.949264282643185,1,R,HH
1777,-9.751800000000005,0.1627742529822511,10.536975129422698,29.903382631456548,0.086973473213261,0.3371384506834445,69.7518,23.367685542322427,2,R,HH
1778,-10.751099999999994,0.1733178049831865,9.325829282939525,23.41890562226081,0.16812764424459,0.5768091047633106,76.7511,25.510356524417357,2,R,HH
1779,-16.1417,0.0346664064786193,1.295641967717883,10.045747309567782,0.0909175388338041,0.0433349396230464,100.1417,26.86952391661008,2,R,HH
1780,-15.399900000000002,0.1463636161355641,6.671081258821205,13.69025110903436,0.0928726958775936,0.2279238651558203,93.3999,29.680138983339805,2,R,HH
1781,-27.91200000000001,0.0621123969628635,5.998291516056705,36.5198413259174,0.0327406514811204,0.0722470973956015,117.912,33.003359881697115,2,R,HH
1782,-16.1417,0.1617268521728112,6.15857273820369,9.993965755194829,0.1237711827103611,0.2804175136054119,100.1417,34.340873508552114,2,R,HH
1783,-16.1417,0.1049946427090902,5.208020290759474,16.798962488695842,0.0582252181987898,0.1115550693229982,100.1417,36.99205997108717,2,R,HH
1784,-16.1417,0.126385796770423,6.609699535750201,20.15555897494128,0.0567221148883369,0.1379239387612524,100.1417,38.5203402570528,2,R,HH
1785,-27.91200000000001,0.1119230666729522,15.219823604935248,46.5230963401449,0.0276145711525871,0.1546156463498727,117.912,41.71887161513633,2,R,HH
1786,-27.91200000000001,0.0717295933287008,3.717634979168943,19.13578459333027,0.0569368241582317,0.0778691623794676,117.912,42.58725220678105,2,R,HH
1787,-27.91200000000001,0.0591580603202926,29964.076053182795,300.09653648782887,0.0085479254686392,94.2252146770384,117.912,45.64381270754738,2,R,HH
1788,-45.453100000000006,0.0510374437814153,7.633765718865049,38.83006773210987,0.0411795519708175,0.1156447609154832,147.4531,46.83648859608776,2,R,HH
1789,-27.91200000000001,0.0683303696099625,341.6793450638682,160.20872616533086,0.0128731284953204,1.6181111418081089,117.912,48.40230367137602,2,R,HH
1790,-45.453100000000006,0.1250550771049336,6.0085950667997485,18.76282864234724,0.0645086759875943,0.1425924671411174,147.4531,50.70234732347112,2,R,HH
1791,,,,,,,153.4505,55.34218633280184,2,R,HH
1792,,,,,,,153.4505,55.95681310722689,2,R,HH
1793,,,,,,,153.4505,57.72268081410037,2,R,HH
1794,,,,,,,159.4508,60.50656431501313,2,R,HH
1795,,,,,,,172.0425,63.82790821855002,2,R,HH
1796,0.0,0.1218946693926155,26.527055083883354,78.97680667057563,0.0138112671704193,0.1347808167542487,0.0,0.5886242235076644,0,L,HH
1797,0.0,0.0068291518336979,0.808149457296569,-0.1666841479228413,0.320609163185776,0.0953176078066092,0.0,1.4550628144389466,0,L,HH
1798,0.0,0.011369845317283,1.2811932673027726,11.491833188423008,0.0737397276255728,0.0347553522881696,0.0,6.546781440156916,0,L,HH
1799,0.0,0.1041714205093008,57.25621334614845,148.19651727126032,0.0110265130864673,0.2322556767782864,0.0,8.464269360609986,0,L,HH
1800,-0.0028000000000005,0.0954997439226578,14.92074145537499,61.46719678257472,0.0239344124043393,0.1313768041387796,12.0028,9.31191130507545,1,L,HH
1801,-0.0012999999999996,0.1133017356550913,18.4800406015513,71.85944388449076,0.02575983127338,0.1751263326845826,6.0013,9.580540347622977,1,L,HH
1802,-0.0001999999999995,0.0695087841762067,7.74061880351864,38.94414980858831,0.0369857063353698,0.1053210343841635,30.0002,10.69958231356365,1,L,HH
1803,-0.0062999999999995,0.107112014466618,16.71317373259491,68.04794166091757,0.0264887431999561,0.1628642631621187,18.0063,11.260534965608803,1,L,HH
1804,-0.0062999999999995,0.0707552255922934,10.6203749305756,67.45236544587398,0.0285495493897496,0.1115435917805517,18.0063,12.683324746286187,1,L,HH
1805,-0.0037999999999982,0.126129107004664,17.065792496197684,60.15032928317264,0.0312616023054776,0.1962651600207225,24.0038,13.62287637491027,1,L,HH
1806,0.0013999999999967,0.0537294779417936,6.477674671038229,50.34235593326865,0.0321065183872464,0.0765099404906768,35.9986,15.99882774093189,1,L,HH
1807,-5.261299999999999,0.033407742951082,2.7392777959890418,22.60512514358961,0.0707604549278313,0.0713070076062615,53.2613,16.92803980379954,1,L,HH
1808,-5.261299999999999,0.0416597974053548,3.375701911819618,32.39721927723075,0.0590640159532221,0.0733487269368472,53.2613,19.12741685030675,1,L,HH
1809,-9.748999999999995,0.1213339477283861,7.951793853128879,27.880246225487262,0.0819891946270825,0.2398431123045874,69.749,20.361784203083065,1,L,HH
1810,-10.750200000000008,0.0917939020671281,5.165805967999145,20.30339180514021,0.197442553830574,0.3752186076648155,76.7502,22.41187875305201,2,L,HH
1811,-10.750200000000008,0.1385226818150828,7.917379479475353,23.141947394863674,0.0926452236761835,0.2698422897603059,76.7502,24.632249001733044,2,L,HH
1812,-11.220699999999994,0.0892846692204685,4.471441958726307,17.977314375160006,0.1036014809313811,0.1704194186095008,83.2207,26.622363353871386,2,L,HH
1813,-15.399299999999997,0.1152763844598131,5.047465899036031,14.795970400068995,0.1082995914327079,0.2010970639295373,93.3993,29.491476497124943,2,L,HH
1814,-16.142300000000006,0.0995761925635732,3.709426379642839,9.399350227202545,0.1183453825170872,0.161496677504799,100.1423,30.942276367431543,2,L,HH
1815,-16.142300000000006,0.1153902095460801,5.165631618841278,15.244083083548896,0.0715288870679284,0.1359284665887929,100.1423,32.98862698228688,2,L,HH
1816,-15.399299999999997,0.1290156209995115,6.103963745803708,17.804006902015047,0.0873186249949103,0.1960759608228359,93.3993,34.43859983461895,2,L,HH
1817,-16.142300000000006,0.1455293552922278,5.690602920641741,11.37174324545156,0.107314197861562,0.2246575323367105,100.1423,36.67984216338223,2,L,HH
1818,-27.9104,0.1090664011439221,5.973502228398967,19.34967945137468,0.0457175164980757,0.1004655528425966,117.9104,39.49669705989244,2,L,HH
1819,-27.9104,0.0813291792297795,7.647020307280659,35.82332354494935,0.032392331543757,0.0911255096958426,117.9104,40.62504480699031,2,L,HH
1820,-27.9104,0.0855325317319928,5.473587255297787,23.90891252790301,0.0397061488084105,0.0799531041260271,117.9104,41.65599480699032,2,L,HH
1821,-27.9104,0.1254131950264353,10.6681747985996,32.543124736020665,0.0348921350112659,0.1369377492427034,117.9104,43.36139055353311,2,L,HH
1822,-27.9104,0.0562873039276436,587.2464143025072,163.51893398972874,0.0136163668171744,2.941623824835801,117.9104,47.557845008282925,2,L,HH
1823,-27.9104,0.0520841052958253,57.126464510239295,93.51143163641596,0.0213747760497757,0.4492048516227732,117.9104,49.494991707062574,2,L,HH
1824,-45.45150000000001,0.0619463553831707,62.648838679896826,70.51380838505933,0.0283672399961152,0.6537860142772587,147.4515,54.06776608443293,2,L,HH
1825,,,,,,,172.0406,58.269734251667785,2,L,HH
1826,,,,,,,172.0406,61.18054407605138,2,L,HH
1827,,,,,,,172.0406,62.05232903164537,2,L,HH
1828,,,,,,,172.0406,67.52002290334374,2,L,HH
1829,0.0,0.1486262055376283,23.432786703201984,61.35137593655737,0.0265439069254607,0.2288201696902665,0.0,2.800360640382242,0,R,HH
1830,0.0,0.0131692201923931,1.6593507242099783,7.576812566494075,0.0612803765727843,0.0374080554051873,0.0,3.075280640382241,0,R,HH
1831,0.0,0.1090154347160335,28.95189998024993,99.22540455820426,0.0162441155198229,0.173012968292601,0.0,3.968523134569823,0,R,HH
1832,0.0,0.0737852943495001,12.872045105664904,67.9986068870026,0.0211022077799769,0.0999265666750081,0.0,5.082889473122815,0,R,HH
1833,-0.0062999999999995,0.0594052726922161,10.164565344361112,68.15075065466692,0.0220876153295413,0.0825929846448288,18.0063,6.89368858204962,1,R,HH
1834,-0.0012999999999996,0.0988441821949189,21.843393074340103,89.32662723126127,0.018276576199237,0.1468657273846318,6.0013,7.33953143553053,1,R,HH
1835,-0.0012999999999996,0.1475069992181159,29.409057842963826,85.75821745240157,0.0222151795329997,0.2403457555569864,6.0013,7.81722020711722,1,R,HH
1836,-0.0062999999999995,0.1610728478566422,28.051845501414743,72.19421424048114,0.0220608517211621,0.2276613107708832,18.0063,10.057034653655306,1,R,HH
1837,0.0013999999999967,0.1661742390650477,17.939745545762214,40.82115080146598,0.0360960286091282,0.2382216448937534,35.9986,11.121393189839312,1,R,HH
1838,-16.142300000000006,0.0509851903246495,1.921117392845968,9.827106145937782,0.1184819039561453,0.0837358525685651,100.1423,12.949876284866503,1,R,HH
1839,-27.9104,0.0308982968831136,4.728014621821031,52.91567952139109,0.0238732735444646,0.0415237247320114,117.9104,13.174714226504475,1,R,HH
1840,-5.261299999999999,0.1823639495700306,15.298188361028828,38.00168911993723,0.0579554714921021,0.326166959641938,53.2613,15.539618671184469,1,R,HH
1841,-10.750200000000008,0.2603394101374695,14.414866955919925,23.14917661487933,0.1384130562902334,0.7339951915570964,76.7502,17.835942680675075,2,R,HH
1842,-10.750200000000008,0.1506302477589168,8.379664860430413,24.193897722349327,0.1127474743167394,0.3475673635981474,76.7502,20.935788796950888,2,R,HH
1843,-11.220699999999994,0.1516424618602519,7.296977474958039,19.156211922297928,0.1632318966517281,0.4381810085297725,83.2207,24.89396030945688,2,R,HH
1844,-16.142300000000006,0.1410261398743654,5.3995899655645125,10.35057881635495,0.11383897585942,0.2261295298026992,100.1423,28.72108645524397,2,R,HH
1845,-16.142300000000006,0.1463118561200817,6.188514328046136,14.063611454406225,0.0808423847600353,0.1840479714660442,100.1423,30.24943714409156,2,R,HH
1846,-16.142300000000006,0.128008934421303,5.169425976433797,12.742798448550191,0.0932008082156553,0.1772423572752777,100.1423,33.34167707924486,2,R,HH
1847,-16.142300000000006,0.1185066077994904,7.743755292043977,25.990916136919594,0.0450768826838959,0.1284135975812868,100.1423,34.842446334827365,2,R,HH
1848,-27.9104,0.1340919285293084,8.46268141480267,23.5978097735218,0.0420360595792969,0.1308686157663486,117.9104,37.04422899716844,2,R,HH
1849,-27.9104,0.0987633181024165,10.560404021049072,39.32139312194951,0.0313302711967245,0.1217167103361049,117.9104,40.14099773439145,2,R,HH
1850,-27.9104,0.1097565965904471,24.590731073149144,60.8464199593198,0.0246566266774421,0.2230543093244058,117.9104,41.96671354680322,2,R,HH
1851,-45.45150000000001,0.0827592711025397,6.115672478734075,25.99053559697744,0.0620992511271591,0.1397127689602568,147.4515,45.6977643928125,2,R,HH
1852,-45.45150000000001,0.0756280571168897,42.68110606384497,57.53526514806247,0.0342787691316306,0.5382281431335493,147.4515,47.94696737712196,2,R,HH
1853,,,,,,,172.0406,49.26495445200876,2,R,HH
1854,,,,,,,159.4492,50.81797906550464,2,R,HH
1855,,,,,,,153.4484,53.90521298663356,2,R,HH
1856,,,,,,,172.0406,56.90122867316282,2,R,HH
1857,,,,,,,165.4476,58.66525877315514,2,R,HH
1858,-0.0033000000000003,0.1813920435669724,29.665805958599204,71.1799834779093,0.0261903688546718,0.2858270221624815,6.0033,1.8598556320164084,0,L,HH
1859,-0.0033000000000003,0.0099169485841103,1.234008995071444,26.85015777302505,0.0517226948587765,0.0234803727990368,6.0033,7.0215424430375775,0,L,HH
1860,0.0,0.0644015593132127,11.03126858656673,68.47305824718393,0.0220460225930086,0.0894666601317275,0.0,8.461387770842682,0,L,HH
1861,-0.0002999999999993,0.0351360059614517,3.762744509640918,35.43309865512116,0.0405107417222845,0.0560764411552641,30.0003,10.020571370480686,1,L,HH
1862,-0.0002999999999993,0.062963426965863,7.597037663922703,48.36001933556464,0.0331453623361126,0.0926344588024408,30.0003,11.377509237208583,1,L,HH
1863,-0.0047999999999994,0.0806489080643112,9.894869573015365,51.36437071299458,0.0361844939044958,0.131715866987024,24.0048,15.46370260533651,1,L,HH
1864,0.000399999999999,0.0807501819224295,8.327762443126012,43.59429003863172,0.0427881264980831,0.1310862432040239,35.9996,18.28365957278712,1,L,HH
1865,-10.750500000000002,0.0704339541398424,3.9032082823703225,22.502801524554357,0.1064325652511788,0.1528275934647371,76.7505,21.766959504441573,1,L,HH
1866,-11.223,0.0671996515883561,3.3384321911457824,18.591771630739625,0.102122075129437,0.1254202634433927,83.223,28.059452037636024,2,L,HH
1867,-16.144599999999997,0.0525683096615753,2.011366594789458,9.864722093944204,0.1060856300894334,0.0784970455657418,100.1446,29.701846166160347,2,L,HH
1868,-16.144599999999997,0.0314848271841447,1.2812590383758231,12.717556328240752,0.0709697768681858,0.0334515233526855,100.1446,30.947558263872203,2,L,HH
1869,-16.144599999999997,0.0846340233440847,3.287904175586581,10.11282242873645,0.098060197488948,0.1186089423867899,100.1446,33.10026309444776,2,L,HH
1870,-16.144599999999997,0.08449377465708,3.769861937966264,15.388524375259788,0.0736443497909082,0.102134012859293,100.1446,36.73026337728133,2,L,HH
1871,-16.144599999999997,0.046569826004851,2.53364068518992,21.584769143161576,0.0524651893575314,0.0489014556624504,100.1446,37.80071337728134,2,L,HH
1872,-27.9118,0.0783167907497961,5.118278159750133,24.6968415401409,0.0398053265049146,0.0749498198306103,117.9118,40.453368479044855,2,L,HH
1873,-27.9118,0.0611850388391022,5.566934627731295,34.5840395869407,0.0433217389419047,0.0887212231359911,117.9118,42.6043078803384,2,L,HH
1874,-27.9118,0.0585514394881858,34.16992572489292,77.73311104920931,0.0245789038735713,0.3089669772156482,117.9118,46.55111407081623,2,L,HH
1875,,,,,,,159.449,50.62212357386612,2,L,HH
1876,,,,,,,165.4485,55.764649976021694,2,L,HH
1877,-0.0033000000000003,0.1732505484825634,27.7173471953634,65.84973561181614,0.0246392685732667,0.2512378056370211,6.0033,2.830214508144327,1,R,HH
1878,-0.0033000000000003,0.0232050972231397,6.601005647588412,98.60243440178763,0.0114506816915456,0.0278065407800187,6.0033,5.566698477452929,1,R,HH
1879,-0.0002999999999993,0.055075128219599,5.64465935348488,32.397441010239945,0.048998940113522,0.1017489513879537,30.0003,8.26081437185584,1,R,HH
1880,-0.0002999999999993,0.0176769961384775,1.6645240747314043,14.729415437667791,0.0675004296956413,0.0413334957055584,30.0003,10.79752712425474,1,R,HH
1881,0.000399999999999,0.118910385051328,12.600651144769138,44.68553002483224,0.0416242664558852,0.1929501405175685,35.9996,13.422944970358742,1,R,HH
1882,-5.263199999999998,0.1671414799588475,15.022281514550142,34.17538315267465,0.0437538842433807,0.2418009639683717,53.2632,16.94825780986675,1,R,HH
1883,-10.750500000000002,0.0302309289353174,1.884016119531453,13.618707154958011,0.0935320358942225,0.0648261933227152,76.7505,18.651769250213324,1,R,HH
1884,-9.750200000000008,0.1547130454383513,9.720306111368592,28.66408291955756,0.0947827124222158,0.3389335753062947,69.7502,23.91072590748804,2,R,HH
1885,-11.223,0.0652489138138274,3.156533296147226,19.85554801280646,0.1124071114199586,0.1305298023943202,83.223,28.15190116350375,2,R,HH
1886,-16.144599999999997,0.060521614560333,2.460563462010633,10.771316798909124,0.0888918531386766,0.0804640797777155,100.1446,30.223632590100408,2,R,HH
1887,-16.144599999999997,0.062979729601208,8.056609019474225,48.69894287854213,0.0244242526671389,0.072390085631238,100.1446,31.69801994085381,2,R,HH
1888,-16.144599999999997,0.1253069610499737,4.936862839020217,11.422480156954853,0.0991502965324446,0.1800738279983082,100.1446,34.3495762367339,2,R,HH
1889,-16.144599999999997,0.0763506794268564,5.154959806105309,26.858819555516376,0.0419983329706097,0.0796457954139549,100.1446,35.79213441650298,2,R,HH
1890,-27.9118,0.0944625308873789,8.053036031794951,32.770027129595775,0.0326652777863517,0.0967724009512302,117.9118,39.890398258741016,2,R,HH
1891,-27.9118,0.0324415923649837,9.11811066578616,63.15957909683337,0.0268228902163538,0.0899737763790271,117.9118,41.63327505300962,2,R,HH
1892,-45.45320000000001,0.0476442154956068,2.789168194015257,22.644418075850545,0.0873451360815798,0.0896228907945066,147.4532,42.73736082243232,2,R,HH
1893,-27.9118,0.0437699776280952,1105305232572.6423,1232.839268133203,0.0027625398342548,1123301381.786173,117.9118,44.50337409975228,2,R,HH
1894,-27.9118,0.0510928905544026,,,,,117.9118,47.19354900755816,2,R,HH
1895,-45.45320000000001,0.0453567694918675,14.769628488190008,46.97574677877675,0.0416894098969195,0.2265170188105278,147.4532,49.35648224607607,2,R,HH
1896,-45.45320000000001,0.0455076067869913,171.68720827757167,72.97381051820295,0.0330948545959162,2.09027744453784,147.4532,51.9920347478563,2,R,HH
1897,,,,,,,153.4496,54.36544890946784,2,R,HH
1898,,,,,,,165.4485,56.57241021023133,2,R,HH
1899,,,,,,,165.4485,60.36140613820667,2,R,HH
1900,0.0,0.0685919497760559,8.382528474848696,21.196385823439385,0.0349582798558882,0.1078029412755306,0.0,0.9208404830371012,0,L,HH
1901,0.0,0.0871427526271396,15.436566121743908,59.60336787624168,0.0150961602700048,0.0857280042682244,0.0,3.712158679110489,0,L,HH
1902,0.0,0.1112103384820778,35.725543917627355,120.04685962067366,0.0104137609163521,0.1368648640732419,0.0,4.876920725084087,0,L,HH
1903,0.0,0.1253102710825364,26.07623954283156,86.61761883682628,0.0194139200772427,0.1862360352408897,0.0,4.955920725084087,0,L,HH
1904,0.0,0.0904334173083382,32.15516286643783,124.27903659903636,0.0114151306827799,0.1350321303713153,0.0,6.828534740470866,0,L,HH
1905,-0.0046999999999997,0.0629326755856251,6.410001111715995,42.20484314793242,0.0350018286330598,0.0825380790545894,6.0047,9.76239844939733,1,L,HH
1906,-0.0051000000000005,0.116920798310264,19.719619621553072,71.83696655344096,0.0228292792653966,0.1656136970915316,12.0051,11.607097325220348,1,L,HH
1907,-0.0060999999999999,0.1411445861847571,18.67023246398363,54.92073199261891,0.0300057868359345,0.2060915868349145,24.0061,14.253427239411076,1,L,HH
1908,-0.0054000000000016,0.1335649175750543,17.292950247037524,54.86817961549928,0.030741923624518,0.1955715372009033,30.0054,16.417704425424844,1,L,HH
1909,-9.759200000000009,0.0510015301078134,3.403440863093891,28.485941192155952,0.0659906910422134,0.0826240355674205,69.7592,18.147122510215212,1,L,HH
1910,-3.5234000000000023,0.1400762956840061,12.625233028765432,42.86074687174442,0.0622711649368554,0.2892223904340949,45.5234,19.40764621228885,1,L,HH
1911,-5.267099999999999,0.1139083487966342,9.21309240807483,35.413452078671966,0.0606599402947423,0.2055951776422593,53.2671,20.909177811880664,1,L,HH
1912,-9.759200000000009,0.1105030654419738,7.391733452132596,27.927070471115588,0.0736585443349554,0.2002972320588005,69.7592,23.022295720008604,2,L,HH
1913,-9.759200000000009,0.1024835578854123,6.522010266439396,26.755137629927297,0.0919552041906484,0.2206293620863881,69.7592,25.138202394919954,2,L,HH
1914,-10.756299999999996,0.0796997510722212,4.389661415611346,21.34868055349081,0.169296275163983,0.2733908306024842,76.7563,26.991552281557464,2,L,HH
1915,-11.227900000000004,0.1206145508557403,5.958143314769718,19.789173642863027,0.1310351213255931,0.2872130564065552,83.2279,28.495712281557463,2,L,HH
1916,-16.152900000000002,0.1216990739109375,4.624859769013249,10.265754893269948,0.113477802800293,0.1930700927889462,100.1529,32.010371917209106,2,L,HH
1917,-16.152900000000002,0.1277501952773617,5.2814551897103215,12.853194246738338,0.0863913340579771,0.1678530735222387,100.1529,35.86313199337326,2,L,HH
1918,-16.152900000000002,0.1302406260751432,5.960212719734652,16.42151897016438,0.0712933649088151,0.1563206639993936,100.1529,38.97551469667839,2,L,HH
1919,-27.9183,0.1022305246817772,9.170957459948784,34.26471245233587,0.0342079951032188,0.1154111632566075,117.9183,42.12401238790864,2,L,HH
1920,-27.9183,0.0879211918331671,18.244283494637425,57.84362655784122,0.0258047738451229,0.1731938184688932,117.9183,45.14075961505621,2,L,HH
1921,-27.9183,0.0473475835525374,911.6839096353912,181.6404876633464,0.0126202539424407,4.232704031781083,117.9183,46.73127604041389,2,L,HH
1922,-45.45609999999999,0.0727533441521251,17.245821370698884,45.43939832839401,0.0387722310474178,0.2459858885074791,147.4561,50.18429625037509,2,L,HH
1923,,,,,,,153.4524,52.24733507020448,2,L,HH
1924,-45.45609999999999,0.0463338862838763,,,,,147.4561,54.592459409395545,2,L,HH
1925,,,,,,,159.4498,56.30154041305662,2,L,HH
1926,,,,,,,165.4504,58.57370256378312,2,L,HH
1927,,,,,,,165.4504,60.9053088596632,2,L,HH
1928,0.0,0.1799990011884661,44.65677250898364,95.84060214064148,0.0138201773167209,0.2270421366928251,0.0,3.0782235245704745,0,R,HH
1929,0.0,0.1192469338612333,53.5119389810412,145.28332800586946,0.0104040110540598,0.2048127603452133,0.0,4.730240519525973,0,R,HH
1930,0.0,0.160996672197565,44.13423210313701,104.95915965809232,0.0138625649698887,0.2250736673145903,0.0,5.239770569522132,0,R,HH
1931,0.0,0.1713961071626608,33.988933251631835,84.61714569495268,0.021269284110708,0.2659475078633264,0.0,7.783664796892886,0,R,HH
1932,-0.0060999999999999,0.0984229405416349,12.88400506187942,46.43925431536703,0.0299248331438147,0.1418365445643911,24.0061,9.199591611650078,1,R,HH
1933,-0.0060999999999999,0.1592337121150521,20.35621933201955,55.78887854632125,0.0341453057446938,0.2557017177618705,24.0061,10.27869562377622,1,R,HH
1934,-0.0054000000000016,0.1414037759454282,16.7603698117536,51.82964738396098,0.0387118282205282,0.2386892154714294,30.0054,12.39183004788432,1,R,HH
1935,-3.5234000000000023,0.1130738292889096,11.588899899033295,40.121669158445975,0.0361555527047067,0.154142619320159,45.5234,14.271804102806662,1,R,HH
1936,-14.984800000000009,0.1845859189386499,14.123410280456165,33.35320662569549,0.0608246257644002,0.316027255096214,68.9848,16.46540573441359,1,R,HH
1937,-15.409999999999997,0.1290679970815369,6.125491261395719,17.32211051893446,0.1037896326560859,0.233883948751087,93.41,16.923605734413588,1,R,HH
1938,-11.227900000000004,0.1229180719297048,6.998013216583943,20.673139154645074,0.0674606973833959,0.1736725187750661,83.2279,19.793636403129074,2,R,HH
1939,-11.227900000000004,0.0942953510388274,4.6639683507138106,18.812448171869427,0.1107606016348677,0.1900406113607018,83.2279,21.04763657780908,2,R,HH
1940,-15.409999999999997,0.1831390248133544,8.369693711745962,14.987805471755328,0.0981266971615461,0.3021358534604084,93.41,22.36192412351437,2,R,HH
1941,-11.227900000000004,0.1422899354724143,6.94636900856216,17.964396574204567,0.1266739817373632,0.3237060306695296,83.2279,24.11431319355826,2,R,HH
1942,-16.152900000000002,0.1854006835953111,6.992570298209616,9.682940635369905,0.1199242606636566,0.3084959088391552,100.1529,25.809430347626897,2,R,HH
1943,-16.152900000000002,0.129267606881224,5.573889294039609,14.53058057558666,0.0800325646411503,0.1641083167159029,100.1529,28.115363045305536,2,R,HH
1944,-16.152900000000002,0.1886380218976864,7.856097404260334,13.17225605760399,0.0849406939310154,0.2454868211681369,100.1529,30.02412588589844,2,R,HH
1945,-16.152900000000002,0.2182784495472221,8.422386729866206,11.2167401352555,0.1125916712979122,0.3488566153460866,100.1529,31.53085083141105,2,R,HH
1946,-27.9183,0.0785772839669511,381.0027387565088,181.97667422917516,0.0109113952317327,1.5293747040576655,117.9183,33.868560393687,2,R,HH
1947,-16.152900000000002,0.1409394409235363,7.480129570779647,20.19445269694737,0.0553423326913228,0.1522902500197933,100.1529,34.95476454166297,2,R,HH
1948,-27.9183,0.1323711431128367,11.222007014549051,32.54482487007128,0.0331033948387166,0.1366622567226796,117.9183,37.3247631539705,2,R,HH
1949,-27.9183,0.1680416832599209,10.709077252272202,23.95005313161304,0.0413161152736964,0.1627710068902682,117.9183,39.70807825809226,2,R,HH
1950,-27.9183,0.1175330421456836,30.283658444880807,64.33377122186384,0.0241891167979629,0.2694845484833713,117.9183,42.67849957401291,2,R,HH
1951,-27.9183,0.0756271054848546,20285.42308795268,274.2972181165758,0.0091825784395363,68.5258190427968,117.9183,46.107735423822106,2,R,HH
1952,,,,,,,159.4498,47.847234673420346,2,R,HH
1953,0.0,0.0456628359604924,7.776270227389217,58.30451739620032,0.0193718332239009,0.0554175834057524,0.0,2.2040124213837875,0,L,HH
1954,-11.228899999999996,0.0076697891533782,0.4697773032374018,22.91309286465989,0.0796714360003983,0.0137689300489256,83.2289,3.652977160620397,1,L,HH
1955,-3.051200000000001,0.0844164986938836,14.287904390207874,68.57865987518403,0.0203537561727468,0.1069839481444307,21.0512,5.504122428641363,1,L,HH
1956,-3.051200000000001,0.1202672622308643,19.165193080062004,69.50007725040855,0.0256220006389292,0.1806474163942453,21.0512,7.883397846571177,1,L,HH
1957,-3.5253999999999976,0.0847373794334919,7.617740741173848,41.25505505622685,0.0553956313171132,0.1552412826180864,45.5254,11.843763848404866,1,L,HH
1958,-0.0056000000000011,0.1043517201636398,11.48104540795404,53.26824955883158,0.0462575130711299,0.1953751088163416,30.0056,12.865827550578071,1,L,HH
1959,-3.5253999999999976,0.1444227642006318,13.33436506553868,42.25072078119669,0.0549341119862364,0.2694759226606433,45.5254,15.33991236420005,1,L,HH
1960,-5.2672000000000025,0.1193031649001974,9.672272242245818,36.59221416775498,0.0653019944574841,0.2323595227476723,53.2672,17.418634757137593,1,L,HH
1961,-5.2672000000000025,0.113592050849904,8.957821534446802,35.70155169563438,0.0726276650580045,0.2393370897902775,53.2672,19.13651980034913,1,L,HH
1962,-5.2672000000000025,0.0952959191678797,7.270894626820634,40.444315935976114,0.0837367229292176,0.2239800459390776,53.2672,22.47461673117855,2,L,HH
1963,-9.765,0.1264491055941697,8.00764405560183,28.719960083682857,0.0940951150164676,0.2771898706507282,69.765,25.521362303299867,2,L,HH
1964,-11.228899999999996,0.1421124369639727,6.822208466712844,19.14042204445613,0.1314495992861479,0.3299056631314565,83.2289,27.98750992802136,2,L,HH
1965,-16.1571,0.1311254139295168,5.273347482708667,11.216573199767916,0.090890143850482,0.1763228912686635,100.1571,34.610287382008245,2,L,HH
1966,-16.1571,0.135244417342377,5.343852069855483,11.763878707229413,0.0985787508784165,0.1937953071716717,100.1571,37.026815904063184,2,L,HH
1967,-16.1571,0.1141199636984615,5.592758607892345,18.122528029784156,0.0612085726144533,0.1259342455893715,100.1571,38.9331127551756,2,L,HH
1968,-27.92140000000001,0.1529136055813104,9.604836811961572,23.30123556440937,0.039930868261858,0.1410926083527181,117.9214,41.52896252151749,2,L,HH
1969,-27.92140000000001,0.0635539234297457,49.582953146773455,101.62769804836246,0.0171956399204748,0.3136579141939168,117.9214,44.09378542182294,2,L,HH
1970,-45.45670000000001,0.0118682729484022,0.3739988799892942,11.726959480688652,0.1020839170824372,0.0140453687524353,147.4567,46.34624416226791,2,L,HH
1971,-45.45670000000001,0.0508685714919057,21.000952866291858,56.23519094951397,0.0324599942232192,0.2507800337643334,147.4567,47.992113425480646,2,L,HH
1972,-45.45670000000001,0.0443890511902018,2.840357370969086,23.77999205555134,0.0955974153457699,0.0998906075448687,147.4567,48.362925658288574,2,L,HH
1973,-27.92140000000001,0.0344454732698293,,,,,117.9214,52.14074030631861,2,L,HH
1974,,,,,,,159.4499,54.06627080565376,2,L,HH
1975,,,,,,,172.0606,55.645677190530606,2,L,HH
1976,,,,,,,172.0606,59.36762347244377,2,L,HH
1977,0.0,0.0358727328608124,166.12409295149843,380.3911921995803,0.0049767645969666,0.304148192379633,0.0,1.885378796897411,0,R,HH
1978,-0.0056000000000011,0.0265477859998542,4.2733936347204144,61.960823134391816,0.0219065138373215,0.0344390915655694,30.0056,4.7103008502736365,1,R,HH
1979,-11.228899999999996,0.0437730952171875,2.1337873616824634,18.008195221863875,0.1210598398737042,0.0950291296602782,83.2289,6.6022761368987,1,R,HH
1980,-3.5253999999999976,0.0450561135289462,4.198960999358905,39.29790126770702,0.0483917504128346,0.0747512897841763,45.5254,11.587967832959473,1,R,HH
1981,-3.5253999999999976,0.0619084188571114,5.171860199832742,36.03520773417547,0.0595368251213498,0.1132760161384976,45.5254,15.324291905856567,1,R,HH
1982,-3.5253999999999976,0.0798648298211452,7.498589046314148,47.42947750011352,0.0533025258741573,0.1470391084825129,45.5254,19.05909309142696,1,R,HH
1983,-11.228899999999996,0.0785987615049126,3.7655091339421936,18.454448890833035,0.1364278066283888,0.1889870824299767,83.2289,22.38145387826168,2,R,HH
1984,-11.228899999999996,0.1465974092492895,7.171039560713923,18.509492014171887,0.1274438550053794,0.3362068334656618,83.2289,23.5679327159756,2,R,HH
1985,-15.412000000000006,0.0785615378270198,3.59399205822644,15.107207715780024,0.0885615311300531,0.1170921411508748,93.412,27.58325389737054,2,R,HH
1986,-16.1571,0.0896515304158032,3.619423998635946,12.237034910059156,0.0882949833038103,0.1175658013761343,100.1571,29.239380066553256,2,R,HH
1987,-16.1571,0.0719899985557046,5.918507892929421,32.60783340764388,0.0324526520371852,0.0706590741319327,100.1571,31.96803628534685,2,R,HH
1988,-27.92140000000001,0.0617899230466308,157.71348372367902,162.9204184665785,0.0114712747831439,0.6655581808552984,117.9214,34.36757749672919,2,R,HH
1989,-27.92140000000001,0.0340809264082598,,,,,117.9214,36.15016994430084,2,R,HH
1990,-27.92140000000001,0.0931362909898811,15.024970909183237,52.41566406213771,0.0255471391884,0.1412086926012974,117.9214,37.41488041259522,2,R,HH
1991,-45.45670000000001,0.046111890229952,4.82459491541457,31.167821125943263,0.054428731682973,0.096603883887565,147.4567,39.54396654352939,2,R,HH
1992,-45.45670000000001,0.0637675849472931,14.989184582827988,47.073129803025935,0.0358434544104123,0.1976484368246756,147.4567,40.89115112899441,2,R,HH
1993,-45.45670000000001,0.0331505982140574,,,,,147.4567,46.38024564220704,2,R,HH
1994,,,,,,,159.4499,48.82965074821206,2,R,HH
1995,,,,,,,159.4499,50.71632805423204,2,R,HH
1996,0.0,0.1048726750301958,27.121831390897803,99.04185083087803,0.0144261379808587,0.1439377175105049,0.0,6.216794533523549,0,L,HH
1997,-9.767499999999998,0.0376925504556743,2.614004405066252,27.1026024482002,0.0679810567205576,0.0653732000369268,69.7675,9.799520890202947,1,L,HH
1998,-10.7586,0.0252597846283393,1.4874866609473734,13.298142288034525,0.1165733491068079,0.0637907740113308,76.7586,12.64372386297962,1,L,HH
1999,-5.266100000000002,0.0511883038637667,3.886487403717184,33.91300797163164,0.0876227607577392,0.1252794145178566,53.2661,18.07289486029437,1,L,HH
2000,-10.7586,0.1590560419361193,9.11642830883285,23.13426478305313,0.1078408846708527,0.3616709951007028,76.7586,21.606450202913035,2,L,HH
2001,-15.412499999999994,0.0580045987241662,2.906124349244255,13.437949859890493,0.1025618464136299,0.1096492188725935,93.4125,23.247273550387806,2,L,HH
2002,-15.412499999999994,0.0663345093785825,2.7924442610638245,14.773223752271258,0.2395793496649788,0.2461157533546205,93.4125,26.77589209571665,2,L,HH
2003,-16.154700000000005,0.0719832470109813,3.150812130738624,12.65292131485333,0.0713701929378303,0.0827265470884414,100.1547,30.430206119267467,2,L,HH
2004,-27.9183,0.0405839609467692,15.788265896185484,73.56446760336158,0.0232509010303514,0.1350453819577571,117.9183,33.63072181025865,2,L,HH
2005,-27.9183,0.0630415337040093,5.374905286825632,32.967116381103736,0.0368702990903303,0.0729042748373891,117.9183,35.56073581210962,2,L,HH
2006,-27.9183,0.0352106533432721,,,,,117.9183,40.515450335768286,2,L,HH
2007,-45.455900000000014,0.0356530606386639,,,,,147.4559,42.29726223442955,2,L,HH
2008,,,,,,,172.0572,44.43556450255289,2,L,HH
2009,,,,,,,172.0572,45.85984392247048,2,L,HH
2010,0.0,0.1557737157834118,54.938018172170274,133.03122147255198,0.0105508643528955,0.2132389553882533,0.0,0.8061902584377951,0,R,HH
2011,-0.0067000000000003,0.1166745870089536,39.95817836509307,127.25941816184712,0.01267590443367,0.1863331627341209,6.0067,2.8060542492439917,1,R,HH
2012,-0.0074000000000005,0.0940244407423226,15.339676268886038,67.38630508700594,0.0246011339790434,0.1388279269408746,12.0074,4.186982930497154,1,R,HH
2013,-0.0098999999999982,0.1663651377901744,21.62247230335962,62.24019938534383,0.0390246308299672,0.3104199831068078,24.0099,4.76326997182801,1,R,HH
2014,-3.048300000000001,0.0529644950244499,5.980455032610824,39.4559166570195,0.0445905395513198,0.0981030421035096,21.0483,6.389085389534131,1,R,HH
2015,-3.048300000000001,0.0993456576617865,19.07809552371336,81.60552442789684,0.0208714320191986,0.1464848749714402,21.0483,7.531913981449822,1,R,HH
2016,-0.0098999999999982,0.1327737576267127,21.63608224330037,69.39300733497431,0.0244448910030253,0.1945683727981183,24.0099,9.16491110156171,1,R,HH
2017,-0.0057000000000009,0.1445491378114449,23.12683688865197,69.75938581722272,0.0263437411074701,0.2241295943823131,30.0057,12.091448215965052,1,R,HH
2018,-0.0057000000000009,0.1705768857781799,19.699952162399573,56.54579989915786,0.044113480804823,0.3196995442023714,30.0057,13.577332372486444,1,R,HH
2019,-27.9183,0.1616362646603096,9.025469045006938,20.47306509506578,0.0488755718920171,0.1622808042014094,117.9183,14.734525647468288,1,R,HH
2020,-5.266100000000002,0.1910918469562634,21.38453294305558,50.30144710929377,0.0353013818086732,0.2777135006089118,53.2661,15.244129536091602,1,R,HH
2021,-3.524799999999999,0.1134467387668512,88.78730113439559,110.09903714345134,0.0165497002290141,0.540563234662991,45.5248,16.644458192963583,1,R,HH
2022,-5.266100000000002,0.1813184462815501,16.727348878949137,41.68920017407863,0.0492877830028291,0.3032996553656223,53.2661,19.23300590090247,1,R,HH
2023,-5.266100000000002,0.1775899844851365,14.161522029653554,37.63853987532977,0.0753873425017623,0.3927479117207474,53.2661,20.75351155902554,1,R,HH
2024,-9.767499999999998,0.2144058245418894,14.02852583068045,30.575306178523604,0.0817704189493554,0.422001288610637,69.7675,24.012437570321648,2,R,HH
2025,-10.7586,0.1845704398546472,11.223341257938952,27.852641682488432,0.0817029933867624,0.3373383020753911,76.7586,26.05746784001381,2,R,HH
2026,-10.7586,0.1076346990602937,4.638825426311423,23.14113079073969,0.201089725033582,0.3431653479376549,76.7586,27.301018788339636,2,R,HH
2027,-10.7586,0.1816270447480875,10.511520230286264,26.90440308091041,0.0946785440887742,0.366119296808666,76.7586,28.94154464040372,2,R,HH
2028,-11.462500000000006,0.1592138345298788,8.130468393065991,22.0124427967205,0.1016011333248383,0.3038922581716137,83.4625,31.559631491516143,2,R,HH
2029,-16.154700000000005,0.1684100469590028,6.292975542616434,9.566433986657003,0.1454283283563554,0.3366747715298298,100.1547,35.07517090789585,2,R,HH
2030,-16.154700000000005,0.1443577436114838,5.485189578984072,10.33413555123234,0.1326489269040471,0.2676707410908778,100.1547,36.43856844898294,2,R,HH
2031,-16.154700000000005,0.1674240108572394,7.320748485430089,14.877229449481217,0.0774105203907795,0.2084783645220518,100.1547,39.83131856738094,2,R,HH
2032,-16.154700000000005,0.1057285551060449,5.493720109146725,18.630367608377515,0.0569285165309912,0.1150540509728866,100.1547,41.68273393255774,2,R,HH
2033,-27.9183,0.1213785409996263,14.222514942557044,40.87122744914991,0.0339735946121268,0.177755651369403,117.9183,44.13573638589027,2,R,HH
2034,-27.9183,0.0872640589238094,13.389982872248348,49.159026872871365,0.0288829244296782,0.1422743805902837,117.9183,45.48200023165008,2,R,HH
2035,-27.9183,0.105937008190932,17.16533634611792,51.29018758764967,0.0275551858455804,0.174004780581309,117.9183,47.00695398594514,2,R,HH
2036,-27.9183,0.1269138632553792,36.51991808117106,65.27737651000189,0.0250921396929228,0.3371110664365198,117.9183,49.46661577873007,2,R,HH
2037,-45.455900000000014,0.1204535782373397,7.754434026984927,23.90968266735761,0.0615405398258275,0.1755565045052532,147.4559,53.10414753547515,2,R,HH
2038,-45.455900000000014,0.0693760736150019,1715.888020734505,123.5276189179406,0.0194613378273585,12.284773453517188,147.4559,56.41875597315492,2,R,HH
2039,,,,,,,153.4505,57.39816645042921,2,R,HH
2040,-45.455900000000014,0.0445418396400188,,,,,147.4559,59.80649164467459,2,R,HH
2041,,,,,,,159.4491,62.20381236560235,2,R,HH
2042,,,,,,,159.4491,63.05734146879685,2,R,HH
2043,,,,,,,159.4491,64.90468918190227,2,R,HH
2044,0.0,0.0550826649114919,9.633974999598497,59.0222837058749,0.0159851162591421,0.0566535113445362,0.0,2.581886301473497,0,L,HH
2045,0.0,0.1875837813881172,71.29171842646254,128.60553446642834,0.0125309385281034,0.3286458864610408,0.0,4.06376735093236,0,L,HH
2046,-0.0083999999999999,0.121131082989861,24.780438049857736,85.80685439726504,0.020245480746228,0.1845621289775877,6.0084,4.942041325979906,1,L,HH
2047,-0.0092999999999996,0.1007504751314294,15.210025380772322,65.80715586031162,0.027085909202218,0.1515580033364585,12.0093,5.789500722008576,1,L,HH
2048,-3.0511000000000017,0.1591073280564593,28.714234890677293,78.17014448057063,0.0257370043530237,0.2718696717308544,21.0511,7.334808722380178,1,L,HH
2049,-0.0092999999999996,0.1739908884798625,36.65718220842296,87.61067327369695,0.0209857350425003,0.2830015288248145,12.0093,9.040943706162912,1,L,HH
2050,-0.0106000000000001,0.1253099957637334,15.047513065062676,56.75091137306302,0.0354358629111226,0.1961612679540164,30.0106,12.201343251829847,1,L,HH
2051,-3.526200000000003,0.2280329868420996,23.001451508494576,44.12317642812912,0.0430302554707735,0.3641117430307849,45.5262,13.859413974091687,1,L,HH
2052,-5.267400000000002,0.2846851274828476,23.057661302858016,38.15959621196703,0.0692632104496552,0.5875209960116868,53.2674,16.498313739829165,1,L,HH
2053,-9.768199999999991,0.1906510718126035,12.422802207272426,29.05966560966773,0.0868261443686622,0.396803600943552,69.7682,18.397297778217386,2,L,HH
2054,-9.768199999999991,0.1980519292277912,12.413050568889185,30.44892051884864,0.1072593771577187,0.4898006007718047,69.7682,20.039186294083024,2,L,HH
2055,-9.768199999999991,0.252188677742242,16.75193737681504,32.65422984235308,0.0715508636630587,0.4409460324502369,69.7682,22.32860682487698,2,L,HH
2056,-10.758399999999996,0.2057084182079832,11.85410874396976,26.836316034699628,0.0984898610852245,0.4295027510611628,76.7584,24.861083259814908,2,L,HH
2057,-11.495099999999994,0.2415227867728462,12.504193002891869,21.68802494098796,0.0976905041671024,0.4493797905229477,83.4951,27.12330395895431,2,L,HH
2058,-16.155299999999997,0.2712500651972982,10.597712054327689,9.77963094622465,0.1170855627800807,0.4564791873569698,100.1553,29.420945436380062,2,L,HH
2059,-16.155299999999997,0.2285004771012325,9.602206548701252,12.601266565739644,0.0859118869283,0.3034798212008257,100.1553,31.622918672309293,2,L,HH
2060,-16.155299999999997,0.2083901931786256,9.592624114186007,15.9914805921365,0.0715035840354905,0.2523310854998441,100.1553,32.249939960325094,2,L,HH
2061,-16.155299999999997,0.221045315898671,9.693351920024888,14.09789001247898,0.0780398513511352,0.2782889305344084,100.1553,35.027829172170726,2,L,HH
2062,-27.9187,0.2168035250893393,9.2887165510426,11.973171812691898,0.0641104505287024,0.2190736062339564,117.9187,38.325359111635066,2,L,HH
2063,-27.9187,0.1723526286614528,11.594160694577589,25.06512245036493,0.0406269154918473,0.1732840876931897,117.9187,40.245032739790446,2,L,HH
2064,-27.9187,0.099829070999642,6.097032062181505,22.868348995501208,0.049935076381134,0.1120030154841774,117.9187,41.923530445052414,2,L,HH
2065,-27.9187,0.1607532420789362,12.383259985041198,29.375198543675616,0.0373735187981643,0.1702568125895361,117.9187,43.45973148388296,2,L,HH
2066,-27.9187,0.0546804432636202,7.935187494187378,45.87872910639891,0.0334989829255005,0.0977899743858121,117.9187,44.79454690001266,2,L,HH
2067,-50.88910000000001,0.102304764727875,7.753975645697981,28.688640046825025,0.0418476957462835,0.1193717333677679,146.8891,46.47952476952784,2,L,HH
2068,-27.9187,0.1246884166148719,11.91254303908803,35.31140912601322,0.0384116723157587,0.1683345320835324,117.9187,47.26843482227744,2,L,HH
2069,-27.9187,0.112003551391047,10.544720979058315,35.09492903577821,0.0470939553475707,0.1826862151456444,117.9187,48.68016623218607,2,L,HH
2070,-27.9187,0.104440252709005,511.00310895886497,141.29460762670502,0.0151178922573836,2.8419753476436083,117.9187,52.06973112598225,2,L,HH
2071,,,,,,,153.4521,54.07877217445647,2,L,HH
2072,-45.4581,0.0770076929624531,,,,,147.4581,56.07795762151137,2,L,HH
2073,,,,,,,153.4521,58.53837066861128,2,L,HH
2074,,,,,,,159.4504,61.4273465457963,2,L,HH
2075,,,,,,,159.4504,64.06891032827792,2,L,HH
2076,,,,,,,172.0601,65.09615815857933,2,L,HH
2077,,,,,,,172.0601,67.58379689836137,2,L,HH
2078,,,,,,,172.0601,70.01107022713346,2,L,HH
2079,0.0,0.3133023239494724,80.25270639777067,98.49291222097,0.0144735711753319,0.4273078846719926,0.0,2.8172457250904674,0,R,HH
2080,0.0,0.1591884678796753,28.63872938335037,62.900147089087966,0.0154137526558382,0.1623931288032371,0.0,4.674311305474185,0,R,HH
2081,0.0,0.1465700722277028,58.32285541028895,131.96702102303794,0.0126679278272391,0.271800265623995,0.0,6.743387301707441,0,R,HH
2082,0.0,0.1287822468475811,22.7710867385664,66.45326947613387,0.0194413680821655,0.1628606255173875,0.0,7.310472867331422,0,R,HH
2083,0.0,0.1919394794835507,64.28378651511247,123.63059109367046,0.0118437803972313,0.2800898135787107,0.0,8.098990226049668,0,R,HH
2084,0.0,0.1755348588359313,36.33605165806549,89.39000675301504,0.0186938371235041,0.2498858743400313,0.0,8.997981755952388,0,R,HH
2085,0.0,0.134776367691886,64.28150910706255,150.3769111060512,0.0106016266812195,0.2507056313748072,0.0,9.364304168179649,0,R,HH
2086,-0.0083999999999999,0.1636023370859063,30.156964290911965,79.99111696418068,0.0228791488223712,0.2538241865943098,6.0084,10.558880317433896,1,R,HH
2087,-0.0083999999999999,0.1592496914467043,25.58848324723092,77.57698766900951,0.0313329372505165,0.2949518815625856,6.0084,11.39680185313996,1,R,HH
2088,-0.0106000000000001,0.0569819939888151,7.026688870301197,54.80077976480915,0.0343004155719392,0.0886656953016094,30.0106,11.784632097110398,1,R,HH
2089,-3.526200000000003,0.1570783702538963,25.10461124117765,66.86590306702453,0.031763189630471,0.293347996188025,45.5262,13.441603189797291,1,R,HH
2090,-0.0092999999999996,0.1086104772628617,13.922605219764716,47.84767353185705,0.0273663657977051,0.1401661532340486,12.0093,13.9114905145891,1,R,HH
2091,-0.0106999999999999,0.1570856752700503,27.41279326749376,71.65815779294796,0.0236222763371387,0.2382212804272328,24.0107,14.86253860498034,1,R,HH
2092,-0.0106000000000001,0.1964291883904316,28.872783547314757,63.206571531083945,0.0284979155651283,0.3026964088297075,30.0106,16.191944665031887,1,R,HH
2093,-8.5807,0.2017348624252234,35.312417454620366,74.99718618230757,0.0233321205839846,0.3031008681797612,44.5807,17.835287230421137,1,R,HH
2094,-10.758399999999996,0.1036807698200184,6.418354578091575,23.843581011649423,0.0765160023020226,0.1806681075268983,76.7584,20.481959965460856,1,R,HH
2095,-5.267400000000002,0.1438854124904012,12.259653536885804,39.79489556477363,0.0601985411717431,0.2714999050006141,53.2674,22.49861161241209,1,R,HH
2096,-5.267400000000002,0.2293561085736137,19.34116270192265,39.25258413857725,0.0583223871133329,0.4149763893183033,53.2674,23.98579451348565,1,R,HH
2097,-3.526200000000003,0.1888602939297591,16.086973425388504,45.51688312080532,0.0768342146771973,0.4547100145143365,45.5262,26.59798053505194,2,R,HH
2098,-9.768199999999991,0.1785785538724654,14.80388717475412,37.97072732990186,0.0506674070177329,0.2759370161971284,69.7682,28.558662157225715,2,R,HH
2099,-11.495099999999994,0.1717885897537934,9.0608215082472,20.21536296951728,0.0887946896425603,0.2959784468660247,83.4951,31.496530267893164,2,R,HH
2100,-15.415300000000002,0.1858265409989125,8.38814069944199,14.795997087582792,0.1131977490629644,0.3493083888724451,93.4153,33.271993139320635,2,R,HH
2101,-11.495099999999994,0.1478723467130416,7.336618477247183,21.051007132691364,0.1280993391354404,0.3457389769466965,83.4951,35.720659214683884,2,R,HH
2102,-16.155299999999997,0.1560587143301499,6.088954360055331,9.843207688631306,0.1212734720342676,0.2716527140678075,100.1553,37.7787469987292,2,R,HH
2103,-27.9187,0.1526542973257337,6.206983868004307,10.641058942811592,0.0694745796108067,0.1586397666224017,117.9187,38.91270219007835,2,R,HH
2104,-16.155299999999997,0.1625271425270808,6.817452884172671,12.07292616744817,0.0963763839047558,0.241712043813381,100.1553,40.144635572526816,2,R,HH
2105,-16.155299999999997,0.1414128805394718,4.842307470340507,10.88254038379911,0.1363852733081453,0.2429547300321122,100.1553,43.1607470373712,2,R,HH
2106,-16.155299999999997,0.1362252829866034,8.023119871378535,21.65718896459705,0.0466534443755689,0.1376995470885625,100.1553,44.56158365511787,2,R,HH
2107,-16.155299999999997,0.1500141153255252,8.58333165720017,22.129954819815744,0.0530594549630134,0.1675421932817007,100.1553,46.36208571574164,2,R,HH
2108,-27.9187,0.0762846244501537,8.052810782316358,38.9262843820069,0.032673321847449,0.0967935243919814,117.9187,48.633207284569,2,R,HH
2109,-27.9187,0.1429917572209428,8.97127082525611,24.037861525590632,0.044946737384329,0.1483397893348917,117.9187,49.927176203316826,2,R,HH
2110,-27.9187,0.1076108859797104,29.440095811387483,64.82367758604201,0.0246440182884447,0.2669047234151899,117.9187,52.415880845340006,2,R,HH
2111,-27.9187,0.0964817053983379,19.374670606621454,48.639186820342296,0.0428713721651199,0.3055675483891766,117.9187,54.09125461498068,2,R,HH
2112,-27.9187,0.057925737743009,40.19861753953066,73.59050997944729,0.0288303534848863,0.4263503295114212,117.9187,57.0600514142942,2,R,HH
2113,-45.4581,0.0284738434020815,95989.24428266354,235.6031687411593,0.0116849892909108,412.6258284709909,147.4581,59.47847283312764,2,R,HH
2114,-45.4581,0.0562842725655766,110.27406989895464,71.33696164962144,0.0313055117569108,1.269988327023884,147.4581,60.56884190346535,2,R,HH
2115,-45.4581,0.0562950108187919,68266.11900733194,188.8034084239068,0.0144554493827543,363.0298439021633,147.4581,61.89749886166366,2,R,HH
2116,,,,,,,159.4504,67.15060423486261,2,R,HH
2117,,,,,,,159.4504,71.40263322655899,2,R,HH
2118,0.0,0.2409766845898727,104.1813035718167,140.92384717280504,0.009888108545545,0.3789732276283082,0.0,1.4807845642091215,0,L,HH
2119,0.0,0.1730992867979947,55.47753374902144,116.8134362197501,0.0131945960162767,0.2692890921515144,0.0,3.819136327060944,0,L,HH
2120,-0.0118000000000009,0.0368328258787892,7.048785052347158,75.3528366844449,0.0178218326073975,0.0462138494887672,24.0118,6.233349388556517,0,L,HH
2121,-0.0118000000000009,0.0670201484803447,68.83667496369382,170.03865978206753,0.0100246093785536,0.2538591731750935,24.0118,7.68991105563757,0,L,HH
2122,0.0,0.1166890487596026,27.10871700532724,96.04681276874793,0.019184591050349,0.1913229320823092,0.0,8.585259917757806,0,L,HH
2123,-0.0084999999999997,0.0648274318625506,9.338640115830636,55.63410066471141,0.0277517252981008,0.0953408776231537,6.0085,11.516517793496476,1,L,HH
2124,-0.0116000000000013,0.1430669070368904,18.44241027692785,57.59251686015487,0.034471028323917,0.2338715729772819,30.0116,15.59503297697507,1,L,HH
2125,-0.0116000000000013,0.1833209599734129,23.654408279297,57.19986453955381,0.0326982651607263,0.2845393387980655,30.0116,19.136501145864045,1,L,HH
2126,-3.5261,0.1886742020026195,19.452502355587196,45.64629581610331,0.0419503453309091,0.3002040416941633,45.5261,20.731984959762688,1,L,HH
2127,-3.5261,0.1652068647806647,15.243728220897086,45.45078992356181,0.0568938793181115,0.3190525811848789,45.5261,22.70431322767749,1,L,HH
2128,-3.5261,0.079426637128056,9.123221993785656,53.10619838306601,0.0382669105100751,0.1284331580135142,45.5261,23.61499101745827,1,L,HH
2129,-5.5505,0.220967179521357,18.63869702968437,43.04489812247098,0.0626033637833686,0.4292583345777618,53.5505,27.214522432133588,2,L,HH
2130,-9.769099999999996,0.1515541054287757,9.088082069144075,27.742236787534,0.2149120899293613,0.7185195775069849,69.7691,30.294134773766107,2,L,HH
2131,-10.759299999999996,0.1752293511376791,9.89528458744835,25.77922059149132,0.1018997726157904,0.3709428650380702,76.7593,31.979537888988094,2,L,HH
2132,-15.417100000000003,0.1498146214653603,6.552388601826412,14.322631732565547,0.1158399767338447,0.2792309963006903,93.4171,36.62213049432184,2,L,HH
2133,-16.155100000000004,0.1626653771694572,6.661694999901052,10.90101824652814,0.0973050282179704,0.2384654943274772,100.1551,38.28175466609376,2,L,HH
2134,-16.155100000000004,0.1889033484974948,7.303388565189699,10.08968403609201,0.1185396715652289,0.318488418958976,100.1551,40.490193206354846,2,L,HH
2135,-16.155100000000004,0.1591750022998361,6.327775765864606,12.18822975192471,0.1038038874758054,0.2416407734823786,100.1551,43.0949902403796,2,L,HH
2136,-16.155100000000004,0.1340028343351638,7.963417787648631,23.128912658643845,0.0464425549659162,0.1360570726873764,100.1551,47.08861577513025,2,L,HH
2137,-27.9186,0.1000621563524046,9.569994161925267,36.02845874614323,0.0322566683948889,0.1135629591421878,117.9186,48.79692408360954,2,L,HH
2138,-27.9186,0.101382501052808,29.885457400690854,67.71836146109581,0.0235596937007453,0.2590210533343001,117.9186,51.41752557955292,2,L,HH
2139,-27.9186,0.0823714672852523,28.801355842259465,68.40900025490336,0.0254919919576894,0.2700985320266226,117.9186,52.99216899983308,2,L,HH
2140,-45.458,0.102274568064341,10.607752931911431,31.94631037142109,0.0484892911843041,0.1892233598964952,147.458,56.17024453102399,2,L,HH
2141,-45.458,0.0879425760329078,92.42710435757174,73.74040005564937,0.0267323464425989,0.9089540858143896,147.458,58.33329046755598,2,L,HH
2142,-45.458,0.058875900494685,2586.3575304316782,143.0378829987887,0.0169416593854822,16.119442756415648,147.458,60.829951625631566,2,L,HH
2143,,,,,,,159.4522,65.2625760860872,2,L,HH
2144,,,,,,,165.4463,67.31313653829017,2,L,HH
2145,,,,,,,165.4463,70.34723393770787,2,L,HH
2146,0.0,0.1223529938122452,23.22838453824097,80.44880271531046,0.0223755436285603,0.1912045050718765,0.0,3.3703962167742785,0,R,HH
2147,-0.0118000000000009,0.1115925557393113,14.915200465094747,57.36926501814688,0.0349866377709474,0.1919715279298895,24.0118,7.679358625413549,1,R,HH
2148,-0.0116000000000013,0.158841123119926,18.06313830941528,54.021419871614064,0.0446188625979234,0.2964948953699817,30.0116,10.067658110821524,1,R,HH
2149,-0.0116000000000013,0.1671478382160499,18.664378684264225,53.44138163350242,0.0495907890724719,0.3405023190788082,30.0116,11.169950181009822,1,R,HH
2150,-5.5505,0.1682835795442831,14.468506047991132,33.893531014468564,0.0580388822555628,0.3089215805887538,53.5505,13.738631560523205,1,R,HH
2151,-5.5505,0.1633351786099646,13.378434496791815,39.06165609419822,0.0687012866811174,0.3381237567370559,53.5505,16.20237337374008,1,R,HH
2152,-5.5505,0.1936489208442632,16.002579720566697,35.04704198928764,0.0694950947298164,0.4091190184767033,53.5505,18.364835497599294,1,R,HH
2153,-14.986599999999996,0.1565284792450042,11.301459284526375,34.616754217517766,0.079981779269481,0.3325302080360188,68.9866,21.977808036203164,2,R,HH
2154,-10.759299999999996,0.1845302625591985,10.509723023558951,23.83543876405833,0.1148403885380554,0.4440086612126804,76.7593,23.725204429468945,2,R,HH
2155,-9.769099999999996,0.1369831510104508,8.406711963978186,29.818383898841528,0.144720381619291,0.4475704288101974,69.7691,26.35613126876855,2,R,HH
2156,-16.155100000000004,0.2343261007022795,9.810689922753886,13.125273530215196,0.0884214005170479,0.3191261972641544,100.1551,28.087687525747924,2,R,HH
2157,-16.155100000000004,0.2069260513065025,7.94333730642707,9.361085944536663,0.1304046039229327,0.3810670933477434,100.1551,30.93818932977516,2,R,HH
2158,-16.155100000000004,0.175453546232669,6.9610764705278365,11.18226512056735,0.1087485657428885,0.2784873423612618,100.1551,34.30107742935601,2,R,HH
2159,-16.155100000000004,0.1927971014203462,7.631896865376078,11.386596417285867,0.1051862548264696,0.2953228175556255,100.1551,36.40671201932804,2,R,HH
2160,-16.155100000000004,0.209449165196636,8.691870063759366,13.33023416275296,0.0879767002386482,0.2813108041656317,100.1551,38.33559857462183,2,R,HH
2161,-27.9186,0.1885270618930573,9.136738342442175,16.143406440624076,0.0566448907317743,0.1903958374124295,117.9186,40.75321062125065,2,R,HH
2162,-27.9186,0.1625375814926848,16.59815610799817,37.564619251576886,0.0332000376159349,0.202723426751187,117.9186,42.11477433701903,2,R,HH
2163,-27.9186,0.1683251361736795,12.23797835452231,27.83343991608062,0.0425558816750964,0.1915908620456312,117.9186,45.82573628787532,2,R,HH
2164,-27.9186,0.1011601638847694,21.444029382875957,54.48360279123345,0.0311323169688042,0.2455971683460432,117.9186,49.13889059742959,2,R,HH
2165,-45.458,0.0580112581616574,2.123981744581802,17.251094243435002,0.1300586259021458,0.1016238067184334,147.458,50.290562974361926,2,R,HH
2166,-45.458,0.0773649282218535,597.1167336947096,123.67150867379584,0.0175963530549874,3.8653375640190055,147.458,55.27403235927147,2,R,HH
2167,-45.458,0.0770221755018781,56.92915737953807,66.9830358915071,0.0286836490646158,0.600723572781504,147.458,51.9879115935539,2,R,HH
2168,-45.458,0.0867568267370477,26.450025880724223,50.99248256180925,0.0350085940146173,0.340648349277058,147.458,53.6575885488768,2,R,HH
2169,-45.458,0.0489535842334052,,,,,147.458,58.07293279235658,2,R,HH
2170,,,,,,,159.4522,61.64356060208892,2,R,HH
2171,,,,,,,172.0599,64.8388094509159,2,R,HH
2172,-0.0098000000000002,0.1737034550801991,40.677883945861744,93.99176942312047,0.0173184995060356,0.259163676719401,6.0098,5.09213479893241,1,L,HH
2173,-0.0114999999999998,0.0496562412938971,6.161297976438609,37.82763981759109,0.0314311722159421,0.0712423619007008,12.0115,6.3214137050552015,1,L,HH
2174,-3.0511000000000017,0.1011236718097506,24.34441847051732,93.540758005044,0.0175085897075097,0.156803621392649,21.0511,7.194120527650089,1,L,HH
2175,-0.011099999999999,0.224494192962989,47.25239463199208,83.40088618626146,0.0191428313792392,0.3327633703155304,24.0111,7.801571582982945,1,L,HH
2176,-0.0108999999999994,0.1586676509781665,21.23343272827645,58.85838660718739,0.03219667732068,0.2514993018035337,30.0109,11.218821046325456,1,L,HH
2177,-3.525199999999998,0.2062660045703272,22.024945246851924,46.154242149011424,0.0362323785076324,0.2935737363355741,45.5252,12.13120298751018,1,L,HH
2178,-5.549500000000002,0.0714885287483366,6.587761614252422,29.86096272463567,0.0366851059922932,0.0889064299884651,53.5495,13.508916236556804,1,L,HH
2179,-5.549500000000002,0.2184941332874734,20.52499919427864,41.80672582139016,0.0426663451143325,0.3221618486817926,53.5495,15.218256866781148,1,L,HH
2180,-5.549500000000002,0.1248595010526236,10.59774398505718,39.94076654206686,0.0583078310144387,0.22732428217912,53.5495,16.501059923147228,1,L,HH
2181,-5.549500000000002,0.1493962477841912,11.674963717236205,39.832750332103885,0.0794953922433021,0.3414310504566563,53.5495,17.886194523656506,2,L,HH
2182,-10.762600000000006,0.1576956428314903,9.735699654945506,26.31933638484628,0.0715474771006482,0.2562518502784808,76.7626,20.19975280828141,2,L,HH
2183,-10.762600000000006,0.180262836172821,10.36177363196022,24.361312611408778,0.0957111593575983,0.3648397884770125,76.7626,21.04914058780264,2,L,HH
2184,-11.496200000000002,0.1447994040335518,7.26413215012937,17.187944120216663,0.1313743175876276,0.3510748569549842,83.4962,22.608714331297847,2,L,HH
2185,-11.496200000000002,0.1933562056163299,9.748935766161722,20.67360961248444,0.1021397849622311,0.3663174996578043,83.4962,24.923813486127152,2,L,HH
2186,-15.424800000000005,0.2530003498186489,11.620014419713163,16.107519767790784,0.1004494348214895,0.4293976690928432,93.4248,28.009046450147256,2,L,HH
2187,-16.156099999999995,0.1968431179382591,7.980002306445376,10.654264108892322,0.1051976253245175,0.308826437322768,100.1561,30.993343657945577,2,L,HH
2188,-27.9224,0.1058371907317746,5.495366006317241,18.3153813499492,0.0524602002363437,0.1060552287276353,117.9224,33.16656043976251,2,L,HH
2189,-27.9224,0.1687731699538337,7.705061589245537,14.194546870724071,0.0551973581858856,0.1564587747794316,117.9224,35.181011962670695,2,L,HH
2190,-27.9224,0.2004361848914103,10.497613292355384,17.643800055382627,0.0483861662013421,0.1868604116627855,117.9224,37.405395163652514,2,L,HH
2191,-27.9224,0.1832648694991575,10.542302228367976,21.017287893226,0.0480224370690213,0.1862452377174591,117.9224,39.80217731507267,2,L,HH
2192,-45.4579,0.0592647361067748,7.4598770334297795,34.51338049598086,0.048407582704448,0.1328466425666668,147.4579,41.99546244235768,2,L,HH
2193,-27.9224,0.1152506936175448,16.67957911581704,46.5955140833303,0.0316390759882725,0.1941397192788136,117.9224,43.86944507161186,2,L,HH
2194,-27.9224,0.1150612615417134,19.08071360972049,51.276332886659176,0.027932551822325,0.1960698173862993,117.9224,45.91768870108233,2,L,HH
2195,-27.9224,0.0653615381586963,88.86124180038443,116.4190908121304,0.0160884641925625,0.5259354978738794,117.9224,47.214274087568,2,L,HH
2196,-27.9224,0.0958726646351833,444.3071380267804,144.75944502400955,0.014535264632814,2.3758102496415905,117.9224,48.89748810930065,2,L,HH
2197,-27.9224,0.0805641852012849,14731.423701837764,291.1061008694533,0.0084068973876132,45.5602381394756,117.9224,51.74491653232226,2,L,HH
2198,-39.4579,0.0754161151957189,7.298705179476396,26.614768998100704,0.060547776712528,0.1625734193087798,147.4579,53.35125925215469,2,L,HH
2199,,,,,,,153.4517,56.15529002881129,2,L,HH
2200,,,,,,,159.4532,58.20013996047988,2,L,HH
2201,,,,,,,159.4532,59.6903026314935,2,L,HH
2202,,,,,,,165.4452,62.21949961229923,2,L,HH
2203,,,,,,,165.4452,63.548655802538455,2,L,HH
2204,0.0,0.2628749465463069,61.45732953858772,90.77901734225506,0.0153308815498869,0.3466141846162328,0.0,0.455608999719058,0,R,HH
2205,0.0,0.1349225468021984,18.523877464719774,41.86755341416418,0.0258543557051818,0.176185895074596,0.0,2.377530158272185,0,R,HH
2206,0.0,0.1032509163235598,22.992722378709832,87.1923948886906,0.0166667617961588,0.1409766356523843,0.0,5.962641338771201,0,R,HH
2207,0.0,0.0142998420696628,1.789974603204201,11.787606195923646,0.0520029666134725,0.034243686050081,0.0,6.677092873420771,0,R,HH
2208,-0.0098000000000002,0.1375527918437283,21.666944710747643,66.03837686893867,0.0268655366449669,0.2141404511544132,6.0098,9.322837046801048,1,R,HH
2209,-0.0114999999999998,0.1075132409113114,18.300735010434853,74.31698044145415,0.0189784806482988,0.1277719409403823,12.0115,10.775570747731004,1,R,HH
2210,-0.0114999999999998,0.1354278725330718,16751277.63338102,1262.7968691118597,0.0022554542211284,13899.125341584348,12.0115,11.14005794750625,1,R,HH
2211,-0.011099999999999,0.0930788764878006,14.39867671544292,59.25193681463822,0.0217637190546049,0.1152819223938329,24.0111,13.015503193285294,1,R,HH
2212,-0.011099999999999,0.1645067509343301,26.535139634641265,67.2076982869946,0.0249062248279002,0.2431279003747568,24.0111,13.799048239116196,1,R,HH
2213,-3.525199999999998,0.1288547542516383,13.03025791783912,46.73622696384347,0.0452575066174182,0.2169447545023588,45.5252,15.821624195202446,1,R,HH
2214,-3.525199999999998,0.1615293316340564,16.42686730851569,40.8809480943589,0.0404520779152051,0.2444562257341463,45.5252,19.33518872564189,1,R,HH
2215,-3.525199999999998,0.1520404976513602,15.438433301428132,46.25204197920026,0.0429867724318026,0.2441426095278233,45.5252,21.776682159956223,1,R,HH
2216,-5.549500000000002,0.1936700862480262,19.26181680078664,45.794170990000126,0.0437648536082535,0.3101189080873576,53.5495,23.570432438227986,1,R,HH
2217,-9.7693,0.2319387800687526,15.073205308621578,29.24351686451768,0.0860024779780893,0.4768942624131139,69.7693,27.06931601940044,2,R,HH
2218,-10.762600000000006,0.1530265537421909,8.531097925021712,24.64354749620631,0.1136807503254006,0.3567774331058655,76.7626,29.795895289410407,2,R,HH
2219,-11.496200000000002,0.1943734122537744,9.576075585492209,19.372555968822116,0.1143236097163225,0.4027439378757962,83.4962,31.80934215112452,2,R,HH
2220,-15.424800000000005,0.1579390749670263,6.60800685200464,13.55764497261441,0.1626962952441059,0.3955065374432787,93.4248,34.15064522357184,2,R,HH
2221,-15.424800000000005,0.153299210111996,7.049632347038088,15.7415869042143,0.1082811428665593,0.2808179193689702,93.4248,35.68523324333547,2,R,HH
2222,-16.156099999999995,0.2161201539389342,8.341830163793183,10.76364922700232,0.1167310807802077,0.3582229187973937,100.1561,39.35554648172649,2,R,HH
2223,-16.156099999999995,0.2125961880728115,8.9256885578475,13.51876872622769,0.08668775668058,0.2846459516480482,100.1561,43.338916636231154,2,R,HH
2224,-27.9224,0.1105803810960011,5.146564837362749,14.892887073273076,0.0556672068562802,0.1053955798112149,117.9224,45.47017003273688,2,R,HH
2225,-27.9224,0.1496999852948932,8.172406654208155,19.28391706622793,0.0484942479747831,0.145796035823336,117.9224,47.33903417843813,2,R,HH
2226,-27.9224,0.1642428488148378,12.995778025508104,30.39961569093604,0.0365013268250214,0.1745084472434608,117.9224,49.33176485810247,2,R,HH
2227,-27.9224,0.1067264911921355,23.24234217853345,59.37646368380761,0.0254942292620657,0.2179853442285702,117.9224,52.10224340916285,2,R,HH
2228,-27.9224,0.084187391008564,44.9141516209449,79.92503700619015,0.0226038474406194,0.3734832130118792,117.9224,53.41062003854424,2,R,HH
2229,-27.9224,0.0716840605761831,117.37889170198711,113.36209648219668,0.0173492585936899,0.7491632119444106,117.9224,54.13445467367107,2,R,HH
2230,-27.9224,0.0815629954587677,18.942849708971774,54.061452513249584,0.0347765140700738,0.2423465707397954,117.9224,56.98780322599707,2,R,HH
2231,-45.4579,0.1022536552677037,8.504561149555117,28.099902770830965,0.0543607974262159,0.1700760829909648,147.4579,58.58090797608352,2,R,HH
2232,-27.9224,0.0459547280604887,50.34253840019205,75.51858549338341,0.0310642241634588,0.5753089622453266,117.9224,59.91699511115369,2,R,HH
2233,-45.4579,0.09076000399983,14.661965962704508,35.34631785120922,0.0567895198324976,0.306313347683462,147.4579,61.32373515376216,2,R,HH
2234,-45.4579,0.0303280734424405,,,,,147.4579,62.61790987193738,2,R,HH
2235,,,,,,,153.4517,63.9781100226505,2,R,HH
2236,,,,,,,159.4532,66.26283779568418,2,R,HH
2237,,,,,,,159.4532,68.81873994711255,2,R,HH
2238,,,,,,,172.0596,71.36384112481589,2,R,HH
2239,,,,,,,172.0596,72.64207284293276,2,R,HH
2240,,,,,,,172.0596,77.53441694565194,2,R,HH
2241,-0.0106000000000001,0.1045762962103823,19.62714386971633,75.93287197753884,0.0208063640342623,0.1502307435640911,12.0106,6.43708951510346,1,L,HH
2242,-0.0106000000000001,0.0595466167313799,9.12061444578218,53.75920202426008,0.022691877432641,0.0761377510408437,12.0106,9.159165512156,1,L,HH
2243,-0.0100000000000015,0.0594325685234385,6.370358230205165,43.342054201480295,0.0281882105319621,0.0660597429880316,24.01,10.81820411633708,1,L,HH
2244,-0.0091000000000001,0.0742530141004775,8.928076096319947,44.83403526232698,0.0312914194446456,0.1027752792366029,30.0091,12.70351135759775,1,L,HH
2245,-3.5230000000000032,0.0873523005677947,8.584854869309396,40.80946038666141,0.0435204185397443,0.1374458207768341,45.523,15.628996342258926,1,L,HH
2246,-5.550199999999997,0.1203644389324155,10.111075592435787,31.79731935532328,0.0574409792575048,0.21366073131034,53.5502,17.31287906489296,1,L,HH
2247,-15.179199999999994,0.0662741436409896,5.4316175776227,27.78618415116597,0.0509576731357647,0.10182262568259,69.1792,19.524813414439265,1,L,HH
2248,-9.770200000000004,0.0817047848221639,5.20616537408889,28.9855861350376,0.094965411148958,0.1818816688113946,69.7702,21.087382573589444,2,L,HH
2249,-10.760400000000004,0.0460319087482359,3.171552220776268,27.07138956101222,0.055773760672112,0.0650739716054229,76.7604,22.3125225327334,2,L,HH
2250,-15.4311,0.1255290990959679,5.433940025385034,12.854663920190085,0.1323384322496183,0.2645491340776703,93.4311,23.600767722848357,2,L,HH
2251,-11.494100000000005,0.1405927589230076,6.8931453290416345,19.72246655279166,0.1573760406198109,0.3990814741665263,83.4941,26.843503821024967,2,L,HH
2252,-16.156999999999996,0.1232243188011787,4.732641841349804,9.462924656113309,0.1354434649812702,0.235812711837585,100.157,29.24311926528073,2,L,HH
2253,-16.156999999999996,0.1598218324746897,6.365076355027602,10.559929154204768,0.1106769848886473,0.2591590953465738,100.157,31.22158595171034,2,L,HH
2254,-27.920100000000005,0.0639389513450122,2.133218475933916,5.658384889524837,0.1131014681809181,0.0887583248553587,117.9201,33.920816334261936,2,L,HH
2255,-16.156999999999996,0.1244652867366971,5.538446493660492,15.467004306188562,0.077661552097336,0.1582339058454264,100.157,35.54517250445203,2,L,HH
2256,-27.920100000000005,0.0942369112896693,4.252503603719988,13.949619282358682,0.0594704957808691,0.0930361579787055,117.9201,38.097476980316536,2,L,HH
2257,-27.920100000000005,0.110254192411545,7.241415214965551,24.796036898577054,0.0434413455828612,0.1157263450643149,117.9201,40.28996421509473,2,L,HH
2258,-27.920100000000005,0.0638555198674763,4.852442946706794,29.455550627399447,0.0401244540578929,0.0716267246630776,117.9201,43.383838898620816,2,L,HH
2259,-45.45580000000001,0.0680007037266961,4.372249200934492,23.91613842670633,0.0587210823832867,0.0944505469743282,147.4558,45.09165236169181,2,L,HH
2260,-45.45580000000001,0.0564599970369018,9.951746092094314,40.94184641006432,0.0408605555510387,0.1495922423380092,147.4558,47.37329697006972,2,L,HH
2261,-45.45580000000001,0.0416738983447943,,,,,147.4558,49.094265688806985,2,L,HH
2262,-45.45580000000001,0.026553940421968,,,,,147.4558,51.24645873740885,2,L,HH
2263,,,,,,,159.451,54.7371971538371,2,L,HH
2264,,,,,,,165.4449,57.59894844678395,2,L,HH
2265,,,,,,,172.0574,59.89343824778849,2,L,HH
2266,0.0,0.0854574753747186,18.169905818149463,79.52506418486237,0.0164465420318923,0.109934193219076,0.0,2.1461571575999234,0,R,HH
2267,0.0,0.0142267759341129,2.021272442066626,28.58443670486289,0.0297481849518106,0.0221202915073314,0.0,3.600862135007977,0,R,HH
2268,0.0,0.090306598526618,21.84499684005981,96.19844476878647,0.017098968291773,0.1374128702886602,0.0,4.53739364108901,0,R,HH
2269,-3.0500000000000007,0.0925090956383201,20.32390330055011,86.15750787748551,0.0207402287821019,0.1550694264978702,21.05,7.100849384653824,1,R,HH
2270,-3.0500000000000007,0.0721124534596785,11.018159426348756,60.828993557349975,0.0262290791179098,0.1063157514801447,21.05,7.842473850269679,1,R,HH
2271,-0.0091000000000001,0.0808249323810029,18.2142066352968,86.30973167877566,0.0147637682853608,0.0989265805516732,30.0091,10.714243574806805,1,R,HH
2272,-0.0091000000000001,0.0758198446223412,8817.799736913958,407.8986729456976,0.005884408004831,19.08835603933968,30.0091,12.875437608923002,1,R,HH
2273,-0.0100000000000015,0.0668719364067277,17.661819453489553,94.98951125961648,0.0174541789022058,0.1134071358062315,24.01,15.374434383330684,1,R,HH
2274,-3.5230000000000032,0.04624967469548,4.421539439551291,34.39251348961656,0.0421550786603906,0.0685691751763526,45.523,16.132040533421836,1,R,HH
2275,-3.5230000000000032,0.0787216322952001,7.428917145830885,41.36834085414918,0.0551658326906762,0.1507652356165457,45.523,18.489136302795664,1,R,HH
2276,-5.550199999999997,0.1327595422771577,10.62994739227707,38.78552937110451,0.0748841501569266,0.2928373976346506,53.5502,20.54860637282273,1,R,HH
2277,-5.550199999999997,0.1774280794198329,13.289771981037818,41.00943002220882,0.1173248105886712,0.5736049750683108,53.5502,21.476043796785863,2,R,HH
2278,-10.760400000000004,0.120166030857709,6.82320678162779,23.03960887055229,0.1137082079666433,0.2854209624631029,76.7604,25.27382356232412,2,R,HH
2279,-10.760400000000004,0.1333043601361906,9.996887847084253,34.75127153875202,0.0521665048503804,0.1918501212434113,76.7604,26.67240699291017,2,R,HH
2280,-15.4311,0.1473562441008089,6.328460299405693,13.688151680631698,0.1488763973143867,0.3466006946221396,93.4311,29.348425030792267,2,R,HH
2281,-15.4311,0.165693291773932,7.627292035747997,16.1433110667698,0.1028551703186543,0.2886037839026065,93.4311,31.291107267626536,2,R,HH
2282,-16.156999999999996,0.1040018118887195,4.053744261138736,10.802380959119114,0.1217067761681571,0.1814999976338167,100.157,34.45087967148908,2,R,HH
2283,-16.156999999999996,0.1325365897908191,4.239455385473075,9.07716276427365,0.268479747219778,0.4187232899564985,100.157,35.59877903105855,2,R,HH
2284,-16.156999999999996,0.0846040140084869,3.857838855297659,14.496165804474094,0.0716939595577122,0.1017494727648135,100.157,37.09683279654771,2,R,HH
2285,-27.920100000000005,0.1599967737209662,8.69498236306384,19.08050048196966,0.0480866943040417,0.1538151616562538,117.9201,39.67472120526474,2,R,HH
2286,-27.920100000000005,0.1198062061018027,5.701255954867566,15.650249450755066,0.0553476083821077,0.1160846820857612,117.9201,43.280556830907415,2,R,HH
2287,-27.920100000000005,0.117820371461141,7.926719153192528,25.461030063536978,0.0416987058193318,0.1215966374865602,117.9201,45.21098360079831,2,R,HH
2288,-27.920100000000005,0.0902146505442519,13.762176050171878,47.11516977573751,0.0333929976669136,0.1690627910335413,117.9201,48.424793368309295,2,R,HH
2289,-45.45580000000001,0.0610090459400227,4.016847516337549,24.20797192398315,0.0699470910841536,0.1033619090393195,147.4558,50.81704482937528,2,R,HH
2290,-45.45580000000001,0.079467863094781,3.3400461119212457,19.449185802394712,0.1279004576318068,0.1571556789121584,147.4558,51.61336482937528,2,R,HH
2291,-45.45580000000001,0.0627867681892224,4.914578948233549,26.68375563061929,0.0640331546950156,0.1157701864311482,147.4558,53.90648145751248,2,R,HH
2292,-45.45580000000001,0.0485497826343246,,,,,147.4558,57.02443941798362,2,R,HH
2293,,,,,,,159.451,58.46699904455568,2,R,HH
2294,,,,,,,165.4449,59.44643760685807,2,R,HH
2295,,,,,,,165.4449,63.00203750952057,2,R,HH
2296,,,,,,,172.0574,63.750949635797824,2,R,HH
