,hard_latency,mean_growth,A,Ti,kg,max_growth,appiration,depth,stage,side,uniq-condition
0,0.0,0.0042870056321838,0.774660116139071,24.393067817734448,0.0451033103291028,0.0128536104137539,0.0,1.391246924554776,0,L,LL
1,-0.0024000000000015,0.0365667689136898,9.4809624121844,106.94945170185026,0.0146882151356244,0.0512303081104276,24.0024,3.43562160201648,1,L,LL
2,-0.0011000000000009,0.0121270339604631,1.570039381273417,25.89630499838744,0.0340852136082586,0.0196871152666387,54.0011,7.220928593264196,1,L,LL
3,-0.0011000000000009,0.0314933593762914,5.105789508924736,52.62803460769791,0.0198680697917544,0.0373184933376943,54.0011,8.311646390218938,1,L,LL
4,0.0019000000000062,0.0225823010250887,1.333258461805918,19.070736013413228,0.052281842362301,0.0256431132337208,137.9981,10.014065689756697,1,L,LL
5,0.0019000000000062,0.0152541026408583,0.8267495090517206,17.068741408492205,0.0509370992633378,0.0154922206253926,137.9981,10.79861802682542,1,L,LL
6,0.0002000000000066,0.056097221798706,14.811618761598252,100.14435761207947,0.0157068699564146,0.0855850071529552,77.9998,11.670342845790673,1,L,LL
7,0.0010999999999938,0.0410173435083532,6.573120009467156,61.31290129113343,0.0184133433160817,0.0445255948536937,89.9989,13.57172345431218,1,L,LL
8,-0.0001000000000033,0.0106520570926035,0.6165912724301185,22.08866600203078,0.0678684438670148,0.0153946841433793,162.0001,15.639587240842104,2,L,LL
9,0.0007999999999981,0.0161957413883319,1.5883073147725548,40.812937795033776,0.0363881120750094,0.0212617779269283,125.9992,16.423881798262975,2,L,LL
10,,,,,,,173.9972,20.644288299155384,2,L,LL
11,-0.000399999999999,0.0426794320841704,6.627043933981505,59.32703841902073,0.0215996969757568,0.0526590507725878,60.0004,2.01886660084316,1,R,LL
12,0.0006000000000057,0.0444597467040001,8.343420034261317,71.32051044680505,0.0165204492968419,0.050707416057888,95.9994,5.668732685857426,1,R,LL
13,0.0006000000000057,0.0298606210199307,3.1791958696671685,32.14092730213768,0.0342324102682305,0.0400368851360808,95.9994,7.30797186147385,2,R,LL
14,0.0,0.0405800033196869,5.870287867805631,56.83790015997563,0.022744083121963,0.0491171716697639,102.0,8.097536905849656,2,R,LL
15,0.0009000000000014,0.0554117577438114,8.124813617044508,49.40684268517686,0.0297569551759025,0.0889421075047292,143.9991,10.304489158448463,2,R,LL
16,-0.0033000000000029,0.0295026211132579,4.63088835339391,53.63887233291356,0.0202525470725291,0.0345024137610865,60.0033,1.1403446210945662,1,L,LL
17,,,,,,,60.0033,3.801806191956032,1,L,LL
18,-0.0019999999999953,0.0583255857185668,9.385154065290513,65.84362209130977,0.0219144252495813,0.0756618592915383,90.002,4.078672734716259,1,L,LL
19,-0.0006999999999948,0.0459618299406388,4.617592116325822,33.15434329303362,0.0325907855870207,0.0553625282764751,102.0007,9.001107811727493,2,L,LL
20,-0.0004999999999881,0.0347612859845479,3.569408889136109,41.22723186710576,0.0338544394774656,0.0444546757228955,132.0005,12.01997092637117,2,L,LL
21,-0.0004999999999881,0.0395836172937494,2.6979497710702844,26.552858748471447,0.0480919449097866,0.0477322293815416,150.0005,14.383954293135233,2,L,LL
22,0.0023999999999944,0.0327183323874951,1.7429812407291594,21.631437359009137,0.0673773325619555,0.0432028149091634,155.9976,15.287065639675578,2,L,LL
23,-0.0019999999999953,0.0310568544926359,4.473082879288969,53.47938388682348,0.0187288769789081,0.0308194014636645,90.002,2.8016193421487112,1,R,LL
24,-0.0006000000000057,0.0487206047110875,8.437999375569952,67.88031926503737,0.0167744083487649,0.0520705563678335,72.0006,4.931152423072201,1,R,LL
25,0.0005000000000023,0.0145732346191868,1.3728364861223874,28.3589035346746,0.0352439690994854,0.0177995549206801,113.9995,8.853134062165788,2,R,LL
26,-0.0004999999999881,0.0268556471747557,0.969308228476603,7.504112169085768,0.095579519668617,0.034082564183991,150.0005,11.032894898309864,2,R,LL
27,0.0005999999999914,0.015574421419278,0.7586546587365304,6.829615564460267,0.1585264901772664,0.0442437053608644,137.9994,12.233489310452816,2,R,LL
28,0.0005999999999914,0.0333628149287398,1.9204924978009013,21.22002477685492,0.0529164119038101,0.0373859586625054,137.9994,14.734090359127332,2,R,LL
29,-0.0002000000000066,0.0396245121619643,3.607484151755734,35.518034586285275,0.0401444881011534,0.0532765230922926,144.0002,16.65370077129299,2,R,LL
30,0.0023999999999944,0.0333174923657512,1.3741310693769777,15.479176754913365,0.080536667780558,0.0407124589741648,155.9976,18.30374117738309,2,R,LL
31,,,,,,,173.9969,19.953617323303728,2,R,LL
32,0.0,0.0300325804287886,5.96331005644702,49.32301418715466,0.0242949972080337,0.053297858836863,0.0,2.850672385729504,0,L,LL
33,0.0,0.0235811719338668,4.797137056822527,61.11457459406227,0.0216167661857766,0.0381485793830445,0.0,3.4992041675258934,0,L,LL
34,-0.0076999999999998,0.0297830532129732,5.332113149771843,53.73191618851388,0.0221626323225108,0.0434736611940673,24.0077,5.802357068872516,1,L,LL
35,-0.0076999999999998,0.047714139545396,8.221820137956177,48.56768353786055,0.0255726989489418,0.0773481722899539,24.0077,6.148607859485333,1,L,LL
36,-0.0052999999999983,0.029572570186894,4.90837077636746,45.97989887903841,0.0248813283268292,0.0449279333577579,36.0053,8.651387249979786,1,L,LL
37,-0.0033000000000029,0.0446753362388713,6.958502283725887,56.5152608223946,0.0261748909668319,0.0670048398448176,48.0033,9.671761923954977,1,L,LL
38,-0.0007999999999981,0.0265250083905141,3.7443742224646894,48.779202253303055,0.0245175433661309,0.0337723838702709,72.0008,12.396983428501468,1,L,LL
39,-0.0032999999999958,0.0631444299896858,7.062441340851255,41.47047643881201,0.0334022761626619,0.0867833546838088,78.0033,14.94505396288287,1,L,LL
40,-0.0014000000000038,0.0126019059522895,0.8836457012706852,10.817065488256503,0.1022622595385705,0.0332429128935136,114.0014,17.62906433067921,2,L,LL
41,-0.0040999999999939,0.0315134189453769,4.1781868524394215,53.76884944253192,0.0234740699806363,0.03608126631297,90.0041,19.40989077508383,2,L,LL
42,-0.0035000000000025,0.032242653168591,3.401449964891787,42.30004197289794,0.0313549185970383,0.0392351468653787,108.0035,21.694790729556928,2,L,LL
43,-0.0016999999999995,0.0242019839266667,1.4129684099858224,15.50922855078327,0.0678450023573147,0.0352659698868099,132.0017,24.07287186616503,2,L,LL
44,-0.0016999999999995,0.0291445965348452,1.681362530295163,16.421198245434745,0.0749743345966858,0.0463745280584614,132.0017,25.286063375834917,2,L,LL
45,-0.0019000000000062,0.0425042615883964,2.5006558927517046,22.203806025777386,0.0586847638713123,0.053986455360565,138.0019,26.17198478324879,2,L,LL
46,-0.0036000000000058,0.0542723618917782,2.471176387259958,18.264510164396885,0.0785548308527411,0.0714138030413643,162.0036,29.62675139268657,2,L,LL
47,,,,,,,173.998,31.79612253947034,2,L,LL
48,,,,,,,180.0003,32.69604323923614,2,L,LL
49,0.0,0.0763689314614806,14.472890025327844,29.484128807297672,0.0227098118438188,0.1209133673596307,0.0,1.5167515260380915,0,R,LL
50,0.0,0.1320931412651038,31.72621326406011,75.02849482052174,0.0109817381180669,0.1281724955433924,0.0,4.935186388981421,0,R,LL
51,0.0,0.0491149357344515,9.374824822016452,37.09521479798974,0.0237575562999034,0.0819351864766158,0.0,2.9589761115887003,0,R,LL
52,0.0,0.0286979987490014,5.9373043788682285,66.69862363553828,0.0209714914705436,0.0458061878778925,0.0,5.94997843965551,0,R,LL
53,0.0,0.1963625558949901,2.356982025705413,0.1385612303971874,0.6934142237829383,0.6012492320383697,0.0,3.574989103063705,0,R,LL
54,0.0,0.0505308717195229,4.809801398583681,37.78687216373631,0.0403240446956522,0.0713504554763723,0.0,3.893359103063706,0,R,LL
55,0.0,0.0272220551190212,8.149409029732242,95.9527787220577,0.0096968868445811,0.0290712671453641,0.0,3.811199103063706,0,R,LL
56,0.0,0.0561569955004069,11.351195155685664,61.2707860416314,0.0203979746640792,0.0851793176000269,0.0,4.365779103063707,0,R,LL
57,-0.0007999999999981,0.0235241242402524,3.127963798126942,54.20199725684571,0.0257666636874286,0.0296500496633485,72.0008,9.12150925249054,1,R,LL
58,-0.0052999999999983,0.0369066286702415,6.511125345152532,60.42788465041217,0.0199376163334101,0.047756754899835,36.0053,10.6870583410347,1,R,LL
59,-0.0005000000000023,0.0264005540386197,3.646382114257428,58.42233795866901,0.0280172195702301,0.0375831112368595,84.0005,13.538211813803937,1,R,LL
60,-0.0013000000000005,0.0272269467629339,3.62815732917072,49.21260068161828,0.0219068978385568,0.0292396730612039,96.0013,15.344724040765588,2,R,LL
61,0.0015999999999962,0.0443421930465083,3.964979520938473,34.014227485610874,0.0348536513589202,0.050838736595016,119.9984,20.77234115690096,2,R,LL
62,-0.0019000000000062,0.0295874456499779,1.9536631821735573,29.07139233510059,0.0581213041376676,0.0417725089447559,138.0019,22.739629882046707,2,R,LL
63,-0.0019000000000062,0.0511917153408689,3.2033836823900512,26.32092358773817,0.0595206142323005,0.0701426034642152,138.0019,23.846128618818693,2,R,LL
64,-0.0003000000000099,0.0353298740444966,1.3192459999196988,17.13542999108831,0.1228063559354877,0.0596008081783223,156.0003,25.852046998109294,2,R,LL
65,-0.0036000000000058,0.030488751519648,2.095921160129883,24.593897371598985,0.0799821515692138,0.0616699424436285,162.0036,27.321508861931235,2,R,LL
66,,,,,,,186.0026,28.891595691488725,2,R,LL
67,-0.000399999999999,0.0161979730197561,1.775760124375691,37.31131562685498,0.0241282462985076,0.0157621543135922,114.0004,5.243703418471524,2,L,LL
68,0.0014000000000038,0.0467697563318456,5.450293989063388,48.46333277121931,0.0314091552841289,0.0629769615697616,119.9986,6.946555931219258,2,L,LL
69,,,,,,,167.9988,9.99615824752173,2,L,LL
70,,,,,,,173.9982,13.459677109023456,2,L,LL
71,,,,,,,173.9982,14.183586141982708,2,L,LL
72,-0.0020999999999986,0.0355755946357081,6.708828772358425,67.7065932631892,0.019131028683948,0.0472161474707878,30.0021,0.6483004809402994,1,R,LL
73,-0.0024000000000015,0.0393316927071089,6.036973865383721,53.71095067289272,0.0239211437028178,0.053125955466459,48.0024,3.591012643326476,1,R,LL
74,-0.0039000000000015,0.0384736519932787,5.837030963158157,58.417752661246254,0.0239225070707421,0.0513693661291367,54.0039,6.552343919431892,1,R,LL
75,,,,,,,114.0004,10.51669687390227,1,R,LL
76,-0.0020000000000095,0.0328899299012267,2.955703528922449,36.53392641458506,0.0395864300913587,0.0430440103353079,138.002,18.502328181789665,2,R,LL
77,-0.0020000000000095,0.0345466576943361,2.360327711668694,28.88743709116294,0.0518881008939614,0.045055270268023,138.002,19.471076863235854,2,R,LL
78,-0.0012000000000114,0.022618436871107,0.9608767756831726,20.987488015381697,0.1148005897409604,0.0405804943997854,150.0012,22.28798597526179,2,R,LL
79,,,,,,,167.9988,25.828410079907727,2,R,LL
80,-0.0006999999999948,0.0220373444496408,133.98276546083682,302.23019840941424,0.006298497049256,0.3104498010732879,132.0007,1.435123030725867,1,L,LL
81,-0.0016999999999995,0.0229780655344142,2.4151550964485,41.804335464965725,0.0306869125371742,0.0272648893254897,126.0017,7.387257463887655,1,L,LL
82,-0.0047999999999888,0.022001739988972,0.608489586816968,8.641219510389876,0.1505999995590343,0.0337119317603138,162.0048,12.713012844084911,2,L,LL
83,0.0014999999999929,0.0243051358188586,2.0102893244979136,30.973696363861293,0.0387755745385818,0.0286762478894151,119.9985,0.8825068218574849,0,R,LL
84,18.0,0.0830861167749836,14.997875761330503,80.6961109953342,0.0252307381714224,0.1392083309758086,0.0,0.9413406099813172,0,R,LL
85,-0.0043999999999968,0.0306449857710863,4.7492338882672085,49.11224939822467,0.0480320638053776,0.0839190045563552,36.0044,2.5546681547419547,1,R,LL
86,-0.0016999999999995,0.0594382209769945,9.069563960831642,56.36060803434883,0.0240905892890346,0.0803783986353192,66.0017,4.520775645318193,1,R,LL
87,-0.0056000000000011,0.0654504524671041,10.85963129433628,71.38795813839111,0.0220295794593528,0.0880089429996571,60.0056,4.891739322785408,1,R,LL
88,-0.0056000000000011,0.0426876643090301,4.09451853633816,36.57302906404605,0.0500279675063927,0.0753565867032886,60.0056,7.423943934055957,1,R,LL
89,-0.0016999999999995,0.0844959823483557,14.333669232943624,67.09168684902251,0.0203164868503833,0.1071300994032419,66.0017,7.288210990376099,1,R,LL
90,-0.0056000000000011,0.0590410061313099,7.373027209647058,48.90704724902702,0.0403840017771336,0.1095369658951196,60.0056,8.509807483494837,1,R,LL
91,0.0,0.1273293767225374,42.7822009903865,128.20655467571257,0.0079069745501959,0.1244454386188938,0.0,3.707560140476815,0,L,LL
92,-0.0011999999999972,0.0045198780817428,0.5176706779709986,6.277734213688711,0.2722184775613814,0.0518413956787249,48.0012,3.54857570727658,0,L,LL
93,0.0,0.0730784996344989,17.373671223639665,93.5443378916816,0.0133282772935015,0.0851865708884446,0.0,4.844336508223536,0,L,LL
94,-0.0033999999999991,0.0528172894354176,6.971599455430858,51.41237529102178,0.0243671762718409,0.062494694644468,90.0034,7.27312767610184,1,L,LL
95,-0.0037999999999982,0.0103837014722023,1.3776506580061605,18.121917949426035,0.0743870208965087,0.0377000380211816,54.0038,8.18070531223001,1,L,LL
96,-0.0006999999999948,0.0159741641364139,1.9019774050713436,29.19915408636594,0.045047511251995,0.0315196708667114,66.0007,11.360106004291625,1,L,LL
97,0.0013000000000005,0.0043765698057134,,,,,101.9987,13.372954028543903,1,L,LL
98,,,,,,,167.9975,26.590867941578573,2,L,LL
99,,,,,,,186.0017,30.197826218305178,2,L,LL
100,0.0005999999999914,0.026218489774655,0.7676658734505057,7.480192445429773,0.1049080773628637,0.0296269319824095,155.9994,4.694604190442924,2,R,LL
101,-0.0006000000000057,0.0381269711206044,6.710567350005512,73.81430265838058,0.0185769299344175,0.0458604910558193,66.0006,0.9378547810828688,1,L,LL
102,0.0023999999999944,0.0523074759017582,11.39125351546028,85.53828929883076,0.0150241287004118,0.0629602335870793,77.9976,3.486969812405784,1,L,LL
103,0.0023999999999944,0.0485737423940712,7.460864241517506,66.44467847910587,0.0211565610876573,0.0580683829174048,77.9976,4.648887675251517,1,L,LL
104,0.0036999999999949,0.0525261921012939,7.514564864986151,58.196176438028935,0.0226638410159737,0.0626531442108833,95.9963,7.627127726012906,2,L,LL
105,0.0033999999999991,0.0513539328290759,5.503636014839966,39.21920801400864,0.0264245587309967,0.0535011313343511,113.9966,8.87060438598434,2,L,LL
106,0.0020000000000095,0.053443440781562,3.009811741392764,25.24778264609205,0.0794447951363779,0.0879650795184704,149.998,12.53915647020082,2,L,LL
107,,,,,,,173.9946,14.612239929799047,2,L,LL
108,0.0,0.0478257553213048,10.896732646972074,90.59596499715884,0.0157811360743235,0.0632615863693844,0.0,0.743985409803175,0,R,LL
109,0.0,0.0626894139802193,12.292645148760618,80.08122079325604,0.0168347666582775,0.0761303741671648,0.0,1.9851263665090928,0,R,LL
110,0.0011999999999972,0.0423757003420118,6.0605931755530085,47.58504483098579,0.0266732136482763,0.0594697337540056,53.9988,3.4528346242672194,1,R,LL
111,-0.0018000000000029,0.0318855697182414,4.408379246284339,49.54137840276806,0.0272977687831528,0.0442702136745467,60.0018,4.270247324925206,1,R,LL
112,0.0036999999999949,0.016324645387645,1.8323963608376543,36.44383517384372,0.0240609478913674,0.0162195078129332,95.9963,8.53879494707889,1,R,LL
113,0.002600000000001,0.035464472524145,2.370060383587904,26.985875763330625,0.0511170869127799,0.0445688086305157,137.9974,1.3301401033142526,1,L,LL
114,0.0,0.0529561947696741,192.9949682937378,488.7794676041327,0.0035234348763278,0.250159933794438,0.0,7.709493667919518,0,R,LL
115,0.0013000000000005,0.0296616591921391,3.780098097325366,46.71963822174418,0.0313759988828557,0.0436321033518444,77.9987,9.858011151799492,1,R,LL
116,0.0031000000000034,0.0371026878389945,3.2731004390288705,24.36502628030752,0.0458188655692804,0.0551707874586471,107.9969,11.958290417307236,1,R,LL
117,0.0031000000000034,0.0450180803053457,5.629682652432561,46.70935948311003,0.0271027034185676,0.0561309050710279,107.9969,16.887991344267444,1,R,LL
118,0.0036000000000058,0.0318413572274336,4.755880484848315,61.30843921335565,0.0247161919854523,0.043243218526025,95.9964,15.634495583269956,2,R,LL
119,0.0038999999999873,0.0057586350526641,0.2391308068461226,3.73484684845146,0.2359360195339029,0.0207556001458422,143.9961,18.68043972717833,2,R,LL
120,0.0002000000000066,0.0310237452150685,1.735797879060767,14.194021431156534,0.0686069930482626,0.0438099801775963,131.9998,20.76904948707093,2,R,LL
121,0.0027000000000043,0.0383060384517339,2.271807603200781,22.861999033895835,0.0479049363895464,0.0400366134155838,149.9973,25.91474614639197,2,R,LL
122,0.0021999999999877,0.0585356905735722,3.705662681420423,24.23222697821869,0.0439236258173241,0.0598783170015165,155.9978,26.6554368459008,2,R,LL
123,,,,,,,167.9911,30.26401468282276,2,R,LL
124,-0.0005999999999986,0.0439209138924946,6.367968174363447,56.705160490668455,0.0312416667642537,0.0731881211086988,54.0006,2.699664070633966,1,L,LL
125,-0.0005999999999986,0.0363136835997688,4.796952040131766,55.918258825079846,0.0298702923080246,0.0527121059068175,54.0006,3.591563721834281,1,L,LL
126,-0.0018999999999991,0.0413573218924962,5.411633968364625,47.55658484134008,0.0310710728559093,0.0618571891774334,60.0019,4.712410708428347,1,L,LL
127,0.0057999999999935,0.0217708588136495,2.3914264804137733,28.849049908019733,0.0330874192631969,0.029108876705186,83.9942,6.382595435673834,1,L,LL
128,0.0057999999999935,0.0601587425441752,7.366707379609071,46.63590008231126,0.0285787042164143,0.0774500086954086,83.9942,7.259368461564228,2,L,LL
129,0.0073000000000007,0.0241564501411557,2.504286699399355,39.76444619930053,0.0331852092149779,0.0305727232488491,101.9927,9.440565998139098,2,L,LL
130,0.0003000000000099,0.0126550415120363,0.8351836107078169,23.166899242520177,0.0509659660797737,0.0156591340633166,131.9997,11.54436208902298,2,L,LL
131,0.0028000000000076,0.0176347365568207,1.437415966782235,34.65998315273359,0.0448157225956007,0.023698365102311,137.9972,12.966362089022985,2,L,LL
132,0.002299999999991,0.0297163639082742,1.3338238979035355,18.105065470213027,0.076613348506117,0.0375931274182119,155.9977,14.416154451945552,2,L,LL
133,0.002299999999991,0.0287020033330772,2.610088125264924,33.005179842407664,0.0430469268945251,0.0413335628190695,155.9977,17.524957821709137,2,L,LL
134,,,,,,,173.9937,21.935107894822263,2,L,LL
135,,,,,,,185.9973,23.935660676890716,2,L,LL
136,0.0014999999999929,0.0342003681515702,10.579486741466434,114.92907926354287,0.0112552122917407,0.0438050124038694,77.9985,3.57003162915352,1,R,LL
137,0.0006999999999948,0.0304034459154566,3.219926331186561,30.185315894588168,0.0281391242117203,0.0333320504287852,89.9993,4.9822168043815305,1,R,LL
138,0.0044000000000039,0.0933976188025155,14.887270643451876,61.58417948091464,0.021370016098233,0.117037611765837,107.9956,6.59489565952282,2,R,LL
139,0.0006999999999948,0.0439142138115205,5.61360964245806,49.75740016141107,0.0253811085098937,0.052415328674063,95.9993,5.823682970596359,1,L,LH
140,0.0036000000000058,0.0440006265004296,1.4624454498464294,9.156703017417588,0.104377460154351,0.0561554508701515,155.9964,13.194437714395328,2,L,LH
141,0.0006999999999948,0.0500679642659473,3.5119232543720664,27.21120212925696,0.0453806275605109,0.058630153635726,131.9993,15.510379569800593,2,L,LH
142,0.0036000000000058,0.0370682356907016,1.207234213275041,12.163154053465725,0.1347709650916315,0.0598540292295395,155.9964,20.360158057581152,2,L,LH
143,,,,,,,167.9968,22.636514462691625,2,L,LH
144,,,,,,,167.9968,26.65036829344569,2,L,LH
145,-0.0008000000000016,0.0920294565050974,32.424513793804635,140.87830275259128,0.0115173354868176,0.1373823712649748,18.0008,0.729171711807308,1,R,LH
146,-0.0021999999999984,0.0841660832242376,16.75192928212256,86.93578408502673,0.0204279830733549,0.125891334827203,24.0022,2.916084711704066,1,R,LH
147,-0.0005000000000023,0.1022393072236734,24.370470687967817,95.0043926758307,0.0147159920846645,0.1319346838833813,36.0005,4.210109566723128,1,R,LH
148,-0.0020999999999986,0.1022127199682042,37.04949114454239,130.6395156813034,0.0115489926794669,0.1574098379081092,42.0021,5.726786780974864,1,R,LH
149,0.0001999999999995,0.0304200640260379,8.849775301647645,109.20424421383018,0.01311609434866,0.0427014177137963,53.9998,7.720603064195615,1,R,LH
150,-0.0011000000000009,0.1384006879680354,33.037641494039306,100.8026626739123,0.0154554577961279,0.1878436107871081,48.0011,9.95010030402003,1,R,LH
151,0.0001999999999995,0.1392458771342655,31.95905069799585,96.40413862743478,0.0159321085214509,0.1873150379891501,53.9998,11.681181892515248,1,R,LH
152,0.0010000000000047,0.1365560933417466,30.33334492622085,91.35157579544726,0.0167577007518617,0.1869994169680224,65.999,14.838354653808087,1,R,LH
153,0.000399999999999,0.0771438790260111,12.8062130470601,70.63677648883458,0.021865950565152,0.103013608994532,77.9996,17.39611915470175,2,R,LH
154,0.000399999999999,0.1012384190271628,23.196287466405696,91.93293393006778,0.0178085232866212,0.1519679163447237,77.9996,18.967936676523024,2,R,LH
155,0.0014000000000038,0.0785664479428312,12.391239897218384,69.17114485659907,0.0234275615669624,0.1067941272843112,89.9986,22.281068844801396,2,R,LH
156,0.0006999999999948,0.0805863313338994,13.963404401381611,71.64972684742763,0.0213088675147678,0.1094604434790486,95.9993,25.04712778559559,2,R,LH
157,0.0,0.0984726303331542,13.75537478829457,61.02307112274261,0.0281042316377545,0.1422163939246536,102.0,28.531073037015176,2,R,LH
158,0.0014000000000038,0.0965474625503148,11.049955618130056,49.11449672270542,0.0322551157593589,0.1311187066282276,113.9986,30.68097872996352,2,R,LH
159,0.0014000000000038,0.1201980110989622,16.029345526864507,56.090070389790334,0.0295198928056799,0.1740748721285046,113.9986,33.46078666670132,2,R,LH
160,0.0006999999999948,0.0817293182669575,7.677961229260181,38.62184035936131,0.0366836113719563,0.103615211239077,131.9993,35.53001014645448,2,R,LH
161,0.0021000000000128,0.0685635736110321,7.278394519116241,41.7544819946449,0.0339394357533094,0.09087527296933,137.9979,38.23128866223459,2,R,LH
162,0.0019000000000062,0.1003146435304291,10.8451093665706,46.81953011903184,0.0394071164126065,0.1572222875647041,125.9981,39.93561456607458,2,R,LH
163,0.0021000000000128,0.0779588361617019,6.081857096394389,34.7861842878496,0.0544454461936643,0.1218157071987671,137.9979,42.30076400539373,2,R,LH
164,0.0018000000000029,0.0773722147798207,5.650464191266386,31.6813570469976,0.0571124637047791,0.1187190848499313,143.9982,45.09951100052285,2,R,LH
165,0.0015999999999962,0.0794500989707501,4.502765087085138,25.341518308713976,0.073502040703281,0.1217542711146557,149.9984,47.608721169052686,2,R,LH
166,,,,,,,167.9968,49.08727639781488,2,R,LH
167,0.0036000000000058,0.0490695112823212,3.5980358082760806,28.45989713546341,0.0745154236341967,0.0986318488751731,155.9964,50.61656018602331,2,R,LH
168,0.0021000000000128,0.0630095297614475,5.448517366256396,28.283346387190058,0.0588822437317742,0.11802342353831,161.9979,53.38024821964647,2,R,LH
169,,,,,,,167.9968,55.28685016753701,2,R,LH
170,,,,,,,173.9961,60.712918147545096,2,R,LH
171,,,,,,,185.9995,63.13554608654158,2,R,LH
172,,,,,,,185.9995,64.70386956833384,2,R,LH
173,0.0022000000000019,0.0285280595384851,2.819288100552632,36.24918639114898,0.0268401877321606,0.0278375189421677,119.9978,3.0697674496290337,1,L,LH
174,0.0,0.0575703957406101,102892829.81352492,8172.196890606736,0.0003485862306977,13194.740639111094,0.0,1.513932060369167,0,R,LH
175,-0.0009000000000014,0.0683863825326765,7.254048663137652,27.901686316346435,0.0363838953550789,0.0970946223077497,78.0009,2.3877200383148147,1,R,LH
176,-0.0002000000000066,0.0263857119745367,3.0177464120189117,35.18251914683717,0.0301969348966673,0.0335236365060958,96.0002,4.302129483208969,2,R,LH
177,-0.0016999999999995,0.0586522386200762,10.135261856190498,72.35833449749731,0.0206917052049276,0.0771501498878526,90.0017,7.378075859751132,2,R,LH
178,-0.0023999999999944,0.0907890136832175,56.21839366634339,142.14882412924138,0.0118357073830616,0.2447812621981888,108.0024,9.906500244891426,2,R,LH
179,-0.0002000000000066,0.0658149202771172,8.971991426448804,51.96549910595661,0.0300144457975227,0.099066015725692,132.0002,10.432488897706884,2,R,LH
180,-0.0011999999999972,0.0737598673677141,10.106471096898014,53.56548250360422,0.0264340661847183,0.098280878410901,126.0012,13.007902204465609,2,R,LH
181,0.0005999999999914,0.0817406677145408,5.137202762730552,24.7325481244024,0.0515174701488958,0.0973613873318742,149.9994,16.00483809066818,2,R,LH
182,0.0007999999999981,0.0722106672725956,9.456995533714316,47.81780094048137,0.030137706762008,0.1048501135021276,137.9992,19.832688149889567,2,R,LH
183,0.0024999999999977,0.0545924774706252,2.5503300849259904,18.574120462066247,0.0703448086922988,0.0659984847958291,155.9975,21.47289742048778,2,R,LH
184,-0.0010000000000047,0.0687792882928918,2.0385846350273518,10.883803836669564,0.1133557484731593,0.0850115262921088,162.001,23.13222918731441,2,R,LH
185,-0.0010000000000047,0.0570088553831706,2.125031651727433,15.348475362824852,0.0927258925892383,0.0724889724913152,162.001,25.23275021774865,2,R,LH
186,,,,,,,167.9976,28.56188827082192,2,R,LH
187,,,,,,,173.9969,31.074050293064367,2,R,LH
188,,,,,,,186.0013,33.11079473100125,2,R,LH
189,,,,,,,186.0013,34.48296015021043,2,R,LH
190,,,,,,,186.0013,37.94952088633856,2,R,LH
191,0.0,0.0168038990045895,2.991354182322346,-1.0625528026566735,0.1878254729534561,0.2066939888953677,0.0,1.6991793100861967,0,L,LH
192,0.0,0.0345979704259719,6.505018768452952,41.92438601088646,0.0238125835648888,0.0569850047898704,0.0,3.109136609944956,0,L,LH
193,0.0,0.013480800789015,2.4601924577041503,-1.90826973764856,0.0480197400612989,0.0434604686986014,0.0,4.067511316134002,0,L,LH
194,0.0,0.0272985330916088,5.253614349387972,22.927771836989116,0.0263096961667585,0.0508486632484593,0.0,5.198101786861578,0,L,LH
195,0.0,0.0306992178745205,5.586393382706141,20.884411674099333,0.0325975749626516,0.0669919046498779,0.0,5.763397022225366,0,L,LH
196,0.0,0.0203185888375499,3.765022240108368,20.489753721786844,0.0410178699864705,0.0568127966438569,0.0,6.459920275076849,0,L,LH
197,0.0,0.0481010192986353,8.996900178230565,48.83220796189129,0.0297220832455484,0.0983733964777475,0.0,7.907775896824056,0,L,LH
198,0.0,0.0187716290416216,3.6660706240182743,31.06625165822514,0.0232417772017022,0.0313455344317407,0.0,8.63711954524824,0,L,LH
199,-0.0041000000000011,0.0040758092612985,0.6510365728995355,8.58671190411581,0.1071641569573519,0.0256661339353221,18.0041,10.164354642524293,1,L,LH
200,-0.0053,0.0198195379480702,3.472157413787984,26.94647506247912,0.0440897319015374,0.0563173722058946,12.0053,10.868190998504858,1,L,LH
201,-0.006499999999999,0.0245888589624169,4.071620135329009,27.556975683271247,0.0359473335440544,0.0538442649827563,24.0065,12.707074479929926,1,L,LH
202,-0.0041000000000011,0.0288656090563038,4.949541916598464,40.148175796451554,0.0255684925461798,0.0465559988212456,18.0041,14.11250719015069,1,L,LH
203,-0.0017999999999993,0.0212031735382876,3.5177676727967477,38.06836646591097,0.0211788840499769,0.0274078989444424,30.0018,15.832127974393543,1,L,LH
204,-0.0033999999999991,0.0165472856566475,2.467740179307859,25.747238916178823,0.0461877607312952,0.0419306753830924,36.0034,16.656570010514546,1,L,LH
205,-0.0017999999999993,0.0251976291131503,4.153842289776973,36.95573670357409,0.0289312106628864,0.0442101643353404,30.0018,17.43036684431525,1,L,LH
206,-0.0031999999999996,0.0196944702604299,3.0167173357674253,35.57470991329456,0.027595720097703,0.0306254069538178,42.0032,19.67391386861157,1,L,LH
207,-0.0022999999999981,0.0403846224407764,6.256817736737816,52.37972109480082,0.0210756343980525,0.0485109386871376,48.0023,21.24777806188087,1,L,LH
208,-0.0006999999999948,0.0075097740992239,0.9049628439227664,13.738504169505996,0.1335969791102974,0.0444767355942933,66.0007,23.12998389884271,1,L,LH
209,-0.0006999999999948,0.0157311398711114,1.9079660441026751,16.584905239755305,0.0573685497818698,0.0402670701165931,66.0007,24.556527041407985,1,L,LH
210,-0.0032999999999958,0.0431002945084453,2.508024199872584,20.20030228749278,0.0596476249951665,0.0550339134767373,78.0033,25.793954091497888,1,L,LH
211,-0.0017999999999993,0.0712022632466759,13.778147005734766,78.34535143307055,0.018388928245091,0.0932079058124746,30.0018,7.607955049537089,1,R,LH
212,-0.0031999999999996,0.0969806114881763,15.500782824966414,58.472029180843045,0.0226201593226565,0.1289896336191915,42.0032,9.949964013024516,1,R,LH
213,-0.0022999999999981,0.1269955398840409,33.83184857874493,110.28685894188324,0.0114662217188392,0.1427090719220954,48.0023,10.924852758141368,1,R,LH
214,-0.0022999999999981,0.1147555743557698,21.0565684756196,75.00186088905642,0.0195948110628836,0.1517868664656951,48.0023,11.04576405827498,1,R,LH
215,-0.0035000000000025,0.1100454515500982,16.660243839624908,66.91288519615453,0.0188967716897724,0.1158175803690672,54.0035,12.061418979397304,1,R,LH
216,-0.0035000000000025,0.0824272470502877,11.47770340670152,49.576588299936944,0.0275936288641376,0.1165116452243324,54.0035,13.091896163818088,1,R,LH
217,-0.0035000000000025,0.1475156013248924,31.75392021879692,91.371701814741,0.0165458893302015,0.1932826994756846,54.0035,14.134882577786035,2,R,LH
218,-0.0054000000000016,0.131796804268234,21.643010497796386,67.34728914140966,0.0202927132893979,0.1615709608006998,60.0054,15.460652142641056,2,R,LH
219,-0.0006999999999948,0.1085079702550408,22.77090070005129,87.07147374475026,0.017823335875153,0.1493051261674527,72.0007,17.207472869235712,2,R,LH
220,-0.0006999999999948,0.1427448824229869,31.78478045501708,91.39048569799591,0.0166266446728787,0.19441481199564,72.0007,19.060090393158887,2,R,LH
221,-0.0032999999999958,0.1541749943947884,41.037704592705744,100.33518797211386,0.0155619239948015,0.2349372434847313,78.0033,19.391616163438982,2,R,LH
222,-0.0006999999999948,0.142714330256558,28.173252677454943,86.80417267328616,0.0198557318933517,0.2057919623603983,66.0007,21.38805212592123,2,R,LH
223,-0.0032999999999958,0.1495101804096944,25.466127725212683,73.49059403385439,0.0219366666725842,0.2055128903488763,78.0033,23.490698201284484,2,R,LH
224,-0.0030000000000001,0.126802449122863,26.92947626885345,83.77276583976192,0.0188687663739265,0.1869291075595509,90.003,25.9282186022279,2,R,LH
225,-0.0030000000000001,0.118961386571962,17.926480448148666,65.40556918945914,0.0247573354592631,0.1632692701000503,90.003,27.5959490134318,2,R,LH
226,-0.0030000000000001,0.1268945719210375,18.08653117053048,60.86904723928904,0.0278813414925181,0.1855130497143856,90.003,29.7537044770707,2,R,LH
227,-0.0035000000000025,0.1478504015335931,18.36749590053227,52.7168405676225,0.0293098753716605,0.198047535063452,108.0035,33.711031407154,2,R,LH
228,-0.000399999999999,0.0919203200636863,7.605601458690847,31.83835663402549,0.0464887254993304,0.1300728698432355,114.0004,34.72381198633258,2,R,LH
229,-0.000399999999999,0.111620649844133,11.09005335649788,41.71524153381817,0.0359579191767796,0.1467012132752931,114.0004,37.3950761129304,2,R,LH
230,-0.000399999999999,0.1429772299020374,14.593399987204272,44.41339793942635,0.0370848590842361,0.1990942132707994,114.0004,38.29825406614045,2,R,LH
231,-0.0035000000000025,0.0845682548176683,10.109268242094448,49.36115394452319,0.0331300435964035,0.1232103654896549,126.0035,42.18384682864208,2,R,LH
232,0.0016999999999995,0.1167858535802838,11.953059393945733,46.31469843524916,0.0398660020644532,0.1753021653187836,119.9983,43.08761018612347,2,R,LH
233,-0.0016999999999995,0.095109100340676,8.296874124123708,37.12703654110153,0.0476253332683527,0.1453643956671571,138.0017,45.66060457528517,2,R,LH
234,-0.0015999999999962,0.0872531270610546,7.150135010724752,37.21242693966343,0.0528313585959184,0.1389669543481341,132.0016,47.31244184686593,2,R,LH
235,-0.0007999999999981,0.0995061584311959,6.843026192702618,30.97958352128463,0.0644301034739752,0.1621968999148594,144.0008,48.772306373181245,2,R,LH
236,-0.0016999999999995,0.12351687939716,10.219162547206736,36.64435276365413,0.052720685455766,0.1981991891466408,138.0017,51.564287621375726,2,R,LH
237,-0.0016999999999995,0.1090729406733457,6.138241790388473,25.88774907460999,0.0789243644628768,0.1782217087109444,150.0017,56.43710530787013,2,R,LH
238,0.0,0.0871018350147615,4.824661998855593,24.140951375415227,0.0832144189597627,0.1476967695949354,156.0,59.540799493822576,2,R,LH
239,-0.0014999999999929,0.057372279560616,18.68225870441819,46.97573998989392,0.0416894152814686,0.2865238009429812,162.0015,62.35575816486332,2,R,LH
240,,,,,,,173.9979,63.722752508785376,2,R,LH
241,-0.0014999999999929,0.0416025486956813,55887136.08264129,333.9269677417821,0.0092971876680494,191147.65325296824,162.0015,66.46598179052376,2,R,LH
242,,,,,,,173.9979,70.33021678940929,2,R,LH
243,,,,,,,173.9979,71.64875818889992,2,R,LH
244,,,,,,,173.9979,74.76807102066277,2,R,LH
245,-0.0037999999999982,0.0030173162748572,0.3462632941126634,8.987621672451452,0.152819055309751,0.0194665722077599,72.0038,0.4454423100531632,1,L,LH
246,-0.0046999999999997,0.0103592246623376,1.5225148421611137,43.21488863509291,0.0227710274011151,0.0127540959243025,54.0047,1.818409269274644,1,L,LH
247,-0.0005000000000023,0.0103645258043236,1.0274642791648805,21.085674749189053,0.0392429699863817,0.0148331749295488,84.0005,2.682975724813784,1,L,LH
248,-0.0030000000000001,0.0140486267022043,1.97101038480265,37.11883746039637,0.0287884779308027,0.0208743583429098,42.003,3.72063867463464,1,L,LH
249,-0.0002000000000066,0.0159132247374092,1.7165298105024924,40.447409034601904,0.0269114600980188,0.0169939419153548,96.0002,5.8773118411102825,1,L,LH
250,-0.0006999999999948,0.0159455574072652,1.0754045872667115,25.979097117115284,0.0474956496657855,0.0187901927574423,132.0007,9.797553123653802,1,L,LH
251,-0.0023000000000052,0.0202382300090736,1.496357160503987,13.456618460626416,0.054758076361908,0.0301431730888678,108.0023,12.832121053534124,1,L,LH
252,-0.0023999999999944,0.0196126146121651,2.233859591534525,43.405025110320864,0.0250255704890162,0.0205657890529339,78.0024,15.35150975254129,1,L,LH
253,-0.0019000000000062,0.0192913874747359,1.461499999543776,32.06219127794125,0.0469460311159336,0.0252408060621933,138.0019,17.452735293225558,1,L,LH
254,,,,,,,180.001,23.180997954056235,2,L,LH
255,-0.0006999999999948,0.0352640129711166,3.1527095898804043,36.05668510510288,0.0397143016946832,0.0460613239206362,132.0007,24.95923555836753,2,L,LH
256,-0.0047000000000139,0.0100112133311158,0.240269119952019,0.7323024925250526,4.397082963433882,0.3886584690812504,162.0047,26.279885613400985,2,L,LH
257,-0.0024999999999977,0.0350421242453285,2.7995414576781856,31.185470136889386,0.0463478376208809,0.0477333481521111,126.0025,29.732753408505022,2,L,LH
258,-0.0006999999999948,0.025302474755368,2.630711852730333,43.82939310768492,0.0411074262162215,0.0397831425167403,132.0007,31.791465304750304,2,L,LH
259,-0.0047000000000139,0.0319778064469745,0.8310438250564259,10.50769566489672,0.1567560250859541,0.0479240692867822,162.0047,35.255174542409335,2,L,LH
260,0.0007999999999981,0.0222094764538867,27.076634065730044,89.28463805774471,0.0221105072028971,0.2202413694829853,155.9992,38.02632811160423,2,L,LH
261,,,,,,,173.998,40.16643129422156,2,L,LH
262,,,,,,,186.0036,43.278349941576096,2,L,LH
263,,,,,,,173.998,43.306814618370325,2,L,LH
264,,,,,,,173.998,50.22563213032098,2,L,LH
265,,,,,,,180.001,53.109566434565565,2,L,LH
266,0.0,0.0450701092716231,8.3649457365798,16.294277479906047,0.049327194926346,0.1517941607734201,0.0,0.0,0,R,LH
267,0.0,0.0636324979840846,14.827908189345726,93.76862958865112,0.0170636016005282,0.0930799430961276,0.0,2.5310456855952426,0,R,LH
268,0.0,0.0503305766836902,14.117637976859651,83.17931903933545,0.016785714958144,0.08717810069612,0.0,3.19914845673154,0,R,LH
269,-0.0018999999999991,0.0446859789511805,18.25244655822793,151.5867369187171,0.010921485804914,0.0733344989852079,30.0019,3.730949324726317,1,R,LH
270,-0.0056999999999991,0.058322413397842,29.453019192094857,139.30136540778165,0.0117949102693698,0.1277997427991936,12.0057,4.835105933949662,1,R,LH
271,-0.0019000000000062,0.0506083022803356,7.2746685187068465,50.66379661093139,0.0318673034191589,0.0852833089388867,138.0019,5.67348019739052,1,R,LH
272,-0.0065999999999988,0.1074120976016747,36.97990271591222,140.35828906912187,0.0123700361426298,0.1682837770379715,24.0066,7.511454544164706,1,R,LH
273,-0.0027000000000043,0.1567706785627258,26.64163637979204,67.38898354135058,0.0185512464145831,0.1818191021235718,66.0027,7.511454544164706,1,R,LH
274,-0.0030000000000001,0.1876945086785048,52.985087932885946,120.61299221828578,0.0152649872247554,0.2975470320737688,42.003,9.570342877585098,1,R,LH
275,-0.0018999999999991,0.128100156310858,58.01723166710648,161.60718453032288,0.0110500710986115,0.2358454992246217,30.0019,11.577266605382883,1,R,LH
276,-0.0031999999999996,0.0941889839068916,29.66192543855861,124.7198251311259,0.0137453478792372,0.1499894086229141,48.0032,14.477588742437108,1,R,LH
277,-0.0031999999999996,0.1413579316077381,63.577399896414526,152.26709454785413,0.0117020673434344,0.2736975273568517,48.0032,16.224373126884156,1,R,LH
278,-0.0046999999999997,0.0956857713725576,40.88193324751359,146.22945511489624,0.0117044895727893,0.1760311077392029,54.0047,18.229124170722653,1,R,LH
279,-0.0065000000000026,0.1023246164929113,27.2080479244144,107.3926946414418,0.0157256924619691,0.1574028820964491,60.0065,20.267944134574293,1,R,LH
280,-0.0065000000000026,0.1376003273460236,47.54293773080176,126.90566005549265,0.0128652228057006,0.2250136392557407,60.0065,21.70845360662609,1,R,LH
281,-0.0027000000000043,0.1524507505767164,35.00260945223013,96.09764305008622,0.0172225969261697,0.2217709097152874,66.0027,24.406061957636812,2,R,LH
282,-0.0037999999999982,0.1280814029849671,76.41792274223504,166.0008576064154,0.0099134606345024,0.2786929820684021,72.0038,27.201366769097497,2,R,LH
283,-0.0023999999999944,0.1472132127563205,31.35568158813463,88.72537711140002,0.0193548248494265,0.223260045672589,78.0024,28.677869839659152,2,R,LH
284,-0.0023999999999944,0.096473476797239,22.783945656899757,92.03598221721828,0.0176644710042646,0.1480590949788308,78.0024,30.61922478586719,2,R,LH
285,-0.0002000000000066,0.1215062902240192,22.117044296316287,74.42690298877886,0.0206658666476507,0.1681458792398147,96.0002,34.204865337646915,2,R,LH
286,-0.0010999999999938,0.1215653176095288,15.321145289475403,51.59896861371153,0.0285035423655219,0.1606554954216953,114.0011,37.09089520146013,2,R,LH
287,-0.0006999999999948,0.1215233199924572,18.688320914805765,65.87006911801568,0.0266158978134388,0.1829856030988495,102.0007,39.83666113131054,2,R,LH
288,0.0014000000000038,0.1091849249243933,13.510895566487898,51.44223814407088,0.030747646825958,0.1528275106839353,119.9986,40.88193493720223,2,R,LH
289,-0.0010999999999938,0.0800579773423444,10.073430036988102,53.95423480196401,0.0312988836325573,0.115987647493906,114.0011,42.63892181464118,2,R,LH
290,-0.0010999999999938,0.1253475203003175,12.244620453881364,45.509958374040856,0.0431772602958673,0.1944938744122213,114.0011,43.61646353842151,2,R,LH
291,0.0014000000000038,0.0929143259338307,10.157498255351058,48.65587092376197,0.03832434129461,0.1432078991081498,119.9986,45.84621275306427,2,R,LH
292,-0.0006999999999948,0.1198929842347193,14.721752449112037,47.97168002674261,0.0332291102941336,0.1799632145323914,132.0007,48.05821275306428,2,R,LH
293,-0.0006999999999948,0.0575450034031839,6.93603924203284,47.62215404146278,0.033807114854369,0.0862631213713194,132.0007,48.97858818189753,2,R,LH
294,-0.0006999999999948,0.1089803863546159,10.592457642076525,41.61608149210507,0.0427495240784288,0.1665840967183253,132.0007,51.42234768489431,2,R,LH
295,0.0002000000000066,0.0857165716807354,4.67903309563194,26.00834767115302,0.0810856807923115,0.1395744105842588,143.9998,53.28834504740064,2,R,LH
296,0.0007999999999981,0.0701255133225806,2.8866623637793767,18.04060600941772,0.0920769333992745,0.0977805227674208,155.9992,55.19201657006273,2,R,LH
297,0.0002000000000066,0.0754873935741346,6.13680492406111,35.57974446892939,0.062899217262697,0.1420015475128738,143.9998,57.261598852332575,2,R,LH
298,-0.0019000000000062,0.0707365561994733,4.440180796791625,27.657858057760556,0.0696758795615467,0.1138121511867389,150.0019,59.084337088980185,2,R,LH
299,-0.0047000000000139,0.0784485507702936,3.4654932165053216,18.674711876187924,0.0913622571042784,0.1164762530966029,162.0047,61.92145192101116,2,R,LH
300,0.0007999999999981,0.0760656824731894,5.680691369013678,28.82622257473592,0.0778664087102841,0.1627259658161921,155.9992,64.13979959619178,2,R,LH
301,,,,,,,167.9985,67.03764138988106,2,R,LH
302,,,,,,,180.001,69.63072020477355,2,R,LH
303,,,,,,,180.001,70.68943833853366,2,R,LH
304,,,,,,,186.0036,73.91975059460735,2,R,LH
305,,,,,,,186.0036,78.78880684558551,2,R,LH
306,-0.0005999999999986,0.0141633451223982,2.249144500344215,28.704170210460656,0.0439961369048584,0.0364030205845318,30.0006,4.1084302902813885,1,L,LH
307,0.0010000000000047,0.0086601548698897,0.7283897957723697,4.474581268528532,0.2221725501584013,0.0595332745640442,95.999,6.650845342823651,1,L,LH
308,-0.0002999999999957,0.0110571571268557,1.174858225022101,18.234329809196204,0.0481296111807502,0.020801915743547,84.0003,8.264380569876408,1,L,LH
309,,,,,,,173.9979,30.77151368294645,2,L,LH
310,,,,,,,186.0014,33.86219875152357,2,L,LH
311,-0.0052999999999983,0.1331233140980391,32.464575928005296,107.92334870005196,0.0165622991369261,0.1978043675397273,24.0053,0.7955578495621792,1,R,LH
312,-0.0040000000000013,0.0659104976471218,12.658238756576315,69.3720763538353,0.0243624179553286,0.113448612994213,18.004,1.8563016489784183,1,R,LH
313,-0.0024999999999977,0.0813438792967785,14.193900658923292,71.9824483935759,0.0184644731868459,0.0964149101059236,72.0025,3.359022031484757,1,R,LH
314,-0.0005999999999986,0.1100735260931113,21.3126965577119,72.62774807335127,0.018549794669733,0.145439718893312,30.0006,4.375568172591986,1,R,LH
315,-0.0005999999999986,0.1443467717905318,36.93123180447928,107.37852899137135,0.0142338406079489,0.1933843876880744,30.0006,5.412012120689979,1,R,LH
316,-0.0052999999999983,0.1047465832099059,15.247004633160616,63.86175552947457,0.0263867010495769,0.1480045773564225,24.0053,8.413799771699033,1,R,LH
317,-0.0005999999999986,0.1965773418362084,61.0241407258843,127.2294989823162,0.0122065038749992,0.2740302357321327,30.0006,9.227154552837003,1,R,LH
318,-0.0035999999999987,0.1703391281767736,40.71713816088492,100.12507145443486,0.014177993130792,0.212372131214147,42.0036,12.14158877466425,1,R,LH
319,-0.0005999999999914,0.1234811616007413,5.85013165681403,18.78924023511376,0.0748973697154138,0.1611898622861461,150.0006,13.453143434219086,1,R,LH
320,-0.0035999999999987,0.1549378267387192,36.40146830067789,99.96432886623928,0.0154550487721102,0.2069639954449922,42.0036,14.652279122954935,1,R,LH
321,-0.0073000000000007,0.1220205459768155,28.01931509756193,94.72811880599966,0.0156655767005619,0.1614765346119018,60.0073,17.42213890317042,1,R,LH
322,-0.0035000000000025,0.1944667377748411,53.74760955366092,110.56835542721306,0.0145745818004793,0.2881779673537842,54.0035,18.080592628771942,1,R,LH
323,-0.0073000000000007,0.1938209381322666,113.40698688237384,174.6029938180982,0.0090693423335139,0.378373859649289,60.0073,18.815335100662608,1,R,LH
324,0.0015999999999962,0.0414154266322796,4.364424342094876,41.7348826063909,0.0336031489376488,0.0539526106745351,101.9984,20.527987504871668,2,R,LH
325,-0.0014999999999929,0.1791065374446186,45.9862759978866,106.91634400262085,0.014906261110784,0.2521752639334201,66.0015,21.64221161192246,2,R,LH
326,-0.0014000000000038,0.1593230884687284,20.76220589620821,55.70418102808667,0.0259931084003407,0.1985350683068308,78.0014,23.833406691496567,2,R,LH
327,-0.0024999999999977,0.1158806832946618,19.859663466367103,74.81055928743682,0.0218499696007918,0.159635045372785,72.0025,25.26737816055702,2,R,LH
328,-0.0014000000000038,0.1758214827805214,33.87740700108871,82.96025058798523,0.0200044643802629,0.2493116698032476,78.0014,26.960415187896636,2,R,LH
329,-0.0002999999999957,0.1377837574241698,20.982826635011,66.39262106942384,0.0250175007953352,0.1931138546908318,84.0003,28.771229495961283,2,R,LH
330,-0.0019000000000062,0.1415803320796585,26.100256489732256,70.89358363455983,0.0218492067155065,0.2097905718978298,108.0019,31.19649948389424,2,R,LH
331,0.0015999999999962,0.1115334318154666,11.421991352451462,43.486196145391865,0.034509066603948,0.1450041920616125,101.9984,32.39420134771617,2,R,LH
332,0.0010000000000047,0.0947878553912801,9.595335580420734,44.22525941963583,0.0423610250068028,0.1495313128371566,95.999,34.100147400021584,2,R,LH
333,0.0015999999999962,0.1307618686589459,16.94616522636653,55.52096284638656,0.0297518887428998,0.1854776120544747,101.9984,34.95559759834873,2,R,LH
334,0.0015999999999962,0.0889780749183435,12.551361573696283,59.17580165496992,0.0294329094817422,0.1359031595633484,101.9984,37.25097732465947,2,R,LH
335,-0.0010999999999938,0.1163353600070936,14.860750007651792,54.9636147720031,0.0312325292549076,0.1707471258147529,114.0011,38.85772070546452,2,R,LH
336,-0.0015999999999962,0.1186338526634158,9.90601225681341,35.92083953450687,0.0452474186308056,0.1648914688879109,126.0016,41.35124355894543,2,R,LH
337,-0.0010999999999938,0.1023576787863446,12.88809465110992,55.211341452097805,0.0340429652643486,0.1614067216790738,114.0011,42.03911539003026,2,R,LH
338,0.002600000000001,0.1439169436931978,16.287326204765634,49.1057180964063,0.0349349210093626,0.2093220976795351,119.9974,44.20927680867379,2,R,LH
339,-0.0015999999999962,0.1090693920046226,9.752892612535744,40.20307736029878,0.0453436233662877,0.162687873172211,126.0016,47.92610656686445,2,R,LH
340,-0.0010000000000047,0.073318639356781,4.955991147379662,26.17545446955016,0.0473903374691929,0.0864024070314287,138.001,49.213884829821495,2,R,LH
341,-0.0010000000000047,0.1024669948162721,7.624966951391399,32.51290896979596,0.0525339569065067,0.1473613519555516,138.001,50.737520710883885,2,R,LH
342,-0.0010000000000047,0.0949038524831368,7.962436185885585,35.83082152393936,0.0478961399040679,0.1402981668580634,138.001,52.24491690061068,2,R,LH
343,0.0004999999999881,0.0933073750609968,6.04655807583275,29.402758139506552,0.0660519014766147,0.1469261406658266,143.9995,53.72474437732271,2,R,LH
344,0.0004999999999881,0.1094839235815055,7.539014779881863,30.767804008161,0.0625160476788486,0.1733850414244271,143.9995,56.417214156554095,2,R,LH
345,-0.0005999999999914,0.0591889875241616,3.634595459646335,28.05188260652676,0.0779081108347114,0.1041703854783841,150.0006,59.28303615006942,2,R,LH
346,-0.0037000000000091,0.0662857161617455,2.525602247719405,15.29421177708964,0.0914911855069141,0.0850060289347428,162.0037,62.117041234690376,2,R,LH
347,,,,,,,167.9973,62.98882619028436,2,R,LH
348,,,,,,,167.9973,66.59230046977206,2,R,LH
349,,,,,,,186.0014,67.7838019982981,2,R,LH
350,,,,,,,173.9979,68.95134429674833,2,R,LH
351,,,,,,,173.9979,70.72636266741273,2,R,LH
352,,,,,,,173.9979,73.63870001524491,2,R,LH
353,,,,,,,0.0,1.2946058563902754,0,L,LH
354,0.0,0.0435836359515626,8.133240534433632,22.164829655078595,0.0214536012375462,0.0641902901192922,0.0,3.451782931034985,0,L,LH
355,0.0,0.0781402411915103,14.544760037371574,42.54804794644725,0.0210055474301623,0.1123947648204432,0.0,4.559207821600303,0,L,LH
356,0.0,0.0169170513618592,3.191691206356307,13.527180408107052,0.0377014460879736,0.0442674386026102,0.0,5.926432865256247,0,L,LH
357,0.0,0.0233753050839513,4.369982960188354,24.40715656658896,0.0246348578060546,0.0396036598236574,0.0,7.646084856477323,0,L,LH
358,-0.0069999999999996,0.0117503926934066,2.384269452895128,27.303241643252115,0.0137992517305347,0.0121036509273858,6.007,8.512037648561357,1,L,LH
359,-0.0069999999999996,0.0211673442992073,3.810546495294649,35.45130315217719,0.0303014392818191,0.0424772155884863,6.007,10.479158334308718,1,L,LH
360,-0.0013000000000005,0.0116987066779616,1.6507414146469697,15.996940337425851,0.0766103527183312,0.0465234622469415,42.0013,14.612947978287568,1,L,LH
361,-0.0040000000000013,0.0324422524255759,5.3912770935353445,47.34911050873341,0.0309392570022832,0.0613630661181185,24.004,15.30693498825245,1,L,LH
362,-0.0040000000000013,0.0387604633021921,3.841855406386056,33.50001704062763,0.050304113657956,0.0710967968799003,24.004,16.34791550319978,1,L,LH
363,0.0005000000000023,0.0329615160475575,4.610495146712774,43.619340341633205,0.0347990881638282,0.059022955386606,47.9995,19.73491458674496,1,L,LH
364,-0.0014000000000038,0.0214522441297603,2.735308789246872,35.23715475300033,0.0414765253504649,0.0417363288643478,66.0014,21.636114423425667,1,L,LH
365,0.0009000000000014,0.0110258210698872,1.095576473580261,18.000300815722365,0.1980727937466484,0.0798312708466141,83.9991,22.99323816329493,1,L,LH
366,-0.0006999999999948,0.0194462126063107,1.5876983154078268,23.000637519420945,0.0661609761155004,0.0386434067375071,108.0007,28.17051667863996,2,L,LH
367,-0.0001000000000033,0.0218752116939201,1.0859732980067436,14.360946865789831,0.0794231410748094,0.0317301206769867,138.0001,30.86331174531841,2,L,LH
368,0.0027999999999934,0.0189853106593371,2.1802215779893537,44.81995660840685,0.0334711333646748,0.0268458135714322,101.9972,33.68526162946876,2,L,LH
369,-0.0006999999999948,0.0604214224968035,9.39172688751833,58.129369222161145,0.0273032075606859,0.0943332166218215,126.0007,35.24059648432443,2,L,LH
370,-0.0001000000000033,0.0400380239489371,5.069434513627336,47.09691974546194,0.0378362574215346,0.070562377760495,138.0001,37.83262588325204,2,L,LH
371,-0.0006999999999948,0.0658068910048029,4.17429415089094,28.67896370311568,0.0788959273484335,0.1211555051473003,150.0007,45.92118121001948,2,L,LH
372,,,,,,,167.9959,47.43987052411215,2,L,LH
373,,,,,,,186.0012,50.26506334694916,2,L,LH
374,0.0,0.0219673448039667,9.262494561587062,146.85606468662886,0.007377200668836,0.0251376734963373,0.0,3.112009375114476,0,R,LH
375,0.0,0.06781015616338,27.843465530995992,157.81741346524186,0.0067672714485556,0.0693174222569728,0.0,4.183760189903063,0,R,LH
376,0.0,0.0796961377136301,70.43717088738988,212.6317331676004,0.0074587013861667,0.193272757311285,0.0,6.0656959919334295,0,R,LH
377,-0.0069999999999996,0.0686939387580512,8.624785397699181,49.8136090091637,0.0218931699420703,0.0694644280253884,6.007,7.3910333595033375,0,R,LH
378,0.0,0.078121219052319,11.467250087896367,60.38475357437793,0.020386582602649,0.0860021351335228,0.0,8.832802900548868,0,R,LH
379,-0.0069999999999996,0.0755115277263287,30.23391005656037,163.855002600665,0.0142611182723504,0.1586183458382009,6.007,9.986825785013815,1,R,LH
380,-0.0013000000000005,0.0819240391076875,40.1137467169548,165.534063077966,0.0097771954379941,0.14428229527039,42.0013,10.722128655945244,1,R,LH
381,-0.0039000000000015,0.077626969084394,13.75003541784731,68.74025496455639,0.0194373485737081,0.0983210160622081,18.0039,11.207554501167724,1,R,LH
382,-0.0040000000000013,0.0740497405472086,15.084396864040343,80.15442011100562,0.0180539371647915,0.1001856210422983,24.004,11.88017733740286,1,R,LH
383,-0.0013000000000005,0.0711604385444956,14.186295277164406,78.58438382336072,0.0142696283662061,0.0744709983266002,42.0013,13.297320006067132,1,R,LH
384,0.0016999999999995,0.1249708302507403,35.97565456484797,119.1979862814552,0.0133788633061922,0.1770652916613654,29.9983,14.344119054250726,1,R,LH
385,0.0016999999999995,0.1356097175379215,41.54200579406947,125.86879332221548,0.0128284369838315,0.1960499452013363,29.9983,15.31038666890259,1,R,LH
386,-0.0054999999999978,0.1069987182760435,35.65106462256167,124.42177299610118,0.0127038726602654,0.1666150214544399,60.0055,17.890519377534964,1,R,LH
387,0.0005000000000023,0.078800120705309,11.217155131350498,41.47734884873542,0.0264498016367661,0.1091467135772469,47.9995,18.13782849584644,1,R,LH
388,0.0009000000000014,0.1591154739033551,25.37164948767717,63.38331625583634,0.0204127142031069,0.1905263186587802,83.9991,21.317373930790808,1,R,LH
389,-0.0054999999999978,0.1748534534657841,46.85304268848075,106.5530180447808,0.0144770204334248,0.2495298497999297,60.0055,22.129082970952435,1,R,LH
390,-0.0020999999999986,0.1348987838628708,20.50025393621924,59.35071937426524,0.0241032595898789,0.1817776718771069,72.0021,25.98384582493121,2,R,LH
391,0.0009000000000014,0.1794346383231678,36.37254890443726,81.29217581993024,0.0173260061174392,0.2318343146863409,83.9991,28.400067559291152,2,R,LH
392,-0.0019999999999953,0.1347959707183013,20.900786157265404,63.91098907046719,0.0223343189846675,0.1717278981816665,90.002,31.40022640189725,2,R,LH
393,0.0,0.1300172184598613,19.62669000371711,62.636010861286366,0.0229676515048605,0.1658323178560347,96.0,32.95161729415137,2,R,LH
394,-0.0019999999999953,0.1691423323932659,35.848818570078286,84.32630029500955,0.0192774158109066,0.2542313952401731,90.002,35.22128345222912,2,R,LH
395,0.0,0.1496500996607846,24.43132802399833,68.54716063520432,0.0219938105046706,0.1976756027692235,96.0,37.34827212153642,2,R,LH
396,0.0,0.1723652538555076,30.69967668923296,74.15495925679365,0.0251622099317607,0.2841764608821165,96.0,40.313567104363685,2,R,LH
397,0.0002999999999957,0.1240302319020964,13.61107605592994,46.808774302651486,0.0326665124523705,0.1635689062172227,113.9997,42.776801278094496,2,R,LH
398,-0.0006999999999948,0.0769377138024708,8.212124005120812,43.63693492938027,0.0307244422890632,0.0928207397129966,126.0007,43.73664817761399,2,R,LH
399,0.004499999999993,0.1434442198958383,15.07100075549234,43.06421941357376,0.0330160911358784,0.183051488349279,119.9955,45.99389208634101,2,R,LH
400,-0.0006999999999948,0.1313226456349771,14.441251856568403,44.35929656955105,0.0324097356019397,0.1721812468200645,126.0007,47.97495617816767,2,R,LH
401,-0.0006999999999948,0.1085689974831405,27.11360581963692,78.21128628029591,0.0202753522316258,0.2022372744824027,126.0007,49.27804990684324,2,R,LH
402,-0.0005999999999914,0.1441805253833139,13.74638059758433,40.57385805308129,0.0371476545498928,0.1878560907129668,132.0006,50.396560468252886,2,R,LH
403,-0.0005999999999914,0.0968421077837315,10.821560027790555,44.566945965978014,0.033257666887631,0.1323997515050837,132.0006,52.01474947298436,2,R,LH
404,-0.0001000000000033,0.1037429044701427,9.325255828188116,37.047073196998696,0.0382491644825874,0.1312164324832988,138.0001,53.66356798273736,2,R,LH
405,-0.0001000000000033,0.1229938040353486,11.945977649456683,38.87663829504719,0.0383489576012993,0.1685313809586782,138.0001,55.47530292856424,2,R,LH
406,0.0004999999999881,0.1479626807190376,59.477629011972354,82.55793526264362,0.0207706292637564,0.4544737667599555,143.9995,57.01926620565378,2,R,LH
407,-0.0001000000000033,0.0933572844844817,5.784430710296029,24.4521060674578,0.0554287162305908,0.1179508191681031,156.0001,58.494974040683786,2,R,LH
408,-0.0006999999999948,0.1184768033082945,8.219657628501235,29.015414719375418,0.0614597228375865,0.1858445560642685,150.0007,61.11193655835496,2,R,LH
409,-0.0001000000000033,0.1147394103022164,6.76762836256241,23.506868554094478,0.0586243831970499,0.1459554466752967,156.0001,63.75344247212272,2,R,LH
410,,,,,,,167.9959,65.28409168160867,2,R,LH
411,,,,,,,173.9965,67.5099457613153,2,R,LH
412,,,,,,,167.9959,68.54835080290553,2,R,LH
413,,,,,,,173.9965,70.38973178116295,2,R,LH
414,,,,,,,167.9959,71.62721548310677,2,R,LH
415,,,,,,,180.0024,73.22054395103353,2,R,LH
416,,,,,,,180.0024,75.84279182433782,2,R,LH
417,,,,,,,180.0024,77.94494738784078,2,R,LH
418,,,,,,,180.0024,78.90362704425507,2,R,LH
419,0.0020000000000024,0.0116414218915057,1.9289306829308963,50.387517070220056,0.0262319384590444,0.0186145492482249,41.998,1.785357349726826,1,L,LH
420,0.0020000000000024,0.0040542557850783,0.5906163030665544,6.556055769505035,0.0522296529229628,0.0113482289425805,41.998,3.243253418128344,1,L,LH
421,-0.0030000000000001,0.008556509802799,3.7966314300877,152.98264349708808,0.0084436787109911,0.0117933084215496,36.003,4.41790078711418,1,L,LH
422,-0.0030000000000001,0.0441327246674755,6.761999862985394,54.00139382637229,0.027270870181167,0.0678390365921258,36.003,6.674764015033167,1,L,LH
423,-0.000399999999999,0.02085911982413,1.926837889714298,16.856781212917028,0.0538428558165743,0.0381661877703872,90.0004,8.30090442320514,1,L,LH
424,0.0013000000000005,0.030693648393128,4.262693696572726,53.00772768502538,0.0227068468355708,0.0356079093277462,77.9987,10.346576193309838,1,L,LH
425,-0.000399999999999,0.0328845211089356,3.6417804362852015,40.2533586027994,0.0314083782919313,0.0420789398661588,90.0004,12.686108711422058,1,L,LH
426,0.0032000000000067,0.0242342087747279,2.200726363378768,27.97367462553922,0.0448907406099526,0.036343632693864,107.9968,18.573692748306826,2,L,LH
427,0.0032000000000067,0.055255039099584,5.685029503157602,42.54319398735706,0.0358029427948081,0.0748784706417777,107.9968,21.81270800195708,2,L,LH
428,-0.0005999999999914,0.0622466421005502,5.298991049475024,39.001827671444936,0.0523574097341031,0.1020650039484634,132.0006,27.41531127940364,2,L,LH
429,,,,,,,167.9918,34.67544313097413,2,L,LH
430,-0.0009000000000014,0.0872021650590115,26.292813109202047,121.78957453213457,0.0120810339494525,0.1168548325171085,18.0009,2.0089892684690973,1,R,LH
431,-0.0001999999999995,0.0949286837294991,28.93982657191481,123.78664330461076,0.0115750676141146,0.1232324204957667,24.0002,4.2806987132742425,1,R,LH
432,-0.0009000000000014,0.0468330753409802,25.481850701606525,174.1015672309258,0.0092139303206686,0.086373677058858,18.0009,6.449588132408121,1,R,LH
433,0.0045999999999999,0.0967047046305625,31.12562058928101,130.11089321233743,0.0117469412361624,0.1345080676232324,29.9954,8.372422166743897,1,R,LH
434,-0.0030000000000001,0.0730809450211633,14.85550323076664,84.17565487618283,0.0174833538209244,0.095547127031568,36.003,12.949068577586065,1,R,LH
435,0.0043000000000006,0.0842523228590478,17.93779592807001,87.71158322946945,0.0161643728186075,0.1066678288799047,47.9957,14.568899817479698,1,R,LH
436,0.0043000000000006,0.1249523372019186,24.4055192356625,77.6554386992905,0.0171447578503497,0.1539305870078549,47.9957,16.499102436318875,1,R,LH
437,0.0028999999999967,0.0854068986678045,10.905347443277124,46.757135156495046,0.0315667749265385,0.126641264578802,71.9971,21.26968082735505,1,R,LH
438,-0.0020000000000024,0.1056256782022491,19.42404788915863,79.25516681652445,0.0198364452936534,0.1417454435006186,60.002,22.1581116798074,2,R,LH
439,0.0013000000000005,0.076356176644753,12.371063971037842,66.31335079740079,0.0218639780072894,0.0995042779441578,77.9987,24.93345168928603,2,R,LH
440,0.002600000000001,0.0671466444012856,10.821515776006784,67.84619987173717,0.0244688720985541,0.0974109022336735,95.9974,26.44423318153748,2,R,LH
441,0.0013000000000005,0.1247627146946288,24.348027510374607,81.95402563520415,0.0192808942859485,0.1727016454232136,77.9987,27.778999807929587,2,R,LH
442,-0.000399999999999,0.0700237086834538,10.374161498719223,65.31732733419159,0.0240643845799184,0.0918402975679986,90.0004,29.678146071124804,2,R,LH
443,-0.000399999999999,0.0795503453616967,9.723822747081316,53.116956503381246,0.0317874234678472,0.1137097957068642,90.0004,32.40463449991071,2,R,LH
444,0.007000000000005,0.0910526461053074,13.191916901958855,60.23385701932661,0.0243861141892899,0.1183466661104672,101.993,33.95613084976564,2,R,LH
445,0.007000000000005,0.1082249894112022,14.495303554739513,58.06825130540103,0.0285046366618791,0.1520016639943928,101.993,37.09763260171732,2,R,LH
446,0.002600000000001,0.1066145600570658,11.363450039830202,47.231788632914224,0.0341000670098875,0.142551226206513,113.9974,40.68298828824658,2,R,LH
447,0.0071999999999974,0.0970924688833607,9.80792168037583,44.42082746303636,0.0391580199606854,0.1412873341211694,119.9928,43.26458194555267,2,R,LH
448,0.0028000000000076,0.0768360122218541,7.939785267639061,41.10911713233782,0.041175277194764,0.1202681987714535,137.9972,46.25891666652612,2,R,LH
449,-0.0005999999999914,0.1103890906356506,9.75087038151666,38.66858596301801,0.0461657164875087,0.1656031073844656,132.0006,48.90345468628975,2,R,LH
450,0.002900000000011,0.057821224306942,3.25744414533621,24.857400280226805,0.0704925806004186,0.0844745535810192,149.9971,51.429963316356535,2,R,LH
451,0.0023999999999944,0.0655436482350949,3.83487459677258,24.377765671135048,0.0710612127106448,0.1002511353263128,155.9976,54.20792288081177,2,R,LH
452,0.0040999999999939,0.0779402440721488,5.263748719129029,31.167957849900315,0.06861632763362,0.13287036793295,143.9959,56.29729429268387,2,R,LH
453,-0.0038999999999873,0.0703699201873844,2.8798623631099134,17.229987333798597,0.092462685354107,0.097958866794293,162.0039,58.64916954977801,2,R,LH
454,,,,,,,167.9918,63.06008718870898,2,R,LH
455,,,,,,,167.9918,65.4861550787792,2,R,LH
456,,,,,,,167.9918,68.4666241855839,2,R,LH
457,,,,,,,185.9965,70.59954650756336,2,R,LH
458,,,,,,,185.9965,74.42993755548305,2,R,LH
459,-0.0022000000000019,0.0232253271342846,3.772069950686618,48.03622237112688,0.0224809379124972,0.0311960553446565,42.0022,3.3544744654017835,1,L,HL
460,0.0007999999999981,0.0069798789417038,0.784747685213182,13.3775727803374,0.0369692872964375,0.0106727574477833,59.9992,5.337940918357317,1,L,HL
461,-0.0001999999999995,0.0444675243878269,6.271938749444521,33.64866903970405,0.038392689147899,0.0885841167170626,48.0002,6.1770998023000425,1,L,HL
462,-0.0022000000000019,0.0571454928800698,8.115031849424826,35.37182151079827,0.0358384079175023,0.1069903122768096,42.0022,7.330186313120217,1,L,HL
463,0.0007999999999981,0.1319136100257741,30.886619269826245,97.87008897953449,0.0165778956833216,0.1883672056756218,59.9992,13.791942033296449,1,L,HL
464,0.0009000000000014,0.1413885354953317,26.291266200101152,73.97648391583324,0.017282032980885,0.1671521049886682,65.9991,14.58721938145871,1,L,HL
465,0.0013000000000005,0.0949850555581142,18.560431748313267,80.97644991322719,0.0180256147043184,0.1230789199038102,77.9987,17.79826087153711,2,L,HL
466,0.0023000000000052,0.0954912393817628,13.067952279425004,55.2183032858132,0.0243194761068778,0.1169142028975911,89.9977,18.035260871537112,2,L,HL
467,0.0023000000000052,0.0877089655720572,11.597130372127866,53.73264715269832,0.0258649397639407,0.1103487781764325,89.9977,19.735814256676598,2,L,HL
468,0.0007999999999981,0.126934114848298,22.29727111525115,71.40259496485238,0.0207907263341637,0.170540249690973,95.9992,23.157994917062897,2,L,HL
469,0.0019000000000062,0.0468661031519838,6.242644551562835,50.701415881157054,0.0282740492051201,0.0649325016166631,131.9981,25.67008950680206,2,L,HL
470,0.0007999999999981,0.098498797187898,16.420336637161633,71.07256552588083,0.0244341106415515,0.1475992363865279,95.9992,26.535139506802064,2,L,HL
471,0.0014999999999929,0.0973610604484055,10.602458209624814,46.49824897649311,0.0314114872026576,0.1225181939862129,107.9985,30.040317118547986,2,L,HL
472,0.0014999999999929,0.1146501690908051,14.09929130074369,53.29853989217712,0.0305221895763873,0.1583136956104224,107.9985,31.803562124865685,2,L,HL
473,0.0019000000000062,0.0748594416075963,8.096530319456376,43.84650282669524,0.0378096914628133,0.1126179449433681,131.9981,34.06521746927677,2,L,HL
474,0.0020999999999986,0.0632490742892073,7.416410357357238,47.583139463118165,0.0314271453953424,0.0857440917906283,125.9979,34.79076788596964,2,L,HL
475,0.0033999999999991,0.0946633576762538,10.135437155154309,47.03873537471058,0.0364484428068135,0.1359023547904574,119.9966,36.233043357928864,2,L,HL
476,0.0020999999999986,0.0750182966224791,6.983810646999961,41.63543228331524,0.0440080858561566,0.1130655899394154,125.9979,40.42640863348109,2,L,HL
477,0.002299999999991,0.0705638048494481,7.321873498277596,42.16339425683821,0.0453442407470006,0.1221377383128784,137.9977,42.59768870290723,2,L,HL
478,0.0038000000000124,0.0635366579005039,3.645155448250731,23.91350052785826,0.0609281318089522,0.0817032690613401,149.9962,44.11522914717881,2,L,HL
479,0.0020000000000095,0.0537542649895767,4.121561319204294,34.038571821431084,0.0631516066185289,0.0957528451831227,143.998,45.71047191577812,2,L,HL
480,0.0038000000000124,0.1037245717342838,5.224290423780776,22.86356833656872,0.0842501319249965,0.1619210903041423,149.9962,47.83344800577409,2,L,HL
481,0.0038000000000124,0.0705199822367039,4.530020267366388,28.81085166507309,0.0758411870658199,0.1263894386933567,149.9962,50.799901840396416,2,L,HL
482,,,,,,,167.9957,53.21146138382954,2,L,HL
483,0.0041999999999973,0.0695034743592929,2.001030391199758,16.098014496577964,0.2157049648511309,0.1587886089223039,161.9958,55.484121358018754,2,L,HL
484,,,,,,,173.9962,59.24108104450949,2,L,HL
485,,,,,,,179.9974,66.10356002819114,2,L,HL
486,0.0,0.0483562651701575,,,,,0.0,1.1714952192924228,0,R,HL
487,0.0013000000000005,0.0198543325575985,2.178020911029316,26.38121295461028,0.0457911835562112,0.0366901453271118,77.9987,7.1203617117774085,1,R,HL
488,0.0009000000000014,0.0119115253965514,1.4578484503088571,33.8729220564947,0.0444507129651043,0.023839471806364,65.9991,8.699199619759979,1,R,HL
489,0.0041999999999973,0.020729668434766,0.6305785660156662,10.4035485674989,0.1072626949578299,0.0248824664408793,161.9958,11.436701155333925,1,R,HL
490,,,,,,,173.9962,22.98441752104788,2,R,HL
491,0.0,0.0911734223742837,20.914150467844348,102.26234131994192,0.0179931853298205,0.1384375164649512,0.0,3.284608067471929,0,L,HL
492,-0.0016000000000033,0.104436273753266,24.0060134474171,97.80626399221318,0.0175479476336925,0.1549715200457335,36.0016,4.6342018587688605,1,L,HL
493,-0.0011999999999972,0.0905267025830526,16.851197739237307,76.04019241011774,0.0181804960015539,0.1127046982075703,54.0012,7.059813947380129,1,L,HL
494,-0.0016000000000033,0.1102142850051871,21.655895765930065,83.53107779594349,0.018449757003587,0.1469847645646504,36.0016,9.4573534033875,1,L,HL
495,-0.0011999999999972,0.1039376800814769,21.04573771694753,84.89992226374108,0.0168872431678049,0.1307460053446373,54.0012,12.297594587217194,1,L,HL
496,-0.0011999999999972,0.1072327116797549,20.350253346544186,81.62792879070152,0.0194594632816101,0.1456821009589835,54.0012,14.005230702183772,1,L,HL
497,-0.0013999999999967,0.0901135622725673,14.135145744268172,63.37708520507273,0.0230732127964647,0.1199813876000591,60.0014,15.032428183197036,1,L,HL
498,0.0,0.0696932567912299,12.514210709862624,76.09777940718038,0.02018802661158,0.0929400388836221,78.0,18.022575195912847,2,L,HL
499,0.0002000000000066,0.0875514440885444,10.684469562595645,45.71203301619536,0.028325670271992,0.1113367858669697,89.9998,18.851285195912848,2,L,HL
500,-0.0015999999999962,0.0462092917465085,5.488672628098278,48.09835615396558,0.027004691612759,0.0545270582812266,108.0016,21.436671253225864,2,L,HL
501,-0.0002999999999957,0.0639400653919184,10.138950917640258,65.74393733962515,0.0232752954632367,0.0868147944869684,96.0003,23.37129765801884,2,L,HL
502,0.0,0.0791285513136434,10.745001961997414,56.37667663938981,0.0265354142068273,0.1048909184947925,102.0,24.13666048700912,2,L,HL
503,-0.0015999999999962,0.0742018553391076,9.365591800420765,53.03342522481655,0.0288605100594124,0.0994362518038171,108.0016,25.94532023509811,2,L,HL
504,0.0011999999999972,0.1092897154327022,12.198823913572982,46.132093966037885,0.0312560170376145,0.1402675190223533,113.9988,28.313324275500428,2,L,HL
505,0.0005999999999914,0.0671867065250236,6.3870965612858095,39.10666680347524,0.0380228439777168,0.0893415735917468,131.9994,29.757527747961248,2,L,HL
506,0.0011999999999972,0.0863988004676514,10.104482626944597,50.08063024550569,0.0326114948676063,0.1212244734443971,113.9988,31.771963234976823,2,L,HL
507,0.0005999999999914,0.080298651478427,6.541817782196559,34.98767170987139,0.0456617993374212,0.1098896986122917,131.9994,33.33379650222608,2,L,HL
508,0.0005999999999914,0.0642015793402075,6.609101676866761,42.50573155874328,0.0385237951492706,0.0936649307127399,131.9994,35.52110327723543,2,L,HL
509,0.0020999999999986,0.0808680069315416,8.301094620276617,47.165251935615416,0.0424457462163676,0.1296209068101138,119.9979,37.0879664561519,2,L,HL
510,0.0016999999999995,0.0633844701112154,6.510598029174088,41.71689064074592,0.0446032128212254,0.1068298314208732,137.9983,41.10676046296541,2,L,HL
511,0.0016999999999995,0.064066941910302,5.380813743279392,38.23775726030193,0.0603181775518292,0.1193992746971487,137.9983,42.78085514798279,2,L,HL
512,0.0004999999999881,0.0482132818649724,3.798554202786744,31.99679153648253,0.0584221370068015,0.0816396783216448,149.9995,45.20481880194251,2,L,HL
513,0.0024999999999977,0.0951381768268698,4.196265425877935,21.110891513810884,0.1091699115128053,0.1685277517699599,155.9975,47.79973405206859,2,L,HL
514,-0.0002000000000066,0.0596140500631514,2.6484182836455594,19.24745427427276,0.1027965666594834,0.1001545549054783,162.0002,49.63682499461879,2,L,HL
515,,,,,,,167.9968,54.61744734966042,2,L,HL
516,,,,,,,173.9971,57.51761895122127,2,L,HL
517,,,,,,,179.9984,58.90861033437276,2,L,HL
518,-0.0040999999999993,0.0704780746418609,16.993157024504484,97.2853655658152,0.0147282414999941,0.0920726165638623,12.0041,1.010962419702645,1,L,HL
519,-0.0062999999999995,0.1394330666212727,32.11239706530917,93.38992426311206,0.0152633436036671,0.1803133675153395,24.0063,2.173902227038212,1,L,HL
520,-0.0062999999999995,0.0408819476626737,1.6010065861292808,13.3599426578153,0.0976453504242771,0.0575109054173352,24.0063,3.494581062681373,1,L,HL
521,-0.0031000000000034,0.0770057689077803,26.759946910154422,136.07094539130924,0.0117180486778832,0.1153575605103914,42.0031,4.540650845439674,1,L,HL
522,-0.0062999999999995,0.0698053213442817,10.1373964515789,54.27575399418935,0.0317244431351063,0.1183112265619845,24.0063,6.7199628928528,1,L,HL
523,-0.0033999999999991,0.0554049526960031,8.459879148133691,45.74182687915432,0.0272230998813535,0.0847241564957155,36.0034,7.58542091194237,1,L,HL
524,-0.0031000000000034,0.1455711006123666,26.80755984713138,75.84742150111069,0.0195548921747058,0.1928493715365781,42.0031,10.139861857348436,1,L,HL
525,-0.0024000000000015,0.0818123793514867,8.115009220928528,30.527190264406972,0.0526364146895628,0.157137860427284,54.0024,11.073197023460644,1,L,HL
526,-0.0019999999999953,0.0899909599440549,12.436348769197636,54.91271965952385,0.0253273327537177,0.1158744984501162,78.002,13.90267368634839,1,L,HL
527,-0.0005000000000023,0.1284380141024142,22.513230337659795,71.09814048597016,0.0198104387510947,0.1640731163428804,66.0005,16.094423184817714,1,L,HL
528,-0.0006000000000057,0.1018049038676272,19.68003536723292,79.48832467594292,0.0183772582482252,0.1330491520383919,72.0006,17.170897657065467,2,L,HL
529,-0.0005000000000023,0.1186987909576599,20.179755715248145,72.89101626688762,0.0225553222350963,0.1674443348800858,66.0005,19.009564732805984,2,L,HL
530,-0.0006000000000057,0.1500733060979514,29.18055944819261,81.78172272781677,0.0195861518127822,0.2102559276049064,72.0006,21.274370975197066,2,L,HL
531,0.0002000000000066,0.1101980349429284,17.543005956373243,66.7910420434669,0.0226604474405129,0.146243984071496,83.9998,24.345732053394443,2,L,HL
532,0.0002000000000066,0.125927452289182,20.251353742734555,67.75193919712096,0.0221250870581019,0.1648331530275581,83.9998,25.257284072513286,2,L,HL
533,0.0002000000000066,0.091587236721654,11.045880529312246,53.65606857239359,0.0324962968293943,0.1320504035543814,83.9998,27.86174275917136,2,L,HL
534,-0.0013000000000005,0.1342898824864993,20.964525021055497,66.04635706747213,0.0237497078738602,0.1831676685439768,96.0013,30.897205600687982,2,L,HL
535,0.0005000000000023,0.1277141345964974,15.079228376846862,47.15571308683922,0.0274986845466175,0.1525445007210235,113.9995,33.06092165578778,2,L,HL
536,0.0005000000000023,0.0726437615160747,7.881552209081407,43.25161664407936,0.0301053128849465,0.0872891812722548,113.9995,34.00372391961439,2,L,HL
537,-0.0023000000000052,0.1126828086910829,13.606497947548077,50.85811580870935,0.02964392544168,0.1483841765252651,108.0023,35.20502466817907,2,L,HL
538,-0.0006999999999948,0.0900085404566384,10.391957521311904,51.11849241361288,0.0328308362854324,0.1255118775748017,102.0007,36.66041308973533,2,L,HL
539,-0.0023000000000052,0.0964790778549212,11.807860959512173,52.85593498511775,0.0303586201084592,0.1318738776128112,108.0023,38.58882136187962,2,L,HL
540,0.0019999999999953,0.1156252893780313,10.90001345953564,38.725872508616014,0.0366998852431806,0.1471625344090438,119.998,40.54748169801432,2,L,HL
541,-0.0023000000000052,0.1115076188978604,9.153731970240534,35.88859906460117,0.0467810738170197,0.1575338533767075,126.0023,43.69326915581694,2,L,HL
542,-0.0003000000000099,0.0884773371835455,6.3765532220665095,30.57963560068116,0.0449428086667874,0.1054269680253796,144.0003,45.06391915581695,2,L,HL
543,0.0004999999999881,0.1049014913280011,7.920827884236493,31.876653056533907,0.0482113610864708,0.1404835544396775,137.9995,46.36741915581696,2,L,HL
544,-0.0005999999999914,0.0994916773773835,8.426526671726656,37.70407010809838,0.0481461317156206,0.1492504047205915,132.0006,48.52194677732847,2,L,HL
545,-0.0003000000000099,0.0872343599921523,5.806075633002869,29.671410953524944,0.0633931647598597,0.135403733843083,144.0003,49.65199080312338,2,L,HL
546,-0.0003000000000099,0.0746897656642957,4.430856837035398,25.385997744276253,0.0662031834283268,0.1079125883327553,144.0003,53.76142133454715,2,L,HL
547,-0.0003000000000099,0.10775327579147,8.329214762706478,31.5844018267545,0.0658613288922291,0.2018087849307369,144.0003,54.93796364309458,2,L,HL
548,-0.0005999999999914,0.0819131440746978,4.161924537857317,24.110003183618275,0.0879955720269116,0.1347288300305511,150.0006,56.86299248568372,2,L,HL
549,-0.0005999999999914,0.0810489261898986,5.006435666311593,27.524018912181905,0.0740524562118637,0.1363872038857791,150.0006,57.99430383986255,2,L,HL
550,0.0012999999999863,0.0890649972464533,6.194245673374478,27.332892186718016,0.0647294097561555,0.1475012127603571,155.9987,61.53566432911661,2,L,HL
551,,,,,,,167.9975,64.9087389369515,2,L,HL
552,0.0005000000000023,0.0179633172282956,,,,,113.9995,66.68500006094406,2,L,HL
553,,,,,,,173.9969,68.11659676891992,2,L,HL
554,,,,,,,173.9969,70.16804863741217,2,L,HL
555,,,,,,,173.9969,71.89333664652229,2,L,HL
556,,,,,,,179.9983,74.63560087362671,2,L,HL
557,-0.0049000000000001,0.0064533351127167,1.156328391006556,17.194547001361258,0.0618511945183653,0.0263108451413953,6.0049,4.698499589337403,1,R,HL
558,-0.0040999999999993,0.0253601751713219,6.170801706592629,85.52590059289284,0.0112555493400121,0.0255513473065293,12.0041,5.511842093329415,1,R,HL
559,-0.0033999999999991,0.0152870824467606,2.1654841525304,24.010173752209457,0.0422793976158581,0.0336813367021526,36.0034,7.584712269272256,1,R,HL
560,-0.0043000000000006,0.0096347375058594,1.1212883321714529,18.29895152317592,0.0523578698162492,0.0215975650161311,60.0043,9.834711086000976,1,R,HL
561,-0.0022999999999981,0.0087464832276753,1.212681965589273,22.411696461778675,0.0417764532340716,0.0186373432264606,48.0023,13.24515891503744,1,R,HL
562,0.0019999999999953,0.0060085064348961,0.3554714282446189,5.674010180754353,0.1822948083408602,0.0238388070008322,119.998,15.602493501815148,1,R,HL
563,,,,,,,173.9969,19.656767095964536,1,R,HL
564,-0.0005999999999914,0.01678811782361,1.4189123662196597,32.86727792035251,0.0401537617559695,0.0209598094315633,150.0006,24.049396825407307,1,R,HL
565,-0.0056999999999991,0.1426584087985079,46.20138243789095,134.463905699955,0.0114535850595933,0.1946713023215726,12.0057,1.435347841151248,1,L,HL
566,-0.0054000000000016,0.1562786857876303,52.86867324785373,138.9924872725882,0.0113455607073799,0.2206631908333769,18.0054,3.0762187556104967,1,L,HL
567,-0.0054000000000016,0.0843557506091397,20.757459971495777,102.5836690419034,0.013983375392095,0.1067804493003417,36.0054,3.824141286994001,1,L,HL
568,-0.0033000000000029,0.1161731566732776,28.56071655599168,103.7018221574644,0.0151709224732933,0.1593993721020024,48.0033,5.417570581623382,1,L,HL
569,-0.0031999999999996,0.1110186850826905,32.688781889686204,119.289833571963,0.0135296890687476,0.1627016928021327,30.0032,8.627682060544293,1,L,HL
570,-0.0054000000000016,0.1363864578344369,40.0156052148843,120.55526940159008,0.0135876473711059,0.2000226493473863,36.0054,10.757772339838349,1,L,HL
571,-0.0065999999999988,0.1587199683160249,55.420585743184695,130.5518665397929,0.0114459224381049,0.2333605438735669,60.0066,13.848723354657212,1,L,HL
572,-0.0018000000000029,0.1347012641594667,27.85955330036929,85.49407407483697,0.0172910274121646,0.1772149946940664,66.0018,17.851531010346985,2,L,HL
573,-0.0019999999999953,0.1198464722579066,31.78157726882713,103.61992134427814,0.0155233480077558,0.1814957076982206,72.002,18.791498227860448,2,L,HL
574,-0.0014999999999929,0.0982792959654936,21.26944001806602,86.18378617501992,0.0189081378231014,0.1479484206057338,84.0015,22.216369220197635,2,L,HL
575,-0.0050999999999987,0.1345146571028037,29.431142043791485,84.95838211550597,0.0171431747975967,0.185611075079597,90.0051,23.62941520506103,2,L,HL
576,-0.0050999999999987,0.1293743182980933,30.855986068132264,90.75636137814487,0.017717276026541,0.2011138125990824,90.0051,25.374841842384274,2,L,HL
577,-0.0014999999999929,0.0720588028214597,9.732744944030566,56.23295330777009,0.0303818555279741,0.1087815279800422,114.0015,26.984787112053223,2,L,HL
578,-0.0019999999999953,0.0749561020565332,9.741488854481556,54.17326206768574,0.0297720267068153,0.1066938178754554,102.002,29.23549490595624,2,L,HL
579,-0.0019999999999953,0.1383646857374854,23.927461764560064,70.33511686532523,0.0232030967397709,0.2042434321002648,102.002,30.335306515525478,2,L,HL
580,-0.0013000000000005,0.1016806247220637,15.13789795687074,66.51740463061154,0.0285195862633533,0.1588233354271272,96.0013,32.54467497851032,2,L,HL
581,-0.0014999999999929,0.1146743525467531,15.039258297232657,55.82042349475431,0.032171874048834,0.1779952022122494,114.0015,37.12300392224558,2,L,HL
582,-0.0036000000000058,0.1060247519053552,9.696602969207882,39.81679108193052,0.0419427853919571,0.1496175021701317,126.0036,40.30216913547358,2,L,HL
583,-0.0036000000000058,0.0853409504515697,10.379823813547024,50.26452697720944,0.034244240270494,0.1307624459374028,126.0036,42.5102272825964,2,L,HL
584,-0.0016999999999995,0.1051064153837871,9.207467085874349,39.6349450848319,0.0508058299028678,0.1720914298523533,132.0017,45.67055020151636,2,L,HL
585,,,,,,,167.9988,48.59857350342974,2,L,HL
586,-0.0010000000000047,0.0636565328636822,4.744513513670536,33.6425834255768,0.0656328339349079,0.1145561377354277,144.001,50.583295331848014,2,L,HL
587,-0.0019000000000062,0.0747814758735531,4.805044911135814,28.541822647357893,0.0710784591746945,0.1256437743036938,150.0019,52.43425724489306,2,L,HL
588,-0.0002000000000066,0.0253706225199422,1.0415675950617027,17.281846247933753,0.0915294601537002,0.0350714626759761,156.0002,56.42341947356799,2,L,HL
589,,,,,,,173.998,57.59973494211783,2,L,HL
590,,,,,,,180.0003,59.30546538362912,2,L,HL
591,,,,,,,173.998,60.74925926209589,2,L,HL
592,,,,,,,180.0003,61.89274457174201,2,L,HL
593,,,,,,,173.998,64.41804046474795,2,L,HL
594,,,,,,,180.0003,68.4847997657277,2,L,HL
595,0.0,0.052050893177228,10.657737733123376,44.72582447284255,0.0130900221817461,0.0513228694218598,0.0,1.35739122218291,0,R,HL
596,-0.0002999999999993,0.1292140297168571,32.54236960243771,100.72944340634866,0.014875414846757,0.1780835389710775,24.0003,1.9235953590171644,1,L,HL
597,-0.0041000000000011,0.1174580015883296,25.814804892661755,88.33362691122899,0.0139317577444452,0.1323062252851685,36.0041,3.840617427128772,1,L,HL
598,0.0031000000000034,0.0893209319187506,12.856263324475382,55.22879822097124,0.0309758268511925,0.146501875752169,47.9969,5.62896390736169,1,L,HL
599,0.0031000000000034,0.1190487958054087,17.539903782922472,49.27474606544552,0.0197198565763504,0.1272437549855875,47.9969,7.1793406714540895,1,L,HL
600,0.0016999999999995,0.2309339849599977,59.61442131389428,109.34439805974615,0.0148746884325816,0.32621560202075,41.9983,8.546828617726376,1,L,HL
601,-0.0006000000000057,0.170556799953335,49.7189640091815,112.08673677365618,0.013405127524844,0.2451876203447353,66.0006,9.838345011427982,1,L,HL
602,0.0016999999999995,0.1342974633630663,32.879440204071585,97.02401353810949,0.0150137251289809,0.181601065956629,71.9983,10.142231221710713,1,L,HL
603,,,,,,,173.9947,12.124932523702878,1,L,HL
604,,,,,,,0.0,0.8459273373050403,0,R,HL
605,0.0,0.020538144170138,3.981976618554635,52.02706095002741,0.0228348784225572,0.0334505241561748,0.0,0.8962801550017689,0,R,HL
606,0.0,0.00443278246862,0.7841263837432323,2.733512131199812,0.4846912977369434,0.1398159788095754,0.0,1.9048346011640525,0,R,HL
607,0.0,0.0545777486064393,9.959110486279384,47.34345599708099,0.029289180279227,0.1073082928339091,0.0,4.165001097220301,0,R,HL
608,0.0,0.0050986359581683,0.901451950548694,12.077884457682687,0.0511053248744589,0.0169478360592291,0.0,5.722111029358521,0,R,HL
609,0.0031000000000034,0.0307990120447962,4.158526120748914,31.610200540090315,0.0381578922588792,0.0583753273887814,47.9969,8.421885733139128,1,R,HL
610,0.0016999999999995,0.0055865146685253,0.6390699119372616,7.413015975750613,0.2495915833191243,0.0586791514779968,71.9983,12.79455023977843,1,R,HL
611,0.0001999999999995,0.0177354314305359,2.299250321211114,30.697447583141106,0.0529409568139214,0.0447799454365761,53.9998,13.843793967422297,1,R,HL
612,-0.0006000000000057,0.0211904906132495,2.385885769927516,25.627195031831626,0.0504383735670634,0.0442706846994463,66.0006,16.361025291247095,1,R,HL
613,-0.0014000000000038,0.0109896772972932,0.8338528490609032,9.0437353600444,0.1045894308523184,0.0320835735223611,90.0014,18.30080551183434,1,R,HL
614,0.0019999999999988,0.0958596859972865,27.920395743496737,122.97723214957374,0.0132728213899469,0.1363296557260012,23.998,4.4784741410536,1,L,HL
615,0.0041999999999973,0.0859078903173526,10.731527342488135,42.04732977569796,0.028937352268933,0.11424201267214,71.9958,4.726815764628868,1,L,HL
616,0.0019999999999988,0.1393212371092233,39.45769632652844,119.59858531680324,0.01285983401464,0.1866691746406868,23.998,7.412268322911436,1,L,HL
617,0.0065000000000026,0.1289023161673072,34.29715224487462,110.55043680696396,0.0147264296509025,0.1858065615097605,47.9935,12.426624124745585,1,L,HL
618,0.0041999999999973,0.1162887797873361,25.313152808666267,87.03421203901466,0.0151667621592626,0.1412357483064036,71.9958,13.948590370480083,1,L,HL
619,0.0066000000000059,0.0878626466405821,20.35832014000105,89.31668960866851,0.0167327301088928,0.1253182333070243,83.9934,14.438390370480082,1,L,HL
620,-0.0005000000000023,0.1359196236990608,43.69139531000061,122.95749649015016,0.0133161667060112,0.2140329591564171,54.0005,16.694195744087992,1,L,HL
621,0.005200000000002,0.173859737557595,11.53679679364599,26.54762276622825,0.049286721294413,0.2091802557945383,143.9948,17.64478398398155,2,L,HL
622,0.000399999999999,0.1296939430409069,23.566956050667997,76.95655393970783,0.0197451153864599,0.1711861741693866,65.9996,18.51773398398155,2,L,HL
623,0.0041999999999973,0.1035972171028365,16.306433205494876,67.44996403948478,0.0244697686371498,0.1467892856649793,71.9958,20.70420011661925,2,L,HL
624,0.0049000000000063,0.0424270348767619,88.46600820283696,202.6275700517332,0.0092850932629844,0.302181741483713,113.9951,23.222475822380154,2,L,HL
625,0.0018000000000029,0.0909944528256417,18.78880877044533,81.68592626171026,0.0196687894994269,0.1359509969797247,89.9982,24.64901896494543,2,L,HL
626,0.0083000000000055,0.0841475215368155,12.508655613784027,61.737944888599614,0.02493794360811,0.1147563674391518,101.9917,26.462168367320395,2,L,HL
627,0.0083000000000055,0.0869797944116976,13.23690767429765,64.16323496911394,0.0252252276652354,0.1228364204815162,101.9917,27.966995516771163,2,L,HL
628,0.0083000000000055,0.1065658608387462,15.75984070039748,63.16240063759108,0.0256469905066118,0.148694105444519,101.9917,28.937519612302133,2,L,HL
629,0.0049000000000063,0.0988148654319031,9.554083149061066,42.36653510838712,0.038633340700083,0.1357865639648702,113.9951,30.42379649570361,2,L,HL
630,0.0049000000000063,0.0954410946042335,11.820405831856496,52.1499607339818,0.0294825755117941,0.1282045164961127,113.9951,32.06310319420574,2,L,HL
631,0.0093999999999994,0.1246432647850732,14.127233112329565,47.31073552231804,0.0317227499036006,0.1648668942860677,119.9906,34.26123504415637,2,L,HL
632,-0.0027000000000043,0.0312223845235351,2.500512920302966,27.71096774347869,0.054096767052775,0.0497629287536995,162.0027,35.31282951636197,2,L,HL
633,0.0093999999999994,0.0885156842764439,11.557777845163676,53.646284078210805,0.0312179528808575,0.1327346415666828,119.9906,36.23828586482159,2,L,HL
634,0.0093999999999994,0.1062436649396634,13.385695944381917,53.02462574309701,0.0327122624768415,0.161085725028019,119.9906,39.19487388458523,2,L,HL
635,0.0004000000000132,0.0960191676175551,9.544349073067664,42.3231785230458,0.041928600122389,0.1472184346462726,131.9996,41.50012073569765,2,L,HL
636,0.005200000000002,0.104945265520496,7.736199941639162,31.84740778752885,0.0571579143156323,0.1626707903365117,143.9948,43.85735647855259,2,L,HL
637,0.005200000000002,0.076888577866567,6.232710835631291,34.40115176781908,0.0542295511056586,0.1243421882341263,143.9948,47.914588089728525,2,L,HL
638,-0.0027000000000043,0.0418960767853028,6.136793687063894,36.282557647101,0.0481772842021581,0.1087650480006662,162.0027,48.95125654058444,2,L,HL
639,0.0038999999999873,0.0591995961628885,2.8024655079052225,23.818900385822683,0.1035131395980323,0.1067188840764582,149.9961,50.38231570373189,2,L,HL
640,0.0031999999999925,0.0632383986922005,4.268771525318076,26.835496667842065,0.0668859814205052,0.1050372959645116,155.9968,52.86371826958222,2,L,HL
641,-0.0027000000000043,0.0561192601582004,3.6962975421784914,24.07236170847028,0.0679940751482557,0.0924577908817021,162.0027,55.45641447956609,2,L,HL
642,-0.0027000000000043,0.0404528511095681,3.275542791382321,26.40233150107085,0.0807718587024652,0.097330481611391,162.0027,57.6583402305913,2,L,HL
643,,,,,,,173.9926,59.18572345774363,2,L,HL
644,,,,,,,173.9926,62.537303102494434,2,L,HL
645,,,,,,,173.9926,65.05940945213176,2,L,HL
646,,,,,,,185.9963,67.06916945213176,2,L,HL
647,0.0,0.007841537514016,1.3164060035223482,3.9799950496047503,0.055323008451774,0.026791754885886,0.0,0.3726422547162347,0,R,HL
648,0.0083000000000055,0.0298548801127532,2.5609241970059027,13.415979032193643,0.073786303398679,0.0695149148270676,101.9917,2.429660462051719,1,R,HL
649,-0.0009000000000014,0.0541834862481717,7.025202948815567,31.66991213802897,0.045059455137551,0.1164529055781514,60.0009,3.837854287566533,1,R,HL
650,-0.0009000000000014,0.0191858587462914,2.459420552155568,20.79621378166533,0.0546142556009165,0.0494133541486812,60.0009,4.53292489615056,1,R,HL
651,0.0018000000000029,0.0143227411649966,1.328790470115659,8.349902947723999,0.1060651789355099,0.0518483394565874,89.9982,6.121188712037709,1,R,HL
652,0.000399999999999,0.0043325830631387,0.5124381516524569,5.351398162643888,0.1294198416881938,0.0243976411009035,65.9996,7.433783444158151,1,R,HL
653,-0.0017999999999993,0.0392615928644545,9.16871228309073,102.42314384808888,0.0174083416084518,0.0587180011515339,18.0018,4.705538417143331,1,L,HH
654,,,,,,,119.9969,6.600039127886578,1,L,HH
655,-0.0022000000000019,0.0405497297211001,6.435709078631429,62.01146833124679,0.0244473017292571,0.0578805773705271,48.0022,11.598614967471562,1,L,HH
656,0.0,0.0993411176660565,19.25988731943276,78.60127612290567,0.0172484948427116,0.1222110465597915,54.0,13.067372633528151,1,L,HH
657,0.0006999999999948,0.054042797058658,8.651556480418028,66.95993182869229,0.0220950851398357,0.0703226850967465,65.9993,17.80555910289258,2,L,HH
658,-0.0006000000000057,0.0252879880749121,3.2998128814048835,54.95598044985828,0.0299447104164923,0.0363508816958451,108.0006,20.068146271394472,2,L,HH
659,0.0006000000000057,0.0564095742529419,5.114663041765308,29.73444274488829,0.0494481638496565,0.0930406455567431,95.9994,24.346782140178888,2,L,HH
660,0.0,0.0540597478906152,7.246818413098245,52.43192008249213,0.0227537956427643,0.0606606068235884,102.0,26.153020942990644,2,L,HH
661,-0.0006000000000057,0.0709429767389016,9.517508300717848,55.02229458746348,0.0263821933627534,0.0923718584630682,108.0006,28.37698344134972,2,L,HH
662,0.0031000000000034,0.0253301535827859,2.085408387925284,36.540792985974,0.0513648268907753,0.0394060099732469,119.9969,30.64026318196293,2,L,HH
663,0.0031000000000034,0.0397441278701466,3.3598121982848466,34.5527015103372,0.0420888105136752,0.0520220153387513,119.9969,33.66123626270634,2,L,HH
664,0.0018000000000029,0.0302582776870029,3.1518840974959783,41.35071949566084,0.0413916184047531,0.0479941345498822,137.9982,35.53836121799712,2,L,HH
665,0.0018000000000029,0.0423480270767729,4.192520448507703,40.42847079039809,0.0450003598027322,0.069405948525253,137.9982,37.86280382689076,2,L,HH
666,0.0018000000000029,0.0581853208773122,5.042550447775081,38.69305236955525,0.0590879033408278,0.1096110529563035,137.9982,38.76452669831823,2,L,HH
667,0.0016999999999995,0.0554558699384146,3.4773707709286548,27.226675900399197,0.0588509883229239,0.0752853160742389,143.9983,40.88892187661679,2,L,HH
668,0.0018000000000029,0.062362100351749,5.740030575911679,39.400336741012985,0.0498114815161266,0.1051838790005487,137.9982,44.13668378077405,2,L,HH
669,0.0036000000000058,0.0397739319151897,1.9184870022375875,21.404595553874657,0.08978175502413,0.0633654421879853,155.9964,46.700769384420354,2,L,HH
670,0.0036000000000058,0.0287194344826848,92.05278993295664,110.51559662401836,0.019134537071823,0.6479782571093451,155.9964,51.22669686576658,2,L,HH
671,,,,,,,173.997,53.458441539541525,2,L,HH
672,,,,,,,179.9974,58.767434808085525,2,L,HH
673,-0.0022000000000019,0.0562879229517555,9.64782863779818,73.926543335535,0.023706691815229,0.0841406868882611,48.0022,2.524279610806345,1,R,HH
674,-0.0022000000000019,0.0465778095712354,7.754701737690103,72.26077917011567,0.0241952123133494,0.0690239889792718,48.0022,6.782422963517758,1,R,HH
675,0.0006999999999948,0.0478238992762529,8.412945134778166,76.32157758455469,0.0211607982384355,0.0654916030870088,65.9993,10.092042546466065,1,R,HH
676,0.0011999999999972,0.0605930039488503,11.654483621024806,80.78025901303432,0.0198252613882255,0.0849997162592191,71.9988,11.333193939632825,2,R,HH
677,0.0010999999999938,0.0679128281037639,9.360009921726784,57.1718777860518,0.0271773350877993,0.0935812186229782,89.9989,14.955365401922982,2,R,HH
678,0.0006000000000057,0.0407157072541218,4.640399915374674,47.344272853619415,0.0313549386620359,0.0535262580908953,95.9994,18.25618273337985,2,R,HH
679,-0.0006000000000057,0.0813818212178168,10.1651107634263,53.75053710032669,0.0301282494072929,0.1126656511944084,108.0006,20.719464531030987,2,R,HH
680,0.0031000000000034,0.1009830645104495,9.381446941813786,40.22193308684956,0.040283333315334,0.1390275100177676,119.9969,24.82625602380683,2,R,HH
681,0.0018000000000029,0.0486449015773235,4.098784798729282,35.04869288187222,0.0439908385117172,0.0663319668650384,137.9982,28.480530433651147,2,R,HH
682,0.0016999999999995,0.0914862436641049,5.781502003799012,27.04749444860232,0.0615032723191688,0.1308110470484382,143.9983,34.502429352032124,2,R,HH
683,0.0010000000000047,0.040307002963344,1.7702252087510135,19.89120013828571,0.1232353680954669,0.0802545022846194,161.999,36.64084377614024,2,R,HH
684,0.0036000000000058,0.0313007203957481,1.8821874975253696,26.009127722716144,0.093519823443078,0.0647548170364386,155.9964,38.77700377614023,2,R,HH
685,0.0015999999999962,0.0430458342177669,7.819059545561569,48.33274085518882,0.0387076293037527,0.111341383084306,149.9984,41.00525614894623,2,R,HH
686,,,,,,,167.9969,42.72764611799114,2,R,HH
687,,,,,,,167.9969,46.16949556503143,2,R,HH
688,,,,,,,179.9974,51.191734451145045,2,R,HH
689,-0.0030000000000001,0.0511513553905225,17.512798046570744,128.88501246428334,0.0102102541975076,0.0657805669349846,12.003,1.6828652241760544,1,L,HH
690,-0.002600000000001,0.054233408342582,13.585902534116576,104.0561086190712,0.0137227043114665,0.068585722542895,24.0026,3.226413384729721,1,L,HH
691,-0.0026999999999972,0.0383041969354361,15.994487246158672,148.64617507443276,0.0103922212253288,0.0611482768664974,36.0027,7.250335574775811,1,L,HH
692,-0.0022000000000019,0.0623972448243723,19.50019132350478,120.296431348023,0.012348857561079,0.0885872401259652,48.0022,10.249386526673335,1,L,HH
693,-0.0005000000000023,0.0797615865096232,11.559811408895458,57.8389475129045,0.0249338143464535,0.1060339617959364,66.0005,16.066711411600046,1,L,HH
694,0.0019999999999953,0.0561489605364248,9.820765122371402,65.4259116305252,0.0207849776211029,0.0750931640544105,119.998,21.750164472541066,2,L,HH
695,0.0001000000000033,0.085726879652714,20.74627734025835,90.85662275851,0.0174029360072074,0.1328214510947033,89.9999,23.68658761658957,2,L,HH
696,0.0011999999999972,0.1069354084420681,11.131712590238273,41.05125175060631,0.0318754273041469,0.1305339614626877,113.9988,28.448208123472693,2,L,HH
697,-0.000399999999999,0.0586170312951344,5.246406289843693,36.06938596289439,0.0375531607026229,0.072479290576518,126.0004,30.9120921201542,2,L,HH
698,-0.0012000000000114,0.0421061180389504,1.0369459773095746,7.420048005374884,0.152444860899836,0.0581533097917276,162.0012,31.724771594498712,2,L,HH
699,0.0007999999999981,0.0803031846639972,6.51726796410573,32.64032938282879,0.0422881294371423,0.1013887038338771,137.9992,36.40883486621297,2,L,HH
700,0.0007999999999981,0.0843704534678977,7.336247491416959,34.66590041366445,0.0393139116006855,0.1061025322461934,137.9992,38.03268520754426,2,L,HH
701,0.0004000000000132,0.0665683724872435,3.76591027768368,24.032186450853796,0.0635849291826954,0.0880906224689165,149.9996,41.14965667096679,2,L,HH
702,0.002299999999991,0.0506788883815676,1.8377830423285568,14.93810538826768,0.1041350768883062,0.0704039133887007,155.9977,42.71229014298096,2,L,HH
703,-0.0012000000000114,0.0532838886266627,1.708691810525041,12.080272157908926,0.1015499014809748,0.0638335154226929,162.0012,45.08399987777291,2,L,HH
704,,,,,,,179.9984,46.701084380085696,2,L,HH
705,,,,,,,185.9997,49.59427256752778,2,L,HH
706,,,,,,,173.9971,52.52725066529434,2,L,HH
707,-0.002600000000001,0.068588819885395,15.231151936630484,95.86813715662772,0.0174752255626263,0.097917667286963,24.0026,0.8996293014347633,1,R,HH
708,-0.0022000000000019,0.0908295377626447,15.90271669889366,75.11180942547091,0.02015121507043,0.1178903015310922,48.0022,5.556794574330238,1,R,HH
709,-0.0022000000000019,0.1021895017336112,28.07906487416046,111.01383774924332,0.0144062793733153,0.1488126981108188,54.0022,9.357541691739184,1,R,HH
710,-0.0010000000000047,0.0922031974851776,13.34229066115432,57.75599432213527,0.0251215770656787,0.1233056041385092,72.001,10.289775165714454,2,R,HH
711,-0.0010000000000047,0.0825948799693457,18.20706711268612,91.89684719667086,0.0188252980230778,0.1260919529881116,72.001,12.537243979000111,2,R,HH
712,0.0001000000000033,0.0739192577991521,14.748624846910102,80.46130640809747,0.0200756676457532,0.1089248684807318,89.9999,14.89957018890517,2,R,HH
713,0.0,0.0866512880778862,15.652848320414083,71.98207513540117,0.0220569051911658,0.1270116246816069,102.0,20.089586505169663,2,R,HH
714,-0.0016999999999995,0.0691616633958081,8.841876246612632,56.25343495900039,0.0313024516061404,0.1018188770639623,108.0017,21.16448918454462,2,R,HH
715,0.0,0.1086601339882452,14.700097648025762,57.67925458686776,0.0273118667856607,0.147698853185757,102.0,22.75874358494468,2,R,HH
716,0.0011999999999972,0.0697350834946091,8.097038822314229,51.5601900459567,0.0353295153818112,0.1052372328082843,113.9988,27.60940349863704,2,R,HH
717,0.0007999999999981,0.0493807928635002,4.536317242195223,38.106877345451664,0.0428006372016029,0.0714264674405151,137.9992,30.94562775802161,2,R,HH
718,0.0007999999999981,0.0827715194044489,7.112518578435321,35.16939103115614,0.0415803309168498,0.108796988247254,137.9992,33.229291274797205,2,R,HH
719,-0.0004000000000132,0.0833922675739587,7.061484801310563,37.19704231913187,0.0464070145325438,0.1205549860080278,132.0004,34.85422638575525,2,R,HH
720,0.0007999999999981,0.0919073002277645,7.795574683241027,36.68360570646293,0.0498892645645974,0.1430740123167288,137.9992,37.952262487222654,2,R,HH
721,-0.0003000000000099,0.067298219629115,4.090908784854299,29.515899252535743,0.0784552020061045,0.1180720379116228,144.0003,41.00231207093167,2,R,HH
722,0.002299999999991,0.0609931275491062,4.970410193679316,29.952662264696183,0.0541549729686947,0.0990230030101838,155.9977,43.53082289693428,2,R,HH
723,,,,,,,173.9971,45.8529800196543,2,R,HH
724,-0.0012000000000114,0.0559775242055259,2.912617339607735,21.193527114193262,0.0937206752454667,0.1004209574378224,162.0012,48.299982262276586,2,R,HH
725,,,,,,,167.9968,51.14211544965154,2,R,HH
726,,,,,,,173.9971,53.437328541283776,2,R,HH
727,,,,,,,179.9984,56.30266078298084,2,R,HH
728,-0.0022999999999981,0.0159109266737907,1.6174008407115406,22.132579348308223,0.0350027487862246,0.0208269336613076,54.0023,1.4227391664762057,1,L,HH
729,-0.0022999999999981,0.0254176807328142,3686.76615446158,1436.0085415084036,0.0014996261851857,2.0339212093477137,54.0023,2.3702724650963702,1,L,HH
730,-0.0031000000000034,0.0542099289683674,18.213364052100605,126.61982938217923,0.0095452301253462,0.0639561172112025,60.0031,4.471758395357064,1,L,HH
731,-0.0023999999999944,0.0594123006555426,25.994199111646743,118.55633925232286,0.0136989406744447,0.1309992907218224,108.0024,10.435615322080512,2,L,HH
732,,,,,,,167.9975,16.779451294171956,2,L,HH
733,,,,,,,173.9969,18.2415091711813,2,L,HH
734,0.0005000000000023,0.0661993456915898,8.030331800773592,51.90080913588449,0.0323156267648123,0.095466629896324,113.9995,20.20726328093384,2,L,HH
735,0.0006999999999948,0.0527061148653509,4.528042061187536,36.60641467815592,0.0446925334243089,0.0744476415387072,137.9993,25.4776517035975,2,L,HH
736,-0.001100000000008,0.0465511964281143,4.582101394671191,30.821840457321148,0.0506956211496089,0.0854556263965567,162.0011,30.177334856536618,2,L,HH
737,0.0023999999999944,0.0257219495304986,0.923055184470566,18.104382528229014,0.1468039274610574,0.0498506537934617,155.9976,32.75207762371399,2,L,HH
738,,,,,,,173.9969,36.32457506347637,2,L,HH
739,,,,,,,167.9975,40.42608111467857,2,L,HH
740,,,,,,,179.9981,43.25634422109354,2,L,HH
741,,,,,,,186.0014,46.959792396103055,2,L,HH
742,-0.0013000000000005,0.0304756768574518,3.876330408869432,48.510453663061966,0.0286008024794731,0.0407853811214632,126.0013,6.40844848051164,2,R,HH
743,0.0006999999999948,0.036020456236347,2.0539610631613687,22.78062798309718,0.0646535824075841,0.0488528965130715,137.9993,9.76508024214051,2,R,HH
744,0.0,0.0478161262075753,3.760893171011752,31.07028084267008,0.041304039355901,0.0571464216559431,144.0,16.890612902110757,2,R,HH
745,0.0023999999999944,0.0551604246118591,4.909949473570749,31.93322842711489,0.0429396254281608,0.0775605344004528,155.9976,19.436254419510856,2,R,HH
746,-0.001100000000008,0.0432275185744868,7.780426947561948,44.439493029404304,0.0345034741103042,0.0987578833591726,162.0011,24.294206561549466,2,R,HH
747,-0.001100000000008,0.0891809401516609,3.2617611535796223,15.762724947393217,0.1052036401541473,0.1262375163154048,162.0011,27.524139991672527,2,R,HH
748,0.0,0.0299218745588317,5.5861532678967984,26.65793181227313,0.0226234202113348,0.0464918285592897,0.0,4.276791451619303,0,L,HH
749,-0.0063999999999992,0.0320326215634029,5.287372090535497,44.685311417043934,0.0275662768336399,0.0536195920688578,18.0064,9.15848624494583,1,L,HH
750,-0.0067999999999983,0.0211952952416571,2.4307445527264737,33.18429773779859,0.0481707811024271,0.0430753215282616,60.0068,9.94922691773306,1,L,HH
751,-0.0063999999999992,0.0428801562140856,7.048536764159926,42.99486982703846,0.0321122182049997,0.0832673596339264,18.0064,11.542703646139838,1,L,HH
752,-0.0077999999999995,0.0647009335827001,8.677920043917423,42.6949729925395,0.0437478132238702,0.1396617603363784,24.0078,13.816924168771378,1,L,HH
753,-0.0077999999999995,0.0389588283686617,5.941979482213857,44.02794973854747,0.0351667449161237,0.0768721162611429,24.0078,14.809566634919182,1,L,HH
754,-0.0077999999999995,0.0549795281519888,9.617291677573478,63.63783745992218,0.0225034245860574,0.079617203677177,24.0078,15.80220910106699,1,L,HH
755,-0.0046999999999997,0.0597608638786196,9.03439767256707,55.77377326301834,0.0240154357821469,0.079816961900123,54.0047,18.697815307893904,1,L,HH
756,-0.0033999999999991,0.0523642671644583,7.131035600222425,43.642624016632,0.0369208948151101,0.096856850000675,48.0034,19.9450279173555,1,L,HH
757,-0.0046999999999997,0.0716363292505278,12.010404576832302,68.62551041957964,0.0197038087811742,0.0870589328482536,54.0047,24.099779435084884,1,L,HH
758,-0.0035000000000025,0.0284332301906744,2.938469920589092,35.35643470868711,0.0374975956202247,0.0405350010697405,78.0035,26.750480280656745,2,L,HH
759,-0.005200000000002,0.0357615817074874,3.952144277513531,39.6781274051862,0.0317935046466797,0.0462249779018336,90.0052,28.458610680042305,2,L,HH
760,-0.0035000000000025,0.0729108958230034,10.229119153110943,56.105692742738114,0.0256689508699204,0.0965943833471507,78.0035,30.11195642289725,2,L,HH
761,-0.0013000000000005,0.0415258932987263,5.163606055442199,52.44199517445624,0.02826120568297,0.0536845485522769,96.0013,32.430181828381585,2,L,HH
762,-0.0015999999999962,0.0556692005715999,7.870460242007788,62.52115306044679,0.027223182904265,0.078821473353403,84.0016,33.417722453968494,2,L,HH
763,-0.0013000000000005,0.0405258510817182,4.333641268822578,39.99229410824172,0.0368094530092859,0.058683747569418,96.0013,36.0263644854876,2,L,HH
764,-0.0019000000000062,0.0292272842044396,2.829670694767555,39.6721292365321,0.0485010576536285,0.0504885181774933,102.0019,38.65904299333792,2,L,HH
765,-0.0035000000000025,0.0421045536237712,4.661407086534816,46.82732760856537,0.0338298573947523,0.0580126517218988,108.0035,39.849420167886585,2,L,HH
766,-0.0035000000000025,0.0526946890843629,5.491019558894664,45.47310072299062,0.036856505127412,0.0744513642435108,108.0035,44.08409814763935,2,L,HH
767,-0.0021000000000128,0.0372421665749321,3.055236731832747,35.692228064273024,0.0522879468670028,0.0587694970505494,138.0021,45.230933550298815,2,L,HH
768,0.000399999999999,0.102416316952565,9.720951376088072,40.69091962617269,0.0380530843431548,0.1360830870210704,119.9996,47.76210403427612,2,L,HH
769,-0.0020000000000095,0.0362483563578656,1.8387002965758024,22.283857562790143,0.076087025973097,0.0514667889685347,150.002,50.60358735478646,2,L,HH
770,-0.0021000000000128,0.0773680802202806,6.949043869393671,36.77674604505043,0.0421751846515988,0.107817079625581,138.0021,51.79016735478646,2,L,HH
771,-0.0018000000000029,0.0743822736738228,6.159390465578305,35.805895642370224,0.0448812312175733,0.1016969707668784,132.0018,53.71985357612136,2,L,HH
772,-0.0010000000000047,0.0620500693351526,3.821349166702639,27.92124252909987,0.0668873528611377,0.0940299594555837,144.001,56.91634018255294,2,L,HH
773,-0.0020000000000095,0.0563892869468933,2.973982797886616,24.891915946627407,0.0833186882736668,0.0911562381332734,150.002,59.28252092529069,2,L,HH
774,-0.0047999999999888,0.0654264790765015,7.680308011923774,32.98166304946603,0.0518013224324088,0.1463608767643535,162.0048,61.568057724395125,2,L,HH
775,-0.0020000000000095,0.0337993655975896,2.11938941170016,27.661043795211445,0.0679121323321476,0.0529497172382331,150.002,63.68358346908707,2,L,HH
776,-0.0047999999999888,0.0433258306313877,2.8640196889323954,24.120179684036103,0.0687870931322921,0.0724750417755586,162.0048,64.77255223540338,2,L,HH
777,,,,,,,180.0003,65.69615581608187,2,L,HH
778,-0.0047999999999888,0.0186204785887029,195.1852260868292,140.06035336363294,0.0155663835099233,1.1177384379091624,162.0048,67.16193757627543,2,L,HH
779,,,,,,,167.9987,69.9849431044979,2,L,HH
780,,,,,,,173.998,73.90862023090497,2,L,HH
781,-0.0063999999999992,0.0563071776032887,365.1833951422955,459.316597449152,0.0044102266036056,0.5924851159986531,18.0064,4.1761953991487015,1,R,HH
782,-0.0077999999999995,0.0858748151724403,19.12101387120564,90.28037027929476,0.0153670378392221,0.1080952462716784,24.0078,6.201675601029033,1,R,HH
783,-0.0054999999999978,0.0659211845602656,11.588882982508077,73.2389649585052,0.019415230770636,0.082773182354988,36.0055,9.267146542256349,1,R,HH
784,-0.0033999999999991,0.1121427347081826,22.334810026277225,86.81464206311959,0.0186282122464506,0.1530590306338847,48.0034,12.625059163029356,1,R,HH
785,-0.0046999999999997,0.1066269273535409,21.67380077960808,87.82505542640988,0.018430634100194,0.1469538174987199,54.0047,14.111696556345503,1,R,HH
786,-0.0014000000000038,0.0378167654095679,261.5463881540056,342.4205465115393,0.0056441017243123,0.5430615784252647,114.0014,15.28178496881697,1,R,HH
787,-0.0030000000000001,0.1099277194843049,26.60855688822226,99.34043635257504,0.0154054976011096,0.1508004265852279,72.003,18.627204104493718,2,R,HH
788,-0.0015999999999962,0.0996007259028199,19.106895820537584,77.19271702582219,0.0195198461951014,0.1372056656443704,84.0016,20.97147565717435,2,R,HH
789,-0.0015999999999962,0.0963881830178087,20.632423489674373,86.66133569700276,0.0188118797251037,0.1427867651770267,84.0016,22.03577439761932,2,R,HH
790,-0.0035000000000025,0.0866531639483046,10.52962131821405,52.70111649590244,0.0321758111107547,0.12463722600636,78.0035,23.48951298344764,2,R,HH
791,-0.0013000000000005,0.115572831784835,16.33324159993336,60.01577323935084,0.0258112036489814,0.1550908448013587,96.0013,26.2074815350074,2,R,HH
792,-0.0013000000000005,0.0809117373964981,11.01232780796018,59.922914638381904,0.0281903738311827,0.1142050961779453,96.0013,27.485947192553915,2,R,HH
793,-0.0019000000000062,0.0726867712031296,28.26466115986505,98.64951917361984,0.0192844782707619,0.2005197688706391,102.0019,29.361661296656727,2,R,HH
794,-0.0019000000000062,0.0711004897075645,8.244663979105784,46.74885646880156,0.0350901873842283,0.1064300253630521,102.0019,30.41692545582488,2,R,HH
795,-0.0014000000000038,0.0962459417780955,13.806771538887627,58.056045870031824,0.0255251666384891,0.12964812573148,114.0014,33.02849481041848,2,R,HH
796,0.000399999999999,0.1064343648594108,11.121036942023997,39.41748670270316,0.0315736315385636,0.1291740683611425,119.9996,34.40397138474028,2,R,HH
797,0.000399999999999,0.1130105724678498,12.051358836809904,46.72067661266548,0.0367372508714649,0.1628726603307764,119.9996,36.51011138474028,2,R,HH
798,-0.0018000000000029,0.0630483504261543,5.4384545678987175,35.92612915913467,0.0399181573114905,0.079864082781969,132.0018,38.419139251398704,2,R,HH
799,-0.0037999999999982,0.0715740627258081,5.554467859387206,27.400412372690845,0.0466543863140013,0.0953323848055364,126.0038,41.2514678517645,2,R,HH
800,-0.0037999999999982,0.0979339405685674,10.246035512436617,45.10217335414792,0.0384303139384728,0.1448556059365251,126.0038,42.62766457884207,2,R,HH
801,-0.0018000000000029,0.1016889895112084,9.955421358664806,41.48324411510865,0.0412015316129279,0.1508962770286298,132.0018,46.26680759200052,2,R,HH
802,-0.0047999999999888,0.0858673003927623,2.423308035181756,9.923053306885317,0.1195695193790325,0.1065944575873089,162.0048,50.2233483856413,2,R,HH
803,-0.0003000000000099,0.0596588649621222,2.5624022609538537,16.214715594125035,0.0703474601302024,0.0663133928950177,156.0003,52.360156976760095,2,R,HH
804,-0.0020000000000095,0.0803558796269521,6.199047288557996,30.06089542669024,0.0511177262379104,0.1165740795949786,150.002,53.36667774415638,2,R,HH
805,-0.0003000000000099,0.1002782582586246,4.414874437372947,18.09422011507659,0.0779323159191777,0.1265731116599835,156.0003,56.372778064643725,2,R,HH
806,-0.0047999999999888,0.1008368239086018,5.562074132167,21.428246530754304,0.0712552374821569,0.1458005233422002,162.0048,59.12576681317816,2,R,HH
807,,,,,,,167.9987,60.70123910942981,2,R,HH
808,,,,,,,173.998,62.39654647879663,2,R,HH
809,,,,,,,173.998,64.649438549653,2,R,HH
810,,,,,,,173.998,65.56819892867993,2,R,HH
811,,,,,,,180.0003,68.31683658417684,2,R,HH
812,,,,,,,180.0003,71.04480476482185,2,R,HH
813,0.0003000000000099,0.0367128768781705,1.91844005321421,21.80948544929597,0.0802435982876024,0.0566322930011401,143.9997,4.75949186289889,2,L,HH
814,0.0003000000000099,0.0269482178514513,1.9670518229912837,31.59853730039093,0.05815868289317,0.042085828632653,143.9997,7.570935884815706,2,L,HH
815,-0.0020999999999986,0.0754348006154365,8.987782865847429,51.18309134886184,0.0310607180148871,0.1026997959712577,114.0021,9.6639707099231,2,L,HH
816,0.0007999999999981,0.0339513618644127,1.229761663699,15.462881661466763,0.1160182446788913,0.052487121865738,155.9992,14.040833741990934,2,L,HH
817,-0.0014999999999929,0.0797099191653869,6.080278594421135,32.13294134470555,0.0479649098010223,0.1072883655010205,132.0015,16.985148356641957,2,L,HH
818,-0.0019000000000062,0.0451097662695058,2.1519205909940182,22.7867670733943,0.0952012025488143,0.0753657791871864,150.0019,20.028505998702045,2,L,HH
819,-0.0019000000000062,0.0570682100211057,2.886725959015508,23.27762070994773,0.0844042879433009,0.0896345796477877,150.0019,22.9912148378482,2,L,HH
820,,,,,,,167.9984,25.024374796634262,2,L,HH
821,-0.0056999999999902,0.0215186756604697,,,,,162.0057,28.71445539370718,2,L,HH
822,,,,,,,180.0019,31.119079650417504,2,L,HH
823,,,,,,,186.0036,33.42645869081119,2,L,HH
824,,,,,,,186.0036,36.29666800396458,2,L,HH
825,-0.0001000000000033,0.0829315606047214,15.40299924400257,74.45546558187452,0.0203816505969933,0.1154915378715462,96.0001,4.522367371755021,1,R,HH
826,-0.0065000000000026,0.0102111152067108,1.2222730512392006,37.86202476497412,0.0189871329737711,0.0085375477668154,60.0065,1.267822597129299,2,R,HH
827,0.0006000000000057,0.0757626591629882,7.369822897610806,41.02585768201193,0.0372030810724546,0.1008652288658663,119.9994,13.32884686814449,2,R,HH
828,-0.0024999999999977,0.032736983384523,3.2657401495074483,42.39720805056357,0.0351489732606396,0.0422279294183067,126.0025,16.760332423573065,2,R,HH
829,0.0007999999999981,0.0354280290688594,1.138804566430699,9.393695895708657,0.1404115626580536,0.0588244114574784,155.9992,21.13474312430728,2,R,HH
830,-0.0019000000000062,0.0704739461690074,3.9562693076568394,23.94386924018001,0.0657527662445624,0.095698557913829,150.0019,22.680662115983672,2,R,HH
831,-0.0056999999999902,0.0539115868540513,1.7994020656214118,13.917129458843837,0.1104991139111315,0.0731463278528926,162.0057,25.782387905769045,2,R,HH
832,-0.0056999999999902,0.0530912594231192,1.9546575260315924,16.047606261335005,0.103930685664989,0.07473430267378,162.0057,28.81997277325697,2,R,HH
833,,,,,,,167.9984,30.526425076458363,2,R,HH
834,,,,,,,167.9984,32.023717352236005,2,R,HH
835,,,,,,,173.999,34.7023662849862,2,R,HH
836,,,,,,,186.0036,39.65782463193395,2,R,HH
837,0.0002999999999993,0.0983834688140147,24.222614667101507,99.24002749938684,0.0139572360581617,0.1243729576952219,29.9997,1.615353086154871,0,L,HH
838,-0.0009999999999976,0.0196502878299833,303.57956337787044,623.6339799748349,0.0031577421681116,0.352658792998906,48.001,3.640681422633613,0,L,HH
839,-0.0033000000000029,0.0539105325518269,9.049693033776649,65.41675711334891,0.0242207252410577,0.0806355419781008,36.0033,5.314721061351882,0,L,HH
840,-0.0028000000000005,0.0522979022546793,9.21053503977233,72.83628325475861,0.0231573171295135,0.0784654772052891,42.0028,7.320139412446915,0,L,HH
841,-0.0028000000000005,0.0799473514270441,19.679087964352327,102.1610411493636,0.0148852062449486,0.10776192519667,42.0028,9.198215045770445,0,L,HH
842,-0.0056000000000011,0.1077453009408041,29.035460414305973,108.16785793191086,0.0143873166146533,0.1536788266982841,60.0056,13.539211735983072,0,L,HH
843,0.0,0.0593838641468413,52.57309354226979,230.1444924183534,0.0099464935616799,0.1923707582345209,0.0,15.268325217279196,0,L,HH
844,-0.0032000000000067,0.074563739155765,15.497011672092244,82.85489470076335,0.0198195879772205,0.1129921051612082,90.0032,17.297049609495875,2,L,HH
845,-0.0032000000000067,0.0772012762582926,18.464613951147207,90.66664790560348,0.0175336529655943,0.1191017538260986,90.0032,19.83589542614016,2,L,HH
846,-0.0010999999999938,0.0725607518569732,11.717558622076504,65.88288836692408,0.0257713466189199,0.1110912274126609,108.0011,23.34540086088156,2,L,HH
847,0.0024999999999977,0.0924940079987638,11.966418690610386,49.469774758142826,0.0267955687172711,0.1179594370851748,119.9975,28.366666995556518,2,L,HH
848,-0.0011999999999972,0.0960133383944255,13.648704472572842,58.21219878111935,0.0275305348242251,0.1382329565145698,114.0012,31.64516364469732,2,L,HH
849,,,,,,,167.9975,33.851146536502746,2,L,HH
850,-0.0001000000000033,0.0774288307894999,6.639460985192938,35.66984106522947,0.0447133451489958,0.1092132933112812,138.0001,35.67446653650274,2,L,HH
851,-0.0001000000000033,0.0858757946325846,8.40235806360763,39.38760149604657,0.0378570861293581,0.1170183273763121,138.0001,39.10149079397402,2,L,HH
852,0.0002000000000066,0.0418649247557394,2.459416384524774,26.78949239308933,0.0766737996271277,0.0693720559408024,149.9998,40.7477243538005,2,L,HH
853,0.0013999999999896,0.0774361731150083,7.504853316017623,37.94913004613467,0.0440157154825762,0.1215221633157739,143.9986,43.59461672198942,2,L,HH
854,0.0004999999999881,0.0566074016973843,2.803862631843742,21.365845267914576,0.0799091120003986,0.0824249239854379,155.9995,45.50290008956586,2,L,HH
855,-0.0038000000000124,0.0298807204669425,0.9561697819900024,13.848819856624678,0.1250883293175136,0.0440004709301328,162.0038,48.296127386407626,2,L,HH
856,,,,,,,167.9975,49.59535847281276,2,L,HH
857,,,,,,,167.9975,52.77215111615792,2,L,HH
858,,,,,,,173.9979,56.93268265604922,2,L,HH
859,-0.0009999999999976,0.0288521386666197,4.005194010619586,16.424095724564733,0.0530220715276545,0.0781242331423711,48.001,7.339627123828734,1,R,HH
860,-0.0006999999999948,0.0591082722383585,8.022695606042623,51.74479144685065,0.0315504423417043,0.0931174952109298,66.0007,18.531567113845767,1,R,HH
861,-0.0056000000000011,0.144100257438384,32.199082846401616,94.05438611456528,0.0161591755903406,0.1914115851106893,60.0056,19.902098014950678,2,R,HH
862,-0.000399999999999,0.0543670725500044,7.091628694614687,51.46446006416508,0.032204192466283,0.08401637129372,84.0004,23.197330587790617,2,R,HH
863,0.0013000000000005,0.0698669537764098,11.467981813394507,67.18711201949593,0.0224983725154477,0.0949169155813369,101.9987,24.898740393250524,2,R,HH
864,-0.0032000000000067,0.1390648861420554,25.46996540537499,76.55691990154256,0.0210630635188943,0.1973583068322147,90.0032,28.688902922211163,2,R,HH
865,-0.0011999999999972,0.1293559378952398,10.221890398153583,30.801176197472888,0.0588076386107909,0.2211416160606492,114.0012,39.059355051005525,2,R,HH
866,0.0002000000000066,0.0707497334480803,5.415954982425139,30.590777050688008,0.0529898741023749,0.1055780050685654,149.9998,40.804173481150826,2,R,HH
867,-0.0015999999999962,0.3066221905169795,67.67827662330374,88.64983915447667,0.0167700304831274,0.4175309381594672,78.0016,2.1359125985209357,1,L,HH
868,-0.0035999999999987,0.0560486125940338,13.322601867548771,102.16417494483244,0.0174423302278444,0.0854868023010011,42.0036,3.4243480574309686,1,L,HH
869,0.0009000000000014,0.2252404465623006,31.509242873715085,57.50592766565342,0.0240604018118306,0.2788986176455134,95.9991,3.0382094574054284,1,L,HH
870,-0.0035999999999987,0.0858328043883592,30.043067638074604,128.52725441037623,0.0121807169134726,0.1346240475437188,42.0036,4.715694367706021,1,L,HH
871,-0.0060000000000002,0.0929092759383098,21.33015741005556,99.10601158034363,0.0167754395667298,0.131635639408319,36.006,7.799019693375632,1,L,HH
872,-0.0035999999999987,0.1009791887827912,26.855654880848075,112.00567235968316,0.0150118710916777,0.1483119317993671,42.0036,11.741833636741465,1,L,HH
873,-0.0037999999999982,0.1074935713707337,26.596849362687404,102.77870684163328,0.0153962953394397,0.1506440368321417,54.0038,15.019579178849582,1,L,HH
874,-0.0037999999999982,0.1185926160666235,19.65893414734651,70.94328943496359,0.0224151531438196,0.1621090259823577,54.0038,17.360223776808002,1,L,HH
875,-0.002600000000001,0.0703159476894137,10.109275186780092,62.21633488871688,0.0272811229329173,0.1014583463148782,72.0026,18.650933805240022,2,L,HH
876,-0.0015999999999962,0.1168895592433052,20.148909220762828,74.67550723167469,0.0222189966174468,0.1646954120556225,78.0016,21.056580433942024,2,L,HH
877,-0.0032999999999958,0.1234441770517104,19.00568600405471,64.57015236006936,0.0223020878731602,0.1559317635553647,90.0033,23.31401604296179,2,L,HH
878,-0.0032999999999958,0.0802946386283759,15.33768561110175,80.61565262290071,0.0212412471630103,0.1198520210682666,90.0033,26.24161141367508,2,L,HH
879,0.0014999999999929,0.0752619364052174,14.58795939019653,76.80908516011424,0.0206872674431223,0.111020503538252,101.9985,27.987562582287712,2,L,HH
880,-0.0028999999999967,0.1081902372321368,10.754060877570142,40.7550876882159,0.0369897632016142,0.1463388237203369,108.0029,30.390222631043088,2,L,HH
881,-0.0010999999999938,0.0790720198909025,12.3031349158573,61.923597780266775,0.0252153528071742,0.1141264619031314,114.0011,32.76707358996839,2,L,HH
882,-0.0012000000000114,0.053047605364244,4.40832608022277,34.25102981740176,0.0440129964110705,0.0713773082379993,138.0012,34.7519301891698,2,L,HH
883,0.002600000000001,0.0799293332354796,9.884668782814895,52.3469376679531,0.0330870580073571,0.1203166669388035,119.9974,36.9568843282552,2,L,HH
884,-0.002600000000001,0.081963662724503,8.30529794929628,44.51214964891292,0.0400437629204168,0.1223476457014675,126.0026,37.66109743591509,2,L,HH
885,-0.0004999999999881,0.0830910459200792,8.187826885410578,41.452582008007695,0.0392714175913861,0.1182907399139028,132.0005,40.82272512244073,2,L,HH
886,-0.0012000000000114,0.0821490700754951,7.737919131614843,38.83305738604366,0.042509443829387,0.1210082910601617,138.0012,42.93389194392745,2,L,HH
887,0.0003000000000099,0.0231069266011482,46.302777428585145,119.50866719176334,0.0173676852670133,0.2958383700133513,143.9997,45.46925088207455,2,L,HH
888,0.0003000000000099,0.0601752686440386,4.072552039760637,31.65256417148396,0.070250624601207,0.1052500596217758,143.9997,47.26026877598186,2,L,HH
889,-0.0007999999999981,0.0739987544042238,3.868019478279985,25.27704139567316,0.0926242488375641,0.1318010498079405,150.0008,49.4444768866493,2,L,HH
890,-0.0038000000000124,0.0624399938235837,2.258913300003479,16.018224963046315,0.1118667274793796,0.0929621188963639,162.0038,51.04275140323489,2,L,HH
891,,,,,,,167.9973,55.502941606624695,2,L,HH
892,,,,,,,180.0028,57.56179777681479,2,L,HH
893,,,,,,,173.9979,60.81136778402592,2,L,HH
894,,,,,,,186.0015,61.79038828882541,2,L,HH
895,,,,,,,180.0028,64.34616352934054,2,L,HH
896,0.0003000000000099,0.0238089177723655,8543.165699425517,504.76515078796825,0.004764367543909,14.973716468411112,143.9997,4.596534453713835,1,R,HH
897,-0.0042000000000008,0.0870207446040405,21.575062242951763,100.9142724680106,0.0148661458660255,0.1179929244327555,18.0042,4.465775730869048,1,R,HH
898,-0.0006999999999983,0.1220597824448845,26.01796274027189,88.48348749223234,0.0161164870875389,0.1542585305753107,30.0007,6.863018983023488,1,R,HH
899,-0.0060000000000002,0.0590271101824822,9.282314256894765,55.22383929669601,0.0252582552976495,0.0862511976495717,36.006,10.21290470154094,1,R,HH
900,-0.0035999999999987,0.0575614186130249,12.77909875396474,92.70897593379016,0.0169124902586664,0.0795084530706973,42.0036,12.24308818568622,1,R,HH
901,-0.0009999999999976,0.0464234452978967,10.19252217706872,86.20600608581154,0.0183060713482726,0.0686407995811249,48.001,13.957253555927434,1,R,HH
902,-0.0009999999999976,0.082156203671623,14.961219443852515,76.09066859977774,0.0204612568657849,0.1126172241822255,48.001,13.661590844717514,1,R,HH
903,-0.0075000000000002,0.0647328637657236,9.850556716165316,64.34068944680034,0.0254518962988135,0.0922330221246956,60.0075,16.9296018085544,1,R,HH
904,-0.0032999999999958,0.069724114356487,9.04800442934919,54.39072866642724,0.0272284335539276,0.0906318781301043,90.0033,18.988957170299884,2,R,HH
905,-0.0032999999999958,0.0679132712290778,10.391414912267992,67.14526671825338,0.026638880854047,0.1018347916889093,90.0033,19.991900547033964,2,R,HH
906,0.002600000000001,0.0579505087676799,6.9590849011494775,47.120524011607095,0.0267721862916024,0.0685395882951063,119.9974,22.09797473149362,2,R,HH
907,0.0009000000000014,0.0928745703531829,12.400581364148913,58.31512067642592,0.0278544124301557,0.1270695716957779,95.9991,25.177704090058725,2,R,HH
908,-0.0028999999999967,0.0669052025687173,9.570609136128969,59.38394846238501,0.0261166762277944,0.0919523860602584,108.0029,27.38935535027404,2,R,HH
909,-0.0010999999999938,0.0700551041584335,8.358985901824445,50.85407397677781,0.0308992392122721,0.0950182215281564,114.0011,29.66044518312208,2,R,HH
910,-0.002600000000001,0.0970284619574557,8.97637537346991,38.82393222676087,0.0387947936883495,0.1281090970910684,126.0026,32.74101529630167,2,R,HH
911,0.002600000000001,0.0818870343428783,9.593181505718892,51.18592516617965,0.035772784539079,0.1262469591841035,119.9974,36.406243633900345,2,R,HH
912,0.0003000000000099,0.0698136510590138,6.070322007869462,33.39549798942141,0.0383069364612583,0.0855450075192,143.9997,38.918650916697565,2,R,HH
913,0.0003000000000099,0.0788267380627356,5.76324177804247,30.831014729172253,0.0524194313435837,0.1111385337376259,143.9997,40.937626209611615,2,R,HH
914,0.0005999999999914,0.0986131768699883,5.210921116891047,21.06007055379067,0.0616915047498976,0.1182620438647683,155.9994,43.47872691515667,2,R,HH
915,0.0005999999999914,0.0551360505317882,2.707968100699249,18.9198001315229,0.0666057477644194,0.0663530316764524,155.9994,45.98932492095432,2,R,HH
916,,,,,,,167.9973,48.31211888785311,2,R,HH
917,-0.0038000000000124,0.0374019864050376,1.5734861575445018,16.485965112734977,0.0733905231347032,0.0424823397774278,162.0038,50.03452396916644,2,R,HH
918,,,,,,,167.9973,52.56578911348805,2,R,HH
919,,,,,,,173.9979,56.40949067150852,2,R,HH
920,,,,,,,186.0015,58.180614848628224,2,R,HH
921,,,,,,,186.0015,60.87259503472631,2,R,HH
922,,,,,,,180.0025,3.793648181253703,2,L,HH
923,0.0035000000000025,0.0445747791673896,3.49726192140437,24.55025549002891,0.0411198837383555,0.0529036401248532,119.9965,6.109591037165595,2,L,HH
924,-0.0015999999999962,0.060779629663378,6.617475727450075,42.9205006393594,0.0283305700216424,0.0689688822918415,108.0016,7.32970510884633,2,L,HH
925,-0.0007999999999981,0.0766539683784477,8.32996983185135,42.430996574917856,0.0292571004739512,0.0896561797838356,114.0008,9.745643937015078,2,L,HH
926,-0.0015999999999962,0.0356400823233313,3.123193500336535,33.26354847721403,0.0377939318449497,0.0434236660284864,132.0016,10.86890115252718,2,L,HH
927,-0.0016999999999995,0.0810278465307763,7.425022166736338,37.74253866165146,0.034861806705146,0.0952254784063081,126.0017,13.748048928955797,2,L,HH
928,-0.0001000000000033,0.0525707049266613,3.28353055959968,23.46767581224515,0.0593490275563082,0.0716902653813983,138.0001,14.210718214136907,2,L,HH
929,-0.0015999999999962,0.06316585934063,5.640849834044839,34.73277829009397,0.0371993705498224,0.0771943736648865,132.0016,16.13590670318693,2,L,HH
930,-0.0015999999999962,0.1047489386950063,7.6611259698394365,31.075299714121854,0.0523523157149886,0.1475482348100374,132.0016,18.462138712602403,2,L,HH
931,0.0004000000000132,0.0856922917975046,4.953046649094035,21.717107437539003,0.0558120789613745,0.1016965304275743,143.9996,20.11195977939577,2,L,HH
932,-0.0001000000000033,0.0803359976611205,3.8074237865019978,19.31336673091233,0.0705790575345212,0.0988581756580278,156.0001,23.63466230666471,2,L,HH
933,-0.0001000000000033,0.0738184978688487,3.9917506014143855,22.278988088135097,0.0684304090675564,0.1004888910673768,156.0001,25.72425665969115,2,L,HH
934,-0.0001000000000033,0.0270690806079326,2.947653099920065,38.3256610369474,0.0329994799275523,0.0357840082238055,156.0001,26.560529794805863,2,L,HH
935,-0.0046000000000105,0.0808761160888333,2.960391475353235,14.417029405150902,0.0865584591031141,0.094267975368041,162.0046,28.80968842192092,2,L,HH
936,,,,,,,167.9969,32.12347367955981,2,L,HH
937,,,,,,,173.9968,33.16869473273468,2,L,HH
938,,,,,,,180.0025,38.14380053082914,2,L,HH
939,,,,,,,180.0025,40.224391298921645,2,L,HH
940,-0.0013000000000005,0.0757980028003046,13.331590747478309,70.65095080972037,0.0186770830711609,0.0916002252799979,72.0013,3.5173662038690248,2,R,HH
941,-0.0001000000000033,0.0304374466085039,1.611443378285199,17.04941356376702,0.0688530519886755,0.0408172521113365,138.0001,8.967196554000271,2,R,HH
942,-0.0015999999999962,0.0523200791738412,4.352690759536245,27.72489188054344,0.0439567480815249,0.070386421742803,108.0016,13.656437431409543,2,R,HH
943,-0.0006999999999948,0.0533212631281622,2.3588122219659766,20.72213124976343,0.1071206491972289,0.0929548562279109,150.0007,18.23646730580178,2,R,HH
944,,,,,,,173.9968,21.62716896122255,2,R,HH
945,-0.0015999999999962,0.0615647615071833,4.8669381433710805,30.758525060621142,0.0420688923470289,0.0753221004053118,132.0016,25.525724192679704,2,R,HH
946,-0.0006999999999948,0.0661680011084661,4.059268627230653,26.176228789376243,0.0658557805675195,0.0983438513184122,150.0007,34.77517965236004,2,R,HH
947,,,,,,,167.9969,36.17654078754254,2,R,HH
948,,,,,,,167.9969,40.28468890906838,2,R,HH
949,-0.0041000000000011,0.0594687281867283,12.287585773115415,80.11285687344748,0.0142304475328384,0.0643266061741268,36.0041,0.4576614714178162,1,L,HH
950,-0.0006000000000057,0.0256930126259979,3.13300544772027,27.8820210897726,0.032512187204551,0.037472516117618,66.0006,4.548964151189889,1,L,HH
951,0.0033000000000029,0.0328155234413962,4.780853255181162,46.17826121486505,0.0306558102696869,0.0539167531429704,47.9967,5.501483207858832,1,L,HH
952,0.0033000000000029,0.0395269398714412,6.184034705960557,56.36484815789188,0.0215373016024858,0.0489969138549604,47.9967,6.868104205575465,1,L,HH
953,0.0001999999999995,0.0684494307659778,15.404492167807067,92.34603593068124,0.0149100296974497,0.0844950782113491,53.9998,9.38092345944153,1,L,HH
954,0.0001999999999995,0.0979863091061029,19.96065660907637,86.06384249224068,0.016752316864636,0.123014192583187,53.9998,10.675610025723238,1,L,HH
955,0.0019000000000062,0.0430407819102766,5.690658588294431,49.04925424154848,0.0304682503112767,0.0637845599705386,71.9981,13.76035209262095,2,L,HH
956,-0.0011999999999972,0.0462087769591114,5.208606870063139,36.05200890201376,0.0322806639484306,0.0618542515539347,90.0012,15.019698822024406,2,L,HH
957,-0.0011999999999972,0.0723682416324322,9.150031717296452,49.79937783793712,0.0253227377607252,0.0852390842088534,90.0012,17.69982364770446,2,L,HH
958,-0.0011999999999972,0.0714684770767156,11.361062198754505,68.20925368185664,0.0235033753755475,0.0982323858868021,90.0012,20.34429355822389,2,L,HH
959,0.0020999999999986,0.0523522314714732,5.05538883136371,37.96373479426928,0.0377154406025585,0.0701421814309157,107.9979,22.305844519315244,2,L,HH
960,0.0020999999999986,0.042466907996018,4.001681371331599,37.286465279185975,0.0414085840555492,0.060959079994382,107.9979,23.867700558842493,2,L,HH
961,0.0033000000000029,0.0032383441842984,,,,,47.9967,25.05265429513617,2,L,HH
962,0.0019000000000062,0.0270217492061055,1.0719523470625008,18.320856104488225,0.1290520041333585,0.0508915585115377,149.9981,27.851047692523327,2,L,HH
963,0.0019000000000062,0.0224420846730759,0.9393438717435314,16.58126866069916,0.0969677669477327,0.0335086953403367,149.9981,30.29403282770396,2,L,HH
964,0.0004000000000132,0.0419177871278962,2.6399699036077102,23.09097396221577,0.062279011368258,0.0604847937095058,131.9996,30.988341711126896,2,L,HH
965,0.0002000000000066,0.0700671768015324,5.7919459537858,34.91084977395202,0.0431191165541307,0.0918755333026275,125.9998,33.448972300636214,2,L,HH
966,0.0002000000000066,0.0724993246916919,6.687097875300642,40.9876582554945,0.0435076645433966,0.1070308487079762,125.9998,35.805400411303665,2,L,HH
967,0.0018000000000029,0.0520927330321954,4.217801728643772,35.75122219532045,0.0532437147340637,0.0826152129236931,137.9982,40.02640542447733,2,L,HH
968,0.0032999999999958,0.0443640632236677,3.569794452791516,34.169757586242426,0.0580216880589256,0.0761972132564963,143.9967,43.52958249576723,2,L,HH
969,0.0019000000000062,0.0594988154687289,3.176496757221833,24.2603013859667,0.0759226138095016,0.088720725732255,149.9981,45.88567600322523,2,L,HH
970,-0.0038999999999873,0.0515822208058634,1.4271458483993793,10.27924840224816,0.1377215014001254,0.0723062144994505,162.0039,48.00149579862776,2,L,HH
971,-0.0038999999999873,0.0760814026889319,2.713563910095193,14.252070861437945,0.0954642766977638,0.0952985864961781,162.0039,49.79007316113408,2,L,HH
972,-0.0038999999999873,0.0447543800536221,2.2787515854836444,20.49018602670749,0.0783708112395935,0.0656987103022728,162.0039,52.49347275464773,2,L,HH
973,,,,,,,167.992,55.15800713370843,2,L,HH
974,,,,,,,167.992,58.21843202454983,2,L,HH
975,,,,,,,173.9957,59.33059172362944,2,L,HH
976,,,,,,,173.9957,61.92591043532042,2,L,HH
977,,,,,,,185.9975,63.34121644991497,2,L,HH
978,0.0001999999999995,0.0667089787107213,8.56880549453597,43.80923232998252,0.0301258029056679,0.0949651882166066,53.9998,6.982549090290611,1,R,HH
979,0.0001999999999995,0.0832714840698024,16.675846292903863,83.53293333715638,0.0164947845149033,0.1011905713106391,53.9998,9.276093853422372,1,R,HH
980,-0.0006000000000057,0.0856371277681542,15.502227493098294,75.2777510031776,0.0184702928330885,0.1053351710499416,66.0006,11.3268447109519,1,R,HH
981,0.004800000000003,0.0478018572817835,6.58679388568473,56.4287990834292,0.0252779859282093,0.0612522518493754,83.9952,14.792269014115858,2,R,HH
982,0.0004000000000132,0.0353384181928378,2.254843621247931,27.89402514285201,0.0610837214832329,0.0506695951488711,131.9996,19.00854650862553,2,R,HH
983,0.0058999999999969,0.0819301805159247,8.522993603900288,41.726439688230855,0.0365267979805788,0.1145273688328015,101.9941,20.638214577190237,2,R,HH
984,0.0020999999999986,0.0734657305349788,7.459684234974168,43.3768961300125,0.036411504435397,0.0999227978367495,107.9979,24.03447040577193,2,R,HH
985,0.0004000000000132,0.0601914070475054,6.509079344364172,42.916949022289344,0.0326464241189109,0.078173706153279,131.9996,26.326758154274906,2,R,HH
986,0.0018000000000029,0.0725186089955887,4.702996394395589,26.85300884976857,0.0573130600932483,0.0991593705068928,137.9982,27.691051419429584,2,R,HH
987,0.0018000000000029,0.0815758175077343,6.0745890056837295,32.23757928388813,0.0522138267085385,0.1166830953095716,137.9982,31.705187315871097,2,R,HH
988,0.0032999999999958,0.0549534470181124,3.601152886413314,29.311253773765404,0.0631390101706565,0.0836459363193528,143.9967,34.33090061306822,2,R,HH
989,-0.0038999999999873,0.0363683977927393,5.016241266219784,37.35125289245734,0.0420016507347343,0.0775086716392326,162.0039,36.57744971210004,2,R,HH
990,,,,,,,179.9994,40.85049195233248,2,R,HH
991,,,,,,,167.992,42.96320361867642,2,R,HH
992,,,,,,,179.9994,47.39839828143072,2,R,HH
993,,,,,,,179.9994,48.71593021647848,2,R,HH
994,0.0071999999999974,0.0534440917961632,12.805170534184183,87.6054202267942,0.0155279732375939,0.0731485393736221,101.9928,8.368455073897604,2,L,HH
995,0.0014000000000038,0.0469835672528728,46.367311535522326,143.22785600943288,0.0124414402392527,0.2122208703617168,125.9986,10.711315980120302,2,L,HH
996,0.0028000000000076,0.0515743914509132,3.799741606294784,28.4044948444182,0.0377601109671499,0.0527828509899297,137.9972,14.75610291198764,2,L,HH
997,0.0027999999999934,0.0670677156915286,10.59465573297412,61.03613154136495,0.0196761563368983,0.0766889217869616,113.9972,16.12667978990823,2,L,HH
998,0.0027999999999934,0.066101310022075,15.149738825310203,80.20466996248473,0.0188818900034772,0.1052340118254321,113.9972,18.48602502808433,2,L,HH
999,0.0023999999999944,0.0752909689130285,3.244486156731501,16.391735259691174,0.0770073077345548,0.0919143634394825,155.9976,20.07756369601961,2,L,HH
1000,-0.0005999999999914,0.0878300349933026,9.610797723010126,43.17047490454574,0.0312047866314354,0.110328108426648,132.0006,23.73754778377677,2,L,HH
1001,0.0041999999999973,0.0752038229349987,6.979745754134977,36.06892693377203,0.0345459222492638,0.0887037361680282,143.9958,26.468625782723848,2,L,HH
1002,0.0041999999999973,0.0849306177375532,7.240981163940063,33.59053040545336,0.0405820707321769,0.1081028488984742,143.9958,29.48344262282913,2,L,HH
1003,0.0023999999999944,0.0629171773620479,4.625875971602404,27.36695293833144,0.0499552143866612,0.0850120187936887,155.9976,32.005642186533095,2,L,HH
1004,,,,,,,167.9917,34.081489728430704,2,L,HH
1005,,,,,,,167.9917,37.36964495259183,2,L,HH
1006,,,,,,,179.9982,44.97223208071241,2,L,HH
1007,,,,,,,185.9973,47.05932083264615,2,L,HH
1008,,,,,,,185.9973,49.41329893980951,2,L,HH
1009,-0.0009000000000014,0.0456452933418766,7.753441915932434,57.26823461049185,0.0202451423590764,0.0577458649495023,18.0009,0.7476242958197654,1,R,HH
1010,0.0022000000000019,0.0317261309635905,6.6756162734978,76.04824332904559,0.0134734809942358,0.0330884708289324,41.9978,2.052051577156789,1,R,HH
1011,0.004800000000003,0.0177807448079054,,,,,83.9952,9.007198860191476,1,R,HH
1012,0.0022000000000019,0.0479504137364436,17.179537180112042,130.70665695726186,0.0108838849249967,0.0687861368072489,71.9978,11.210112183175788,2,R,HH
1013,0.0027999999999934,0.050770609587751,104.43927507745344,241.01189128079727,0.0075873709398209,0.2915148504479577,95.9972,14.278659095463528,2,R,HH
1014,0.0027999999999934,0.0391872220455855,6.409164786652053,65.14858688155626,0.0241146389192488,0.0568574946813714,113.9972,17.003658959749163,2,R,HH
1015,0.0041999999999973,0.0367376906431513,2.960188897864181,33.301052739886565,0.0481189766734411,0.0524012113218053,143.9958,19.62541518309992,2,R,HH
1016,0.0027999999999934,0.0783459820612268,10.970828774501776,57.58607583886415,0.02714828176145,0.1095689003283512,113.9972,21.69113895893247,2,R,HH
1017,,,,,,,173.9946,25.5922938033983,2,R,HH
1018,0.0074999999999931,0.0831865829162737,9.34638564200067,48.83540169398594,0.0369592658765939,0.1270786378039784,119.9925,27.168510287020712,2,R,HH
1019,0.002900000000011,0.0585898468179657,3.3601392232456,25.22677653351469,0.0695842349619349,0.0860148917478805,149.9971,31.981294716907943,2,R,HH
1020,0.0041999999999973,0.0506211321320134,2.9270803506275187,28.46995825051513,0.0831276469478912,0.089512904595698,143.9958,33.54354647124228,2,R,HH
1021,0.002900000000011,0.0597757618797359,3.330055084176235,26.10679161695543,0.0829886730394743,0.1016660044925524,149.9971,37.45213426118508,2,R,HH
1022,,,,,,,185.9973,39.5681210494151,2,R,HH
1023,,,,,,,167.9917,41.63091849336261,2,R,HH
1024,,,,,,,173.9946,43.48411250709785,2,R,HH
1025,,,,,,,185.9973,46.77735911746548,2,R,HH
1026,,,,,,,173.9946,49.3717457763528,2,R,HH
1027,,,,,,,185.9973,51.08636170299439,2,R,HH
